iter	MultiRMSE
0	1.899324986
1	1.881862193
2	1.867334703
3	1.853323154
4	1.839574163
5	1.826047935
6	1.814259109
7	1.803839884
8	1.792479613
9	1.783291801
10	1.774341841
11	1.766169771
12	1.757544313
13	1.750158941
14	1.742854316
15	1.735468669
16	1.728747653
17	1.722472676
18	1.716868937
19	1.711319577
20	1.706539405
21	1.701795027
22	1.697813466
23	1.693582583
24	1.689638036
