unique_id,MetaARIMA,AutoARIMA,SeasonalNaive,TimesFM
T000000,0.37948780669666643,0.3840461719135771,0.9122596153846154,0.5495580127096583
T000001,0.33621818521383073,0.29815310311617566,0.30330882352941174,0.21532030292585783
T000002,0.6720509106012736,0.6720509106012736,1.0001136492783271,0.5831552975953707
T000003,1.2261922253271604,1.2762335268530218,1.6260162601626016,1.5580152888931234
T000004,0.5260829788650598,0.5377524472549289,0.7216519174041298,0.5652253111172567
T000005,0.8188091505049515,1.246719245193883,1.4385964912280702,0.8772102507652596
T000006,0.9364383125323177,0.8850514225581467,1.448995983935743,0.8217412632300034
T000007,0.8212706408441718,0.8181020160420555,1.189189189189189,0.86780737524634
T000008,0.910976298019466,0.8657156806823291,1.1268783483601204,0.8389018020021765
T000009,0.5630623834978202,0.6657201176002299,0.7203753618847958,0.7320094340597546
T000010,0.4795149905113107,0.5136302905098387,0.6903959561920809,0.5102330538571066
T000011,0.7097397397521332,0.5938134009024634,0.6156834947887954,0.6428298255175517
T000012,0.6174206397098709,0.5625589301537126,0.7004397537379067,0.5643872280741534
T000013,0.7186178311182068,0.6460240512525348,0.7658468998960859,0.7352315538946138
T000014,0.6639630386696213,0.6531543470129341,0.9075436319053801,0.7650821876718457
T000015,0.4826402950686526,0.4433480974674543,1.0119180633147113,0.41639034221514204
T000016,1.0093181348227196,1.1993991560848527,1.2402291794556988,1.1526652667672204
T000017,0.7533760116936999,0.7532572547869787,1.03125,0.7223505655924479
T000018,0.6143985509473986,0.6143985509473986,0.815609951845907,0.5863073113259305
T000019,0.5378020265003897,0.5378020265003897,0.7160950896336711,0.561139524940021
T000020,0.6305263615531992,0.6317148294697157,0.4210875331564986,0.5788453767407161
T000021,0.3917475378650247,0.3917475378650247,0.48063380281690143,0.38556481159908673
T000022,0.8822566122220257,0.8835629195293845,0.9197030006123698,0.8867318503198197
T000023,0.5882961612056404,0.5882961612056404,0.6992911668484187,0.5370320161010343
T000024,0.6674601369602596,0.6322366613316064,0.8244257274119449,0.6842189818027374
T000025,0.4896164903488245,0.45935640446342074,0.7043973941368078,0.505140591599654
T000026,0.6428720806072272,0.6573179287807215,0.8168165100122599,0.7106879779549097
T000027,0.38546702672862093,0.3510248720866024,0.571304347826087,0.4400203379755434
T000028,0.4824496216027644,0.4976687393818113,0.5543870192307692,0.27849531907301683
T000029,0.5943533131709282,0.6028762076880632,0.8601364522417153,0.6190271924113669
T000030,0.3772788656313302,0.3772788656313302,0.600101282916948,0.38148538304856305
T000031,0.4641553909968214,0.4641553909968214,0.7096922370234269,0.4354340735081966
T000032,0.44584711115352943,0.38615217866840523,0.5314316860465116,0.3703901934069257
T000033,0.5873192355444603,0.5873192355444603,0.6490086741016109,0.5887878871761734
T000034,0.5463900694524473,0.5413205837506322,0.5893729641693811,0.5120787033428975
T000035,0.7322575377203823,0.7322575377203823,0.5868814729574223,0.7011691849580156
T000036,0.5989522469242397,0.6433735825734068,0.536410923276983,0.5543578069758819
T000037,0.4208924246475945,0.4555431169652827,0.9991349480968859,0.4623061209813946
T000038,0.3816735909265529,0.3987935648910038,0.7822434150772025,0.4399018525860723
T000039,0.5474876145977634,0.5113602564869485,0.6679894179894179,0.6828945260830027
T000040,0.6338001812957246,0.7458373159705143,0.5376418488790479,0.6501679894272852
T000041,0.3490262986425357,0.3677936210106168,0.5316335167160389,0.43101272227851906
T000042,0.8228380370048033,0.8184733574221172,0.9232233502538072,0.7837180200567101
T000043,0.7137535476141781,0.6035845005438308,0.5977985829959513,0.5986643123240606
T000044,0.8091414425367415,0.808502987744522,0.8471467391304348,0.8441828852114469
T000045,0.7926569346933537,0.7719767122996755,0.9024039063478152,0.6537103200415519
T000046,0.5336942954540724,0.5377306805459215,0.514525993883792,0.5342107743662796
T000047,0.7978795348168743,0.8062677828840056,0.8609650125771781,0.7910251717749542
T000048,0.7000456811102336,0.47878887428291556,0.8896443514644352,0.37539281485968556
T000049,0.5283330199324086,0.5424138926081402,0.608079821378733,0.5560620515798345
T000050,0.41465306253755185,0.41298436437797414,0.7138001359619306,0.4209006884566462
T000051,0.4182986942861295,0.5948075934910424,0.8622740247383445,0.41017483349191247
T000052,0.511264971323208,0.4996322968511055,0.7290859798605732,0.5253159266677963
T000053,0.6066533011583228,0.6090769027720611,0.8498864926220204,0.6894117305552107
T000054,0.4001168224299066,0.4001168224299066,0.6410630841121495,0.3958878026944455
T000055,0.8804560882270565,0.8164068060424801,1.3958990536277605,0.8736728299980284
T000056,0.5974300019777034,0.5974300019777034,0.9728381374722839,0.5782236035805849
T000057,0.6201178251803188,0.6784285796944219,0.9309571286141576,0.548368748734266
T000058,0.49446439817815957,0.4970709642597296,0.6391402714932127,0.46265815286075374
T000059,0.6451558893687752,0.7076815898252774,0.752889721961887,0.6184165261008523
T000060,0.7180680207302198,0.9440334211378085,0.9241880664652568,0.5963346821303814
T000061,0.6606127788520052,0.671283139559508,0.8782005869851229,0.6468589002093664
T000062,0.47847568030615656,0.3724653421838047,0.5574555403556771,0.43799586541784225
T000063,0.574698643113976,0.7805750633420051,1.0360666893501191,0.4935169927357573
T000064,0.5805455129007744,0.5807145247183391,1.0277562111801242,0.6120673185549907
T000065,0.7791595708748849,0.5596036300662988,1.0319947525690547,0.859130672546302
T000066,0.5034815177040494,0.5044240633221962,0.6433390447633326,0.45470732377354056
T000067,0.3865744753123778,0.39965711173113855,0.7650273224043717,0.4421812061786805
T000068,0.908239673496895,0.874106857255436,1.0820535050780282,0.8706270585947176
T000069,0.7809447747130367,0.8014309778308386,1.022605240549828,0.6652530919235596
T000070,0.6696805441421428,0.6707192935851158,0.7514059048001607,0.6946326058704371
T000071,0.8832439554863555,0.8694352595326234,0.9634831460674158,0.6909938992275282
T000072,0.9667715139765416,0.724867951441202,1.133114374034003,0.8187439200682839
T000073,0.8244807162278611,0.861770437029201,0.8523431048720067,0.7624929413925411
T000074,0.3845450182542427,0.3663930653137534,0.5765717765261075,0.43242993342457237
T000075,1.4112579729810484,2.074967031643802,1.175822446088462,1.0024172006658396
T000076,0.6217718524835171,0.6457345878060592,1.0988372093023255,0.518962735907976
T000077,0.646762274059672,0.6464979079143853,0.6462585034013606,0.706033740400457
T000078,0.8015694073356975,0.8015694073356975,0.9584603658536586,0.8411631235262242
T000079,0.6542020044943277,0.6217086552904234,0.8076154529307282,0.7691570844362303
T000080,0.9514446926142495,0.9140482408750134,1.0061291436464088,1.0876279588562348
T000081,0.3792615334134391,0.5083002088788963,0.9025660569105691,0.459013217832984
T000082,0.6408660052176477,0.6435332165732018,0.93,0.7652255249023437
T000083,1.2251256553810153,1.2251256553810153,1.6082514226590794,1.1769336556376908
T000084,1.265751932800478,1.1777168261309994,1.4625585023400938,1.0305293376285833
T000085,0.5080875897384647,0.5158637678848008,0.6770833333333333,0.4986737016318501
T000086,0.9134984816045236,1.0520360178782229,1.4602803738317758,1.2203699985397196
T000087,0.6147472454744889,0.6682652647115551,0.8724428399518652,0.682422734339745
T000088,0.5133491359264065,0.5355297581915966,0.685872027180068,0.5137871410676604
T000089,0.7604696819567998,0.8067112328079149,0.9437086092715232,0.9396926879882813
T000090,0.5327386764624272,0.5948273878499223,0.8557347670250897,0.5597460237455197
T000091,0.8128667691386198,0.8089209718336662,0.9216101694915255,0.7929457486686061
T000092,0.6630221486947894,0.7882771735122351,0.7582938388625593,0.6143218126342195
T000093,0.506331009549314,0.9254461168316982,0.9237536656891495,0.5472566039681085
T000094,0.7306477977895348,1.2843107171852097,1.1304801670146138,0.6425563868003001
T000095,0.5487169042520627,0.8408336974153492,0.502375296912114,0.5617174742057601
T000096,1.0958646816957724,1.1931336071137195,1.2276214833759589,1.3028985923513428
T000097,0.554476974353691,0.7568170416036167,0.9563197026022303,0.597838130227695
T000098,0.4586605487439795,0.5649629384838355,0.6031220435193945,0.4777501881291761
T000099,0.5017103240284857,0.5017103240284857,0.5810643564356435,0.5189722042272586
T000100,0.48976000453086344,1.3395924410560782,0.4100159616919393,0.616470209047115
T000101,0.38872744455881836,0.401761717837578,0.7648264223722275,0.490588696736379
T000102,0.764640506059894,0.7896441526282139,1.4252948885976406,0.8086100207087565
T000103,1.493716540199742,1.5390452360499673,1.2701612903225805,1.5001641505624541
T000104,0.4886124561258809,1.2985572807020422,0.45341786108048515,0.8341322859960723
T000105,0.4199951650813628,0.4199951650813628,0.7467177242888402,0.5597942861477707
T000106,0.8579008251475109,0.9835109659864942,0.814424635332253,0.7269403442184967
T000107,0.6993872834113182,0.6709698686261297,0.8757062146892655,0.6319172832251941
T000108,0.8165040029408306,0.7359728324614367,0.8882636655948553,0.822872757988344
T000109,0.6996050979677602,0.6854056462680687,1.0041841004184102,0.41686323477134546
T000110,0.8336407157013985,0.8319112627986348,1.075085324232082,0.8033751191539569
T000111,0.7013235645076105,0.6725255399798582,1.0260586319218241,0.5860831493663476
T000112,0.6885284608830801,0.9468578144169614,0.8139534883720931,0.6864878505567379
T000113,0.6938949334644431,0.7113954488991094,0.6322505800464038,0.6999646250996955
T000114,0.5909998000734986,1.6438263081625708,0.9505907626208377,0.5488760975838732
T000115,0.8414659156615035,0.8639182056429614,1.0174825174825175,0.8062893868826486
T000116,0.5914918671287785,0.8197789501571939,0.9687500000000001,0.47728234863281255
T000117,0.6615134064237838,0.7842400181739714,0.6170336037079953,0.7286662396798957
T000118,0.7288372037377356,0.8315583679621739,1.215490797546012,0.7150131506422546
T000119,0.5652794955131626,0.5500210652092355,0.8891277641277641,0.5943642656106035
T000120,0.7441402071352659,0.7441402071352659,0.5491329479768787,0.7036362840950146
T000121,0.6560282390004677,0.6594235647278517,0.842094196804037,0.6628212379346483
T000122,0.725880904309446,0.6719100074645548,0.8142340168878166,0.5291931373218863
T000123,0.4255259060861284,0.4407994251266074,0.6835443037974683,0.4318110444274129
T000124,0.37756276329610955,0.38262707221979775,0.7610957004160886,0.45852919325914526
T000125,0.5017609581946916,0.5092170028147609,0.731163251817581,0.4522007389408977
T000126,0.3476071782918465,0.35248837005530403,0.9656398104265401,0.34173531916469196
T000127,0.5734054167024479,0.6418215327249224,0.8968347010550995,0.48500373366289934
T000128,0.23743176892060686,0.23743176892060686,0.5995792426367462,0.42035332421601074
T000129,0.5664566588034463,0.5244053911652612,0.7354041916167666,0.47439545956914303
T000130,0.48304982193223706,0.48304982193223706,0.6754032258064516,0.4593700696063298
T000131,0.6220668435674145,0.6220668435674145,1.1183092608326253,0.6002611080872982
T000132,0.8996728799475355,0.8996728799475355,1.3907068062827226,0.9261361566513622
T000133,0.6284335225200585,0.6444365598458694,1.0645161290322582,0.5900206731980847
T000134,0.6356759994941406,0.6121483928886571,0.9101382488479263,0.6697572207121255
T000135,0.9108278109673742,0.9108278109673742,0.9798190321268807,0.9222005104911962
T000136,0.6641381087699575,0.6623212035888926,0.7084797891036908,0.6196839022510711
T000137,0.6109747860336551,0.6341508052708638,0.7796486090775987,0.6800877047492678
T000138,0.6401475327308858,0.6401475327308858,0.6257557436517533,0.697193833043238
T000139,0.556683213050855,0.6013966662310023,0.8683993399339933,0.49558371364480197
T000140,0.6484979644955434,0.6484979644955434,0.5996963562753036,0.7346801603371315
T000141,1.3656846993177547,0.8859469872253127,1.002710027100271,0.9335937086482682
T000142,1.3109601536498607,1.2759545369853433,1.2510170870626527,1.278890685786844
T000143,1.0960475106868062,0.7287527986820338,1.1773664479850048,1.263484879755594
T000144,1.0229319322959458,1.0281436489383449,1.1432536293766011,1.0845214947994504
T000145,0.9478631164337028,0.997584011453402,1.0537870472008783,1.1101164398025865
T000146,0.5684294704131929,0.6250097656971678,0.8273381294964028,1.046297010243368
T000147,0.6023772507543328,0.36847492702069085,0.9997522299306243,0.974017327935301
T000148,1.179203938472219,1.1668595562054604,1.0610316649642493,1.0391182608209908
T000149,0.4099222296557989,0.438144517578798,0.7070707070707071,0.45502407703335435
T000150,0.7749835914106644,0.823669407696342,0.9967798594847775,0.7675677904758855
T000151,1.0466792842689912,0.7363467443929768,0.48813559322033895,0.6253706965042373
T000152,1.1546486842478945,0.6578764611754508,0.5525709900230238,0.7649958741545951
T000153,0.6021275837189163,0.5627507237691723,1.2117537313432836,0.6171488929862406
T000154,0.4957994350545939,0.3415975247711034,0.6907894736842105,0.5928247625177556
T000155,0.6490662008532372,0.5065296746514606,0.67093905309966,0.47122573154059316
T000156,0.5032103207687858,0.43514296841943745,0.5858531317494601,0.5709015617617778
T000157,0.5183486040315005,0.5182871689312225,0.7137030995106036,0.594712125146564
T000158,0.4381343295806769,0.4364006252499174,0.8978474320241692,0.3427197781934479
T000159,0.9497487219482392,0.8956515499914106,1.1284722222222223,0.9609928385416666
T000160,0.49143195877354157,0.49143195877354157,0.6533101045296167,0.4887581004498312
T000161,0.9622922657004025,0.6446960720976165,0.7060546875,0.5935391807556153
T000162,0.6968963040350272,0.6991462070639312,0.9577015163607343,0.7074578993813285
T000163,0.5305472072132144,0.559541552769737,0.8944797819173104,0.5943545697223919
T000164,1.0732495502338264,1.0732495502338264,1.3135302197802199,1.0040400997622982
T000165,0.7326926343378816,0.7326926343378816,1.2205188679245282,0.6115731293300413
T000166,1.0162023836991456,1.0412185715886273,1.15609756097561,0.9637308141196647
T000167,0.8375560189733123,0.803289890987007,0.7458563535911602,0.855777626669868
T000168,0.5416007956595258,0.5325353181902373,0.8284883720930233,0.5385989876680596
T000169,0.5313237858572557,0.5204161880308762,0.8512269938650306,0.4985095439513037
T000170,0.6083021489707856,0.6171173703368058,0.7305194805194806,0.5521485960328734
T000171,0.791440286081776,0.9727911449625978,1.115819209039548,0.5948470810712394
T000172,0.8493752305396487,0.7350397318413374,1.1381004366812226,0.779241543565775
T000173,0.5783878403641356,0.5612183715246696,0.537542662116041,0.5871750867407477
T000174,1.03381396668927,0.9420268911445993,1.0873824451410659,1.0043828025506956
T000175,0.7192438421932643,0.7371079665423028,0.5527052238805971,0.8209900927187791
T000176,0.6948756029129666,0.6926601331274235,0.8015799256505576,0.6412472976627845
T000177,0.7768320755269987,0.5981052401777608,1.0549346267397723,0.6600726838355223
T000178,0.7658760792239496,0.7658760792239496,0.8191244239631337,0.7609835013815883
T000179,0.940312785119991,0.9553552654660538,0.9171270718232044,0.9450190928759495
T000180,0.6569318678837729,0.6300951086956522,0.6368885869565217,0.6163041073343029
T000181,0.6611600595167313,0.6549739155776875,0.7159810126582279,0.6257427714545013
T000182,1.3206587494268471,0.9779108795847274,1.3327410039982228,0.738530386505737
T000183,1.1463268971787495,1.1058741828841199,0.9980334316617502,0.9665193210778101
T000184,1.354082356216031,1.354082356216031,1.169256284916201,1.0016394354111655
T000185,0.9597578229967135,0.9597578229967135,1.0082913828842166,0.9853729302268216
T000186,0.7640039979216814,0.6988632995616084,1.0124894751613807,0.5882808311648694
T000187,0.8640841072894815,0.8640841072894815,0.7935684647302904,0.5247377683183134
T000188,1.0523379685041283,0.927007368518063,1.047605473204105,0.5589798860974023
T000189,0.5595094156838669,0.5595094156838669,0.5692874517098298,0.48652750010619367
T000190,1.0216224124969482,1.0637904402002334,0.7504453681710214,0.9366668918636801
T000191,0.928108206523487,1.2366566585640122,0.9378513868065966,1.0034276627707874
T000192,0.8483651514485787,0.9106565501143107,0.7254404249596558,0.7585680850287033
T000193,0.7395191026591231,0.6707396243441375,0.768727249505077,0.9993153725618056
T000194,0.4447841416997542,0.4447841416997542,0.6178545366090976,0.4263114882802998
T000195,0.5944352059384367,0.5944352059384367,0.63446173254836,0.5625152459557664
T000196,0.5420221737673647,0.5009977194982896,0.5017103762827823,0.4530612854212693
T000197,0.6220660393365253,0.635790093907371,0.9642857142857143,0.5748714759701589
T000198,0.5920462933274911,0.5920462933274911,0.47086541014069555,0.5196486175107741
T000199,0.6071476744306008,0.6071476744306008,0.6062814736284123,0.5516737981655223
T000200,0.5388496360178485,0.5388496360178485,0.6433211192538308,0.42367590815920897
T000201,0.7488300930902517,0.7492619386986944,0.7251116783663051,0.694825411603644
T000202,0.8862225608517376,0.8862225608517376,0.6894115691489361,0.6918908129347131
T000203,0.5713394492323671,0.5825883001876877,0.856858186648954,0.5258092306967551
T000204,0.6993085457955369,0.5927821959476985,0.922244822485207,0.41414766480936804
T000205,0.6176261953202326,0.6177630055209062,0.915929203539823,0.6467954382432245
T000206,1.3072640200007692,1.744347592369983,1.5905572755417956,1.2132918413947609
T000207,0.47374985931048685,0.4747809552601895,0.8820812807881773,0.49491886082541175
T000208,0.7775751607693484,0.774408952484687,1.0685840707964602,0.7308320712199252
T000209,1.1395189921891256,1.120856117072402,1.1360967590418036,1.0757129144198239
T000210,1.2356558360588479,1.7526176569708076,1.5977112676056338,1.2340825936044326
T000211,0.6684460401833594,0.6488501349566221,0.834252502969625,0.6235583642130693
T000212,0.27879632896285933,0.28307184407073527,0.577054794520548,0.5127126113682577
T000213,0.749448153928758,1.7492279352181763,0.7490836896762371,0.6454209390033216
T000214,1.0219980766930785,1.0437768122036581,1.2399799599198396,0.994847348505605
T000215,0.5542116703384868,0.5190198273136328,0.8350253807106598,0.5429872526372145
T000216,0.9979432868915916,0.9867649761300913,1.1980863192182412,1.0322691578818455
T000217,0.6906202794131124,0.6906202794131124,0.7005263747340128,0.7637909649868057
T000218,0.5691124827893012,0.5770292116355992,0.598941629249519,0.5388970512698444
T000219,0.6096225070226132,0.601424172152854,0.6716837371971022,0.7387609012478922
T000220,1.2215201018540385,1.104217242162241,1.5212765957446808,1.1654894456795766
T000221,0.7138888395129456,0.7109354241665655,0.9017801374141162,0.7253241077353998
T000222,0.47719667649206526,0.44827384850734087,0.76171875,0.3453327587672642
T000223,0.6698684306062005,0.6454018782217281,1.080298013245033,0.6832532667955815
T000224,0.6644606830116706,0.6374528861554695,0.9319727891156463,0.6799818077865912
T000225,0.621475570665838,0.7861876417712007,1.081858407079646,0.6311541802060288
T000226,0.7962639259667325,0.8159298106351176,1.1103862212943634,0.7970580099022214
T000227,0.8379446157151169,0.8431120060090269,0.8347515316541866,0.8155655810912504
T000228,0.3908917316204807,0.3535523342757707,0.6964285714285715,0.32320655571235407
T000229,0.8928001450590394,0.5272523242303272,0.7710798816568047,0.76923661542362
T000230,0.6247044853451815,0.5930772701751981,0.43749999999999994,0.49318104813738567
T000231,0.6509772265448834,0.5057886799620042,0.9138853904282115,0.5711858638888342
T000232,0.49543321495036224,0.49262208781070055,0.8836206896551724,0.5692865832098599
T000233,0.416982679470564,0.416982679470564,0.8056640625,0.5235317349433899
T000234,0.5086963273573464,0.6259062799753792,0.5196823204419889,0.4951536146975353
T000235,0.9630737617135667,0.931193048249169,0.9402017291066281,0.8986731097746307
T000236,0.739486251522924,0.739486251522924,0.7982673267326733,0.7479448979443843
T000237,0.7839594720709602,0.7853727412962597,1.2699203187250996,0.8199193734096816
T000238,0.6674822605546302,0.5540470924048977,0.7287168414558914,0.5819081771822346
T000239,0.5487347170529089,0.4390835264652448,0.4675732217573222,0.5097132905457309
T000240,0.8551559838060232,0.8243647305945833,1.110154905335628,0.940821898783751
T000241,0.6219174519398678,0.7487271634397598,0.7209794437726723,0.5686137189023296
T000242,0.8908616828005241,0.8342316881178546,1.2129773967264224,0.8420631747643462
T000243,0.39613720513622547,0.49572251383728855,0.6075216972034716,0.4128216440905256
T000244,0.7720838025137674,0.6515850699263744,0.8736133122028527,0.6034406417145404
T000245,1.053637985672168,1.0247017398480929,1.2622399020807833,1.146701404660247
T000246,0.6090267104579035,0.4016500128635583,0.5929227444624527,0.3761258364883002
T000247,1.0001545585396832,1.1436653191772017,1.4018472135253601,1.0868680396226325
T000248,0.4663329176127431,0.4149146505669209,0.8684815950920246,0.673609433521
T000249,0.44415723092822346,0.4501849190209105,0.5779490219324244,0.4262689994083895
T000250,0.770144108731422,1.005890891301573,0.7231241338348842,0.6691457219370236
T000251,0.9572141429695036,1.0752752252605275,1.0575201432408237,0.996814139698271
T000252,0.5844089228697813,0.5844089228697813,0.8767751991686872,0.594768771259769
T000253,0.951675762277057,0.9349441726074371,1.197126895450918,0.9512743098204934
T000254,0.6453647495822838,0.7666916105792021,0.9169278996865204,0.6858617704863833
T000255,0.4756065177416209,0.4756065177416209,0.6765276430649854,0.4434008771302512
T000256,0.6259093350465397,0.6136272184412186,0.6860158311345647,0.6048006646551369
T000257,0.43117215118670793,0.4538044724626554,0.7737252124645891,0.6050364896866147
T000258,0.6504452713435931,0.6436615233544231,1.0133581033262562,0.6872565936974744
T000259,0.8979960506651429,0.7806618222929679,1.11860497623707,0.8223898218169304
T000260,1.3624283873289738,1.371644248491222,1.4848993288590604,1.3700314208165112
T000261,0.8260029363387862,0.7965495780271814,1.1102994886778672,0.8122715974393947
T000262,0.5978443940143543,0.5656686671558577,0.8279103398409255,0.532791281125723
T000263,1.0436630537215448,1.2093341068082688,1.1277602523659307,1.0745984772402404
T000264,0.5692591751332003,0.6093353560650625,0.8073529411764705,0.6055401970358455
T000265,1.0072992700729926,1.0072992700729926,1.2408759124087592,1.0459496713902827
T000266,0.5202115306962033,0.5419166951521502,0.8073322932917317,0.5020275764643868
T000267,0.5399080420864649,0.743314616827646,0.799739921976593,0.5725726461224501
T000268,0.8399321445143312,0.6604270907049794,0.7757503778881452,0.6798925891959418
T000269,2.114132777854338,2.1873679098262304,1.3722397476340693,1.5430867384660882
T000270,1.0036802600856962,0.9677841506231134,0.8903872752420471,0.6569007293152446
T000271,0.47816814062078944,0.6460568886169991,0.6001900337837838,0.558183122325588
T000272,0.6313253761283997,0.5195324291101271,0.9771126760563379,0.5137319699139662
T000273,0.663042557597162,0.6180369764782282,0.989033870072182,0.7364901257249662
T000274,0.6594792777952628,0.6563772048846676,0.5749660786974219,0.6555139756429147
T000275,0.19895776989831257,0.8177343554438066,0.3853434288804759,0.21543537674239033
T000276,1.0448954725987802,1.0448954725987802,1.2248743718592965,1.1103999612319408
T000277,0.5248666177607205,0.47396187696879255,0.6411771874238362,0.5693284557471762
T000278,0.320915515514792,0.36796110154215245,0.6231785063752278,0.3571691605475865
T000279,0.3260857378286833,0.3887221054738316,0.38021615130591413,0.3607514921089294
T000280,0.4889430158789228,0.7985722552794553,0.6346283783783784,0.6214192694586677
T000281,0.5650055809754483,0.9009843884278073,0.790378930395055,0.7068733721771281
T000282,0.6255019681699541,0.6482468566803923,0.6986301369863014,0.5787984175568617
T000283,0.5163826437208912,0.5067887609924343,0.5111041273831971,0.43073615636212154
T000284,0.8200068547461996,0.5932499874895165,0.9243169398907105,0.48090797299244364
T000285,0.6724544521819766,0.46315274840397397,0.6421643695763144,0.46855751804821094
T000286,0.7933509231051028,0.6424614759906278,0.6977052074139453,0.6318721850923524
T000287,0.5010146282933192,0.48480319459711907,0.5574898785425101,0.4072296488526379
T000288,0.7054773427581749,0.6488912334371418,0.7396755162241888,0.5140692192685288
T000289,0.6504214885659217,0.6832041548632541,0.883493077742279,0.8176694736338526
T000290,0.5344205281845033,0.565056634316067,0.7058170515097691,0.45024972241471123
T000291,0.2664719675670621,0.274095741791243,0.45859683794466405,0.2567506487096251
T000292,0.384394343234045,0.4958382939081648,0.5539256009505529,0.5163984411149146
T000293,0.45444411196093254,0.519376470558858,0.5003725782414307,0.37995904550111775
T000294,0.5114087727351249,0.4873715642539247,0.7332268370607029,0.4713030724501512
T000295,0.28129423179002827,0.40589523262174465,0.5153811859117253,0.4194940942023622
T000296,0.43236901691592433,0.4331651278796086,0.5141896938013443,0.36838290658257095
T000297,0.39509171411028454,0.5667826191559626,0.672571597283732,0.5568877299837846
T000298,0.3254989627327382,0.30537224617883796,0.35765656376967264,0.3350470816410445
T000299,0.4029751393575388,0.26580265466458336,0.3435411161200062,0.37257945143195864
T000300,0.2620458616279566,0.30376919841376904,0.5049252154458072,0.2714317272465712
T000301,0.5270302339969032,0.5340556648097732,0.740494709412508,0.4785180462363093
T000302,0.32259770066314053,0.2613292124733756,0.3498194945848376,0.29323311375366656
T000303,0.7786655254868772,0.8722725543960805,1.6930817610062894,0.7318923777454305
T000304,0.7825194863415275,0.834935954062591,0.9852493338408831,0.7372165512938802
T000305,0.5295091177990743,0.5483299340737076,0.690158172231986,0.5344961160616213
T000306,0.3721918792824684,0.4439592625963667,1.0236369910282952,0.4374544479338525
T000307,0.5798691343132988,0.8392118847340343,0.9137638617090671,0.6254064439747431
T000308,1.016118028998309,0.7615828284864529,1.0267163212435233,0.6424887009852909
T000309,0.13227772055367443,0.21077592345085727,0.14948041566746603,0.10941189431267487
T000310,0.4415997672626822,0.4913537791637169,0.4368932038834952,0.8039841142672938
T000311,1.2129991500322304,1.2196002619578912,1.4938820912124582,1.3479921674038862
T000312,0.8766852107367862,0.724026971740648,0.5931094635848234,0.7023815289783104
T000313,0.4434303201021461,0.3419926928796453,0.237017310252996,0.31876940771679424
T000314,0.9805274350335262,0.8954266817651699,1.1242274412855378,0.8400183490239204
T000315,0.3356735724903132,0.35933233822930416,0.41963963963963963,0.29834731533291103
T000316,0.6398028820072496,0.7031458233174034,0.5092852137351086,0.8553919994672362
T000317,0.9235435914755455,0.7274638574098913,1.0274227902023427,0.8870775964186467
T000318,0.5724082971033778,0.5725280424645321,0.701568894952251,0.5563767083182342
T000319,0.8315640356058307,0.7474789175244687,0.8448406676783005,0.7843702950137519
T000320,0.5027622740591718,0.49804829088888886,0.6717597471022129,0.5130454420566056
T000321,0.34914997064070746,0.3435578716668459,0.45698924731182794,0.31394833627904817
T000322,0.32614509247841755,0.32722359193976935,0.3235415804716591,0.3395012662585333
T000323,0.42321251315615444,0.4363320067520741,0.8315626383355467,0.43776897347675275
T000324,0.4844856969883765,0.5119049162894582,0.49507389162561577,0.5660107842807112
T000325,0.731992279148723,0.5015691068970008,0.6803677663601947,0.5879742124649303
T000326,0.7014469707514571,0.5046109463515236,0.6244148361541232,0.41295665593983505
T000327,0.1742435561656142,0.14346348421616142,0.3025465419118356,0.12429062747743741
T000328,0.6356939972220154,0.7460214443387556,0.7710470884011688,0.6620456109497627
T000329,0.3888927977763286,0.5065573875416826,0.5586306800853919,0.3762481307867061
T000330,0.7310669599272984,0.5568646410116718,0.7872901036084314,0.6502408577229729
T000331,0.45156052094716076,0.44331763578990424,0.5965705170809518,0.5315463697785126
T000332,0.4412697349091773,0.4986186103079591,0.441712204007286,0.353101530926258
T000333,0.3487353595343784,0.34163317328307413,0.4783748716008001,0.44148535515260917
T000334,0.43478773807299836,0.5119111463442132,0.620517021663936,0.33932826460416954
T000335,0.3040470405984362,0.2785757272163273,0.3980107585111376,0.3543274738878209
T000336,0.24280429355088187,0.3004330866552909,0.4448395331874544,0.16845727165105306
T000337,0.3377636508508304,0.3380991189770625,0.4374409820585458,0.4000380570213434
T000338,0.4369347307231385,0.24583341251888405,0.6759319866652459,0.5840910659731274
T000339,0.8477828911201231,0.7440386076900557,0.853415941058272,0.6209406919792364
T000340,0.5059968287984337,0.37274298951823315,0.6968684025334272,0.4154568616744919
T000341,0.2532625010802502,0.25666855165211644,0.3181932958777855,0.27330797801196266
T000342,0.3771954061758001,0.3394424543388501,0.40784536668561683,0.34658947066870377
T000343,0.7480361523365527,0.5179345958451768,0.7139667196867736,0.7305882901875841
T000344,0.6244561074844697,0.6003290532750198,0.6556514236410699,0.6885205836456536
T000345,0.5555572082815812,0.6100154018136608,0.5100192460092834,0.45522317695250586
T000346,0.2766282944574955,0.2239852026720148,0.3774016923842708,0.4988090676914821
T000347,0.4435753237815835,0.4612175152145065,0.8419332161687172,0.47092335014142134
T000348,0.3000263219944893,0.33259300088436095,0.4560246262093228,0.4730630154974542
T000349,0.3479942494905332,0.3464372757820109,0.5470297029702971,0.3241469845913424
T000350,1.011496935123594,1.2932132863847936,1.2229957805907175,1.0599614319620254
T000351,0.28947825770778723,0.43870313172950454,0.37978418479177206,0.4330468663556683
T000352,0.40778988465611304,0.3969889010871607,0.7368568232662193,0.4678234774527667
T000353,0.751201913162285,0.8815795477268462,1.1537800687285222,0.5674707751366964
T000354,0.5909422385498785,0.6089562645669827,0.8666323377960865,0.605005401391325
T000355,0.5301117707000178,0.4540633919000934,0.7558537227045515,0.42074090866815483
T000356,0.5224302515752202,0.3890298518470468,0.6109436587062369,0.33975335343818835
T000357,0.48578898325950864,0.5025863868709879,0.3633934535738143,0.4679240588381624
T000358,0.3101957952100478,0.2944322705335059,0.34620786516853935,0.509667482983307
T000359,0.4050309676002524,0.37914346360262574,0.5269836170896242,0.40077044483629637
T000360,0.54881329959497,0.5380741951731229,0.7718390804597701,0.4331982141253592
T000361,0.1858879283005484,0.14480380539072202,0.20392828895333506,0.13524818732183463
T000362,0.22586865041978965,0.29040520645485735,0.24247226624405704,0.19283148957507923
T000363,0.1577632907657287,0.21561320443056609,0.20809570176658784,0.10832782214200949
T000364,0.4992628119233339,0.5596646061586769,0.5653442240373395,0.43769440801168685
T000365,0.13282284928779264,0.13282284928779264,0.1523706644867453,0.09832239281305655
T000366,0.243939038136052,0.24110457629723378,0.44710451283059677,0.21149129307782236
T000367,0.2805461185566315,0.28078147508169604,0.2951950523311132,0.5062445875579805
T000368,0.4554661643352757,0.43324886326875717,0.7714365256124721,0.42239300700232285
T000369,0.49817057328891434,0.4621392254097541,1.0435750636132315,0.4232632780196406
T000370,0.468900839570754,0.5023970860208418,0.54192992533027,0.4570919836615092
T000371,0.2596651926949999,0.31746821869329406,0.3871156091864539,0.3233848182734649
T000372,0.2450312545854123,0.15266793020421046,0.2740462117141322,0.1368432964835354
T000373,0.7875431641243859,0.5627336905035935,0.6096109175377469,0.4721885796346454
T000374,0.6364771103890879,0.5237084991017152,0.5715369059656219,0.4129034368285516
T000375,0.6156200309709452,0.3736409894623891,0.3382047897416557,0.2945016773561251
T000376,0.365309902464638,0.33705460378889845,0.567062521830248,0.40267349333768115
T000377,0.5601988960048072,0.45528256798038386,0.5004238884702337,0.39339260167435947
T000378,0.3524805621698049,0.46560471069124115,0.7174573965917272,0.44586354115360477
T000379,0.9428163748725797,0.9316869882700155,1.0472279260780288,0.9442074754154902
T000380,0.6565857958962887,0.8500486826361088,0.9322213544572129,1.8668047456274233
T000381,0.5714779621874051,0.23865125122179814,0.39733170412889657,0.4033086864916634
T000382,0.3902845262954507,0.3044729268400109,0.6068070986878488,0.43206141255486935
T000383,0.3524923833913768,0.22100024621227535,0.40942220344354074,0.5797216178271087
T000384,0.23203118367706996,0.21233418945354507,0.2835511145272867,0.30377117779849977
T000385,0.4076977807246043,0.466699222947901,0.5542857142857143,0.5550581752232142
T000386,0.6232895897697356,0.49286752557559405,0.7186859718617675,0.6772681942957866
T000387,0.2059704718446916,0.20820034409900903,0.30953935437069274,0.2975068495746622
T000388,0.8357831523058129,0.7367138854585467,1.138265591311986,0.5897871617395867
T000389,1.0299294151509706,0.7193435101084439,1.5929463835508992,0.7541575596655667
T000390,0.8108988918749669,0.8108988918749669,0.8175374882849109,0.8311698391600647
T000391,0.8719748535070228,0.7600788352582156,0.6744417862838916,0.8799029190574537
T000392,0.6086811669077643,0.6715358277064877,0.97,0.7256812337239583
T000393,0.5566638015296687,0.652498529496908,1.0813631246211137,0.6884053479461657
T000394,0.9206921078559247,0.8512309205663351,1.4197879028230662,0.9371703436363387
T000395,1.0082800283055784,0.7506160545650331,1.4913118264471512,1.1980167300133613
T000396,0.4734353784571345,0.3773532280350001,0.5349072134091589,0.5860188360593876
T000397,1.2380575429571066,0.9781503811702567,1.61313356447086,1.0870982478654387
T000398,0.738508876453637,0.4750887477969979,1.025267714741399,0.8154798517511819
T000399,0.7063858185820576,0.48803896138474595,1.0472101127035736,0.6324796351685406
T000400,0.5990251575713834,0.5709323933786039,0.9701112788681988,0.8475083034843671
T000401,0.30520982572684957,0.518385044967017,0.5774352835552895,0.4694637377926034
T000402,0.5075651206792277,0.5125859906917917,0.6790274798242925,0.7526582883709553
T000403,0.8333064981746385,0.9884391529572151,1.0373742864908944,1.4941608749352322
T000404,0.44397637659437994,0.4389488783103594,0.6100461104944069,0.5841487149334759
T000405,0.3092795292182492,0.40569210042892523,0.32576903681290975,0.29474893077158454
T000406,0.18646873052569998,0.15425473734251885,0.2078804347826087,0.12180588210838429
T000407,0.7685258604335912,0.7751644326014734,0.8533246414602347,0.7065476597831954
T000408,0.3489741758310888,0.2862779572255498,0.32722416651317,0.29115139309006033
T000409,0.45963013857819396,0.38863069376700216,0.538236726741354,0.39436029210302
T000410,0.2978026888538042,0.33476714470724894,0.3029744346116027,0.4294256804849781
T000411,0.9188308593558443,0.8942936948082615,0.8004854368932038,0.7674719001251518
T000412,0.36529717974268044,0.29396377640494276,0.2949374288964733,0.30317297173486685
T000413,0.5908229530389142,0.7940652664205121,0.8289603960396039,0.7180509661683941
T000414,0.5783725513154264,0.5737004944715783,0.63545362392296,0.54839702437991
T000415,0.5129031905607813,0.396225740221043,0.6224919743178171,0.3390482123361162
T000416,0.5887226340146078,0.602213265227921,0.49885818680063937,0.5524656614175968
T000417,0.37238945108619725,0.370341969239028,0.5907161803713528,0.31695872663502983
T000418,1.6342622434880745,1.6365735567758841,1.6288719371243643,1.3334740245887873
T000419,0.6329111248234423,0.656549789364475,1.0954499237417388,0.7822911350267697
T000420,0.3518995376740923,0.1827533247095404,0.2780054644808743,0.21402607902151638
T000421,0.6676513900001576,0.5402921386238098,0.9652126892573901,0.5221796609208836
T000422,0.8797882330768708,0.698036775416488,1.087082262210797,0.7708854459551735
T000423,0.6375447325405859,0.5946317275901392,0.6400885935769657,0.631152499210531
T000424,0.6249413199644249,0.5149992688062099,0.6755597014925373,0.5242805184890975
T000425,0.6682272372024783,0.7643691809584143,0.7761506276150628,0.8192637678968359
T000426,0.7949175256331041,0.7646181708613331,1.1581726960654872,1.9017319446822603
T000427,0.5339336969685183,0.3807217892209531,0.43788283335950995,0.39767563899120956
T000428,0.6007454488501415,0.5075185593684775,1.0440852819807427,1.308599538685039
T000429,0.5174626760586477,0.3534162367619836,0.5162655133508838,0.5240160927372618
T000430,1.0221733617195394,1.086840988730986,1.196195796754456,1.0748936195708425
T000431,2.479661160409929,2.277500757411825,2.264102564102564,2.3099287923177085
T000432,2.6454928622281093,2.522953376768284,3.1615378741600484,2.748235535898366
T000433,0.5735631708937894,0.5293754512614779,0.5964565402806854,1.5570480220085097
T000434,0.6916481799350979,0.7522108213785117,1.0940103470889704,0.9162045395639813
T000435,1.72344012444508,1.8474113339989628,2.217091458467392,1.956391759755625
T000436,0.47234513065070427,0.4615425348011749,1.0921133231240427,0.5718050049202
T000437,1.9090682621524169,1.787023199241474,2.112672913877733,1.465078723095507
T000438,0.7767797976371278,0.8753334870892636,1.3767337807606264,0.9026044834486857
T000439,1.326500655881663,0.8242833446550396,1.443057422700211,0.829872040211044
T000440,0.3493736000041132,0.3535580763710594,0.46535500427716,0.8120784240670444
T000441,0.5703092055817803,0.6550857994972236,0.5913892078071182,0.5656325078147424
T000442,0.5002705617974008,0.4927312375068144,0.5251680901326549,0.4946569870802006
T000443,0.5689141968656134,0.5773937707756722,0.5754352030947776,0.41012161225368715
T000444,0.15206262327246653,0.16992779748020134,0.18012681461705324,0.1684438078148465
T000445,0.34499889380043486,0.3528164775098381,0.42764522821576756,0.608102404329292
T000446,0.1582295892200434,0.18243863708855185,0.288659793814433,0.2574550353374678
T000447,0.536859582151138,0.4819336900378364,0.5150521034349672,0.5458607846270744
T000448,0.7593719891823355,0.8305511775552631,0.5891089108910891,0.8224011938372966
T000449,1.1613567756447103,1.1419832051262933,1.3788752703677,1.2286759401966363
T000450,0.7679740069973932,0.8598892807613749,0.6125506072874494,0.4015966137925944
T000451,0.49693946573520353,0.47972287935113206,0.8847583643122676,0.9952308502661372
T000452,0.48942493015689326,0.5480467260759526,0.4353352984524687,0.6804690063746431
T000453,0.5791702146932916,0.5810449055054274,0.7053344623200678,0.8611839145850975
T000454,1.267969961244839,1.3191947577930503,1.347323879231473,1.197323284515632
T000455,0.9050857792305043,0.8696691222396145,1.099944933920705,0.7505382655475633
T000456,0.6111612654689028,0.568072836790148,1.0847184986595175,0.924257609594923
T000457,0.6885114270244862,0.7460178724621874,1.1846689895470384,0.7597583281915408
T000458,1.61106465765845,1.5580255160639425,1.7243759957514604,1.480723985863441
T000459,0.5468703154068278,0.5575481400548321,0.7897163120567375,0.8679944453679077
T000460,0.8091726761872505,0.8262076966470727,1.0222168558319247,1.4299041843851876
T000461,0.419072935896813,0.6288079994453968,0.8404576856649396,0.6862681650744819
T000462,0.5827195136080368,0.6180864024445379,0.6845870809484873,0.7964139774600112
T000463,0.5273071004994716,0.4304695368083248,0.6355792933442892,0.4709642972922658
T000464,0.9404129372870799,0.7391117047030407,1.1361192195421723,0.8552005497646288
T000465,0.8786629931687681,0.8152985738233283,1.4504740111147434,0.8080879742665087
T000466,0.43336794559089376,0.4338607023193124,0.5087719298245614,0.5342046369586074
T000467,0.48509475993435097,0.49081364829396323,0.4824475065616798,0.47796820292635545
T000468,0.46203050628006426,5.826429524702454,0.7489278752436648,0.6022072787219785
T000469,0.8759852941478039,0.6911086360578816,1.3514064410925397,0.6662242393322589
T000470,0.5802345967081202,0.6942661958137437,0.9230009871668312,0.592667586994077
T000471,0.6811625887003195,0.6397012135846999,0.7930029154518952,0.6590119707202078
T000472,0.43721569727261633,0.4438974864047125,0.7995049504950495,0.4332026717686417
T000473,0.24844032655665843,0.24191975966018667,0.22055996924654023,0.5967187424918311
T000474,0.7962387843740026,0.6153644357846811,0.9146816296890827,0.6241320901115286
T000475,0.6080479136986326,0.6833689716851036,0.7925557277387046,0.5918750830390495
T000476,0.8597887032355257,0.6902506817070255,1.0406023771628075,0.6456107862151038
T000477,1.2696645277195293,0.9518292579652851,1.152596595577936,1.1152017797952727
T000478,0.12136072324735137,0.13110398834342868,0.37603824479876075,0.30266901523649276
T000479,0.7858388091143166,0.9019124130745589,1.6525214423638241,1.5725610188210069
T000480,0.5923864797186174,0.14021768477171107,0.6124999999999999,0.784951171875
T000481,0.703195033456991,0.6129385881787638,0.8777923784494087,0.2649933783672799
T000482,0.6100116516170104,0.14659450316857134,0.8732876712328768,0.3691503794770263
T000483,0.27751191458791113,0.5188225928906378,1.0556319771440665,0.5356042437197437
T000484,0.6223086705754401,0.6425265124523195,0.9770235393450183,0.6405497857933077
T000485,1.16537801656305,0.9203406870320757,1.289135458984321,1.0143050449629407
T000486,0.17950446812999246,0.19056250678301073,0.2754606154044563,0.34023096421290894
T000487,0.4147472557130167,0.3236308625975918,0.652854006586169,0.4587904828570938
T000488,0.8434705316337093,0.6118836786880869,0.6637033839429648,0.6624225234991357
T000489,0.7066149366334175,0.73561052081797,1.22537462221308,0.6729491383961067
T000490,0.6373472385416619,0.7312379234194075,0.612796751253404,0.5973034293594889
T000491,0.6185076953597377,0.6125799976371705,0.7692307692307693,0.7125972408387983
T000492,0.9417557259631173,1.2349426796522092,1.766451546755828,0.7459167096538618
T000493,0.9492086657183737,0.9250845186042693,1.206008583690987,0.6042951984978541
T000494,0.43315144359680496,0.46011955959448997,0.8954698255162478,0.5508980248019049
T000495,0.7412612788990289,0.7017716235354995,0.3948110547095319,0.702859516003948
T000496,0.7413350383471341,0.7713037114626146,1.3945818610129563,0.8303796056021789
T000497,0.46649804731584166,0.5049641240971375,0.9981454005934718,0.8805773183217034
T000498,0.810529046368406,0.808499014146394,0.9376666666666665,0.8741209594726562
T000499,1.0996175986225762,1.5696626691264932,1.6839190013157472,2.0374509477993326
T000500,1.1568886779356262,1.2687581301390043,1.1884927165234351,1.0147872049658684
T000501,1.0277819638930341,1.367421272938172,0.8660886319845856,1.1705956984209418
T000502,0.6076453330972214,0.6799805882601173,1.115014558804912,1.1037187870481362
T000503,0.5231451781093085,0.8429565258781108,1.49189294241768,0.9937967315983934
T000504,0.8336969729303381,0.8323614573494422,0.8471416183043159,2.324706900963495
T000505,0.9121684168067714,0.7865440476477978,0.9410604055073788,1.3187221414457102
T000506,0.330789005225412,0.4191251316390281,0.28195621885847877,0.42945856231329843
T000507,0.8032823168990798,0.8056440991797745,0.8702404970057969,0.7239788054320484
T000508,0.8659426567428056,0.8860098996229809,1.02927634580765,0.7208148203334344
T000509,1.4654972920021117,1.3955099748656519,1.3031326000943775,1.4799150845425426
T000510,0.6957539970385603,0.7656391024485795,1.0103866289649766,1.0334980020918487
T000511,0.9740442360591873,1.0485999909184374,0.8945490525305828,0.6708989791888417
T000512,2.0158322370665376,1.3592786460001018,0.970392591626451,1.0493139331068486
T000513,1.2501125338696637,1.2839396471683762,1.349503806897202,0.7719092025920492
T000514,0.6022356216110505,0.7273890118735232,1.164481133798444,0.42558659384474196
T000515,0.8088476923454281,0.8192527794259716,0.8675986842105264,1.0271780114424856
T000516,0.5803064545409476,0.7170124375781963,0.4004655266269964,1.4300235674321418
T000517,0.6892666811660074,0.7142916994193494,0.8456414205049232,0.9302431281289738
T000518,0.7854615123773409,0.7234594451119813,0.6939810582977859,0.505213875221378
T000519,0.4931567434365855,0.6127849946321241,0.5471068711809453,0.5084544895265833
T000520,1.131547038988325,1.1283917753244146,1.3861607142857142,1.9971540905180434
T000521,1.0308186898421778,0.8809589798529194,1.3393686770005644,1.9102235505948506
T000522,1.2200841541134644,1.0920197900709143,1.1821393158155677,1.2920336341132923
T000523,0.5829442044094773,0.5414210653852223,1.6818873668188736,1.2525522914288432
T000524,0.5445667732372463,0.4761113077707055,0.5052425394630717,0.430294054006978
T000525,0.5023018173921512,0.711367143513548,0.5454215994201498,0.7625265552329971
T000526,0.6939706282371524,0.683733944194819,0.5430737906339956,0.4982476829352577
T000527,0.8477696396106529,0.5849751035528821,0.49182561307901906,0.7614483326592303
T000528,0.4935727337600817,0.5340156317777621,0.4161927065908331,0.5272566467673134
T000529,0.8352718127928407,0.9072833271199711,0.6449682502742777,0.6543927326010256
T000530,1.2141329792676336,1.1894334779991589,1.2383397518185708,1.0662261479728283
T000531,1.998691882955793,2.475903062391577,1.5313151724763274,0.3824383249783028
T000532,1.7901720967536616,2.1108953607536445,1.843704366668237,1.8523643494011728
T000533,6.771748123352109,6.885219732981074,6.748888256040658,6.839820196465146
T000534,0.5560458174349021,0.4459462042706653,0.4704116516923772,0.42117392792232616
T000535,0.8227314939026222,0.8430702004826445,0.7554199739367373,1.006451663549904
T000536,0.4593425097556345,0.37815472921448806,0.4028205893076133,0.37317948945891233
T000537,0.47986809023218674,0.2952815890682175,0.4403003568596352,0.3358426284890877
T000538,0.9501120288837582,0.9501120288837582,0.7360558933582788,0.5945508095123034
T000539,1.8869805444431211,1.9432569574310743,2.677990603541742,2.0610789639190683
T000540,2.018110332158991,2.236679213425351,2.885551948051948,2.2325227910822085
T000541,0.9255444581732685,1.024473470461395,4.512994350282486,1.5605966686528956
T000542,1.067826161215059,1.0272514461126192,1.1602393617021276,1.0294863653521165
T000543,0.8403955869714291,0.8403955869714291,1.761309780267126,1.1545566465155106
T000544,0.6610668877410921,0.6525566119388244,0.7818213477276685,0.7104725997954031
T000545,0.9273678301271326,0.9150572059203688,0.9088893815118599,0.9299506732385651
T000546,1.7016209681290055,1.6004398873532608,1.2264229331117573,1.2196295959700874
T000547,4.378028894244737,4.331479016694982,2.3817427922572745,2.0916969606675617
T000548,1.2047645371210562,1.229113608632455,1.2390999251497006,1.25963153915253
T000549,1.2612792404360487,1.2434056640463638,0.8379338248516454,1.2331569500366204
T000550,0.7502490199921134,0.686431920501332,0.8980619767170352,0.7036984425881971
T000551,1.788440020180707,1.8536280346005651,2.327132880861566,1.8203204902943921
T000552,1.5260844283840398,1.8373468652020253,1.3169170689374627,1.5575129076593601
T000553,0.4958540385929299,0.4957745432528168,0.485358542771501,0.5392604244725616
T000554,0.5190485887020313,0.415016821205402,0.5418841660452398,0.5157672484775043
T000555,0.7961582934571706,0.89625446867021,0.6084324775620956,0.3475838690056878
T000556,0.8396262877841847,0.9854953657926279,0.8459262519561815,0.4796033032436699
T000557,0.42208394416644707,0.4167538019136536,0.4537223340040242,0.3240155532806212
T000558,0.7445253597483268,0.345621727263241,0.6155009029849232,0.3749455797413684
T000559,0.34492452592528877,0.5870737445953339,1.1906048056339154,0.32439185084647526
T000560,0.5150914389157976,0.545454966426597,0.5594617717974644,0.5330333260213308
T000561,0.6160276663526753,0.43673614542461536,0.534262186918931,0.41809013518825566
T000562,0.944031336247577,0.8514363042060705,0.7258582706076739,0.8184618360737561
T000563,1.1727440654917438,1.4369611650203065,1.4749132565952525,1.7720736094808478
T000564,0.9133651241983236,0.6234402533668134,0.5458076389884794,0.5965875205918886
T000565,0.798230987430445,0.7816932983112478,0.8026054941942793,0.6146755187175862
T000566,0.7515464408165967,0.7391456014221386,1.5809604759881002,0.7037180759934126
T000567,0.6560227358710843,0.5373377899345031,1.5184770436730124,0.718518435487822
T000568,1.4383754360532213,1.0521480127268794,1.6126259032951091,0.9945435828786886
T000569,1.7903833647044043,1.3552053718209809,1.7833772197927933,0.7774800475948896
T000570,0.40214805257686453,0.19239193490877385,0.3925910876337532,0.3877488280059554
T000571,1.236945868371579,1.2295935970840066,1.6191055811017943,1.25668847577005
T000572,1.000169589642782,1.0523998457568813,1.6273294562125906,1.025456832568566
T000573,1.2022692087810023,1.203133580928208,1.7978171301798591,1.1166094722616324
T000574,0.3690135840854198,0.4324048810063209,0.4054859868813357,0.31456584168390356
T000575,1.1815097926037814,1.1861398877180318,1.6297397099882915,1.1582938669007674
T000576,0.6005238523991018,0.6321112604152033,0.649044003657034,0.614374229836626
T000577,0.5850997880542046,0.5850997880542046,0.6420057215511761,0.6501502093432135
T000578,0.8697277829566188,0.8323690701730311,0.8861857160062628,0.9179347590855715
T000579,1.005709222459677,0.794294505799657,0.6450161431650075,0.36848619653316655
T000580,0.5370522800585695,1.0124150487949748,1.6078791469194313,0.7115282156945781
T000581,0.33426948305937126,0.4695189396124609,0.7672553673680118,0.22886120196063148
T000582,0.2898000101580048,0.27981014279204214,0.6701058689563907,0.2693852825632636
T000583,2.1734282329305064,2.1734282329305064,2.136733053496472,2.1277019304836116
T000584,1.8505289324734777,1.9677684354772484,2.0051950378431638,1.9077721149486093
T000585,0.4866506105386584,0.506080178105681,0.586565752128666,0.34852656397824033
T000586,0.2992124104561102,0.31527592059287124,0.43555330463408465,0.3001889817833629
T000587,1.281418608823281,0.8888703400558741,1.4490106544901067,0.843006058552131
T000588,0.26578295778679717,0.32765929898593676,0.4667889160554197,0.23300775612414254
T000589,0.7626716657290924,0.704982746923895,0.7089905014358294,0.6722899948399879
T000590,0.45085128299377425,0.42328036002733743,0.610427756198149,0.5491173219687646
T000591,0.7592006545233274,0.6594778342503081,0.43597186557999335,0.9444801813525734
T000592,0.8272764572447016,0.7565252554982912,0.9631033329617656,0.6571399661931502
T000593,0.4462811179803009,0.27529671055621047,0.4957694341618191,0.3637825064656597
T000594,0.35332705324931124,0.6857214077043798,0.4180064308681672,0.3719555790873114
T000595,0.9539655803584234,0.9058029965676355,0.6001173413795994,1.138727533578493
T000596,0.6321998205103984,0.8969384446758847,0.4400733905347795,1.1169209623612122
T000597,0.6491531007024532,0.6223234524395248,0.3507991375474862,0.5242314437416579
T000598,0.8522613695262057,0.5369856716029503,0.8472601371595979,0.5003112268730442
T000599,1.1036327656189377,1.0234263705908575,1.0281425891181988,1.1064600159034943
T000600,0.8638854005987251,0.9366142585909157,0.9448722650042781,1.0415392396444505
T000601,0.8171485923595165,0.8621341615949302,0.9467856739351486,0.8455654286944977
T000602,4.930293804518278,3.7922037560748665,3.6917147887757493,3.9506746538209367
T000603,0.240533319290796,0.34890936445737913,0.639706503356631,0.30488081011809526
T000604,1.3671617434847103,1.2374526652597393,0.9380670552926808,1.1627479157627778
T000605,1.3189918806928698,0.7844206747060635,0.6321760316735191,0.8295224048747525
T000606,0.42673357264280004,0.20886412147196998,0.4033001474926253,0.20698468593721195
T000607,1.6313035811094634,1.9987083466988032,1.7100110145637009,1.5744106523196877
T000608,1.7926731774648226,1.8835872355877217,1.5599766055392046,2.161807073412207
T000609,0.8322156521392141,0.690134103495221,0.8198280006409913,0.46063690487120074
T000610,0.7892245512642725,0.8666014762066631,1.2147813727949168,0.9153400896664159
T000611,0.9258713609147634,0.8091285212711116,1.5452306947079482,0.9309604450598938
T000612,0.7411087764339653,0.6772211042834552,0.7965255960081316,0.6772239852846054
T000613,1.3071810473704875,1.2025600833088297,1.9137860443352637,1.4518745379077838
T000614,0.6800802411124683,0.5992391444005437,0.8539574222692105,0.5977293197204335
T000615,1.7312105172267822,1.3693310724021734,1.1857917388631154,0.9316226668611314
T000616,0.7526998761313719,0.9469995933135977,1.335552671669582,0.8171451325167156
T000617,0.8354147076137846,0.7813577615921443,2.308061036989694,1.301026990012333
T000618,0.31072151362092654,0.29511678104085876,0.8008658008658008,0.26229533993205867
T000619,0.42332612824006316,0.3447814364136789,0.7550189783692323,0.4224272555391686
T000620,0.8076475058999311,0.7642237425813935,0.8197611292073832,0.6939981698730998
T000621,0.47180633139689315,0.3950473785353618,0.7601707277540656,0.46506935815008915
T000622,0.6472375069353207,0.5798103491558144,0.6231778425655977,0.6255083890420008
T000623,0.6337145205759244,0.6326231630111108,0.7585825027685493,0.4813049924730066
T000624,0.9531481156409758,1.0779262557258154,1.2403433476394852,1.2817020792817866
T000625,0.9151323823869659,1.0811866035031095,0.9748504956172688,1.0978391704682764
T000626,0.6389562300115074,0.655006456156826,0.4366709707712173,0.38197395619350866
T000627,0.6306342647671528,0.9761808814535304,1.256476683937824,1.094571422065831
T000628,0.7651031355971155,0.7826668828676735,0.8327312138728324,0.9225045794007406
T000629,0.679999994463383,0.6962762600681077,0.7590818724019519,0.8412385682354736
T000630,0.499277438251107,0.45235027609147416,0.7917505892436255,0.5173705191537659
T000631,0.8241673350767171,0.6361408285369798,1.1086023985239852,0.6451146068314932
T000632,0.32657520455108885,0.3821524697103798,0.5864276334986869,0.46818714941444245
T000633,0.848994051478597,0.9947978892290285,1.0139048714998082,0.8430308489987892
T000634,0.6936387204508145,0.9894507907957898,2.2902226686757072,0.7561161633294651
T000635,0.6773780359680606,0.7269718628388402,1.3466320428076801,0.8180689982749547
T000636,1.1946871453973695,0.9020410587495676,0.9746646795827123,0.8026272873434839
T000637,0.6979452919392027,0.7440444495605978,1.5563773686092242,0.9835683721479395
T000638,1.0090182853809757,1.0051708083887265,1.0287630463144162,0.7855058016842359
T000639,0.646778257669249,0.6728815518201329,0.882203196347032,0.5974429078820633
T000640,0.7078359710753903,0.6531808849333143,0.9805213203003258,0.8875222870404803
T000641,0.2552383739644041,0.33862036897978365,0.3892857142857143,0.2942567407517206
T000642,0.7958209508103128,0.9672532528668714,1.4767741935483871,1.186540747857863
T000643,0.6131721018849923,0.7324622497000794,1.2678929657671647,0.3381044751562702
T000644,0.8805669249605216,0.8254530834181717,0.9588759536963957,0.7356107788567667
T000645,0.377753663818511,0.42906919548610367,1.4231040665293355,0.2561289320387156
T000646,0.7064000112836748,0.3191267960331376,0.28101304215953893,0.40702760862443604
T000647,0.9356625482946509,0.8783263600490303,0.9209970426700465,0.8646740411506743
T000648,0.8631482084918467,0.8073479983091044,0.6087012987012987,0.9752392810639882
T000649,0.8126531703103803,0.9328805928257713,1.772379241129241,1.897860024299899
T000650,0.9838365568554335,0.8935028308870872,1.173166926677067,1.0387839283102576
T000651,0.9545721978922127,1.5643253009938378,1.4842911482616805,1.4361321554750466
T000652,1.4547859401789631,0.9759886508903983,0.9414915533580549,1.3349920338136403
T000653,0.9566166378367894,0.7154956112083496,0.6301384159518036,0.8219666422627293
T000654,0.9304558343998233,0.6532088004483497,0.719683913548568,0.8979751372446001
T000655,0.6205473213034784,0.6217257218088932,0.6641408658647793,0.9791939901184378
T000656,0.22912803409004312,0.7096547877771472,0.5549615969610966,0.14300929424967096
T000657,0.23598213141120808,0.3324860843154082,0.3749772532300414,0.21959003110620773
T000658,0.31792631172919084,0.33295984524808103,0.3848338065809255,0.38070532418221253
T000659,0.1014053252646608,0.09703237747000176,0.20957572505456293,0.09610033644201338
T000660,0.5642573488783398,0.7195110681399056,0.4769122008414373,0.5833223310928771
T000661,0.42464933974160385,0.5872125637499147,0.7175230566534914,0.4113505125988142
T000662,0.4845836572566987,0.7350082249140122,0.5974278450725288,0.5366716232288395
T000663,0.5399985773890436,0.6183061794007116,0.6249047401310776,0.5367207072926192
T000664,0.6582391713138367,0.6495145268879364,0.6819716407832546,0.5519220016036462
T000665,0.7618508690303938,0.6606177241250761,1.388199762700895,0.7351811301706934
T000666,0.5809585552026972,0.6246043920976183,1.1418552144881589,0.8093684511156747
T000667,0.5330369326787384,0.4311058605168543,0.3475026567481403,0.6083236386241365
T000668,0.6816569365492597,0.6933259311736073,0.634428158767519,0.6704785375655291
T000669,0.6589800602014062,0.6006844060467624,0.5681701428131101,0.543116443414158
T000670,0.9796616746925281,1.0259774001386102,1.3541832036831243,1.142324255958287
T000671,1.135267821508415,1.1440205020546168,0.9877786423765277,0.906685110512885
T000672,0.3419706997859231,0.8044587750271288,0.5237583411706749,0.8950486807374939
T000673,0.7088399537668483,0.9501862024698327,0.8662980292074295,0.7661764885066638
T000674,0.9196429821534934,0.9019912944817129,0.5176613885505481,0.6550783381150401
T000675,0.29112521495349003,0.26136627480419744,0.5761221656640444,0.315325599163196
T000676,0.2619915907857674,0.34209790425211567,0.37568698219998364,0.5990343798703962
T000677,0.7065776972935705,0.431224623149615,0.5491900434610826,0.49731064294930366
T000678,1.0349866477193883,0.9160145943724148,1.0781476121562952,0.9525796583868488
T000679,0.8243027533557749,1.0180418237445126,1.1163970821439897,1.2024696221852205
T000680,0.45980288691680266,0.45507706548984533,0.645272601794341,0.41571411385546064
T000681,3.7111390705438825,2.810683596315971,2.5704030922142467,1.999620914722529
T000682,0.5869849063340921,0.6112432631932164,0.927436668097896,0.8738827605061185
T000683,1.7302378795493842,1.087879131881744,0.7707967058388081,0.9029284946967243
T000684,0.551790814957923,0.5138829918535465,0.4432669120446757,0.3510412080702395
T000685,0.6706974548048376,1.1095766667362272,0.44290567023778415,0.8344544748864973
T000686,0.871953172044227,0.5119596408368269,1.3369583877291111,0.18185036376552527
T000687,0.8729399695024629,0.512448324706724,1.3374015559353984,0.18084691738910566
T000688,0.5276016757033903,0.36675151589441,0.30649251838701497,0.874539802197179
T000689,0.7540229414461671,0.6708502477666698,1.4718362626443615,0.5326637734969295
T000690,0.43127284525514037,0.5111206695165371,0.6580156178226918,0.36030132134244375
T000691,0.4708710518078964,0.9098046936007047,0.7361401673640168,0.6162590840870366
T000692,0.7253337079006941,0.7546124596621175,1.358621363015036,0.48843311681525825
T000693,0.6223521972652664,0.5064748069317068,0.5841878096213358,0.5650055590784454
T000694,0.48157948563150016,0.5128649742540066,0.600078763414394,0.9771828418103355
T000695,0.5494269496724777,0.8316722578149748,0.4695209502675891,0.6309241944793434
T000696,6.357008303426684,5.0506991561988315,1.7329200175054282,1.2024506708122726
T000697,0.6883621640006031,0.7814440183647665,0.4947643979057592,0.6755473351603404
T000698,0.9723138047098066,1.1767931504153852,1.1977217120523656,1.245944440681128
T000699,0.5414506664678439,0.7439906355464042,0.8787695761176886,0.3147659571395365
T000700,0.6373660602688868,0.5288633775825022,0.4251772370185859,0.6046235668725449
T000701,0.5938611212634505,0.762905170550406,0.5157594243704051,0.39258910235377076
T000702,0.4496771164662957,0.4196380509963159,0.9874112430622306,0.5473233721192754
T000703,0.8738074367942664,0.8445857246585584,1.0938388625592417,1.0550340408397512
T000704,0.8117492460697489,0.839191938554848,0.986102569359027,0.26268893121060116
T000705,0.5509941285479855,0.5353929138333083,0.8632901299494453,0.4774213307752066
T000706,0.5442265300423414,0.6709681289661626,0.7659259909830787,0.36181463012302206
T000707,0.7197446024476016,1.310378538828392,0.7081818835222605,1.2351638345231128
T000708,0.9260521762225106,0.7397539091534209,1.218433442716507,1.0226344205051094
T000709,1.0184117306645166,0.9052992678265641,1.56,0.9212962364783654
T000710,0.34203432811576195,0.44969086793431257,0.5091684983861067,0.3657879808727648
T000711,1.3384990484045138,1.2438149174452897,1.3489068915769615,1.1134843799129768
T000712,1.0024689679550551,1.1155720271989147,1.2181789581312434,0.8923697320977967
T000713,0.8391045484874148,1.1286293783592396,0.9840024147298523,0.9214826653523998
T000714,0.9464241390039025,1.0691972882344791,1.2299426831195321,0.9300102665809541
T000715,0.8751911114506133,1.0979643691997272,1.8424414202791637,0.9022096577369397
T000716,0.3457345726721059,0.3280375699440448,0.5160471622701839,0.4479998306042666
T000717,0.5302479797586774,0.5020594319561974,0.9405004914190671,0.6099083919846716
T000718,0.5319513884739189,0.9792201648435734,1.0076343352411274,1.3103463239748963
T000719,0.4467067370958246,0.5843878639983329,1.140669078866675,0.6061708152506171
T000720,0.5663754683226057,0.5374400604525088,0.7677330084756375,0.4571551026254485
T000721,0.8477892147794319,0.8972289788799396,2.1062618595825424,1.257338857922201
T000722,1.143832595887021,0.6436759380447653,1.1704063068526378,0.6239916947771377
T000723,0.7913101359806674,0.7926157192114341,1.0501029512697322,0.4710291373541523
T000724,1.0574562299289685,1.2151123908356312,1.4022918381052374,1.1411915047163341
T000725,0.45548428890776266,0.6271133747508263,0.6366384522370012,0.6704001224824013
T000726,0.30154838253505245,0.23468631627661865,0.2488633644412539,0.45685844120154345
T000727,0.3031660411410874,0.30502302190275665,0.463768115942029,0.29146785633410977
T000728,0.33434899000264734,0.4634721183662045,0.8117261085829188,0.31071448429562654
T000729,0.8310762620798892,0.6890155770731071,0.8400682787075081,0.8129772812643857
T000730,0.884836938860648,0.8156042135805084,1.0123492698297278,0.7850026873270516
T000731,2.099595770730891,2.4425411138639954,2.320685910962693,2.299064061080835
T000732,0.607655121655584,0.929793756273783,0.9547907184680632,0.5846372135385944
T000733,0.6067279400310476,0.5216833414036475,0.5400372439478585,0.586209885012948
T000734,5.663671157332913,5.410571772174253,4.914262621238498,5.196586512119964
T000735,0.616729117821739,0.4536118052171274,0.4709864603481625,0.43655741413050053
T000736,0.8540365297652258,0.8595512175194409,0.9195846281787543,0.8955951415456397
T000737,1.1988026803707568,1.2183923568109403,1.2623528001678004,1.14599825719113
T000738,1.4659467035483684,1.4659467035483684,1.6585208410180745,1.5513875211450456
T000739,1.2297546275718718,0.8931150208501174,1.165529191272676,0.8509157634640546
T000740,1.7232352077718078,1.4706964237099578,1.2310827804518452,1.9042892525530115
T000741,0.32413360478590236,0.35599419010530775,1.6535308454404458,0.8607188437213149
T000742,3.033362130003123,2.844084114190496,3.678792790030443,2.9869753417487517
T000743,1.6736134137814143,1.7395786518010314,2.6248728759836095,1.1301736676973155
T000744,0.6807928939628622,0.6052682740930712,0.5417417868589743,0.7063854046356983
T000745,0.4190041894396035,0.5927931224741579,0.7290751361685243,0.5101437542279664
T000746,0.6235748298951157,0.45853059844197785,0.4888624823426106,0.706328024707818
T000747,0.1910694370461979,0.1982976973639607,0.22628420013074985,0.24026020922314673
T000748,0.2081811880617751,0.18021843035619867,0.3637921198505212,0.29798265713761096
T000749,0.39297654613014543,0.635820530834943,0.3740679459099134,0.3318661875177315
T000750,0.9939541495533963,0.8932117870536147,0.9422963323596235,0.6578560427696973
T000751,0.3929849613110217,0.19296333502326732,0.40854292797169695,0.2735613966379019
T000752,1.1091191705352696,0.8243823283861473,0.4725036292399669,0.4695937434146855
T000753,0.42667553871444575,0.47157672708532955,0.47922040699340784,0.4239162367440527
T000754,0.6086725652390902,0.6083707850283483,0.5842532805665487,0.47881885569087174
T000755,0.33884587271827105,0.5051220268474685,0.5005324685723437,0.43432642893715223
T000756,0.7001537134517826,0.9232926222479936,0.6424148606811144,0.42913500900977164
T000757,0.6304556144892883,0.7907798667341213,0.710571923743501,0.4225047304890598
T000758,1.041613559046904,0.8324556092114574,1.088649575907748,0.7416991970341338
T000759,0.34850529403740177,0.7553345198155348,1.0744334057746041,0.874607612730664
T000760,1.6475087540154398,1.3927485031086755,1.0835947076213137,0.8821385687194688
T000761,0.7698501790595763,0.9076262129907187,0.6953296386098602,0.6388626801583607
T000762,0.7024176493182843,0.8267285871277846,0.7219536163522011,0.5543929410730518
T000763,0.8682205082430834,0.8913467239180459,0.7913165266106443,0.6373833407874868
T000764,0.6864148974119244,0.5206975970295643,0.5135386016533557,0.9588392999837991
T000765,1.1038769813535594,0.6470141474370237,0.45408519553072624,0.4909819363215782
T000766,0.622684417938324,0.5781652211026989,0.7966792236508067,0.6024076105709846
T000767,0.5348949922895889,0.5277551726816926,0.7931756779863889,0.626808460763034
T000768,0.7407321868365037,0.5828422179028061,0.4934210526315789,1.1236624615466617
T000769,0.5258451926884016,0.48077941475678226,0.6497305619707467,0.4812506014241724
T000770,1.6557494919343891,1.4152799078288196,1.2583544595528924,1.3584750725613621
T000771,0.4668530952350622,0.4850691053301371,0.25067329604309097,0.47754597363995127
T000772,0.26074612290371785,0.48091707504595654,0.4159508092955963,0.4113309684137354
T000773,1.0679682688979333,1.0663694531548988,1.140007457121551,0.6330169518433072
T000774,0.5411530978203405,1.3697697038901795,1.0018320753265872,0.8952817883305655
T000775,0.5616231483346737,0.5476924719220738,0.603517432891083,0.5194051797284789
T000776,0.33299422508029003,0.3174724827704117,0.43037123941021455,0.26436547382196923
T000777,0.7680872419806325,0.9887995398325283,1.1235527117611213,0.9543503151660574
T000778,0.8387480364265855,0.7364168729863376,0.5925432986483216,0.8232322147179618
T000779,0.4656362239856205,0.6842807359822618,0.7531315796487299,0.43604250890334745
T000780,0.08554970922464387,0.06013003685883363,0.6534403956924618,0.4026887751807851
T000781,0.9091746935105732,0.6181351104544912,1.4047858942065492,0.7893104124029177
T000782,1.0290901236237744,1.1824363179579986,2.125704432668854,1.649891891434572
T000783,0.9456466325118439,0.9686976643144048,1.137615449202351,1.0954577339486251
T000784,1.3303424729080673,1.3534436859363093,1.57841582279339,1.3771137345783693
T000785,1.0402377349329186,0.7948406848760252,0.7138609801107239,0.5733715998858375
T000786,0.46881689848006314,0.5604648878110555,0.7450522703694836,0.4394598709653184
T000787,0.928516428298127,0.9754168609391926,0.3440826821129873,1.4343255559015036
T000788,1.2391444543145826,1.4962290953339974,1.1408280901428016,0.9621740564970477
T000789,1.3015080611869034,1.814517457552902,1.215286252813712,1.1191487292531122
T000790,1.834480083035693,1.766631471544476,2.2108203291031634,1.774179063497771
T000791,1.667160258386053,1.6691982887582895,2.061283087939496,1.5212415479886696
T000792,0.24482674964992096,0.24482674964992096,0.3115622032288699,0.23911908745350588
T000793,1.7027676589733725,1.8328915463751885,1.6832498697061022,2.5104555864733102
T000794,0.35635624862943865,0.4048116966245398,0.29382893123985937,0.5463912262824816
T000795,0.7784235815168352,0.6836754304706479,0.888495444022489,0.6780902794204725
T000796,1.1070229588801717,0.9387735043829406,0.8542125758444774,1.0835552416135568
T000797,0.7257348746592128,0.7954361352061506,0.941311924321633,1.2357414080368394
T000798,1.315109448836751,1.555787724831114,1.2462872472932836,1.739011315147208
T000799,0.7675092001500022,0.5146542252929016,0.528470908230842,0.5025844880738344
T000800,0.7276104203019252,0.8684486680510047,1.2113095238095237,1.5429157166253953
T000801,0.7727368004645624,0.8207085569968627,0.7865913213338914,0.8963468904789312
T000802,1.7564303519318996,1.8180874552301085,1.1607142857142858,0.7363048735119048
T000803,1.0985849540296218,1.0323411316685354,0.8335337984123166,1.1971666649439199
T000804,1.0661863883841562,1.1769589693496136,1.0838963963963963,1.2988277126002956
T000805,2.8649094735788663,3.8798277926621894,2.243415077202543,2.332387094385076
T000806,0.8811563145650978,0.999307178871452,1.1350235849056602,1.0814778549866106
T000807,0.6495023478223781,0.6312192153343034,1.0762331838565022,0.6230530058856502
T000808,0.16124521010496912,0.2940947337232751,1.0202694861865302,0.0829135895181555
T000809,0.14563385491371977,0.493898980432988,1.0288637322458165,0.30288835766110606
T000810,0.49065244454115564,0.5706649581414205,0.8868191319316364,0.8229796455221012
T000811,1.0784099193432575,1.0986041293327018,0.8543303531111713,0.43593105896192696
T000812,0.2281844191184264,0.22631988840755296,1.770388420399372,0.34707835560250905
T000813,1.3922546144891363,1.6853840408074505,1.5193837535014005,1.2301293042607668
T000814,0.2162222386598884,0.6142502638314562,1.4506086998950938,0.4096410733148299
T000815,0.05132712836297034,0.05166449389277955,0.9414935288771896,0.587735732535411
T000816,0.05051298847937562,0.09811227024340423,0.10183805265772478,0.2520029718936289
T000817,0.15289666954218184,0.3006362561045357,0.9315100013488531,0.08460934695055064
T000818,0.45634856664801543,0.4356826521329703,1.167758744422603,0.35994505758028716
T000819,0.33560175640229123,0.4502998384489375,1.25701526629014,0.32393155687259095
T000820,0.5698583382856592,1.1106416169622184,1.5027651693014035,0.8697903037487934
T000821,0.33853783256996267,0.14820432344793327,0.798216633516502,0.4929707286065553
T000822,0.3114032564956071,0.27850314247809166,0.7657539820951053,0.2126377985208842
T000823,0.687004357100656,0.6058972406932891,1.2154831746959112,0.6017910570649376
T000824,0.33628135028448064,0.5591273111072035,1.0628033536965908,0.8031354591272685
T000825,0.703371368169364,1.0572752432295236,1.4785277218118051,0.5117315148084409
T000826,0.39554496163321035,0.3620472925183418,1.1058498990416064,0.24676779419462577
T000827,0.4593535898453934,0.30570692408986905,1.4989868287740629,0.9645504844224925
T000828,0.12235709479897859,0.11997414914200301,0.2853078982597055,0.3891252264919051
T000829,0.5560794554784921,0.6873619392441057,1.0848875585232942,1.0122384552908417
T000830,0.1331730247605248,0.3547802502602624,1.378221218206158,0.3061694205206241
T000831,0.2872189637697448,0.39801251599994425,1.6377440347071583,0.6467036249322126
T000832,0.10652176189823534,0.12835238506891264,0.7607616920977547,0.49059021276245196
T000833,0.33004746075894437,0.35156388814290196,1.4930870925421333,0.5151783574275911
T000834,0.24205256158038246,0.21079272084228007,1.3381255183854024,0.3803170952705972
T000835,0.2519593048932276,0.21155487616707397,1.3817586018569086,0.5459592615388335
T000836,0.4503378588720504,0.3009344645272347,1.027910979958195,0.3435977760839327
T000837,0.7527290891619733,0.796259925132898,1.4075774365468843,0.6858767115480384
T000838,0.9128756643441546,0.9408180571097754,1.296098533390289,1.3039020297704864
T000839,1.0299590253326143,1.1185474794593246,1.349534928652259,1.233002830093273
T000840,0.5417916397591775,0.7217143855913334,1.2230909829406986,0.5673886796758648
T000841,0.6453953668248771,0.2704031465093412,0.6309406751884629,0.17834504664198214
T000842,1.1754511248551505,0.7273542088292241,0.5330969267139479,0.7651036279797083
T000843,0.2346787240888889,0.24817537804793346,1.0920096852300243,0.515104363713176
T000844,0.46578148902475425,0.3087529257035213,0.5685607576363878,0.40381318543042216
T000845,0.7069711190690393,0.9978125336819548,1.570134504529234,0.5545687469976668
T000846,0.45915762880862765,0.287255051868071,1.5244310575635875,0.7874911102744311
T000847,0.474511731994413,0.41970702909987506,2.09676216054909,0.8679123569884301
T000848,1.1457235203063245,0.8296609741470772,2.9519097222222226,0.9914776251051162
T000849,1.8304978145652224,1.1276954823307292,4.029341206864736,1.9191579237381398
T000850,0.1426326729494362,0.7216491714641732,1.066085165667212,0.7205098266712475
T000851,1.0953032709281587,0.7899331309418187,0.6075738660008323,0.8826048331512693
T000852,1.243750875934224,1.3225529313092697,1.6496613598381564,1.3461263750957464
T000853,0.1664546770423184,0.051265184764475065,1.4541070834718988,0.668821368034049
T000854,0.48729691808291653,0.3771851714545413,0.21412456057505638,0.17912832970971718
T000855,1.9359873463221322,1.9561334377533877,2.332750779869959,1.817695551437944
T000856,0.2132441513017979,0.43695320778030927,1.1252126421344795,0.5370278636390344
T000857,0.45442670889807435,0.36786695022694765,0.9987945248094572,0.6666793882577967
T000858,0.189502897827841,0.26941007577969434,1.1372847011144884,0.8018958372910334
T000859,0.3863984383062907,0.36751707753124163,1.5523279769262464,0.5143975822533606
T000860,0.43108201563048937,0.30521225556969617,1.7758019525801951,0.5751587424816945
T000861,0.35135889260249925,0.7905099429021462,1.0341602677692459,1.286113104357403
T000862,0.3522764864923455,0.3485895558706311,0.44619982920580703,0.35932433717175494
T000863,0.15574196129489234,0.16069613821138212,0.3004319105691057,0.18448829133982256
T000864,0.47078069685336754,0.585557186085763,0.7424739066678168,0.6686501311180956
T000865,0.5605016619834429,0.5605016619834429,0.8528905903240125,0.6457220450857191
T000866,0.18108133827016434,0.17756760862959584,0.256950774840474,0.13850212271037488
T000867,0.2064978969743514,0.3907683915928869,1.0991876673128405,0.44732886312367304
T000868,0.6000676001590272,0.811405746190711,0.7375312921240131,0.6029691411515501
T000869,0.5774588173748904,0.5464178881043323,0.6174644430005054,0.5552239713062234
T000870,0.5469100372989858,0.5846945947055412,1.0919393319700068,0.4265690070882328
T000871,0.55605887312742,0.44826241201418204,1.2028323025903023,0.9257301767528234
T000872,0.5811258371609449,0.5712876500386289,0.641871979252623,0.5696384823108227
T000873,0.26445576930098896,0.2805019025655437,1.3830409356725146,0.4567549856085526
T000874,0.36732657049929485,0.39712886538165776,1.653658697227162,0.6986689954173665
T000875,0.7979071317542827,0.7514185307790772,0.8345232233710816,0.6581775729769305
T000876,0.33611101283001826,0.8426536113907751,1.4740064525590262,0.8085506610951477
T000877,0.9346368809747309,0.7806237520416008,1.208322563970018,0.7234104840424959
T000878,0.36675368453694235,0.36675368453694235,0.8513813688740802,0.47269999623999254
T000879,0.21227968795552268,0.4110972451760844,0.7040844957511625,0.3140947624183301
T000880,0.8552900060140364,0.8640494786479902,1.2368322749346283,0.9668443655347249
T000881,0.5256505955945878,0.7421548117154811,1.2918991166899116,0.7520994050732217
T000882,0.3216155876056474,0.7762989324958537,2.5934286430900424,1.0714463118416102
T000883,0.8438740568683084,0.7773952954675847,0.5751577739529548,0.7875633392946787
T000884,1.1358038726380455,1.1847308622220054,1.6143743784932965,1.2768534511972576
T000885,0.4154921676489118,0.42190187578951727,0.48662888955164535,0.6504264245249901
T000886,0.16237354561004186,0.08555624161358329,0.756258478234061,0.5140773911028641
T000887,0.45757440364367885,0.20377092155676546,0.33383746723129665,0.19063978924052227
T000888,2.296668136523729,2.3637423059610927,2.6120009857072453,2.4571957551377426
T000889,0.1579331883335262,0.25351384850472797,0.3623076261714384,0.5236820394446952
T000890,0.40961420536167037,0.42902494331065766,0.3791383219954649,0.13934395372732428
T000891,0.7442864309298157,1.1939729917684772,1.439369310793238,1.3531908449487973
T000892,0.17880127332023607,0.12994827949865476,0.5671564836298015,0.0978271085760935
T000893,0.3317579847898704,0.569095781716634,1.12532624906786,1.0071586819392013
T000894,0.5957278340758688,0.5999864656566362,0.8243847874720357,1.0997966314055507
T000895,0.1487391788076129,0.5230332221810547,0.9968198098061011,0.5141349642662791
T000896,0.47973739149261513,0.4420821446361455,0.43461033374088665,0.5364440384536465
T000897,0.3441722937137761,0.2370693582985136,1.5864958941245357,0.9453914400106808
T000898,0.22251321854142067,0.21834371375760545,1.6412930477875074,0.6545653064025847
T000899,0.3785552248647531,0.629326242010446,1.4454963989235818,0.8799285837739527
T000900,0.6129874407099142,0.7880182072596077,1.8445733950918006,1.1969554817385872
T000901,0.16443571230591286,0.1589206804529152,0.6761835402351007,0.2426104465430052
T000902,0.2971144424012623,0.812462255717303,1.4686242738682305,0.13561711063055676
T000903,0.9765752017282343,1.4787398862296552,2.0589584328294532,1.8025258239501891
T000904,0.24948396947870005,0.40323798738919475,1.4585867846277347,0.17629399931079182
T000905,0.3675117413689468,0.43391030851954215,1.8296532844891853,0.6056502195845289
T000906,0.19401313380848695,0.19453505382059533,0.6453062690246636,0.2025480601648724
T000907,0.3323497768134504,0.39729995303635707,1.5498122629462328,0.8344206192627629
T000908,0.5472380887048448,0.6826200527945789,1.693315784737221,1.1475907745251475
T000909,0.5283905176590908,0.9345205182889266,1.6791057071306181,0.5880715937958226
T000910,0.3120699845688102,0.32259135003053385,1.1898864303896612,0.4630301617010557
T000911,0.16531102162442968,0.18887234498090094,0.7929079653808779,0.20316223362717975
T000912,0.11476771767147503,0.0805442251373358,0.14584557949898058,0.9258179594896515
T000913,0.1890509355968384,0.2992146260776621,0.4275347776729686,0.31472667013060385
T000914,0.20268185129766564,0.20199072265835163,0.5002934851087689,0.22579594655354515
T000915,0.19159436108286462,0.21046418496519467,1.2848625782859942,0.27954905634434873
T000916,0.6064364143330143,0.7080654731728856,1.2704372524394603,0.621021380221941
T000917,0.13274138411216513,0.08448030533901349,1.165875979784567,0.20090096105272665
T000918,0.08155611635283894,0.12993173185278054,1.0470794277841533,0.21847377259710496
T000919,0.34099089770977076,0.2629252473537333,0.94822366414273,0.07891370777395955
T000920,0.23141068405381557,0.36684259378858136,1.1050926746429643,0.10796620419383282
T000921,0.16344889767942733,0.20063780635780545,0.6489145686607842,0.4878429329566747
T000922,0.4409369487133901,0.5888771838773125,0.13937749500998003,0.29174403040233016
T000923,0.5790391853672952,0.384124494021318,1.0821887130486714,0.3335008787960907
T000924,0.37761413162822555,0.37761413162822555,0.9015037593984963,0.29368301735784774
T000925,0.3663271326798096,0.6096897002412549,1.420609707728189,0.6249468598780804
T000926,0.6735067152285906,0.645843559819925,1.850369544649799,0.8422300225494571
T000927,1.2288769112998676,1.182664175685539,1.35790429521691,1.1624207128678523
T000928,0.40616628872516836,0.34958366654431733,0.390662315531273,0.7656149353391659
T000929,0.3086385281687633,0.4448197386427552,0.9604952749317643,0.4575712883659982
T000930,1.0539726358130088,0.7081726490256414,1.5251423921887715,0.728210472394562
T000931,0.9338498481617517,1.0680543180923596,2.480692590443026,1.5137297369736247
T000932,1.3592010326425088,1.7362234021805574,3.0057555792049806,1.7154436839344007
T000933,0.781068136887385,1.0044949516525024,1.3727746723660104,1.4725599041514004
T000934,0.8190476807256598,1.6435143795253637,2.0642390916706064,0.9835106120984972
T000935,0.32992439687928427,0.3298493304087307,0.4995790921242032,1.1733382027163417
T000936,0.3149938947929282,0.23455934593585984,0.6302247685849234,0.34538807808840427
T000937,0.7076762799566788,0.84636144895926,1.4994654024315373,1.4688528911284802
T000938,2.1404966970321713,2.052995410940211,2.082540500541769,1.6030562233038335
T000939,0.6434425678332016,0.5201647939959253,0.3723393326758711,1.0270060778134438
T000940,0.3118490081592973,0.27386535490095065,0.40985530938054326,0.3476441721818734
T000941,0.5301096948740651,0.3780459386265801,0.7037251737770324,0.46635491813339974
T000942,0.8662147592021645,0.49868067338293937,0.7570017011597421,0.6677472835324572
T000943,0.3772635046645248,0.36014808276573584,0.44203632156360406,0.2594544412472323
T000944,0.3785552248647531,0.629326242010446,1.4454963989235818,0.8799285837739527
T000945,0.6129874407099142,0.7880182072596077,1.8445733950918006,1.1969554817385872
T000946,1.3050553576213761,1.3003762993940866,1.2177654265458673,1.5193736402294304
T000947,0.3008195036557156,0.27154657152716155,0.332379781622794,0.2773143877753207
T000948,0.2473784084619259,0.3729817867252181,0.9787435017030021,0.4521326970803557
T000949,0.9366925793545533,0.9539141517156821,1.4940934311795238,0.7323089885467007
T000950,1.0049044782117142,0.8244777418547711,2.4968158269062632,1.3493380609107684
T000951,1.397127699069502,1.9887101053642944,2.863108723070294,1.9930587785627751
T000952,0.7551348776727121,0.8062283845022122,1.3023253838115223,0.9635195811507863
T000953,0.955817516558456,0.955817516558456,2.0025082436172976,1.2651844924453068
T000954,0.25361788969158167,0.4760133085706211,0.5140681193145759,0.6680249431457584
T000955,0.16443571230591286,0.1589206804529152,0.6761835402351007,0.2426104465430052
T000956,0.6269963850633518,1.0873231008206632,1.4941523833132662,1.1846571258848249
T000957,1.5310452328847532,1.5017474999861944,1.5887749449421047,1.6392354900912676
T000958,0.4388085258044092,0.3036612712713877,0.3499755261869799,0.4482808535552993
T000959,0.39059185838242116,0.2999484238152343,0.41371199683282683,0.2286239035746047
T000960,0.4773184212338531,0.30105099363510085,0.7663689309221711,0.27576280106248
T000961,0.9032951668566783,0.9357750711880788,0.7593565312485459,0.7041948643843459
T000962,0.6129071523516894,0.42681791524099333,0.45135354122950994,0.46720600274131924
T000963,0.7434391584989164,0.31698489802829766,2.8622700762673845,1.1910263221017492
T000964,0.3265734827382261,0.33654500768762086,0.6540468533232441,0.3017687740414929
T000965,0.8673142254571878,1.046339722752741,2.2388168972838427,1.306175846041174
T000966,0.9731253351247164,0.9743703950040226,2.0468658616300273,1.3537576910134343
T000967,0.44111976733693875,0.8745235310405254,1.5564311468053171,0.829394538428051
T000968,0.5135243849277249,0.5251899007768888,0.9726920305732396,0.5005725276386812
T000969,0.44200996681460775,0.9319061630825367,1.7652718041587168,0.6790820210389853
T000970,0.584301017717672,0.5792736719845153,1.2516041470240489,0.946716690868445
T000971,0.9135063891552575,1.3501330080077971,1.7467936856475539,1.4548751588612658
T000972,0.7960446469045992,0.4135667770037133,0.9384485052596566,0.7784161070648051
T000973,0.05315549496304218,0.2933513950189398,0.14696983241760145,0.21202929120271224
T000974,0.2938673572492324,0.3372124187619065,0.41980732141359794,0.25621129593110575
T000975,0.37290484128799994,0.32705995600324156,0.5281293851141977,0.24316448795686557
T000976,0.11476771767147503,0.0805442251373358,0.14584557949898058,0.9258179594896515
T000977,0.1890509355968384,0.2992146260776621,0.4275347776729686,0.31472667013060385
T000978,0.9074657014204063,0.4958669548613784,0.8354096105682511,0.47647555969256494
T000979,0.07655824017342769,0.06559986230458772,0.27303525856479155,0.1642189497361488
T000980,0.2846819793109483,0.3023119525285921,0.43215067180238337,0.14090624802211613
T000981,0.34026419426711907,0.20902381205969825,0.5837339195742036,0.16091788927784223
T000982,0.4564366555987036,0.3532243258554162,0.4529821797576079,0.32319442624921246
T000983,0.5161275395582537,0.32556240617451926,1.0409812450045544,3.1575870351185666
T000984,0.17943727588852643,0.2878129144295132,1.1205791949042698,0.24865220415324224
T000985,0.704164575176905,0.8218923697154169,0.8572295019535383,0.2537971913149534
T000986,0.446096783526793,0.2884860058812505,0.67015824072874,0.19772819996143634
T000987,0.3910380264699102,0.40581729558396273,0.30849203627923105,0.37015479814793817
T000988,0.24881156719615086,0.3994200965344413,0.45731246162926337,0.10812119675550393
T000989,0.3168594195845864,0.3168594195845864,0.6503058813044065,0.3319343028260165
T000990,0.20268185129766564,0.20199072265835163,0.5002934851087689,0.22579594655354515
T000991,0.4086902741633015,0.22994016050626964,0.4985267322029616,0.26121652078224866
T000992,0.6818699712145425,0.5701141392965292,0.7558816678313534,0.6441197009729893
T000993,0.2766759622545614,0.3794369573912985,0.7810262529832935,0.5016742181284806
T000994,0.25443093681093915,0.20337440654968833,0.1559162236391963,0.26008912508515897
T000995,0.48927478943386726,0.22336702460578478,0.6114374118645705,0.30727940130853304
T000996,0.6221734136834486,0.6476474946130837,0.6590778356154049,1.0489250005543835
T000997,0.6017282639935693,0.654936732473297,1.2295866474675443,0.31511441731413703
T000998,0.28077620296549255,0.26298609516958177,0.2748454481628044,0.21443507583155416
T000999,0.30241093685815534,0.20180970819759572,0.7210525909008348,0.2839327230930054
T001000,0.4376904987895963,0.2681426868449406,0.6629849528957205,0.25386578179736835
T001001,0.38189055037240055,0.518741971717971,1.737570807598829,1.8118065938859886
T001002,0.6360215423630798,0.7257759689180178,0.5686365831780864,0.33441854034868135
T001003,0.2093642626915365,0.16493008391286157,0.25487678867770924,0.39471759352804614
T001004,0.6530396694121621,0.9182592075599144,1.3190217460948013,0.9680982888292037
T001005,0.17624629916621787,0.13140018202455886,0.29569345509499256,0.7022672863623687
T001006,1.1355648854086273,0.9457981576232057,0.8521544129424956,1.2091906216212158
T001007,0.103563749456416,0.10475388474068166,0.29319521626497413,0.1434518668031799
T001008,0.23315467159026232,0.2683631705587968,1.17828067795847,0.1767328239272735
T001009,0.4920017641718656,0.6636856114676535,1.3239068596504782,0.5536312958944309
T001010,0.6015771179429381,0.6115113306655964,1.542373024219641,0.8233446414772098
T001011,0.30351955026407434,0.26594105626907416,0.6171148500645124,0.2930555932053712
T001012,0.5286661684959231,0.6768230964916018,1.3169897941293092,0.7200547157074367
T001013,0.8898375393452927,0.8734497558074116,1.5019728230407972,1.2866865024475618
T001014,0.8585370640564873,0.7425598575197854,0.4583190220445888,0.6610985932226778
T001015,1.1865028597158631,1.0623360624591858,0.8371175393234218,0.6986027631079476
T001016,0.5695958637262911,0.5361686372271948,0.5669428748956331,0.4651748788479228
T001017,0.45541067805302504,0.45492501187729356,1.0077713364196244,0.5463761812173589
T001018,1.051461475413965,0.9064786338949684,2.4335782123394485,1.3142809227023744
T001019,1.5520944487530712,1.976379438239257,2.472749157438614,2.1574650923181475
T001020,0.7771676032067774,0.7631456617154224,0.8180701498345984,1.057169500899446
T001021,0.7579602061156654,0.8031591694157332,1.0414413555693238,0.8042700649485016
T001022,0.20867925617047026,0.20615919156026846,0.6462243361306294,0.2227947899551992
T001023,0.5479345246809466,0.3366710336924754,0.392300031540963,0.35786202189132144
T001024,0.16519106450467338,0.1801436239472862,0.6809514778636542,0.5412841760395483
T001025,0.5544976681973648,0.5544976681973648,2.1580016844244216,0.5339165266461016
T001026,0.2950359372949622,0.30919629047333363,0.680309338827602,0.29680793477186734
T001027,0.8090625873047689,1.0245242260129963,1.4737261346560728,1.1267954552173793
T001028,1.024710165131015,0.9960970784318773,2.0663201598301804,1.3383922587621746
T001029,0.6240952392985495,0.7789703918916385,1.3293602317545636,1.1465646597619725
T001030,0.5700387547162158,0.6712100171063795,0.9089138810532411,0.6782810644643551
T001031,0.29843702945300554,0.767974850587711,1.2668849171238128,0.8597710282656461
T001032,0.552761965599201,0.5761145984475466,0.762973212873053,1.020534818989037
T001033,0.8768910453305206,0.89178610516945,1.1282841757294313,0.7744964992466561
T001034,0.6024695089932331,0.6048425318333726,0.7151909825729079,0.6708552676420569
T001035,1.962836695231264,1.4716590164590853,1.0747593682833378,1.2456819228738594
T001036,0.4240738295382877,0.5034676071231735,0.5775845280953287,0.8706814610467947
T001037,0.646009566486154,0.5424063365982644,1.533009434054302,0.42514124100008777
T001038,0.40609949299412607,0.5887992343539094,0.5871209383237197,0.5260505937483435
T001039,0.5604864512644491,0.40198786710545664,0.8237945916784682,0.46300291421159573
T001040,1.4117335531010657,1.2340053339970993,0.5550855021241656,1.0454595927436987
T001041,0.5427925079520638,0.5325105828092205,1.143095552481556,0.4737447205203879
T001042,0.22280722519081816,0.23355456204135644,0.8824683221529166,0.2340958056428004
T001043,0.49321944812195784,0.5329731211870395,0.6172314147731771,0.7873537008582349
T001044,1.4439720764362562,1.4656046619852332,0.921040750696311,1.5752371192482704
T001045,1.2030536498157103,1.326617255293572,0.4888211969042025,0.2822669382457392
T001046,0.2726940289086254,0.3089923648536494,0.629288770485186,0.4146415234343465
T001047,0.918036258548726,0.9516382619245247,1.0762004157542695,1.1818751132993075
T001048,1.3634325630122373,1.4851823387957395,1.376594774065492,2.6791689308353126
T001049,0.9669780334104456,0.5685312075839812,1.0660496897907847,0.6259332428788663
T001050,0.6192380494385401,0.350995165111142,0.6371546122889454,0.5123834864632982
T001051,0.9893953562978343,0.7890794270293335,1.575380014951408,1.1770308245435408
T001052,1.1022349115687842,0.926421651633472,1.276615752878149,0.8925934288946437
T001053,1.824704733653252,1.3414936112763456,1.907863818424566,1.423168190834307
T001054,1.0191815646009537,0.7296625093390433,1.0696455792682926,0.9500472324650462
T001055,2.771518205821253,2.400306529717032,2.5500914351912614,1.3329517734975043
T001056,0.895091409185675,0.8714469430956122,0.9172430546797069,0.7697935570580763
T001057,1.1701183593548397,0.992674454761052,2.3165517843120145,1.8577935498647586
T001058,1.854169336692096,1.9301687900323292,1.9826338639652676,0.796819317565123
T001059,2.0267243674855475,2.7430570454110073,4.731629058696334,1.8825385325480417
T001060,3.882015875942247,4.506683294855863,5.662882608615915,3.77855362223073
T001061,0.28165312598922804,0.4437669603678563,2.4030808729139923,0.5955300640845635
T001062,0.5914604532624569,0.3394895795375574,1.8662175168431185,0.8001734596817854
T001063,1.2734574788848776,1.2734574788848776,2.5265363128491622,1.4872728810230447
T001064,0.3420803274622955,0.3197607747248573,2.5659574468085102,1.1944065408909572
T001065,0.4061378257605617,0.42811749575083324,1.1083934088568486,0.6213651584424884
T001066,0.4504649430342753,0.6292881290548674,0.888888888888889,0.5086573621961805
T001067,0.3705527595897911,0.5588553069418407,1.002820874471086,0.8312571348289844
T001068,0.3874663981922077,0.3874663981922077,1.0422794117647058,0.3921401798023897
T001069,0.8164764554988656,0.7286167850683186,0.6996466431095406,0.891091472504417
T001070,1.3850138100811342,1.7884664524794327,1.712871287128713,2.0015324296101484
T001071,0.19612683300931652,0.2934715900622234,1.1626481405803024,0.3886177988991622
T001072,0.24462261087825457,0.400662635231909,0.4524043701321141,0.38418919898355886
T001073,0.8977916211671787,1.1693317353436952,1.3701923076923077,0.83487548828125
T001074,2.083437736896244,2.256053261989714,2.1840659340659343,1.024179446042239
T001075,3.775836466584793,3.7568920209992713,3.7833594976452116,3.1591836734693874
T001076,3.716577530404669,3.6932079270837,3.6083916083916083,3.0049140898164333
T001077,0.7978896072046944,0.6190255895701943,0.7503774909083176,0.5809174773638374
T001078,0.2874511773345752,0.26167106131892937,0.5028287004297449,0.2837641238465906
T001079,1.2974867712874443,0.6208263643930882,2.0203735144312396,0.7580807645373515
T001080,1.2961415939006629,1.0537068736332333,1.4713216957605986,1.7498119934538654
T001081,1.1492581363680656,0.8888029443228638,2.036697247706422,1.045294760607798
T001082,1.4390031276102964,1.2466551910362818,1.2037037037037037,0.7216471354166667
T001083,2.867808302712152,2.6228206783707635,2.9545973077800594,0.7078481342449996
T001084,0.6601912290837294,0.22471129902861017,0.3605357026575308,1.0285565695295598
T001085,0.22686232784473942,0.16797814990293702,1.4654637150423864,0.5091295235421391
T001086,0.5094365876068074,0.4657612929686465,0.28744599135861737,0.771778416187215
T001087,1.1876200655671822,1.1638751912515122,1.3612333173130244,1.0736030957417557
T001088,0.2680298772868248,0.21583541099943007,1.1389321901792675,0.37181399338708104
T001089,1.7392389295000565,1.7360885503478218,1.8361091575776547,1.8391293225950536
T001090,0.7335090269298583,1.1847951940300556,1.1283065512978987,0.19657618877472188
T001091,2.138625067533274,2.447164256190234,1.6772351900227522,2.1968230159660194
T001092,2.132387881991166,2.198373599383269,1.0295385491834406,2.059796483336498
T001093,0.5512211567329837,0.5923088661577204,1.001105305466238,0.33763211854401126
T001094,0.605418486845112,0.5591526447377915,1.3978219558544072,1.0264392912448836
T001095,0.3981564808035037,0.5128174461327139,1.9830889703432186,0.9036049506935189
T001096,1.0825811935481495,1.0539386866872287,0.6341161928306551,0.5640189107887825
T001097,0.831013969476437,0.4494795299227393,0.8651840683502952,0.6039314769443397
T001098,0.7668842614239435,0.7193110942275855,0.9535160905840286,0.906401431205304
T001099,0.9927362460005318,1.4514884279172309,1.6582138919514886,0.9260499069735392
T001100,0.9290403277152903,0.989367277954338,1.2071778140293639,0.6355980449632953
T001101,0.48040891271282266,1.241065350845287,0.9494505494505495,0.881961881868132
T001102,0.3499917627810643,0.7184054310495426,1.5960502692998204,0.8571186847789498
T001103,0.6702403172436808,0.5662043323652245,1.6858805445761968,0.6087428623445734
T001104,0.8095554270331031,0.9931146898492892,0.6900897851569459,0.7104985653052295
T001105,0.485138085817738,0.46770685962081066,0.4363143631436314,0.40356883310044034
T001106,0.43134820986853617,0.2762284217706134,1.1983471074380163,0.4776252582644628
T001107,0.509469550682893,0.49498118218942444,0.5138504155124654,0.3417052242036011
T001108,1.0146992373646628,1.0426096780772318,0.9154929577464789,0.5575250330105633
T001109,0.8110297694021045,0.6099307521492477,0.4790286975717439,0.5621594319122516
T001110,1.353057948228692,1.192944340265816,0.9396368780947889,1.0830010196224358
T001111,0.4926927945702576,0.557909036894047,0.8645363654185454,0.3884120837213292
T001112,0.6075712303198209,0.7014988093570528,1.7963300182098332,0.4103584842064715
T001113,0.2665269984239362,0.2342029608675178,1.150724247724113,0.17559931218888739
T001114,1.099967032122248,1.2015541766260671,1.6122004357298474,0.8809000828340596
T001115,0.33591039933908773,0.6455577025837635,1.3038410990155458,0.14039078192030188
T001116,2.9924794534381,3.262339230559072,3.8340548340548337,3.5716395258387448
T001117,1.3496216052242018,1.4828749990308452,0.6416382252559727,1.3383030254550625
T001118,0.5092081981638407,1.3193856728600588,2.426506282891204,0.8305179609467296
T001119,0.7878938932030334,1.9288465588491532,1.2184132292827945,0.7870844483419848
T001120,0.46543094850733807,0.46543094850733807,0.9059108120904198,0.2232782098571656
T001121,0.36432512635761843,0.24001744697785146,0.1288658870793494,0.3893049046207103
T001122,0.5857612880417388,0.5043900487938943,0.460563372711735,1.2476002316817876
T001123,1.3183716349855519,0.9964925282718188,0.6177178944771017,1.5011726993173167
T001124,0.2553985782456168,0.5510364892951033,0.2768313415393971,0.2414191402571112
T001125,0.28580276826336193,0.5314789455205686,0.9063095383728406,0.34458902549953174
T001126,0.9584660413591831,1.2145967939316127,2.2106349208823994,0.9613836293217807
T001127,0.9266262324196749,0.65632132394616,2.2946900136447272,0.9856020310009967
T001128,0.8014598680100801,0.9827653015674064,2.27571255195249,0.5021048400187543
T001129,0.9584863002203651,1.2146504314225137,2.2106349208823994,0.9612009092453152
T001130,1.2902612930782738,1.5019943202752681,1.2924128616144632,0.946173734433444
T001131,0.2978150475261217,0.3720278802705502,0.8352115939586712,0.3897480023869927
T001132,0.756755784240052,1.1917495920379089,1.465775887561813,0.9573543261782391
T001133,0.9790407983636513,1.1754974231612885,1.458744477939424,0.901219768957118
T001134,0.6192607979346801,1.2061479639186998,0.4254006843147847,0.5832061850013506
T001135,1.069072851168367,1.911107223368573,2.057406065868735,1.2823400844337565
T001136,1.4406984172611725,2.1134446293081153,2.5839579981040304,1.4702955067590484
T001137,0.5356361261192574,0.7669751265772385,0.8300508962159769,0.47444701076934426
T001138,0.6284497941943717,0.5470159622765071,0.7316750344357252,0.6565144330981055
T001139,0.601720798819631,0.4565172540835774,0.7066775458223755,0.6154886859725278
T001140,0.21870596068475848,0.2718041406678623,1.322553936230659,0.35630188338350494
T001141,0.47897941364114843,0.30683243665226423,0.878831791121721,0.16290128701754225
T001142,0.28400047832803765,0.4658201255969799,0.7935669971386999,0.1821767705482015
T001143,0.6870338003021264,0.582527232737717,0.5914969861417392,0.7987050133243939
T001144,0.18793561636737338,0.24155675563773815,0.39837862743082164,0.15756579652920205
T001145,0.7750411284164712,0.8707595499459774,1.0795761917956432,0.6892579903168665
T001146,0.666232632351028,1.756804835601182,0.6784258850100651,1.2206289849810663
T001147,1.3971294954326392,1.2599704344646276,1.7365667541919168,1.2178132970897986
T001148,0.4172220383334578,1.028290923718997,1.7901674910112324,0.13662870376980502
T001149,0.3157887249476067,0.29447284728149503,1.8144951160730338,0.9631560849687412
T001150,0.13637087158944444,0.13637370380331237,0.2900939196241428,0.0864596688810215
T001151,0.6289600888469373,0.5825870016559304,0.346203887953467,0.9766751633600036
T001152,0.2169414118267512,0.2659796561787739,0.7022688947342002,0.3960697554483099
T001153,0.766106897267738,0.7276909418433708,0.8003340290308447,0.7124576649910782
T001154,0.5650446235826022,0.27958589669566253,0.4561235831474843,0.2950759999026431
T001155,0.7296276554855401,0.828677860761167,2.63657485562513,1.3953399982071963
T001156,0.7559514116968501,1.0109545566935885,1.7184786034036943,0.7133389446896445
T001157,0.7362098722283226,0.7437124082183614,0.7606141373316588,0.7740782818917225
T001158,0.5481201232061769,0.5688563087974635,0.5364428102457777,0.4060605500492183
T001159,0.5542518919599156,0.40802147597154415,0.46224130401164565,0.7744217277828321
T001160,0.24769003115697275,0.292815645290032,1.0237945059884133,0.3122048943578828
T001161,0.4071693737625751,0.43272507873678245,0.10052704191209696,0.3005001896776872
T001162,0.2017214418548501,0.19018032090023113,0.7015673204674939,0.3833135947797735
T001163,0.5596825400220024,0.537643899499517,0.4621127292783491,0.7413627333457171
T001164,0.1472744946223751,0.3539231303240849,1.0214194011634539,0.1590567364698781
T001165,0.5867297110278631,0.34509757504100025,0.10045036268241041,0.30035158791273336
T001166,1.0742663448898295,1.0080266192899074,1.3831942789034566,1.3613226108055971
T001167,0.5246427301773522,0.7062398673515989,0.7221777878971276,0.7486971802543873
T001168,0.09171039612866473,0.04529908125510151,1.2456224901733937,0.4275810474032405
T001169,0.1119873455069771,0.07361758027338346,1.2824893547099212,0.07808160531174817
T001170,1.0742663168978686,1.0080266691660726,1.3831942789034564,1.3613212831913222
T001171,0.90793308597159,1.3206278443047113,0.9900121788484288,1.4550715896726214
T001172,0.7373661158181493,0.7912558337964455,0.849761999206664,0.9521727087194132
T001173,0.9388079593309268,0.9268174869136853,0.9473727136873563,0.8213995017769049
T001174,0.5616871828537399,0.544385627790573,1.447777746001786,1.1138310848219395
T001175,0.44833882566761313,0.373455633042624,0.43160146238504443,1.575505224878066
T001176,0.8511298027812599,0.70604722885665,0.6076547727965843,0.7364756964299328
T001177,0.8842640945266542,0.8968691423154519,1.1181293230659943,0.9529190320770523
T001178,0.9143938308911354,0.9232856488785504,0.743212690528739,0.4012670125357186
T001179,0.6156995170012814,0.5586867099042491,2.081317411842752,0.27530549174633845
T001180,0.15396918466062662,0.6524617478867285,0.30056004665379665,0.1488999596280329
T001181,1.5398207873678713,1.4878977134422162,3.2290646824619804,1.0718031717810046
T001182,0.18733479440195178,0.18399683703991201,0.6085781830462681,0.3043222372614826
T001183,0.2621038485307046,0.08418331214821921,0.7762314461543715,0.13261318902757152
T001184,0.3440525266858445,0.05135413924135081,1.4426381330700404,0.27374652279977785
T001185,0.2790285883731779,0.49486993989751915,0.7562553673198532,0.2124879473554361
T001186,0.6091737800263326,0.2805647146771097,2.082102835296407,0.6953469317003838
T001187,0.059311775363464284,0.045782748016071885,0.3002109742828582,0.18234507182996157
T001188,0.4400922553244192,0.17921385806873663,0.13460172475026963,0.5225284351477343
T001189,0.27958382978075413,0.19754255896723674,0.2187720218236273,0.19380436126947884
T001190,0.26251277044064,0.08631711801337943,1.901994318511218,0.17584462408826235
T001191,1.4907466365030684,0.9936454971717551,3.2548352630775605,3.198654332180393
T001192,0.40013317364167583,0.0851297432473047,1.452739576511679,0.3362760984763897
T001193,0.4020392264760082,0.3589761149401629,0.7559492469595627,0.04880738757537107
T001194,1.2139930389226194,1.2391918240153872,1.5620993569600652,1.0257547817826982
T001195,1.2122886791741243,1.2427969748810141,1.4323461238064046,1.408063385847075
T001196,2.2012478734761443,2.0172171991362076,2.285960185600958,0.9931212894717764
T001197,1.0377418583490428,1.0650599361156106,1.8564765688621279,0.65742419211582
T001198,1.3122695413737322,1.1623110990969607,1.5143695104488126,0.9871424692483032
T001199,0.6553791422241318,0.6402260996892133,1.4707365589891574,0.6880084319316813
T001200,1.6085205045161748,1.6069799185609857,2.2471115302994575,1.1615951167499925
T001201,1.575403915065956,1.5392918162447256,1.7920141273422938,1.9010475029202027
T001202,0.9759152102087455,0.9929620357977296,0.9790815764360057,0.8213469261426525
T001203,1.9985554860766623,2.0975172614682425,1.9663669930968053,1.3762712946620437
T001204,0.43352248820100353,0.3855685057069512,0.9050850470317396,0.4402742264825511
T001205,0.4594834049713509,0.4594834049713509,0.8707335083688874,0.5626207148659713
T001206,0.45332856821717604,0.5919272358602099,0.6553515953086895,0.6498394225470379
T001207,0.9756868204398169,0.7707985321521432,1.669667677533485,1.321908614838518
T001208,0.9939225837942819,0.7872941742291634,0.9622908433733581,1.4006582739413604
T001209,0.5583294692208337,0.5606528191982487,1.2978409141947858,0.5535499472058605
T001210,0.705832896460744,0.6872016632945142,1.0391544475592789,0.47957289126401825
T001211,0.49570894913416214,0.48982737095879547,1.213450014343428,0.5983378951939957
T001212,0.6571274379388139,0.7057452721580654,1.682516097474066,0.8782981856202388
T001213,0.38541463271102844,0.3269173923547178,0.9923424873363039,0.2638265389339332
T001214,0.35579920417572786,0.3394820803872561,0.7246085334573563,0.30683142945017117
T001215,0.4120417530170962,0.5590251551060985,0.7688677084560316,0.4040890818475435
T001216,0.3786773935947848,0.35797899826094637,0.24523555385261003,0.26884226347050133
T001217,0.5165151527977719,0.5828396439752997,1.8556309443124521,0.8059724862587233
T001218,0.6723778473433701,0.5821192909505895,1.4599334786740457,0.826642995458602
T001219,0.9374628451515096,0.5564206771482731,2.1780035667540556,0.6426057696724762
T001220,0.30653489106007625,0.30256545731486256,1.6437758267706646,0.4008141691360082
T001221,0.6275117013067405,0.6275117013067405,1.5822739359662445,0.6205514370113926
T001222,0.2766199912960379,0.28172191683253534,1.2215120965631314,0.4035791042424712
T001223,0.6159592125751816,0.5476968359951214,1.6488848176700053,0.4735979332336902
T001224,0.47470057239688646,0.4410957358943149,1.1041637414583918,0.3130051483322839
T001225,0.4497877900894276,0.42829545651384693,0.8037548508349407,0.4444477043413275
T001226,1.1602398023026406,0.9855418646650932,2.1708846766009278,1.4182158785680006
T001227,0.3240994059807852,0.29549373901075693,1.5320120003819035,0.24666089140040556
T001228,0.9429005631596087,1.0763413161037263,1.9001687368838973,0.9587000093071891
T001229,0.9253220492201858,1.1153645285123113,1.4414965877883499,1.0342170011224499
T001230,0.4302994940969373,0.6486469560190566,2.7051408855616113,0.42192909487054286
T001231,0.6111027059454185,0.5698644635971909,2.403896121266337,0.4934658008472573
T001232,1.032569034235822,0.8278882055575324,1.728428836092246,0.8862616481853541
T001233,0.6952408678249148,0.6779216805050626,1.3294589888877026,0.6839795181812335
T001234,1.0085685160255722,1.3734115812529537,2.51361301369863,1.1037813021167775
T001235,0.8260752254184649,1.2089077764557203,3.6191846194480513,2.351162039517034
T001236,1.3068089259558184,1.5632286393979284,3.2862494308539256,2.083284884311821
T001237,0.6627929072021469,0.7133225047485325,1.6006598196503874,0.5144247139007622
T001238,0.790866909110389,0.4478721909711109,1.0971149519208792,0.24426357315416616
T001239,0.38925656831215494,0.38925656831215494,0.9572082450158204,0.3786021485634965
T001240,1.046134413656261,1.0408538337598405,2.1284779580863535,0.8607265788851708
T001241,0.41097286961329244,0.3381214196884847,0.6119380620792794,0.7865171296244757
T001242,1.0466274268441398,0.6479210286021694,1.4498187234317386,0.9850494807809284
T001243,1.2978025471072574,1.3007069630367951,1.1369750999437078,1.17516519668373
T001244,0.7255061874970888,0.5256040688055889,1.5904507269323613,0.5734574846921499
T001245,1.3219196691038748,0.9552376146268442,1.700422510172777,0.45016815917392694
T001246,0.938599259530621,0.95642593667193,1.960993949624846,0.6156194932607915
T001247,0.7821868200924539,0.5759728149326616,3.6593549646092502,1.9403539631751003
T001248,3.6935166698378117,2.4333457491874944,1.5532108848418174,1.9024198311737976
T001249,1.0306572422296745,1.8717564057761888,0.9762983947119923,1.3126497418887215
T001250,1.0143160566074025,1.2846662414563348,1.1795692594500455,0.8923313792980536
T001251,0.5111110382721503,0.1253312919526422,0.6033433290068477,0.3424516691600487
T001252,0.9427583436126191,0.6514333455713202,0.966035791910125,0.6265444838869807
T001253,0.5940575018093359,0.5630387579286052,1.3778745893443796,0.3946600401951507
T001254,0.18963893856717517,0.18705644455078865,0.6766765836122475,0.17729176835409693
T001255,0.34359226278290783,0.2512447209903735,0.34473632621054695,0.3235211711704813
T001256,0.52855671460054,0.5139840380135169,0.9429162918367817,0.42526827536715306
T001257,0.6104765985407825,0.6104765985407825,0.8109400769653656,0.702808167476979
T001258,0.6184534442928079,0.6948670885878454,0.5136192478849821,0.38438298002805765
T001259,2.1275511747068636,6.3362747393033905,1.4139372769612293,1.618875112498218
T001260,1.5720319350482523,1.5720319350482523,1.1987616539787178,1.1915231540169506
T001261,0.43997781506469436,0.4185048439886773,1.8783830271203814,0.6077280778965031
T001262,0.17238429269303934,0.2992435584099119,0.6072734148493635,0.22867502577740922
T001263,4.201806468508127,3.9359589265927815,4.925289832367226,4.6482239486691945
T001264,0.3072567163439588,0.5235768048476575,1.3634129092351743,0.3614747929837082
T001265,0.37018458313758795,0.33633125789667706,0.9130177879487879,0.3431644089787873
T001266,1.1102485448505541,1.5309554761358868,2.0140621456112497,0.8378346094281584
T001267,0.3702564982621133,0.33643320746605593,0.9526092987659038,0.33668430400180654
T001268,0.47217216991789135,0.46547882466571333,1.1043001289866152,0.27581214981307145
T001269,0.16985392559431023,0.7533407126979473,0.8687393815834182,0.2379442286472491
T001270,1.5476426158155168,1.5476426158155168,2.1066335350043213,1.656805442341876
T001271,0.23003961478226612,0.5565372208010767,0.8790753304014818,0.1327117852990517
T001272,0.510557372993445,0.7199679050966307,0.6835505275939323,0.4015203406179455
T001273,0.10776698983988876,0.14312643292067076,0.22808976636833153,0.15970003544119443
T001274,0.712731162890522,0.9431465566409254,0.679215930304916,0.5623349759272583
T001275,0.49238670293870995,0.4603095319828,0.5974995279901824,0.5482621539992877
T001276,0.39890880494817116,0.44192842431470736,0.5293234271261461,0.2601029226088042
T001277,0.44194426331538933,0.6338065224148597,0.49727308141799764,0.396385539418582
T001278,0.13253199809615082,0.43513567959335164,0.33636363636363636,0.3039171919389205
T001279,0.18913874436436962,0.15800683693224543,0.21022727272727273,0.3711886874112216
T001280,0.393028781081831,0.2697362544029823,0.27199680875313426,0.24451400377713983
T001281,0.07869174298557058,0.11963643967434791,0.23581151228515404,0.14226435261870604
T001282,0.4319247865918134,0.6275436830615234,0.12189430336307482,0.16542541462015273
T001283,0.901357807614533,0.43708077108174787,1.4592941507311585,0.8264790246403525
T001284,0.3881989261589618,0.1699506378949223,1.6294538794538795,0.47347219837454213
T001285,0.7705942196230888,0.577787990998483,0.7460806573683642,0.18820052178360497
T001286,1.059934659096234,0.9491637455699651,0.7485977564102564,0.9420574090419671
T001287,0.08891846246937009,0.04310487714395872,0.9150693877905269,0.11260638515349845
T001288,0.07165532073770964,0.141680644715262,0.07282827399177674,0.2373513435401813
T001289,0.17010982836273483,0.2968005644396128,0.6454833164022818,0.45748440872982926
T001290,0.11813735075983847,0.06947628034367573,0.8427049868574753,0.26307011096276905
T001291,0.38102773523055083,0.35198779552379095,0.375247911533145,0.3918140318984201
T001292,0.17177660351539897,0.17794815679335618,1.13318518646618,0.2716827622590458
T001293,0.05851234666548755,0.05363977121248345,0.5598136502625051,0.28960398145427074
T001294,0.4570318440519171,0.9003994373486746,1.0823299983042225,0.6949829701874365
T001295,0.14038931855866957,0.17421931311244362,0.7448501872659176,0.2370285434222846
T001296,0.08995644107640327,0.21719408198078738,0.8263017327485125,0.3554304754676575
T001297,0.09306944012495809,0.08070401547460235,0.9227465248475404,0.2835836733308584
T001298,0.5444564141309112,0.4654222676587451,0.2878091603053435,0.6524981885138358
T001299,0.06556218479096583,0.042416981549962554,0.9240437375745519,0.23567462930748806
T001300,0.11813537330092733,0.1309283915942705,0.21233999788426955,0.15395662773226754
T001301,0.08567369194356406,0.08848267518800286,0.4351851851851852,0.17832426848234953
T001302,0.7009273623373113,0.6430836094792268,0.7797196768154498,0.6377838372315006
T001303,0.4870196628889785,0.5196376672404291,0.29923559088824336,0.3195635432989986
T001304,0.34446626615045084,0.46297866167679624,0.24946400361092305,0.26835198080639244
T001305,0.4857672838069123,0.7511077228911778,0.5163349199480745,0.4181946989263306
T001306,0.3276815420663592,0.26676202910358704,0.26552580734198183,0.31931213665298097
T001307,0.22361996076728974,0.25334941886010326,0.1608196212356411,0.2369308779603093
T001308,1.0141192336480325,0.6757231646995511,0.484624145785877,1.0776988568954062
T001309,1.057464478332484,1.0197954150023354,1.1683507758931795,1.2231736149094414
T001310,0.36827789254145743,0.6020371818070958,0.6779170684667309,0.8881245832893864
T001311,0.1519444414976425,0.1632135132528398,0.16149738112354933,0.32192695729722964
T001312,0.39138556653459633,0.3966683943797599,0.7326564366443076,0.31441323875252686
T001313,0.05795904625961893,0.04897741679170701,0.806448216316388,0.3938488737140947
T001314,0.19719150836042126,0.19594747424248543,1.1898520852300052,0.292172038268216
T001315,0.5117250849350742,0.6109627595275289,1.2016616314199398,0.5121213838052894
T001316,0.21823671523074425,0.20592652211576673,0.8592420726991492,0.18746261419663574
T001317,0.4113287275188073,0.3281033564575727,0.8784371196502645,0.22190754965763348
T001318,0.5401743467632649,0.6928065463375086,1.1353898195876289,0.45879271989016185
T001319,0.22675462908673993,0.3019024859295395,1.1380191786981562,0.2011791669294996
T001320,0.434517425684186,0.39119814854201496,0.3801668260546151,0.5972881971770061
T001321,0.1846514530559359,0.1621412056182072,1.170288118182262,0.22997232515599683
T001322,0.4057014186622946,0.7653546397224408,0.6815531781698997,0.8111650988398685
T001323,0.9022949844046193,1.180116719924018,1.2301572389604858,0.9367087596570437
T001324,0.3182343458105999,0.5776590990236475,1.3532266008143665,0.5979055474163864
T001325,0.47727419786883263,0.7443967235668244,1.6481093991791698,0.6558148012261993
T001326,0.18373135665660537,0.20197709503513478,0.977241182521453,0.6210490394495639
T001327,0.25964240658823146,0.36457017517823065,1.4528350376021224,0.3566164851171158
T001328,0.2433818378130513,0.5264420086568243,1.1376963671596743,0.2776718314373199
T001329,0.6482027400470717,0.7129174423694438,1.4454742585338551,1.071183967270128
T001330,0.44096500004245814,0.673838409296336,1.486800079189626,0.30286171849866517
T001331,0.28319559349100093,0.17533102076833773,0.7933888209538084,0.17929915837115648
T001332,0.4177070566695929,0.21897238650111958,0.6879194630872483,0.2433965695784396
T001333,0.3917081526884636,0.4126681031411359,0.3760299860749023,0.29629238332475283
T001334,0.6406982822132127,1.6219820499293864,1.0517731812138638,0.35572945671717265
T001335,2.5673390833433585,3.684242573149092,1.027373175051052,0.49286413860628925
T001336,0.7665108531892528,1.1009517800098494,0.9086358825254727,0.38149902798301066
T001337,2.1105202115095043,1.0478925906873762,1.0153715777864278,1.1379154977963037
T001338,0.18679243166372198,0.18679243166372198,1.0311402199919377,0.17973776811844594
T001339,1.3085738372927087,1.238984817075899,0.7363032962087974,0.7795102680235051
T001340,1.1959312622578795,1.0239017221369184,0.7586746302616609,0.6777914522450939
T001341,0.777143061827328,0.8896452009788249,2.621422991310303,0.787396572830385
T001342,2.423954969339073,3.1855841628683748,1.7604352126607319,2.1446393770091494
T001343,2.4544705462743224,3.7717559169317845,2.083537882506955,2.0244672040024305
T001344,0.5815039278659716,0.28610189585199713,0.6235411047600196,1.110618355389458
T001345,0.8177735432521602,0.41247358037461734,0.4936428692123862,0.6202855173586577
T001346,2.212567524828207,2.3435178159343613,4.431965442764579,1.0156528837068035
T001347,0.12245354080198313,0.13666132941935197,0.0979885249182734,0.11824397787544198
T001348,0.10894476709926425,0.10164289826558888,0.08612948161371904,0.08465066749006386
T001349,0.41900867289989224,0.42126710986275606,0.40939417896908054,0.3180901471035639
T001350,1.1658731155581104,1.2723324755420387,1.1825275323940942,0.4172505750349506
T001351,0.22755519749138303,0.41429719059516307,1.3075695063545691,0.18769250629755607
T001352,0.6077833045457983,0.917741112450752,0.7846666666666666,0.7493551432291666
T001353,0.21346012761167416,0.6037498766864031,1.5314587859163016,0.1887804148563351
T001354,0.5515020783049124,0.6137606846758346,0.39135315204403087,0.173318008382518
T001355,0.18093274360569342,0.44196121330246185,1.2638424603415794,0.4285618187665875
T001356,1.4362229412521548,1.0895472718378307,0.6856781536515966,0.6397866444040469
T001357,0.611591109352791,0.5946099454321393,0.5897435897435898,0.6645759778145032
T001358,0.5597870511361056,0.5660377358490566,0.43773584905660373,0.43130936762971694
T001359,0.5667644155489141,0.5667644155489141,0.6086956521739131,0.45971137515677263
T001360,0.41127300277579326,0.41127300277579326,0.302158273381295,0.3345408516936451
T001361,0.758488909056495,0.5616731058501858,0.636015325670498,0.450355435075431
T001362,0.6463219667400032,0.7554820031722222,0.5608732157850546,0.5405201773719563
T001363,0.6077105764433073,0.6077105764433073,0.5714285714285714,0.5776117328265766
T001364,0.5455534317630234,0.5181711606096132,0.8956623681125441,0.6179455323124267
T001365,0.7898244637487495,0.7898244637487495,0.44682478959449123,0.6594958337318286
T001366,0.11809393007609613,0.11809393007609613,1.266296928327645,0.29155016069119294
T001367,0.1661402465858954,0.12468396128582483,2.4142707788813382,1.1478804305655383
T001368,0.344174401836619,0.3634930749951699,0.1549597395922563,0.18796690796588575
T001369,0.3799937240262735,0.3412250914166085,0.13704649974450692,0.3670948887407384
T001370,1.1637879264449071,0.9047710778903751,0.7022292993630572,1.0167102595043789
T001371,0.11786515950368523,0.30921487688769694,0.6458955090629899,0.24561511645035786
T001372,0.12598050938755698,0.377702158060189,0.5974770592727136,0.12780099053897256
T001373,0.21546288626778823,0.15264733984293072,0.313486052527324,0.1352438614998558
T001374,0.09524569819694144,0.13679082398516262,1.0528505441660334,0.1529931812098099
T001375,0.22184117021580713,0.22062186692179356,1.2303422756706754,0.36773925931814677
T001376,0.6459188816342014,1.5570163748645818,1.434982151963284,0.6020790672010454
T001377,0.9194374505228754,1.8546728085718027,0.9943578721117678,0.9747329758376433
T001378,0.44240405111330355,1.6959983744692602,0.7994878062976544,0.4519874106934986
T001379,0.8982516985072979,0.9377255376975778,1.1130434782608696,0.8967861965013587
T001380,0.6905140359898415,0.7872242136130988,0.7428571428571428,0.7952827845982142
T001381,0.4877526327708351,0.4848546737672264,0.5631469979296065,0.571044254658385
T001382,0.7552914904991769,0.5784544713091071,0.9255319148936171,0.672593697081221
T001383,0.8208911347552741,0.8137556160668613,1.0642201834862384,0.7312405703483371
T001384,1.4541625531232638,0.8852777113653767,1.409252669039146,1.670565259397242
T001385,0.6496983420758453,0.7188476817174073,0.8538812785388128,0.6814350842340896
T001386,0.8192267145494575,0.7421904279659887,1.4014598540145986,0.6800103002395073
T001387,0.7000614669309884,0.7538776905825624,1.2743801652892561,0.7696203108858471
T001388,1.1938922833870584,0.994238214825831,1.434782608695652,0.9556671290006038
T001389,0.7920991535441978,0.7691460226907554,1.0240880935994494,0.589189921915326
T001390,0.6670720758468086,0.5846198553579434,0.8009592326139088,0.6118168160783873
T001391,0.703849633077906,0.6559136809375938,0.7982062780269058,0.7612202871006166
T001392,0.7671479132580902,0.7981033355531988,0.9250645994832041,1.02569132171552
T001393,0.6283230831251896,0.5521406993678025,1.0157927984838915,0.5898497802580148
T001394,0.6323912816683577,0.6779137545884656,0.7349319507453014,0.9655888535801807
T001395,0.47712978999382305,0.47371863893496724,0.48166089965397924,0.6354788704314446
T001396,0.8828365707741236,0.8787356549370736,1.0093936806148591,0.9837919396482708
T001397,0.9899984513152073,0.8829853683891669,1.096774193548387,0.9170619250882057
T001398,0.4630568290945168,0.4877626628976755,0.6074380165289256,0.6342733083677686
T001399,0.361816924311294,0.4663655944707087,0.7699673127678036,0.27263163385087175
T001400,0.6375783442796268,0.6751272663337199,1.0677813861019148,0.43683493624311426
T001401,0.3647362620176336,0.5583841667092724,0.2632387418813915,0.5021646778458525
T001402,0.13655402322726048,0.0639916851946412,1.1647869364787267,0.06127548635116683
T001403,0.08009146754057697,0.28970304492907273,0.5453615479043664,0.1348045099898881
T001404,1.031841281469382,0.9042885547827114,1.8891428147158182,0.9266474259890556
T001405,1.7470195100179204,0.6732024018174565,2.2134955850893956,0.6131069596061104
T001406,0.14025783445083273,0.134455712487284,0.5126914819979335,0.10698541594465127
T001407,0.2679806872449667,0.41583885007147847,0.9064392360077038,0.5179202100430497
T001408,0.20102490399744743,0.20102490399744743,0.43336500568312336,0.1783602464450723
T001409,0.6276879071996188,0.18367716944403528,2.215688404176703,0.1315880179641063
T001410,0.10902918314564734,0.10902918314564734,0.2097507150133049,0.383650177471083
T001411,0.3922210865095831,0.4783859834355336,0.6503142557176095,0.3368914668609595
T001412,0.35928086966358547,0.3989556495679653,1.5624634146341467,0.20659213676260665
T001413,0.761901792176863,0.744952969852485,1.1891611275050422,0.2917084182219294
T001414,0.08460726846150118,0.03420744568831136,0.3863137701642246,0.0950726880060292
T001415,0.17981988751615385,0.14135514542001257,0.6772916893235289,0.24550781583589626
T001416,0.25486697851229917,0.315025027531462,0.6107968253030439,0.05457822966283488
T001417,0.36298023733179896,0.24931899442787384,1.0236888016573982,0.4377862427963278
T001418,0.41898024759341673,0.44662729983709937,1.0085117458236537,0.25550020704065113
T001419,0.23442882184447128,0.18496249732450046,0.4013318552792238,0.3971275359266777
T001420,0.3347157923079325,0.5549688563930261,0.9285743346103421,0.629567593559367
T001421,0.25921152012450394,0.28575463051772254,0.8767044727923776,0.12067891888919599
T001422,0.13534200483205508,0.4010187852346363,0.26394014825046724,0.17173585289395055
T001423,0.20436622603088347,0.19725731863883472,0.2950109892077475,0.1642161543618243
T001424,0.2766468161592045,0.25029754479220967,0.4985112833124527,0.21280601674850888
T001425,0.3881202575389809,0.4657614927992771,0.961885013970926,0.4925459964211165
T001426,0.9900853613788997,0.9881884194446287,1.1410122039335266,0.5941623763375973
T001427,0.10001084289766861,0.13839303656567314,0.7119744435284421,0.18734736130802893
