unique_id,ds,y,MetaARIMA,AutoARIMA,SeasonalNaive,Chronos2
T000000,1979-12-31,915206.0,855112.6357598004,917449.8458979881,675046.0,1120834.1
T000000,1980-01-31,1282970.0,1829393.3302837925,1624284.7080106963,2196870.0,1392858.5
T000000,1980-02-29,1267910.0,1240246.284178858,1119655.862549666,1330660.0,1299296.2
T000000,1980-03-31,1206720.0,920566.2644319907,945417.560228575,894202.0,1306339.5
T000000,1980-04-30,1406860.0,1693096.7187301363,1382986.493258842,1972540.0,1530508.2
T000000,1980-05-31,688207.0,1466808.8873942622,1461899.9625597652,1656590.0,1353991.1
T000000,1980-06-30,516501.0,1125843.8070356043,1163879.9393683805,1179180.0,1223364.4
T000000,1980-07-31,1378010.0,1669016.6586571084,1419171.6573734605,1939450.0,1470319.9
T000000,1980-08-31,840271.0,733555.2560280291,843414.6131825006,630177.0,1137032.5
T000000,1980-09-30,437741.0,935852.4022725231,1014526.1563163825,913313.0,1126828.2
T000000,1980-10-31,556951.0,1439342.5099768532,1365816.728813433,1617990.0,1269054.8
T000000,1980-11-30,700000.0,727762.8754242833,879510.5242266089,622073.0,1065831.2
T000001,1985-02-28,277.88,260.0133798396952,268.31727626928233,131.1,281.9189
T000001,1985-03-31,306.03,257.4458391924286,283.3764939323747,125.26,267.36536
T000001,1985-04-30,308.76,254.83908501151785,282.792263623733,121.02,253.71867
T000001,1985-05-31,273.65,252.54177589674924,281.9009345094662,119.56,229.46118
T000001,1985-06-30,264.44,254.5119322205754,279.72580982296626,119.31,211.74751
T000001,1985-07-31,252.76,268.0100502377004,272.8268352654254,137.35,201.75711
T000001,1985-08-31,260.59,277.9589987994485,267.1815715063326,152.05,192.10333
T000001,1985-09-30,258.14,285.03890156686253,262.83651089618434,161.14,185.9165
T000001,1985-10-31,263.29,280.9888758645856,263.1055995524962,151.96,181.29236
T000001,1985-11-30,253.5,300.75189705704526,253.08996291874703,186.11,184.40509
T000001,1985-12-31,256.08,302.366873346352,250.78803342465918,188.91,186.7662
T000001,1986-01-31,249.28,344.0317559468367,231.9184116259571,256.66,187.47617
T000002,1986-07-31,1018.0,932.9341109882942,929.7944067699948,915.0,906.20105
T000002,1986-08-31,945.0,877.7578331612843,866.7520841007578,762.0,883.6313
T000002,1986-09-30,952.0,910.052533396675,896.3765783631716,775.0,895.1194
T000002,1986-10-31,916.0,837.1236840244353,818.7420602023368,742.0,842.3517
T000002,1986-11-30,317.0,494.3708022890445,469.78960347474595,362.0,498.68005
T000002,1986-12-31,817.0,855.9002340837769,831.9151106030673,832.0,865.29785
T000002,1987-01-31,825.0,908.117316309602,876.0115055550629,754.0,940.3952
T000002,1987-02-28,624.0,932.8529568498009,902.6198201422153,886.0,934.66406
T000002,1987-03-31,533.0,919.7302754755995,887.6408235271325,833.0,919.2984
T000002,1987-04-30,611.0,879.4460345938419,844.441239040056,859.0,895.8519
T000002,1987-05-31,698.0,963.2831841599956,930.5216095660419,1006.0,912.49756
T000002,1987-06-30,695.0,987.879919088192,950.0525097061361,938.0,937.27026
T000003,1981-08-31,6296.0,6140.77805656251,6684.254624902684,7366.0,5782.8486
T000003,1981-09-30,6500.0,6473.841282345609,6820.513234539301,7421.0,6200.2944
T000003,1981-10-31,4957.0,5806.052791249051,6032.086466201579,6561.0,5839.729
T000003,1981-11-30,5058.0,6055.707349167364,6455.128739672543,6921.0,5724.2217
T000003,1981-12-31,4674.0,5853.185321264111,6239.656877107233,6650.0,5935.6216
T000003,1982-01-31,4370.0,7733.17225050353,8217.56650357218,8579.0,7257.6387
T000003,1982-02-28,4010.0,7367.566344401892,7883.646492771422,8202.0,6924.7544
T000003,1982-03-31,3633.0,6755.856470207297,7301.591690957244,7582.0,6447.157
T000003,1982-04-30,4680.0,6164.545722906835,6633.014124252251,6880.0,6456.5796
T000003,1982-05-31,4963.0,6240.339095020723,6623.452870148077,6841.0,6898.3
T000003,1982-06-30,5355.0,6173.906059116343,6426.382752400202,6618.0,6907.365
T000003,1982-07-31,5060.0,5184.555549542248,5550.221999560672,5719.0,6329.9272
T000004,1986-06-30,40.75,47.63702689257705,47.40330989254861,45.47,46.545044
T000004,1986-07-31,41.53,46.09588415015734,46.768956934969374,45.87,47.08721
T000004,1986-08-31,38.07,49.32404936322322,47.74616449117339,46.64,48.746685
T000004,1986-09-30,41.42,47.83072319127473,46.30516329865393,47.98,47.612957
T000004,1986-10-31,35.34,42.1930630993525,44.31120672058041,43.58,44.108753
T000004,1986-11-30,42.9,50.75632373509551,48.90274736257594,43.71,48.89784
T000004,1986-12-31,37.79,50.64800671772455,49.53145004773491,52.44,48.302742
T000004,1987-01-31,42.23,48.7513356684409,48.27956017985364,48.63,47.543816
T000004,1987-02-28,44.52,48.33284868867109,47.69365456630859,45.67,46.768627
T000004,1987-03-31,43.13,50.15472219537516,48.9982458286323,49.56,48.845123
T000004,1987-04-30,43.29,48.14739904404908,46.943084330004076,44.56,47.61783
T000004,1987-05-31,42.65,47.50705297950807,46.95228301514533,46.32,47.581024
T000005,1979-12-31,1800.0,882.0336300705553,1146.8076264088397,1077.0,874.1688
T000005,1980-01-31,2799.0,1798.2504226657743,1965.6146893564508,2011.0,2013.1959
T000005,1980-02-29,4701.0,4204.80470936071,4592.592859119275,4504.0,4711.9795
T000005,1980-03-31,6427.0,5008.274161249307,5977.851679282792,6417.0,5509.625
T000005,1980-04-30,6134.0,4030.860957391318,5013.762808029654,5253.0,4818.2754
T000005,1980-05-31,5686.0,3815.8172178911627,3862.0138349178346,3564.0,4214.37
T000005,1980-06-30,5056.0,3717.6334437481205,3689.698507114002,3464.0,3684.5947
T000005,1980-07-31,4157.0,2827.6247538439384,2738.826316396466,2557.0,2744.8562
T000005,1980-08-31,2880.0,1943.2866230419095,1890.8349152520102,1927.0,1803.676
T000005,1980-09-30,1754.0,1219.4435781822929,1037.8661886351185,984.0,1029.7777
T000005,1980-10-31,972.0,840.0298002435546,681.0170337131125,699.0,728.4612
T000005,1980-11-30,909.0,762.7631102011901,634.7327739567995,708.0,699.32434
T000006,1979-12-31,120652.0,110761.1780035706,108277.01885335517,98618.0,113643.016
T000006,1980-01-31,143008.0,137027.78334619934,136738.86397664083,115199.0,135005.6
T000006,1980-02-29,193415.0,206068.67264160787,197610.37590069132,166369.0,194136.03
T000006,1980-03-31,222637.0,188029.7479255019,188397.71651020448,175057.0,182528.45
T000006,1980-04-30,187172.0,186028.00075159158,185596.88448385685,173856.0,175729.56
T000006,1980-05-31,183758.0,165020.08636357766,158156.88618289214,133181.0,155247.14
T000006,1980-06-30,162622.0,149452.84824843612,148493.9168917651,139844.0,138446.03
T000006,1980-07-31,110771.0,101280.86980357938,103938.44623158734,99098.0,97179.38
T000006,1980-08-31,170540.0,125378.71762083397,127065.69276490802,123147.0,115859.125
T000006,1980-09-30,191787.0,143202.90423736023,143780.07380181312,136589.0,128357.24
T000006,1980-10-31,144563.0,113654.10607308935,114624.0267477512,109528.0,107091.1
T000006,1980-11-30,124708.0,82633.71019614855,84643.98660454382,88284.0,79181.3
T000007,1979-12-31,539.0,281.08912263857565,390.56798385986554,552.0,721.02905
T000007,1980-01-31,557.0,312.86301659485235,351.482678823777,463.0,774.3823
T000007,1980-02-29,656.0,728.6906254529382,446.3413966641716,679.0,891.0354
T000007,1980-03-31,744.0,609.1808960037687,443.7064322797162,673.0,888.3046
T000007,1980-04-30,618.0,665.8119553911836,455.12461127902293,699.0,881.44824
T000007,1980-05-31,673.0,626.4072794469937,467.8602724705574,728.0,921.3551
T000007,1980-06-30,872.0,767.696571347757,635.1805108834756,1109.0,957.50555
T000007,1980-07-31,522.0,346.4388524717751,403.74280578214245,582.0,885.6206
T000007,1980-08-31,585.0,382.46300813009884,410.33021674328097,597.0,875.7023
T000007,1980-09-30,649.0,567.8094316917388,463.9078258938742,719.0,896.6123
T000007,1980-10-31,669.0,535.428642005126,438.87566424154784,662.0,930.06177
T000007,1980-11-30,973.0,504.8902486601856,448.97636104862687,685.0,907.4519
T000008,1979-12-31,3805.0,3806.3717313996094,3761.2609462599503,4010.0,3840.5815
T000008,1980-01-31,4978.0,4848.599854874092,4859.367406637561,5150.0,4630.502
T000008,1980-02-29,9169.0,10378.302877364318,10298.592186868369,9470.0,10039.843
T000008,1980-03-31,10185.0,11256.801404669746,11274.65113675557,11154.0,11352.278
T000008,1980-04-30,10844.0,11812.615619752256,11746.044280782073,11396.0,11579.354
T000008,1980-05-31,12410.0,11455.113906740817,11379.354818302128,10048.0,11578.234
T000008,1980-06-30,12097.0,12745.531805921593,12742.420822042219,12656.0,12287.134
T000008,1980-07-31,5576.0,6229.7029472208,6145.705162866869,6081.0,5769.715
T000008,1980-08-31,5683.0,5023.646985583084,5030.809704117337,5045.0,4950.9556
T000008,1980-09-30,5999.0,5087.427908649008,5061.022495080721,5085.0,4714.7812
T000008,1980-10-31,4673.0,3988.985834664654,3902.486575329458,3659.0,3997.563
T000008,1980-11-30,4554.0,3317.519818772903,3327.3310322564835,3551.0,3653.6077
T000009,1986-11-30,4419.0,4464.671815390863,4595.81722163463,4762.0,4673.0103
T000009,1986-12-31,4386.0,4206.6544809524175,4423.226897577088,4964.0,4374.1245
T000009,1987-01-31,4270.0,4369.378482361936,4694.877303019586,4794.0,4720.7246
T000009,1987-02-28,4512.0,4658.825843937741,4961.084048885834,4473.0,5462.9463
T000009,1987-03-31,5861.0,5416.699208485572,5749.758105789233,5212.0,6104.39
T000009,1987-04-30,4255.0,3522.7795344659507,3893.2381590377327,3518.0,4311.085
T000009,1987-05-31,3299.0,3153.8719381873766,3362.6786405596613,2863.0,4233.823
T000009,1987-06-30,4070.0,3729.827257888152,4284.102596874054,3955.0,4241.6587
T000009,1987-07-31,5329.0,4414.940498244206,4881.760176561717,4638.0,4694.9033
T000009,1987-08-31,8180.0,8002.768504665819,8457.87361998109,8562.0,7686.3633
T000009,1987-09-30,7789.0,5113.089242452798,5607.238621183173,5507.0,5700.7275
T000009,1987-10-31,5709.0,4675.086895562938,5327.254646598976,4898.0,5126.5005
T000010,1987-04-30,3031.0,5318.117766791371,5486.312328297125,4340.0,4888.335
T000010,1987-05-31,3723.0,5136.277061743938,4988.071457092789,3525.0,4719.913
T000010,1987-06-30,4057.0,5879.219385209021,5957.567162923446,5073.0,4711.298
T000010,1987-07-31,2978.0,5601.046438321754,5536.513035526589,4191.0,4726.826
T000010,1987-08-31,3852.0,6019.758482718553,6319.80238645901,4555.0,4759.1147
T000010,1987-09-30,3281.0,6067.795981857273,5994.051976919779,5075.0,4730.438
T000010,1987-10-31,3309.0,6005.261503668742,6055.109140833376,4942.0,4619.525
T000010,1987-11-30,3176.0,5925.859407872965,5943.347650101174,5021.0,4487.8105
T000010,1987-12-31,2593.0,5810.295262767611,5885.298936865888,5748.0,4342.181
T000010,1988-01-31,2851.0,5715.048534166407,5871.654165429729,4897.0,4282.788
T000010,1988-02-29,3417.0,5635.565273674902,5601.703707470856,4873.0,4282.751
T000010,1988-03-31,4115.0,6387.618980631035,6668.232794939294,5869.0,4327.427
T000011,1985-03-31,28.2,25.83390796708145,28.49025043140443,20.3,27.064198
T000011,1985-04-30,27.1,29.752061453904776,28.895060993273123,29.1,31.193874
T000011,1985-05-31,22.2,26.103337902931635,28.76121205192936,24.6,27.904526
T000011,1985-06-30,25.0,25.477270300090314,28.74845157807431,25.3,27.510077
T000011,1985-07-31,28.7,31.020720931347977,30.44286612093473,36.2,34.166107
T000011,1985-08-31,30.3,25.818274261344655,30.724121331099926,25.6,28.656637
T000011,1985-09-30,19.9,25.09082527265074,28.38144943458149,25.3,27.396519
T000011,1985-10-31,28.7,28.67748190343979,31.005048827454015,36.8,31.77813
T000011,1985-11-30,25.9,28.772270695960632,30.11758863187274,33.6,29.593803
T000011,1985-12-31,27.9,27.058703342416273,29.362791254757525,30.4,27.837307
T000011,1986-01-31,28.5,28.655391107075893,30.39118736789991,37.9,30.646137
T000011,1986-02-28,20.6,21.84107977841726,28.84290919221089,27.2,24.09976
T000012,1985-03-31,20.4,20.267057786526646,21.30243116014071,19.2,20.658352
T000012,1985-04-30,22.7,22.979639768318332,23.13020479809245,22.2,23.730871
T000012,1985-05-31,18.4,20.457428710603804,19.723853648625006,23.2,20.117426
T000012,1985-06-30,19.8,20.11274076418078,20.88030166299107,21.5,18.792227
T000012,1985-07-31,22.9,26.840565165919138,23.903099219526222,29.8,26.22461
T000012,1985-08-31,19.8,19.934936791240972,21.05245115284437,22.6,18.550121
T000012,1985-09-30,14.4,20.71437017292337,21.270354169201653,23.6,19.91568
T000012,1985-10-31,18.0,21.20605490698862,20.880688865569542,22.8,20.545496
T000012,1985-11-30,20.4,20.561681205388442,20.300934662260758,21.8,19.90683
T000012,1985-12-31,24.6,19.99379763009058,19.680227622641375,20.2,18.673082
T000012,1986-01-31,25.3,26.51312991999162,23.11335107672559,26.2,25.857035
T000012,1986-02-28,13.8,17.22470168572403,19.723038155582834,16.0,16.219006
T000013,1982-07-31,1649.0,1936.026865695902,1934.3268135444732,1632.0,1780.5144
T000013,1982-08-31,1756.0,1894.6163017296296,1894.686609349774,1687.0,1768.5237
T000013,1982-09-30,1105.0,1528.0744036615688,1530.1455159963816,1330.0,1528.8153
T000013,1982-10-31,1152.0,1837.7729434012206,1842.315932349625,1760.0,1617.709
T000013,1982-11-30,1207.0,1925.4192409956545,1930.5779256277958,1869.0,1701.7688
T000013,1982-12-31,1158.0,1744.6117640959837,1748.18275106032,1524.0,1648.7572
T000013,1983-01-31,1128.0,1835.9877309116926,1839.956319206853,1686.0,1683.844
T000013,1983-02-28,986.0,1785.098735641003,1785.2414622217484,1751.0,1709.71
T000013,1983-03-31,846.0,1325.6881659743235,1318.835549605527,1015.0,1402.2422
T000013,1983-04-30,1173.0,1223.8749744605361,1215.792271601915,788.0,1322.4143
T000013,1983-05-31,2171.0,1977.371805842699,1979.1287350079629,1524.0,1767.6326
T000013,1983-06-30,2700.0,2261.5756658433047,2264.4433965078883,1872.0,1792.8015
T000014,1985-08-31,3992.5,7364.953173437305,7221.210299692765,15730.0,5549.2476
T000014,1985-09-30,5485.0,7107.018623010605,6649.093942584573,12550.0,6002.9463
T000014,1985-10-31,2497.5,6053.705762283097,6514.6106165033225,11802.5,5340.872
T000014,1985-11-30,9905.0,6942.661342130299,7125.857573508066,15200.0,5436.635
T000014,1985-12-31,9227.5,6792.257568295925,6536.649690008277,11925.0,6517.996
T000014,1986-01-31,10177.5,6482.273338699417,5988.3715144462585,8877.5,5180.7324
T000014,1986-02-28,8207.5,6779.045598906399,6050.440741868374,9222.5,5715.7656
T000014,1986-03-31,8142.5,6709.174150838657,7184.778361858045,15527.5,6221.8213
T000014,1986-04-30,6880.0,6620.008111291605,5964.083555889778,8742.5,5363.35
T000014,1986-05-31,4390.0,6717.931369275863,6067.082491249665,9315.0,5684.2026
T000014,1986-06-30,3842.5,6688.686195355042,5875.027707849351,8247.5,6603.8857
T000014,1986-07-31,8315.0,6663.773868234593,5243.0910083705685,4735.0,5431.215
T000015,1977-12-31,102.0,93.68471947230397,93.68471947230397,121.0,95.3831
T000015,1978-01-31,92.0,96.08123762536785,96.08123762536785,135.0,96.795815
T000015,1978-02-28,89.0,96.08123762536785,96.08123762536785,135.0,97.879585
T000015,1978-03-31,93.0,96.59477722959582,96.59477722959582,138.0,97.76378
T000015,1978-04-30,88.0,93.85589934037995,93.85589934037995,122.0,98.059006
T000015,1978-05-31,95.0,94.19825907653194,94.19825907653194,124.0,98.624535
T000015,1978-06-30,98.0,91.97292079154404,91.97292079154404,111.0,99.3977
T000015,1978-07-31,99.0,90.6034818469361,90.6034818469361,103.0,100.633
T000015,1978-08-31,97.0,90.26112211078411,90.26112211078411,101.0,101.149895
T000015,1978-09-30,98.0,89.57640263848015,89.57640263848015,97.0,100.17
T000015,1978-10-31,93.0,88.3781435619482,88.3781435619482,90.0,99.735565
T000015,1978-11-30,101.0,88.89168316617618,88.89168316617618,93.0,102.322235
T000016,1977-11-30,31.0,30.159446794692318,26.08139868073364,28.3,27.875793
T000016,1977-12-31,31.9,32.062531568660795,26.42713289357788,29.9,29.081812
T000016,1978-01-31,26.2,30.758116136801316,27.161818095871897,33.3,29.434797
T000016,1978-02-28,33.7,33.378270077888416,29.193006596331827,42.7,30.185377
T000016,1978-03-31,29.5,32.37567178222003,28.890489160093114,41.3,30.441273
T000016,1978-04-30,35.2,35.61922284354465,29.754824692203723,45.3,30.490896
T000016,1978-05-31,32.3,32.80762278241116,28.501538170643343,39.5,29.661617
T000016,1978-06-30,31.3,29.694400464151958,27.35629359059679,34.2,28.796059
T000016,1978-07-31,33.0,31.57954635532146,27.939720074771447,36.9,28.183922
T000016,1978-08-31,30.6,29.264964931783673,27.226643260780197,33.6,28.289803
T000016,1978-09-30,31.7,28.703075599338746,26.643216776605534,30.9,28.66861
T000016,1978-10-31,30.9,28.718174235007663,25.714056079586634,26.6,29.529625
T000017,1984-10-31,3011.7,2968.6725972095014,2988.0809808146605,1789.07,2704.3333
T000017,1984-11-30,2808.26,2993.0047775659436,2988.0809808146605,3177.25,2847.689
T000017,1984-12-31,3843.41,2993.0047775659436,2988.0809808146605,3039.63,2712.6035
T000017,1985-01-31,4338.05,2993.0047775659436,2988.0809808146605,2221.88,2830.5225
T000017,1985-02-28,3941.14,2993.0047775659436,2988.0809808146605,2969.82,2720.538
T000017,1985-03-31,3268.99,2993.0047775659436,2988.0809808146605,2610.81,2789.1453
T000017,1985-04-30,3257.03,2993.0047775659436,2988.0809808146605,3514.32,2684.3438
T000017,1985-05-31,4192.45,2993.0047775659436,2988.0809808146605,2279.72,2760.9753
T000017,1985-06-30,2084.26,2993.0047775659436,2988.0809808146605,1840.93,2703.133
T000017,1985-07-31,5227.6,2993.0047775659436,2988.0809808146605,4539.49,2721.422
T000017,1985-08-31,3123.39,2993.0047775659436,2988.0809808146605,2120.16,2663.903
T000017,1985-09-30,2590.86,2993.0047775659436,2988.0809808146605,3626.01,2679.3618
T000018,1981-08-31,6372.71,7948.499893767762,7603.150735139274,8745.41,7983.6777
T000018,1981-09-30,7463.84,7379.685617798296,6943.109034080805,6806.1,6845.9175
T000018,1981-10-31,6866.85,8864.079139168638,8744.171720390574,8952.26,8292.609
T000018,1981-11-30,1606.9,1293.1917367974843,1994.9139226085404,1405.39,2214.7217
T000018,1981-12-31,6424.55,7707.3950711511725,7743.989131925844,7562.64,7110.03
T000018,1982-01-31,5487.23,7224.193001199835,7561.831348344334,6559.41,7049.2847
T000018,1982-02-28,3563.16,6944.080908644167,7439.517038328086,6538.1,7072.7256
T000018,1982-03-31,5600.57,8854.67418450883,8339.582026428676,8883.89,7205.9385
T000018,1982-04-30,6640.57,9697.53908264197,9717.987053668989,9371.54,8227.686
T000018,1982-05-31,5681.69,8463.323615394025,8434.986425396077,8139.19,7307.966
T000018,1982-06-30,6415.91,8035.217018386718,7946.626085187424,7537.95,7399.2617
T000018,1982-07-31,7129.81,6626.859352592907,6759.839476457466,5355.45,7182.9023
T000019,1981-08-31,6192.94,7615.589563562938,7886.211728759404,8386.82,8414.876
T000019,1981-09-30,7272.63,7673.2441761916625,8632.428178905786,8952.3,8373.557
T000019,1981-10-31,4819.68,8368.430800718237,9197.79587157236,8944.45,8586.276
T000019,1981-11-30,632.16,-164.13443456742118,893.1022703219958,739.68,1435.1221
T000019,1981-12-31,6013.65,6746.9707805641,7707.507506364632,7724.29,7890.219
T000019,1982-01-31,5727.32,8146.050646268351,9216.579138474122,9282.3,8454.733
T000019,1982-02-28,5989.47,7560.409151393772,8565.5117393404,8638.1,8416.621
T000019,1982-03-31,5858.84,8833.127659033893,9899.357699574533,9839.43,8622.599
T000019,1982-04-30,4274.57,8538.007170945464,9549.834007913023,9447.45,8545.968
T000019,1982-05-31,5330.62,6568.694742693453,7569.1320820543415,7067.82,7679.63
T000019,1982-06-30,7981.59,7193.546927988402,8185.557196627193,7878.69,8259.247
T000019,1982-07-31,6128.42,6321.883989314594,7279.6431501982015,6494.98,8146.827
T000020,1981-08-31,9856.94,10612.288680790754,10346.737322897081,10477.2,10594.614
T000020,1981-09-30,11110.1,9748.939165575872,9668.083775178111,9941.4,10380.235
T000020,1981-10-31,8334.32,10673.871069012144,10286.582711057987,10180.0,10463.407
T000020,1981-11-30,809.57,923.5008384821116,725.958783698632,887.61,1738.8901
T000020,1981-12-31,9706.67,9469.824733452217,9104.750605244735,9484.34,10024.673
T000020,1982-01-31,9925.42,10980.547491663407,10706.814031072361,10994.7,10430.101
T000020,1982-02-28,9994.74,10364.239594710682,10030.90358616031,10395.2,10512.611
T000020,1982-03-31,10022.7,11164.206890230478,10872.973030192543,11084.3,10563.899
T000020,1982-04-30,9421.18,10407.335920353795,10123.644580625178,10260.1,10520.215
T000020,1982-05-31,8935.15,9604.763393425019,9334.84721836875,9426.45,10037.002
T000020,1982-06-30,10642.5,11006.667352878398,10679.750403475418,11081.8,10590.147
T000020,1982-07-31,9329.66,9868.966052681519,9637.311423255216,9477.98,10530.474
T000021,1980-08-31,2417.0,2372.427140985954,2595.2355656451846,3506.0,2944.4714
T000021,1980-09-30,2534.29,3406.6189174605456,3237.970328889143,3272.69,3486.1484
T000021,1980-10-31,2515.48,3170.839239448837,3074.6046363519777,3066.98,3132.8162
T000021,1980-11-30,874.0,1224.3409046530462,1196.777799679869,1316.36,2340.5608
T000021,1980-12-31,2110.99,2786.5277927379184,2652.055750956376,2578.99,2980.023
T000021,1981-01-31,1710.21,3858.3844715217865,3961.8782001679024,3913.8,3514.2222
T000021,1981-02-28,2033.23,2840.4418043823375,2697.947738144862,3032.52,3110.0686
T000021,1981-03-31,1756.23,2694.570625186883,2910.842181178167,3326.0,2473.0315
T000021,1981-04-30,2491.0,3148.2655878514297,3152.6197664096744,3066.12,2967.0303
T000021,1981-05-31,2369.0,3414.4473032513097,3276.897643265441,3138.41,3505.1025
T000021,1981-06-30,2365.0,3139.2628690306997,3050.054745247081,2808.51,3192.13
T000021,1981-07-31,2149.0,2505.367303467338,2438.2336750300205,2352.03,2431.5684
T000022,1980-12-31,39.01,38.97436864598697,38.97436864598697,39.51,38.85764
T000022,1981-01-31,35.14,39.25117995083667,39.25117995083667,43.42,38.675495
T000022,1981-02-28,34.56,38.0974197277513,38.0974197277513,37.74,39.012238
T000022,1981-03-31,37.0,38.48892034806043,38.48892034806043,39.0,38.825512
T000022,1981-04-30,27.83,39.64132570850182,39.64132570850182,42.87,39.21042
T000022,1981-05-31,48.48,39.01446288263709,39.01446288263709,39.46,39.798107
T000022,1981-06-30,44.24,39.813379416501114,39.813379416501114,41.92,40.09137
T000022,1981-07-31,27.36,34.830881480227134,34.830881480227134,26.91,36.743618
T000022,1981-08-31,41.49,39.74957739533275,39.74957739533275,41.6,40.268692
T000022,1981-09-30,38.35,38.152767189983265,38.152767189983265,38.31,38.35007
T000022,1981-10-31,37.71,39.2638793997303,39.2638793997303,41.02,40.161556
T000022,1981-11-30,39.27,37.726292602493395,37.726292602493395,35.6,38.71688
T000023,1983-01-31,703.0,694.1394026803504,694.0,678.0,689.7274
T000023,1983-02-28,671.0,693.0241812375472,694.0,670.0,689.9171
T000023,1983-03-31,688.0,691.4907517536927,694.0,659.0,691.03186
T000023,1983-04-30,679.0,697.6244696891106,694.0,703.0,690.3098
T000023,1983-05-31,683.0,694.4182080410512,694.0,680.0,691.2122
T000023,1983-06-30,663.0,693.4423892785984,694.0,673.0,692.2089
T000023,1983-07-31,680.0,693.8605973196496,694.0,676.0,692.9762
T000023,1983-08-31,693.0,694.4182080410512,694.0,680.0,692.806
T000023,1983-09-30,668.0,695.5334294838544,694.0,688.0,693.35223
T000023,1983-10-31,685.0,695.2546241231536,694.0,686.0,693.8179
T000023,1983-11-30,679.0,693.9999999999999,694.0,677.0,694.7336
T000023,1983-12-31,644.0,696.3698455659568,694.0,694.0,696.45166
T000024,1982-09-30,608.0,980.4704491712207,1007.6086215593452,1207.0,1049.9122
T000024,1982-10-31,947.0,1017.1691577792449,945.786502054472,1000.0,960.9343
T000024,1982-11-30,1232.0,863.3776708273139,802.0944076885245,773.0,825.3157
T000024,1982-12-31,1132.0,643.9380865006082,557.7650080340226,528.0,658.203
T000024,1983-01-31,1190.0,862.2602832812736,754.7313527172481,634.0,831.37103
T000024,1983-02-28,1293.0,1105.2176557521016,1007.923539313553,880.0,1072.1487
T000024,1983-03-31,1028.0,1049.9778583172956,954.262932889453,722.0,1049.83
T000024,1983-04-30,1035.0,1037.5395990462175,935.1450023755244,677.0,1075.0192
T000024,1983-05-31,1635.0,1128.9575345996807,1035.6172596144957,957.0,1181.4414
T000024,1983-06-30,1612.0,1791.3868892934943,1735.0885766352646,1734.0,1773.8135
T000024,1983-07-31,1855.0,2076.1346463927707,2004.2393161054629,2323.0,2166.3662
T000024,1983-08-31,1421.0,1908.9004845301097,1793.983325535406,1763.0,2019.9907
T000025,1980-12-31,6532.0,1674.35557670125,1520.4099967415013,1356.0,825.959
T000025,1981-01-31,2637.0,2832.9705790798625,2967.4390097274945,2489.0,1112.1598
T000025,1981-02-28,5427.0,4794.672012834506,5138.576468688778,5028.0,2956.1343
T000025,1981-03-31,4303.0,5980.492187757693,6048.761224979314,5618.0,4200.0312
T000025,1981-04-30,5539.0,5289.570638784383,5273.27619894542,4916.0,3723.1338
T000025,1981-05-31,2240.0,3872.5436998708083,4126.861051420024,4186.0,3013.1316
T000025,1981-06-30,4389.0,4289.169562198511,4804.428155119723,3966.0,3515.091
T000025,1981-07-31,5289.0,4201.731104209908,4692.5037379962605,4225.0,3816.4653
T000025,1981-08-31,5114.0,4119.821915233326,4979.903516344937,4634.0,3795.2617
T000025,1981-09-30,6090.0,3864.9417118326946,4667.29354834246,3475.0,3357.8857
T000025,1981-10-31,3673.0,2418.171449645796,2652.3739636233367,1548.0,1933.7797
T000025,1981-11-30,2436.0,1894.2345555757545,1836.149276756517,856.0,991.76636
T000026,1981-12-31,5061.0,3318.7717686243905,3036.0798678799883,3902.0,3281.237
T000026,1982-01-31,4516.0,3532.9157210348953,3971.684856408053,3559.0,3755.1296
T000026,1982-02-28,3798.0,3593.097983298334,3170.3930770103016,3840.0,3729.877
T000026,1982-03-31,2695.0,3427.841210400662,2661.4501339708063,3483.0,3642.4497
T000026,1982-04-30,1314.0,3889.103190275218,3239.609464744467,4122.0,3766.6982
T000026,1982-05-31,3409.0,3826.897827825451,3462.4133648950683,3941.0,3876.6177
T000026,1982-06-30,2496.0,3825.790769445027,3082.3762806493733,4109.0,3913.992
T000026,1982-07-31,3514.0,3838.098251760699,2997.660052321616,3511.0,3929.8232
T000026,1982-08-31,5800.0,3897.422035199154,3241.509219244141,3667.0,4022.3281
T000026,1982-09-30,4776.0,4075.5135257881925,3259.3614261086027,4416.0,4044.0176
T000026,1982-10-31,4578.0,3964.718887585961,3108.3244719509057,4065.0,4057.5815
T000026,1982-11-30,4037.0,3148.860433391698,3118.2175056200526,1732.0,4124.4653
T000027,1981-12-31,1840.0,2214.7233367403837,2141.8304503214367,2427.0,2304.437
T000027,1982-01-31,1798.0,1991.6250928387801,1965.9453726494341,1986.0,2310.8071
T000027,1982-02-28,1574.0,2340.7977784450813,2325.5127340298022,2937.0,2319.2017
T000027,1982-03-31,1506.0,1974.3838113398801,1957.9231900500265,1731.0,2330.3408
T000027,1982-04-30,1664.0,1825.8921323197387,1808.2715132495182,1417.0,2337.8071
T000027,1982-05-31,1710.0,1695.5158394910168,1677.3540961630022,941.0,2356.1633
T000027,1982-06-30,844.0,2218.4126622384792,2204.268735742037,2402.0,2381.122
T000027,1982-07-31,1056.0,2110.765185734489,2095.832180899738,2138.0,2394.4092
T000027,1982-08-31,1495.0,2212.0535724889596,2197.4414047875584,2532.0,2417.8467
T000027,1982-09-30,1478.0,1981.155724012954,1964.6516425718255,1966.0,2431.4468
T000027,1982-10-31,1354.0,1774.0570820854232,1755.782906165657,1479.0,2448.3296
T000027,1982-11-30,817.0,2163.6220500990016,2148.4039785404684,2509.0,2447.8982
T000028,1981-12-31,152.0,164.7733535337931,133.21354081157503,155.0,195.3948
T000028,1982-01-31,122.0,168.63813338968274,158.0487669790193,193.0,197.36858
T000028,1982-02-28,124.0,183.59033907546976,171.25610240168407,260.0,198.56216
T000028,1982-03-31,172.0,172.6551438724315,172.23425916810055,211.0,197.84209
T000028,1982-04-30,180.0,181.80500108313697,162.50540394194934,252.0,201.44598
T000028,1982-05-31,151.0,164.84429015597559,160.47927581158086,176.0,200.526
T000028,1982-06-30,123.0,166.18329365022518,157.23876341059304,182.0,200.25
T000028,1982-07-31,134.0,148.9994154740222,105.31209963467468,105.0,195.8014
T000028,1982-08-31,115.0,165.96012640118357,167.2736153142333,181.0,201.43896
T000028,1982-09-30,136.0,159.48827617897726,169.2584959432831,152.0,201.88373
T000028,1982-10-31,144.0,152.34692420964615,153.62994616291257,120.0,201.27399
T000028,1982-11-30,158.0,166.62962814830837,103.68631904240453,184.0,198.32088
T000029,1981-04-30,50.0,33.498985041723394,32.98308962986598,30.0,35.716137
T000029,1981-05-31,52.0,47.57118031201458,46.71943189844798,54.0,54.110123
T000029,1981-06-30,46.0,47.93875850390091,46.38869970966748,51.0,54.344727
T000029,1981-07-31,51.0,47.2678049755894,45.460851704217866,48.0,53.709793
T000029,1981-08-31,53.0,46.59422326544025,43.833097029837724,46.0,53.727028
T000029,1981-09-30,51.0,49.745980497604876,47.91484560973711,51.0,56.47651
T000029,1981-10-31,51.0,52.195091090112534,49.5802794551358,47.0,58.676105
T000029,1981-11-30,48.0,51.027212117230064,50.32626580832536,63.0,56.213097
T000029,1981-12-31,41.0,54.42958784144086,54.10204743991312,70.0,58.989143
T000029,1982-01-31,40.0,45.63281700279892,42.487311937822,41.0,52.99395
T000029,1982-02-28,43.0,51.482003663917375,48.69959599698315,52.0,58.55218
T000029,1982-03-31,21.0,28.655826610598215,23.63199637078219,15.0,30.040985
T000030,1981-06-30,1573.0,1844.0798859210236,2046.4640723890961,2120.0,1783.1115
T000030,1981-07-31,859.0,1660.7589836838047,1729.2760947985182,1800.0,1688.4038
T000030,1981-08-31,985.0,1628.978922278873,1746.9805851445258,1815.0,1795.4854
T000030,1981-09-30,1227.0,1899.676755720428,2096.5816554657085,2162.0,1760.4929
T000030,1981-10-31,1122.0,1402.2173659189525,1183.0832605558226,1246.0,1751.7908
T000030,1981-11-30,988.0,1432.5278270693793,1304.4892039768527,1365.0,1733.1787
T000030,1981-12-31,1200.0,1580.6412058552073,1464.8031438421303,1523.0,1744.5605
T000030,1982-01-31,1068.0,1535.1880776958553,1541.0285983783097,1597.0,1642.3245
T000030,1982-02-28,1294.0,1478.8431525447113,1338.1689512746482,1392.0,1699.665
T000030,1982-03-31,1217.0,1561.2603184017892,1602.2274568277342,1654.0,1682.9648
T000030,1982-04-30,153.0,349.26012599891897,140.207244889476,190.0,632.148
T000030,1982-05-31,1451.0,1512.2587871525975,1477.1113256258818,1525.0,1734.0825
T000031,1981-06-30,2358.0,2890.7012276284854,3182.413111637962,3320.0,2723.9966
T000031,1981-07-31,1443.0,2483.550284507028,2390.640605932594,2539.0,2676.8525
T000031,1981-08-31,1450.0,2440.3801329311686,2459.546108517316,2575.0,2698.6528
T000031,1981-09-30,1525.0,2657.379179479655,2727.5181678489434,2846.0,2662.7642
T000031,1981-10-31,1530.0,2159.3408461069685,1608.5316093201566,1716.0,2672.6191
T000031,1981-11-30,1306.0,2379.3499024110524,2224.836431375825,2324.0,2637.25
T000031,1981-12-31,1620.0,2526.0123191121725,2272.677239202512,2366.0,2683.814
T000031,1982-01-31,1512.0,2678.9786125381493,2734.898654461905,2821.0,2606.62
T000031,1982-02-28,1796.0,2585.643015984961,2441.777506820348,2522.0,2651.064
T000031,1982-03-31,1635.0,2408.4921348645184,2378.4137105798245,2453.0,2588.191
T000031,1982-04-30,565.0,976.2697044594138,695.7267280709681,765.0,1066.8285
T000031,1982-05-31,2132.0,2333.9532649934717,2168.5722425570707,2233.0,2537.4937
T000032,1979-12-31,3157.0,2959.0520695312266,2537.457872787806,2534.0,2690.3682
T000032,1980-01-31,2544.0,2650.5650397626823,2508.283864857214,2029.0,2763.681
T000032,1980-02-29,3116.0,3096.527795774929,2868.9914482865806,2828.0,2886.7195
T000032,1980-03-31,3091.0,2826.0828605103225,2618.048006457082,2727.0,2828.107
T000032,1980-04-30,3088.0,2874.3086478365303,2670.620571289124,3310.0,2771.2983
T000032,1980-05-31,2843.0,2993.244907983134,2765.788474158233,2904.0,2872.5645
T000032,1980-06-30,2253.0,2440.0173440965896,2210.0368338221406,2602.0,2391.7498
T000032,1980-07-31,1609.0,1637.3104672684447,1387.941907850144,1453.0,1672.6866
T000032,1980-08-31,2705.0,2838.664130651197,2584.8813611914015,2750.0,2806.622
T000032,1980-09-30,2917.0,2990.0215755004274,2742.6192293747254,3031.0,2865.2192
T000032,1980-10-31,1872.0,3026.5048684574203,2758.9418779053,2908.0,2893.476
T000032,1980-11-30,1834.0,2851.049831636884,2573.22378591492,2222.0,2857.689
T000033,1981-06-30,334.0,374.81290546992756,350.47339167391755,388.0,364.1958
T000033,1981-07-31,304.0,321.470272764205,326.55758743733344,344.0,312.73813
T000033,1981-08-31,323.0,448.416048331222,373.82785357658116,480.0,386.11685
T000033,1981-09-30,224.0,264.225754308377,320.0560201918574,281.0,276.16
T000033,1981-10-31,283.0,328.54893169836294,316.2970841392849,324.0,308.97687
T000033,1981-11-30,185.0,390.2617491660363,355.51649470929055,427.0,324.5474
T000033,1981-12-31,306.0,348.7769254240801,326.7192865768768,343.0,338.7339
T000033,1982-01-31,216.0,311.2427346781421,300.1557335221263,283.0,305.85907
T000033,1982-02-28,270.0,346.67089410490286,326.2842109439792,344.0,328.7035
T000033,1982-03-31,256.0,324.3728483143386,324.39789381529056,327.0,297.63498
T000033,1982-04-30,248.0,239.53910040790348,284.6460606983004,212.0,263.78137
T000033,1982-05-31,260.0,288.8693630343988,309.26882592076157,282.0,288.87683
T000034,1981-04-30,567.0,604.2286253209029,617.02746707618,597.0,606.69586
T000034,1981-05-31,671.0,716.4665806698107,759.000540127432,763.0,722.9848
T000034,1981-06-30,534.0,653.3629593111793,685.8510758255226,663.0,664.32263
T000034,1981-07-31,662.0,736.157092924895,783.5655907028578,810.0,703.68524
T000034,1981-08-31,492.0,579.5250650464329,618.4452268255664,625.0,589.2842
T000034,1981-09-30,557.0,615.4357440219643,642.9965510389131,616.0,607.6234
T000034,1981-10-31,522.0,653.5277055146138,686.8644773927356,692.0,661.4376
T000034,1981-11-30,545.0,662.7213389674857,689.8607895311918,672.0,686.2566
T000034,1981-12-31,591.0,666.8155950731599,698.4999300251235,660.0,658.5706
T000034,1982-01-31,492.0,659.9161026303863,696.5944719249947,708.0,670.9624
T000034,1982-02-28,552.0,639.3418083717345,668.8357600932053,650.0,647.9193
T000034,1982-03-31,442.0,456.5386480741442,484.6215013064569,466.0,476.1402
T000035,1981-06-30,252.0,290.08705055755024,264.75208290795393,266.0,262.5135
T000035,1981-07-31,207.0,258.4748118706424,246.91197992361847,227.0,259.3036
T000035,1981-08-31,224.0,258.51542496160056,260.1776975273551,256.0,250.17874
T000035,1981-09-30,297.0,293.17002859458665,277.56036197363073,294.0,248.42496
T000035,1981-10-31,246.0,243.77711698794266,243.25247161913944,219.0,251.81732
T000035,1981-11-30,185.0,264.70015836521486,248.28429553779816,230.0,258.58276
T000035,1981-12-31,199.0,245.0239992493913,240.96527892884,214.0,253.80597
T000035,1982-01-31,140.0,242.30088998024297,238.2206477004807,208.0,251.21889
T000035,1982-02-28,229.0,275.6080106713333,272.0710995169121,282.0,249.38776
T000035,1982-03-31,268.0,236.25820185096063,234.56113939600164,200.0,246.13123
T000035,1982-04-30,152.0,211.13892746319996,221.29542179226502,171.0,235.52867
T000035,1982-05-31,150.0,252.99786875937818,262.46489021765456,261.0,251.73306
T000036,1981-04-30,954.0,930.7614296468416,929.1745923275596,878.0,943.65027
T000036,1981-05-31,994.0,1128.401314094514,1117.108093577839,1253.0,1029.5536
T000036,1981-06-30,618.0,1061.2267151483786,1050.4543451344066,1120.0,1036.8523
T000036,1981-07-31,940.0,903.9611330578051,974.2786326276266,968.0,934.3343
T000036,1981-08-31,932.0,1017.0910020729066,1025.8977009710368,1071.0,938.8443
T000036,1981-09-30,805.0,875.1395715441791,939.6988683975752,899.0,872.96106
T000036,1981-10-31,820.0,934.3569192409128,932.181528347564,884.0,978.8511
T000036,1981-11-30,852.0,975.315616154728,991.3179367409853,1002.0,1035.6714
T000036,1981-12-31,678.0,1010.0399201272492,1001.8422128110009,1023.0,1029.602
T000036,1982-01-31,866.0,897.4675337574724,953.2300804875953,926.0,929.99677
T000036,1982-02-28,861.0,922.3088147187965,961.7497325442746,943.0,932.2279
T000036,1982-03-31,667.0,796.6203113580252,857.5092838507862,735.0,875.18536
T000037,1980-12-31,1139.0,1134.712446008626,1083.632692071279,1047.0,1068.3503
T000037,1981-01-31,451.0,717.2534342541128,714.8841959771295,612.0,795.0612
T000037,1981-02-28,933.0,1076.0848653669536,1056.0542017081418,921.0,1088.3608
T000037,1981-03-31,965.0,1081.4212360109232,1062.1100425141803,929.0,1117.6036
T000037,1981-04-30,777.0,1209.3969147216233,1224.3827526347952,1206.0,1134.7368
T000037,1981-05-31,795.0,1118.774213123672,1119.5039374241633,1058.0,1110.4475
T000037,1981-06-30,810.0,1142.2095018960051,1150.8894793910645,1108.0,1107.5417
T000037,1981-07-31,837.0,1155.3154862141878,1161.9193347146113,1119.0,1097.8164
T000037,1981-08-31,846.0,1179.8111639781705,1171.4282010161864,1064.0,1142.8297
T000037,1981-09-30,888.0,1186.3746024012453,1193.0330086903093,1147.0,1150.5219
T000037,1981-10-31,783.0,1212.5275420442601,1227.4475354411247,1189.0,1157.6776
T000037,1981-11-30,944.0,1163.107138278454,1132.3843504643137,943.0,1163.5786
T000038,1981-06-30,532.0,612.7431697171793,598.5816975628283,648.0,637.1091
T000038,1981-07-31,480.0,681.4823689626783,685.2568248045726,693.0,643.0414
T000038,1981-08-31,474.0,602.5917439886317,622.6053408747919,596.0,640.71344
T000038,1981-09-30,464.0,737.0657262330561,749.2758135750397,820.0,643.1871
T000038,1981-10-31,496.0,659.9801001019582,674.4422150796746,736.0,613.6866
T000038,1981-11-30,495.0,652.522439636103,667.442720808515,692.0,633.2675
T000038,1981-12-31,517.0,581.27427555369,596.9349430525634,620.0,628.8415
T000038,1982-01-31,387.0,630.8935865539214,646.2993926789784,659.0,638.27167
T000038,1982-02-28,481.0,608.845362848063,625.137198843375,616.0,644.8105
T000038,1982-03-31,429.0,568.9052651904552,583.8505888189593,602.0,588.09094
T000038,1982-04-30,185.0,281.81601115689534,297.93629484989333,277.0,380.4431
T000038,1982-05-31,467.0,503.54336226537555,521.4400942663558,457.0,625.53894
T000039,1981-06-30,331.0,551.8117349214749,546.4405473538034,344.0,562.33374
T000039,1981-07-31,409.0,613.1130611545356,577.9953623561582,399.0,604.5928
T000039,1981-08-31,380.0,607.8563470098479,584.3063253566293,410.0,601.71954
T000039,1981-09-30,441.0,789.4306110003938,727.1635787309268,659.0,622.3517
T000039,1981-10-31,477.0,741.3147280671463,687.002905091566,589.0,619.32153
T000039,1981-11-30,281.0,828.8729221208005,714.5416527299849,637.0,633.6153
T000039,1981-12-31,422.0,779.9414534716383,688.7240768189672,592.0,624.3252
T000039,1982-01-31,368.0,905.7231267756375,785.109693553433,760.0,634.3723
T000039,1982-02-28,268.0,836.374382074442,744.9490199140722,690.0,597.7756
T000039,1982-03-31,307.0,889.5073394775629,805.1900303731134,795.0,573.1096
T000039,1982-04-30,143.0,388.4914872807723,420.2212873443838,124.0,520.6627
T000039,1982-05-31,272.0,735.0121207583288,686.4291811824323,588.0,519.66016
T000040,1981-06-30,305.0,281.0572520015118,281.0572520015118,327.0,238.62767
T000040,1981-07-31,338.0,280.40354948024344,280.40354948024344,314.0,246.58453
T000040,1981-08-31,324.0,258.1118461638851,258.1118461638851,250.0,254.83875
T000040,1981-09-30,296.0,293.2998059906695,293.2998059906695,346.0,255.64287
T000040,1981-10-31,284.0,279.8933891075718,279.8933891075718,309.0,252.51491
T000040,1981-11-30,222.0,280.27226278237424,280.27226278237424,310.0,246.26607
T000040,1981-12-31,251.0,245.33446586821353,245.33446586821353,214.0,236.6469
T000040,1982-01-31,215.0,284.64450931860495,284.64450931860495,322.0,229.53937
T000040,1982-02-28,142.0,262.44234455391967,262.44234455391967,261.0,220.93066
T000040,1982-03-31,139.0,250.4312720346267,250.4312720346267,228.0,216.78052
T000040,1982-04-30,100.0,229.68479339495133,229.68479339495133,171.0,218.33855
T000040,1982-05-31,190.0,257.3467860523278,257.3467860523278,247.0,231.36192
T000041,1984-12-31,26802.0,26337.750515246702,23979.085971733293,25355.0,26655.045
T000041,1985-01-31,25358.0,26982.937876875418,26777.17059156679,25917.0,26428.93
T000041,1985-02-28,27267.0,27101.380447313168,25347.13349654314,26927.0,27722.094
T000041,1985-03-31,32287.0,31388.267791541526,27653.816890975842,28834.0,30796.078
T000041,1985-04-30,31038.0,30186.30358467077,28296.507904525803,30289.0,30149.309
T000041,1985-05-31,27664.0,26940.312826090165,24066.715261447636,26346.0,27054.707
T000041,1985-06-30,26828.0,26179.359193826906,24814.35751429361,22063.0,25614.498
T000041,1985-07-31,22133.0,24723.94334765825,23255.788929287224,24783.0,24490.887
T000041,1985-08-31,26347.0,25156.933108215435,22863.565275267432,25923.0,24052.852
T000041,1985-09-30,22300.0,22610.58252062807,20370.02509725059,20796.0,21670.22
T000041,1985-10-31,21400.0,22370.131783196728,19448.3627376845,21257.0,21423.328
T000041,1985-11-30,26100.0,26044.7809521155,23524.186881765156,23026.0,25185.656
T000042,1984-12-31,26802.0,26408.092621402273,24077.128275456707,25355.0,26689.701
T000042,1985-01-31,25358.0,27207.673825420294,26991.24609625586,25917.0,26435.52
T000042,1985-02-28,27267.0,27359.306997586096,25385.8329696706,26927.0,27712.318
T000042,1985-03-31,32287.0,31773.637086988263,27756.156380096807,28834.0,30818.602
T000042,1985-04-30,31038.0,30469.598129215217,28423.78245551149,30289.0,30174.93
T000042,1985-05-31,27664.0,27294.70397916912,24128.266489064663,26346.0,27060.941
T000042,1985-06-30,26828.0,26487.32915053359,24950.874054088938,22063.0,25641.264
T000042,1985-07-31,22133.0,25061.99790835248,23343.27637284735,24783.0,24511.31
T000042,1985-08-31,26347.0,25479.66876328802,22913.17781406635,25923.0,24095.086
T000042,1985-09-30,22300.0,22955.556879922195,20441.429470360636,20796.0,21697.64
T000042,1985-10-31,20809.7,22702.72415511829,19643.974247646154,21408.8,21416.947
T000042,1985-11-30,26100.0,26386.467719010343,23587.9035112175,23026.0,25200.256
T000043,1984-12-31,18052.0,17713.69494499032,16670.702739914264,17455.0,17904.275
T000043,1985-01-31,18355.0,18236.13643243986,17500.700069882765,17656.0,17950.781
T000043,1985-02-28,18125.0,18381.356204661013,17683.144824855222,18683.0,18417.809
T000043,1985-03-31,21438.0,20212.364622407607,19209.518120207147,18862.0,20295.838
T000043,1985-04-30,20486.0,20302.33969601106,19542.46736074245,20005.0,20086.121
T000043,1985-05-31,19067.0,18232.645808160163,17513.299867567024,17743.0,18386.932
T000043,1985-06-30,18761.0,18316.892803106977,17404.52323992913,16916.0,17777.496
T000043,1985-07-31,15703.0,16804.05741293959,16080.98380205153,16351.0,16456.832
T000043,1985-08-31,18361.0,17166.230271353328,16155.481616871222,17362.0,16626.357
T000043,1985-09-30,15870.0,15394.031386835139,14529.794469814251,14497.0,14898.801
T000043,1985-10-31,15110.0,15150.25229091378,14154.093075649744,14803.0,14716.674
T000043,1985-11-30,18350.0,17372.740564007156,16665.41612819546,16345.0,17030.846
T000044,1981-09-30,12957.0,13443.825798520533,13453.434427270033,12642.0,12507.738
T000044,1981-10-31,13015.8,12825.342544910207,12940.02537986655,11584.2,12403.75
T000044,1981-11-30,16267.0,15098.550195328022,15004.03729323009,13826.0,14778.971
T000044,1981-12-31,15707.0,17121.67150781332,16816.34336071803,16514.0,16292.314
T000044,1982-01-31,16894.0,15532.090549665241,15565.757536410363,13742.0,16042.49
T000044,1982-02-28,17225.0,17049.153268625923,16848.81575184985,16082.0,16742.89
T000044,1982-03-31,19089.0,19355.603757723646,19100.464400072433,18300.0,18866.984
T000044,1982-04-30,18982.0,18392.23561355938,18236.333658170282,17275.0,18545.488
T000044,1982-05-31,17269.0,17001.442661686924,16842.943431381544,15844.0,16906.062
T000044,1982-06-30,16698.0,16705.242531240317,16531.4113647658,15455.0,16473.38
T000044,1982-07-31,15653.0,15166.987392014571,15013.629220873689,14161.0,14828.031
T000044,1982-08-31,15490.0,15913.563841312678,15686.598064039206,14964.0,15008.309
T000045,1982-09-30,142.53,143.6066255765819,144.04334390916821,159.07,144.55516
T000045,1982-10-31,140.48,143.9859995161274,142.2000829374897,158.67,146.00775
T000045,1982-11-30,143.77,144.16011049222544,143.32423252213653,151.74,151.73048
T000045,1982-12-31,145.78,144.24001748856296,142.638647405282,145.43,154.10326
T000045,1983-01-31,148.75,144.27669023721316,143.05676520639307,154.62,148.90192
T000045,1983-02-28,141.23,144.2935209348392,142.8017676994343,152.34,152.93639
T000045,1983-03-31,148.52,144.30124526402108,142.95728303119583,141.46,154.7617
T000045,1983-04-30,156.4,144.30479029005838,142.8624388944772,138.16,153.59457
T000045,1983-05-31,145.71,144.30641725458943,142.9202814889533,134.26,149.70267
T000045,1983-06-30,146.54,144.30716393840993,142.8850050253628,142.14,147.20064
T000045,1983-07-31,145.38,144.3075066236481,142.90651908251607,144.31,150.05307
T000045,1983-08-31,144.78,144.30766389660516,142.89339830429503,142.78,149.43842
T000046,1979-06-30,6087.0,8344.257897490372,7312.629870075043,6507.0,7338.3926
T000046,1979-07-31,5752.0,9139.43080321289,7810.070846104813,7179.0,6969.349
T000046,1979-08-31,7438.0,13254.697340539971,10801.473708148034,10907.0,8951.99
T000046,1979-09-30,5142.0,8420.122635842832,7299.80649465495,6595.0,6563.4424
T000046,1979-10-31,6382.0,11120.789215117886,9095.329946011638,9034.0,6968.476
T000046,1979-11-30,8571.0,12595.87518939626,9959.68620139806,10461.0,8097.365
T000046,1979-12-31,5454.0,9609.202867126562,7595.278830744122,7898.0,6623.7314
T000046,1980-01-31,5078.0,9528.38257787943,8109.784538305537,7819.0,5977.641
T000046,1980-02-29,6127.0,10234.245401900345,8297.900638089119,8591.0,7324.3423
T000046,1980-03-31,3759.0,8137.0898824666565,6948.6965176277845,6602.0,5727.1934
T000046,1980-04-30,3343.0,7413.840626558471,7138.54619117721,5937.0,5356.274
T000046,1980-05-31,7109.0,10839.145922431206,8127.507940963797,9308.0,7369.3213
T000047,1979-06-30,9589.0,8538.059521365405,7825.439117069402,5353.0,7648.977
T000047,1979-07-31,7878.0,8797.059521365403,7871.660317420395,5612.0,7416.5093
T000047,1979-08-31,9094.0,11251.059521365403,10392.547498532316,8066.0,7377.099
T000047,1979-09-30,5940.0,8358.059521365403,7778.100378317902,5173.0,6502.4297
T000047,1979-10-31,6146.0,10366.059521365403,8788.285709443087,7181.0,6660.258
T000047,1979-11-30,7710.0,12197.059521365403,10297.955258987606,9012.0,7143.3354
T000047,1979-12-31,5396.0,10354.059521365403,8839.595430952439,7169.0,6554.012
T000047,1980-01-31,5601.0,10817.059521365403,9217.784734641915,7632.0,5962.99
T000047,1980-02-29,5408.0,11349.059521365403,9548.446759012417,8164.0,5977.9424
T000047,1980-03-31,4517.0,9981.059521365403,7956.807560900389,6796.0,5393.533
T000047,1980-04-30,3527.0,9095.059521365403,7342.290224305654,5910.0,5201.3906
T000047,1980-05-31,6495.0,13424.059521365403,9012.513407622473,10239.0,5896.3125
T000048,1979-06-30,8.66,8.945672343361752,8.87869934770962,7.68,8.759823
T000048,1979-07-31,8.59,8.952549254780319,8.940867335522046,7.81,8.75757
T000048,1979-08-31,8.71,9.110821434345912,9.033237036142127,8.05,8.7845545
T000048,1979-09-30,8.34,8.627890668845952,8.847486484021143,7.58,8.783562
T000048,1979-10-31,8.35,8.855759392221728,9.025871114683449,8.03,8.794298
T000048,1979-11-30,8.58,9.303128483275643,9.160871063395616,8.37,8.767915
T000048,1979-12-31,8.04,8.97605921984028,9.077508909404584,8.16,8.775939
T000048,1980-01-31,8.41,9.372894982717924,9.22436134344132,8.53,8.768528
T000048,1980-02-29,8.49,9.579401404639482,9.260079962752787,8.62,8.765797
T000048,1980-03-31,8.12,9.34054066854269,9.196578410768046,8.46,8.730055
T000048,1980-04-30,7.73,9.442482488173475,9.184671720996691,8.43,8.680881
T000048,1980-05-31,8.31,9.85253958767352,9.351364167622775,8.85,8.6331215
T000049,1987-02-28,37157.0,42840.508876277556,41577.42350142916,44056.0,44570.297
T000049,1987-03-31,32392.0,38926.08950459331,38108.66100613383,42332.0,42474.973
T000049,1987-04-30,35056.0,34687.84414611566,34107.981608087524,35877.0,40633.84
T000049,1987-05-31,34249.0,35862.85754331787,35232.82646076754,36999.0,40974.18
T000049,1987-06-30,33890.0,33391.15946513595,33250.14433020295,33027.0,37895.887
T000049,1987-07-31,14524.0,13798.11740060067,13765.929451882554,14154.0,19245.996
T000049,1987-08-31,30123.0,26145.783758093,26571.046479679873,27518.0,31579.438
T000049,1987-09-30,32524.0,35114.25254857176,35655.44281774993,36765.0,40706.47
T000049,1987-10-31,33972.0,34011.35075167161,34301.97132755278,32517.0,38543.523
T000049,1987-11-30,36899.0,35719.50603460363,36574.304827942644,37962.0,41352.727
T000049,1987-12-31,27951.0,37254.09442704127,38347.75304775045,36341.0,42320.31
T000049,1988-01-31,35932.0,34529.06378135803,34914.84412883581,35300.0,39212.76
T000050,1983-12-31,1564.0,1593.4589085924501,1625.8756632275688,1587.0,1639.5687
T000050,1984-01-31,1589.0,1606.0244211992863,1577.8421173723266,1496.0,1616.3593
T000050,1984-02-29,1817.0,1834.1482636440387,1846.6699681010111,1859.0,1874.7216
T000050,1984-03-31,1966.0,1990.436180735036,1980.3691443016078,1985.0,2020.211
T000050,1984-04-30,2020.0,1943.403990545447,1934.7709992520515,1819.0,2009.8857
T000050,1984-05-31,1905.0,2004.39756199326,2002.5692150588548,1984.0,2054.803
T000050,1984-06-30,2181.0,2232.4661208818425,2216.231666234591,2225.0,2252.6948
T000050,1984-07-31,2233.0,2221.285975236463,2209.6485824083175,2226.0,2257.9626
T000050,1984-08-31,1991.0,2019.3958567103366,2006.9739752300818,1991.0,2071.8828
T000050,1984-09-30,1856.0,1950.7634324796625,1942.675079337933,1783.0,1985.6871
T000050,1984-10-31,1800.0,1804.6766255128082,1793.725994449965,1750.0,1843.0441
T000050,1984-11-30,1887.0,1906.090393909943,1891.7704305084135,1836.0,1898.4534
T000051,1986-11-30,3796.0,3802.542077247321,3766.1643189527804,3761.0,3735.99
T000051,1986-12-31,3751.0,3690.3356280960475,3666.8623401821665,3667.0,3643.016
T000051,1987-01-31,3711.0,3663.4600725896385,3634.3510684189514,3648.0,3588.907
T000051,1987-02-28,3759.0,3705.1075243316764,3654.564620740589,3686.0,3597.4312
T000051,1987-03-31,3773.0,3732.222210417513,3674.5787768217683,3718.0,3599.3523
T000051,1987-04-30,3699.0,3683.9357493435464,3612.3894051991383,3647.0,3532.938
T000051,1987-05-31,3789.0,3792.9239223416007,3705.777624090135,3759.0,3569.4
T000051,1987-06-30,3882.0,3802.387864795367,3695.446292249272,3745.0,3576.843
T000051,1987-07-31,3869.0,3744.721602676863,3639.824412819814,3676.0,3515.9485
T000051,1987-08-31,3880.0,3747.4450438100207,3626.023482057302,3657.0,3522.908
T000051,1987-09-30,3923.0,3796.6603971535224,3673.7352780947576,3712.0,3511.3284
T000051,1987-10-31,3910.0,3777.7710557848254,3637.4225068856517,3667.0,3491.6836
T000052,1983-12-31,48.7,50.672587516912124,47.60896288689196,49.5,49.73513
T000052,1984-01-31,49.5,47.56083082898039,44.99671147700171,46.2,48.393654
T000052,1984-02-29,56.3,56.6357117981711,52.89170874007558,56.7,56.206818
T000052,1984-03-31,63.0,63.17578389341594,60.16298315260006,64.2,62.69899
T000052,1984-04-30,65.2,60.54014395135756,57.18323123662552,57.9,62.30039
T000052,1984-05-31,59.1,63.65369857027555,60.94776161112456,64.2,64.09614
T000052,1984-06-30,68.6,70.2278535721565,66.93452785137673,71.3,68.709625
T000052,1984-07-31,68.6,69.86357573168154,67.15359958637484,70.8,68.782616
T000052,1984-08-31,63.0,62.54501861936181,60.00453713698424,62.4,62.98272
T000052,1984-09-30,56.0,61.39324599020904,57.343106235795055,61.5,60.306034
T000052,1984-10-31,57.0,53.152538716451026,49.867867882284195,48.1,57.02555
T000052,1984-11-30,58.0,58.74175482569914,56.25635154354119,56.9,57.63681
T000053,1983-08-31,51249.3,49361.73875122619,49510.34694418397,44107.0,51165.992
T000053,1983-09-30,52534.8,62978.10802746046,54960.52487710597,51394.0,54924.984
T000053,1983-10-31,52329.8,51123.63607717112,50367.426458264614,46630.8,52484.562
T000053,1983-11-30,52330.2,53136.435998242734,49850.995344154246,46630.4,51436.59
T000053,1983-12-31,55874.6,58086.24698663261,57630.86547439966,54635.4,53362.156
T000053,1984-01-31,54860.4,55194.576851921396,58180.708127349455,55479.1,51220.49
T000053,1984-02-29,50418.3,49805.89515307112,48706.97893264771,46240.3,49167.98
T000053,1984-03-31,64303.3,55193.209776957534,58220.91671595208,55979.8,53303.867
T000053,1984-04-30,35357.2,33592.08649346713,34928.49660693115,32888.3,33270.277
T000053,1984-05-31,35357.2,34650.21959385114,34744.12428803948,32888.3,33455.527
T000053,1984-06-30,56379.9,53876.61064829735,58562.04709813447,56873.4,49781.383
T000053,1984-07-31,53066.0,51558.259112282554,51568.23526560662,50031.9,52765.17
T000054,1986-07-31,12153.0,12056.49668481129,11769.070433101375,11893.0,11674.752
T000054,1986-08-31,11963.0,12537.498990951819,12189.888908451177,12206.0,11984.607
T000054,1986-09-30,12410.0,13146.702828475227,12920.311647559374,12764.0,12448.95
T000054,1986-10-31,12392.0,12996.806979440275,12762.167509045645,12708.0,12244.837
T000054,1986-11-30,14751.0,14266.302985576505,14127.806753862773,14129.0,13484.272
T000054,1986-12-31,13427.0,13383.71881088383,13369.509164900799,13176.0,13246.115
T000054,1987-01-31,13444.0,12874.58935056291,12964.333628733824,12071.0,13356.157
T000054,1987-02-28,16833.0,15717.964309352692,15872.002623306218,15621.0,15949.523
T000054,1987-03-31,13379.0,12467.000724336176,12711.472682003356,12249.0,13362.05
T000054,1987-04-30,4178.0,3390.147859909064,3696.9030729636966,3659.0,3823.4404
T000054,1987-05-31,13750.0,11974.824221200455,12306.981169781848,12710.0,12959.709
T000054,1987-06-30,14070.0,11929.775188894017,12301.422436048098,12524.0,13225.172
T000055,1983-09-30,359.98,331.14264287795453,323.6720794895337,305.22,356.30728
T000055,1983-10-31,434.57,414.4847108732812,396.9986710142685,380.7,370.40067
T000055,1983-11-30,376.65,327.14317476511985,323.7365712364309,309.34,352.5722
T000055,1983-12-31,376.66,338.60491197684917,322.0564517391746,309.34,342.79932
T000055,1984-01-31,428.74,384.22512949497826,405.87240681264086,394.64,363.9598
T000055,1984-02-29,412.75,367.46834563765026,410.9415540146304,401.02,350.2788
T000055,1984-03-31,386.7,327.898531545767,343.1936813469442,334.43,339.27216
T000055,1984-04-30,501.8,374.51081215786735,407.3009356072168,399.56,368.4816
T000055,1984-05-31,268.84,217.61040249005765,241.627547110949,234.79,235.27028
T000055,1984-06-30,268.84,223.12274284643433,240.8195865392371,234.78,233.78668
T000055,1984-07-31,417.37,391.89079533205336,426.9047501630407,421.57,361.6612
T000055,1984-08-31,402.79,360.62514109949666,375.532170132371,370.82,366.7443
T000056,1985-06-30,729.83,839.4825657279338,820.7264683985574,768.92,821.41077
T000056,1985-07-31,753.23,811.9507411490059,792.082882781575,743.87,793.4995
T000056,1985-08-31,833.32,818.7328719392845,789.6461523282759,706.87,843.18604
T000056,1985-09-30,688.85,712.068741081253,673.8981283789205,633.29,719.05597
T000056,1985-10-31,301.7,350.66517034674666,299.773456985771,267.05,401.24152
T000056,1985-11-30,747.8,715.933241800349,656.4230904357407,587.85,733.9386
T000056,1985-12-31,773.97,793.8289983589021,726.536499008845,616.82,780.85547
T000056,1986-01-31,842.37,775.9162841606804,706.0977120632627,722.39,789.9542
T000056,1986-02-28,893.91,790.5996636040879,714.6159360890402,760.35,821.01306
T000056,1986-03-31,890.31,812.3910694275837,731.837968150023,753.28,835.2522
T000056,1986-04-30,1009.55,820.667898831549,734.2046789004595,790.33,857.16846
T000056,1986-05-31,1059.24,909.2464609228709,825.7076024690455,906.79,906.3888
T000057,1904-01-31,14916.0,12661.841065646295,12419.716365510201,13180.0,14873.096
T000057,1904-02-29,15032.0,16791.721122365067,16505.400354077243,15945.0,14643.697
T000057,1904-03-31,12227.0,16027.608313484194,15951.400748269933,15181.0,13374.804
T000057,1904-04-30,10686.0,12124.16983324889,12342.6123786421,12710.0,12281.076
T000057,1904-05-31,9771.0,9385.51340888764,9726.90223951416,10468.0,10801.109
T000057,1904-06-30,8887.0,8824.723333660062,9099.578754569058,9565.0,9499.043
T000057,1904-07-31,8436.0,7475.550485137073,7626.671157119699,8733.0,8650.606
T000057,1904-08-31,8898.0,8626.955896604402,8598.15934821284,8998.0,8690.604
T000057,1904-09-30,10122.0,9430.533258661066,9375.783245159455,10187.0,9411.675
T000057,1904-10-31,11434.0,9750.800293732504,9802.601737768844,11061.0,10345.321
T000057,1904-11-30,11656.0,10388.182233959164,10531.89601514702,11511.0,11423.46
T000057,1904-12-31,12954.0,12340.844263305533,12448.993411835709,12954.0,12781.884
T000058,1981-12-31,89.0,86.13586490957826,86.13586490957826,104.3,89.62508
T000058,1982-01-31,83.3,86.13586490957826,86.13586490957826,106.2,92.82413
T000058,1982-02-28,78.3,86.13586490957826,86.13586490957826,108.6,96.422646
T000058,1982-03-31,70.8,86.13586490957826,86.13586490957826,100.4,100.28227
T000058,1982-04-30,66.9,86.13586490957826,86.13586490957826,97.5,101.6702
T000058,1982-05-31,71.8,86.13586490957826,86.13586490957826,99.2,101.81076
T000058,1982-06-30,73.9,86.13586490957826,86.13586490957826,94.7,102.07796
T000058,1982-07-31,75.3,86.13586490957826,86.13586490957826,93.6,102.63964
T000058,1982-08-31,78.9,86.13586490957826,86.13586490957826,91.8,102.86683
T000058,1982-09-30,87.0,86.13586490957826,86.13586490957826,86.4,103.24347
T000058,1982-10-31,90.4,86.13586490957826,86.13586490957826,83.1,103.757835
T000058,1982-11-30,84.9,86.13586490957826,86.13586490957826,85.2,104.319855
T000059,1983-12-31,36.8,34.53728285898476,33.43734998861895,32.9,35.342316
T000059,1984-01-31,35.6,32.73190693531653,30.90439447582976,28.8,31.703678
T000059,1984-02-29,40.4,38.596645838611764,36.54231730784596,38.5,37.865047
T000059,1984-03-31,39.9,40.35580733252631,38.45287273779753,38.4,39.28944
T000059,1984-04-30,40.2,40.1669064019034,37.96405244097356,37.2,39.00819
T000059,1984-05-31,37.0,40.83209836496214,38.7347878050155,38.3,39.91191
T000059,1984-06-30,35.1,37.477133647589426,35.520242597038866,36.7,36.10329
T000059,1984-07-31,28.6,29.759162216941377,27.817584495959846,29.3,30.06626
T000059,1984-08-31,36.9,38.47651907182571,36.58193790144954,38.2,37.595093
T000059,1984-09-30,37.3,40.40053459824423,38.42134260854131,39.0,38.992924
T000059,1984-10-31,35.7,38.499356464981226,36.365529912166615,37.7,38.302402
T000059,1984-11-30,38.5,41.789364880331995,39.70166515872601,41.8,40.031105
T000060,1985-06-30,109000.0,119668.8707649394,120621.47007254759,114000.0,123073.625
T000060,1985-07-31,111000.0,110587.71931075354,116987.4927766886,115000.0,118164.77
T000060,1985-08-31,100000.0,114576.66108110831,115849.79680884043,118000.0,113264.49
T000060,1985-09-30,111000.0,109988.7778138142,108952.42387354648,105000.0,111824.72
T000060,1985-10-31,106000.0,116914.27459595626,116061.86805214136,118000.0,111976.67
T000060,1985-11-30,137000.0,125714.2567090015,128767.41420193184,135000.0,121901.0
T000060,1985-12-31,116000.0,116402.89403753592,112235.6460546663,110000.0,109756.19
T000060,1986-01-31,104000.0,110975.8854351725,108511.12218596724,103000.0,108919.27
T000060,1986-02-28,109000.0,113248.96196628815,111442.81003888823,112000.0,103724.39
T000060,1986-03-31,91000.0,107273.56425764803,103454.67298192602,96000.0,98933.17
T000060,1986-04-30,62000.0,64085.051375899355,61009.197384130865,55000.0,54828.996
T000060,1986-05-31,109000.0,116719.41730050999,115179.85158621235,117000.0,101490.68
T000061,1985-11-30,3432.75,3381.131875464955,3317.8034887802737,3349.94,3619.843
T000061,1985-12-31,3396.32,3229.3417314525145,3213.337911922186,3422.81,3306.8823
T000061,1986-01-31,2621.47,2361.1905984440928,2286.2193494961525,2452.54,2542.68
T000061,1986-02-28,3325.68,3090.2554312329103,3029.6251683883975,2907.92,3311.4976
T000061,1986-03-31,3285.03,3247.5035395294935,3272.3434708497252,3128.84,3371.0154
T000061,1986-04-30,3703.81,3408.8328889165045,3474.8379662232423,3253.35,3498.994
T000061,1986-05-31,4060.73,3380.19279330041,3393.8389849977543,3513.84,3555.8462
T000061,1986-06-30,3828.9,3651.4618133903355,3946.0464912805214,3649.38,3611.5527
T000061,1986-07-31,4597.01,3307.5502192873673,3396.777687013395,3365.69,3553.5283
T000061,1986-08-31,4004.96,3724.091099843934,4006.3889519261784,3741.97,3596.844
T000061,1986-09-30,3837.53,3484.6751667080844,3533.496097558436,3505.97,3569.659
T000061,1986-10-31,3785.53,3607.859721789386,3702.4205005605086,3575.99,3584.2754
T000062,1987-08-31,622.76,609.7149488354054,621.9245440671183,616.66,619.15216
T000062,1987-09-30,622.76,594.4224656632947,630.8367568075994,634.97,619.4359
T000062,1987-10-31,683.82,589.8100053170713,636.6980456681973,665.5,620.6031
T000062,1987-11-30,714.34,578.8310281488243,639.6646275184194,665.5,617.1028
T000062,1987-12-31,885.3,578.4025328300163,640.328147861837,683.82,613.1166
T000062,1988-01-31,909.72,570.5503983528197,639.4493047038659,683.82,611.1266
T000062,1988-02-29,1214.99,565.9861040700011,637.7636801262554,683.82,610.8744
T000062,1988-03-31,1233.31,554.9627215602126,635.8655583574149,683.82,610.5827
T000062,1988-04-30,1288.26,545.95475173346,634.1599876149429,628.87,611.4051
T000062,1988-05-31,1245.52,538.385447323566,632.8653775458808,604.44,614.127
T000062,1988-06-30,1239.41,541.4204935920005,632.0470082295035,598.34,620.4084
T000062,1988-07-31,1184.47,554.2343650921847,631.6639918239816,610.55,627.1526
T000063,1987-12-31,3076.9,3108.2619029897833,3003.0846960266226,2286.35,3055.9326
T000063,1988-01-31,3253.21,2920.9762191919426,2710.118171938603,1910.98,2955.1436
T000063,1988-02-29,3139.46,3235.6461347744726,2898.888124177285,2053.16,3162.1035
T000063,1988-03-31,3065.53,3105.2814772049896,2924.4512949362397,2127.1,3051.122
T000063,1988-04-30,3065.53,3195.349822237144,3014.80698437679,2337.54,3181.5806
T000063,1988-05-31,3093.96,3117.695977628434,2979.576893231654,2377.35,3122.1653
T000063,1988-06-30,2735.66,2987.753227013627,3019.6736628075837,2434.22,3048.3186
T000063,1988-07-31,2894.9,3194.5662601666872,3141.250074071103,2621.91,3213.9219
T000063,1988-08-31,2758.41,3079.347085937743,3087.1123696276004,2644.66,3125.7776
T000063,1988-09-30,2906.28,3355.715505838542,3369.5379087692745,3002.97,3287.9224
T000063,1988-10-31,2855.09,3149.636214918273,3179.0070858567597,2883.53,3181.9058
T000063,1988-11-30,2729.97,2980.198624657111,2996.415281428544,2917.65,3159.8142
T000064,1987-12-31,12046.8,10632.426757198346,10435.412378915446,8556.96,11027.725
T000064,1988-01-31,10413.2,10816.672324984258,10626.853414970625,7879.84,11272.078
T000064,1988-02-29,13298.7,11741.257014693412,11334.826869999131,7075.9,12039.076
T000064,1988-03-31,11648.1,10141.675485150176,9625.477288837003,7457.92,11948.463
T000064,1988-04-30,9690.65,10811.874503897281,10343.337887290667,6032.53,11926.791
T000064,1988-05-31,12288.1,10815.759196914125,10496.959078708018,6213.18,11807.877
T000064,1988-06-30,11119.4,9872.051283133791,9568.492595296655,6698.51,12287.467
T000064,1988-07-31,5614.01,5328.453742153727,4963.245970343308,3381.89,7164.0737
T000064,1988-08-31,10915.6,8916.802760778919,8580.061454165188,7142.71,11658.727
T000064,1988-09-30,10813.8,8807.966216410854,8604.108027438244,8897.22,12284.725
T000064,1988-10-31,10729.7,9098.687483920034,8907.048327974646,10963.8,12532.92
T000064,1988-11-30,11785.7,9058.904872650359,8825.958776029667,9372.66,12779.152
T000065,1987-08-31,8844.01,9331.060029537855,9426.998136712718,8850.42,9303.794
T000065,1987-09-30,9645.93,9461.840437290877,9487.830394045965,9099.42,9441.518
T000065,1987-10-31,8587.69,9051.962250557588,9141.306178728457,8689.3,9044.581
T000065,1987-11-30,7324.39,7546.47732698614,7589.053550938032,7056.17,7325.081
T000065,1987-12-31,9437.21,9520.611280726505,9584.070999360645,9292.57,9428.964
T000065,1988-01-31,9632.2,10074.882643849654,9996.352992247568,9527.84,10227.582
T000065,1988-02-29,9900.42,9993.948714661568,10008.723289342279,9743.88,10113.806
T000065,1988-03-31,9949.86,10402.812884259043,10368.820667899214,10251.0,10596.059
T000065,1988-04-30,10617.2,10513.612987140925,10496.365775612452,10349.0,10696.356
T000065,1988-05-31,9789.65,9780.896215750054,9628.667721185619,9444.54,9830.9375
T000065,1988-06-30,10423.1,10445.29027162764,10321.232958645889,10276.7,10611.25
T000065,1988-07-31,10015.8,9811.555151023347,9657.317858343979,9368.55,10046.592
T000066,1984-06-30,25033.7,26077.93015190159,26054.468475824375,28410.1,23507.963
T000066,1984-07-31,24483.3,25647.36514661392,25792.85201292328,28966.3,22064.588
T000066,1984-08-31,27235.1,24030.05374047461,24307.117235491107,25553.8,22859.418
T000066,1984-09-30,18839.3,22741.111678118716,22665.86680218096,21607.2,21335.598
T000066,1984-10-31,14577.0,21314.016880986965,20548.47146225796,16097.1,18644.38
T000066,1984-11-30,23276.6,23346.84671354476,22930.999987427924,25013.8,21827.143
T000066,1984-12-31,24211.1,21967.31580338401,21484.204161960304,21594.0,23108.586
T000066,1985-01-31,26826.7,21558.857851966244,20965.479026541536,21125.3,22369.87
T000066,1985-02-28,24715.1,21845.088392597383,21336.364087481656,23484.9,22312.49
T000066,1985-03-31,29435.0,21776.120136624093,20885.000767229132,23172.9,23586.78
T000066,1985-04-30,27360.9,20783.233608808325,20055.62657111704,21617.5,22822.883
T000066,1985-05-31,31969.7,21649.017942446768,21411.167561764825,27054.8,23573.014
T000067,1984-06-30,644.76,536.8543912851708,517.0486057388968,560.5,516.2845
T000067,1984-07-31,514.79,522.4174068705847,535.3738272509925,607.96,531.6451
T000067,1984-08-31,602.28,506.2667204938873,492.81773239794245,506.11,506.0954
T000067,1984-09-30,502.14,498.422035744691,503.8082951922462,567.84,508.15204
T000067,1984-10-31,394.72,350.13797890229677,346.526522190554,454.68,434.2339
T000067,1984-11-30,503.12,458.49362113002695,463.1174851174394,585.33,490.5166
T000067,1984-12-31,508.44,535.3963188256262,528.0466674124184,555.49,516.4795
T000067,1985-01-31,511.63,442.2970868573587,439.09568345803893,487.6,483.49423
T000067,1985-02-28,526.25,551.3545669709797,546.8343851976445,568.86,535.51337
T000067,1985-03-31,389.24,413.6946014855327,412.2872080032662,504.44,468.63736
T000067,1985-04-30,527.75,436.7153685774012,432.7109265415965,491.36,477.77698
T000067,1985-05-31,579.75,441.09017849141253,435.5474384345475,482.9,477.65472
T000068,1988-06-30,7480.31,7718.325458051321,7774.588429585008,7411.29,7722.1196
T000068,1988-07-31,7593.57,7053.0559774998765,7146.945252599957,6269.87,7163.7485
T000068,1988-08-31,7531.63,7237.406744602553,7295.82852501171,7023.74,7142.94
T000068,1988-09-30,7190.09,7145.951928081211,7191.8430628405695,6837.93,7083.1494
T000068,1988-10-31,7651.97,7227.3096859668385,7198.960313621013,6721.13,7000.3877
T000068,1988-11-30,8182.86,7683.910600058209,7680.3454501768,7174.16,7691.4434
T000068,1988-12-31,7381.21,7592.199218571057,7584.13011577908,7296.27,7740.339
T000068,1989-01-31,7101.61,7186.185733765552,7156.339443416836,6763.6,7208.208
T000068,1989-02-28,8526.17,7571.11865259365,7552.3067507861,7471.46,7676.6797
T000068,1989-03-31,6901.63,7286.772154658155,7226.272093133366,7032.59,7305.8027
T000068,1989-04-30,4565.7,5011.528785030506,4945.447017711569,4491.37,4851.169
T000068,1989-05-31,7933.34,7400.853998391939,7422.840105752596,7699.75,7477.0615
T000069,1986-10-31,16699.3,15610.762112381315,15617.628892616027,13414.7,15577.6875
T000069,1986-11-30,11709.3,12286.409957461598,12595.779214221848,10538.6,11095.277
T000069,1986-12-31,13390.8,13551.5424127784,13434.829975701008,11090.6,12734.643
T000069,1987-01-31,18902.5,17439.28214704738,17352.71622329542,15440.0,17629.865
T000069,1987-02-28,17684.0,16776.329704737676,16655.92370191937,14152.1,17235.627
T000069,1987-03-31,18696.0,19454.788005555187,19432.917072040495,17947.5,18863.764
T000069,1987-04-30,19908.5,17242.235175337068,17177.889097200466,15387.0,16855.04
T000069,1987-05-31,9193.3,10021.494043449902,9895.019595546093,7594.18,8315.074
T000069,1987-06-30,6551.01,7305.703314788296,7148.500540567778,4600.6,5860.0366
T000069,1987-07-31,18716.3,16692.531637464424,16654.271713995586,14985.6,15643.865
T000069,1987-08-31,21230.0,21426.094400678176,21406.15656084338,19687.1,20617.473
T000069,1987-09-30,19398.5,19821.919139957143,19828.56401110441,18467.7,18914.879
T000070,1988-02-29,47161.0,42847.63956058626,41948.04402759788,43587.2,46113.887
T000070,1988-03-31,59913.5,55999.713569839805,55636.075323936704,58674.6,58944.69
T000070,1988-04-30,62743.0,61075.51136873965,60182.502963567895,60791.4,61994.45
T000070,1988-05-31,61697.4,57588.21356064246,56762.07447190569,61971.7,59189.21
T000070,1988-06-30,63034.8,61106.679764189095,60359.16138580014,64769.5,60476.977
T000070,1988-07-31,58326.5,56241.71478416336,55545.382743817274,59765.8,56607.504
T000070,1988-08-31,58386.2,53101.57742729532,52415.55478346916,52244.4,53154.71
T000070,1988-09-30,64752.0,61743.18026482626,61153.878828206354,64659.4,59762.88
T000070,1988-10-31,61645.9,58959.870034457796,58384.759974161585,60962.5,57393.184
T000070,1988-11-30,62235.4,57304.65952472085,56721.79289621583,55902.5,56023.39
T000070,1988-12-31,64318.3,59383.77635587913,58863.01659606352,62172.1,57874.41
T000070,1989-01-31,52842.2,52101.08149663816,51557.470437853975,48641.3,50862.188
T000071,1986-04-30,1293.29,916.551492159631,975.3365542573374,974.48,851.7538
T000071,1986-05-31,994.53,875.4322030806522,852.9484723305659,775.97,940.0897
T000071,1986-06-30,1285.27,1084.9417496356875,1153.2046021711608,1257.2,973.2981
T000071,1986-07-31,1181.0,1033.5162172130185,1031.0286221024478,1024.61,990.78864
T000071,1986-08-31,1098.79,890.7443170989229,942.6038386956074,844.15,948.60266
T000071,1986-09-30,1391.54,982.8754083230098,939.4403696457591,954.43,953.7356
T000071,1986-10-31,1297.3,913.4627370397283,927.6548152791404,830.11,986.4144
T000071,1986-11-30,1259.2,1023.2915793982589,968.6953951849902,1038.64,1001.219
T000071,1986-12-31,1281.26,959.8431815374096,999.493184810501,908.31,1040.0425
T000071,1987-01-31,1525.88,1343.192713600622,1085.7586947738585,1291.28,1174.7676
T000071,1987-02-28,894.27,1010.3375291324006,967.0956108773742,870.21,1005.8248
T000071,1987-03-31,1349.43,538.2088821633816,769.4957110940924,459.17,529.424
T000072,1983-04-30,30589.3,31692.01157619452,30804.172101699634,31772.0,29601.004
T000072,1983-05-31,32453.6,34097.621266154776,32799.149655990084,29637.3,31005.643
T000072,1983-06-30,31561.2,31642.503563041595,29841.959011319217,26620.9,29799.885
T000072,1983-07-31,29891.0,30933.292087663984,28983.724256310692,27196.9,29615.725
T000072,1983-08-31,31567.3,33930.8294013057,31824.901121463816,31581.0,31250.756
T000072,1983-09-30,29718.3,29917.071772405354,27347.71158605926,27195.4,29009.188
T000072,1983-10-31,32096.0,32921.58466411404,30491.118546417143,31510.7,31954.93
T000072,1983-11-30,33856.4,32189.264988305124,29787.39816678641,30500.7,31788.162
T000072,1983-12-31,30601.5,33036.56932945503,30466.899905364262,31244.9,32674.58
T000072,1984-01-31,32791.3,33106.13215942924,30824.586139666924,34218.5,33066.86
T000072,1984-02-29,29724.4,29445.149672239324,26882.398600366367,27936.5,30856.738
T000072,1984-03-31,11093.9,13232.937351323446,10130.495095351966,12270.6,14736.42
T000073,1987-06-30,17819.8,20380.739541084753,21104.97951707547,18118.6,20733.324
T000073,1987-07-31,18413.2,21665.960850563042,21657.604242589743,20661.9,20783.723
T000073,1987-08-31,18281.6,21696.066933194263,21762.74502739253,20158.0,21041.137
T000073,1987-09-30,19027.2,19521.87850851814,19451.80343780007,18029.1,19555.354
T000073,1987-10-31,21214.3,20355.606666969295,20629.91814337049,17934.1,19790.408
T000073,1987-11-30,22145.5,23307.535489944523,24339.09185478372,19090.8,22289.133
T000073,1987-12-31,18021.5,21134.591550150977,22203.740327590524,16741.8,21599.896
T000073,1988-01-31,18285.9,21003.105175628683,22384.149177941203,15891.6,21438.713
T000073,1988-02-29,20384.6,21744.73439130212,21488.91971229695,20108.3,21473.053
T000073,1988-03-31,17224.1,19103.687683830918,18283.454213564877,18639.8,18189.777
T000073,1988-04-30,6824.7,8001.519334045341,6912.1418171105215,8091.46,6754.449
T000073,1988-05-31,16476.4,17914.905319266247,16872.26533335929,17893.1,17935.895
T000074,1989-02-28,187.37,190.8528294942436,186.69404204772388,187.37,183.71558
T000074,1989-03-31,182.43,175.62430635593165,174.20219852840893,174.22,178.28354
T000074,1989-04-30,189.01,201.7504300246063,194.64555287471467,195.58,189.28441
T000074,1989-05-31,180.79,190.05580811420194,185.39979453194735,180.79,184.46112
T000074,1989-06-30,167.64,180.78798826160957,178.57094455485034,174.22,184.4343
T000074,1989-07-31,172.57,181.30631853572635,179.5817049519265,182.43,183.22345
T000074,1989-08-31,166.0,173.38401093539892,175.58558001207237,189.01,181.13788
T000074,1989-09-30,190.65,175.51249244498152,174.1134120504047,170.93,185.43481
T000074,1989-10-31,182.43,180.01536614601446,179.35345453169234,185.72,185.43163
T000074,1989-11-30,203.8,185.7133752369993,182.31327967421103,185.72,188.0514
T000074,1989-12-31,169.29,181.830545804098,179.2691779674516,184.08,187.54434
T000074,1990-01-31,131.49,174.9557123962996,174.64819194912897,172.57,181.54057
T000075,1985-02-28,2163.03,2134.7715862554933,2092.4274078657095,1712.97,2041.1267
T000075,1985-03-31,2247.22,2241.728086043402,2213.846097342273,1919.63,2097.737
T000075,1985-04-30,2100.26,2174.0464720654545,2111.543966855061,1769.61,2056.3252
T000075,1985-05-31,1970.15,2099.489054859385,2052.270751000582,1765.02,2066.5176
T000075,1985-06-30,2290.08,2235.8173428721675,2148.516144685671,1867.58,2060.9678
T000075,1985-07-31,1804.82,2063.7321532603182,1980.388952148071,1685.42,2006.1495
T000075,1985-08-31,1397.62,1423.7054556490903,1336.425492723925,1059.32,1466.7058
T000075,1985-09-30,2192.11,2211.9493592679255,2077.127051115822,1976.27,2006.4866
T000075,1985-10-31,2086.49,2230.19066818523,2103.8453405101386,1896.67,2082.213
T000075,1985-11-30,2081.89,2146.8393689884797,1990.210194045854,1911.98,1967.9061
T000075,1985-12-31,2066.59,2250.7857878473615,2088.9707546762684,1985.45,2055.286
T000075,1986-01-31,2061.99,2209.354950265306,2039.155788525933,1986.98,2059.625
T000076,1984-10-31,7195.83,6891.308513831407,6813.031322016465,6571.68,6690.311
T000076,1984-11-30,6497.06,6700.033782079356,6609.500771922147,6325.19,6508.569
T000076,1984-12-31,4848.48,4542.156007277933,4545.600980263647,4129.35,4729.9873
T000076,1985-01-31,7460.42,6602.326761824022,6669.279248477268,6492.53,6673.261
T000076,1985-02-28,7109.9,7329.25848886542,7399.737765517594,7096.33,7202.06
T000076,1985-03-31,7593.84,6276.80872271354,6532.144226333617,6058.34,6605.4077
T000076,1985-04-30,7417.46,6931.667472046511,6904.15170255423,6910.9,6711.358
T000076,1985-05-31,6981.0,6741.151330020724,6717.672234593161,6696.06,6579.559
T000076,1985-06-30,7444.59,6662.540021166417,6655.178094790928,6454.09,6596.5854
T000076,1985-07-31,7955.67,7113.908009852529,7244.954027759831,7073.72,7231.2295
T000076,1985-08-31,7198.1,7105.617036259002,7164.6449595916765,7155.13,7086.6914
T000076,1985-09-30,6987.78,6643.817557991579,6811.6079934412055,6564.9,6845.1943
T000077,1982-10-31,589.95,506.2116209277085,511.2008437738525,524.74,506.02188
T000077,1982-11-30,189.4,124.8405171452994,127.0533962745991,178.54,147.27533
T000077,1982-12-31,90.04,-36.90415554154821,-27.343620163143697,77.62,-19.022766
T000077,1983-01-31,462.64,361.15610037872466,355.91802138564753,400.54,370.55408
T000077,1983-02-28,714.14,631.2534035496335,630.924771831644,667.57,622.7441
T000077,1983-03-31,628.76,544.8296808781196,540.803502807206,589.95,582.4936
T000077,1983-04-30,520.08,443.62886093493523,449.93898636552876,506.11,451.85892
T000077,1983-05-31,290.32,237.87602149930024,240.40447975190864,307.39,261.0011
T000077,1983-06-30,402.09,313.49268371756307,314.1043304081373,353.97,314.28027
T000077,1983-07-31,574.42,448.3585851839023,444.5990028961283,473.51,453.537
T000077,1983-08-31,512.32,403.9462624963853,404.6478346290875,450.22,466.95465
T000077,1983-09-30,698.62,489.631248889804,493.23686224433635,602.36,507.51526
T000078,1988-08-31,19203.9,19724.94813162737,18441.8393619079,17967.6,19382.887
T000078,1988-09-30,19238.4,20259.288324582307,19242.862433766826,19474.7,20087.316
T000078,1988-10-31,21576.1,20002.226509235134,19964.54865819038,20066.1,19745.594
T000078,1988-11-30,22023.9,22477.725607386583,20971.257929163843,21381.8,21540.145
T000078,1988-12-31,23149.2,22243.087294225174,21041.974821408654,21815.3,21530.664
T000078,1989-01-31,20735.9,19415.191536698076,18889.899723900453,17477.7,21112.555
T000078,1989-02-28,19775.2,20431.073628676422,18576.99291448344,18142.7,20077.09
T000078,1989-03-31,21889.0,21484.450063853572,20466.50959875501,21367.5,21478.92
T000078,1989-04-30,16340.9,17135.514458515212,16531.87939172477,15880.6,18464.035
T000078,1989-05-31,10582.3,10630.910502875127,8891.010307305603,9326.86,9322.887
T000078,1989-06-30,21691.9,20885.255845163112,19632.9300264417,20823.0,21269.004
T000078,1989-07-31,22324.4,20237.420316516815,19376.88112221305,19371.4,21440.734
T000079,1986-08-31,13427.7,13267.314607360786,12984.430841673544,13140.5,12834.166
T000079,1986-09-30,13347.0,13717.355503818648,13510.21261676317,14237.2,13313.98
T000079,1986-10-31,14062.4,13890.928643715484,13674.490647758143,13806.0,13517.737
T000079,1986-11-30,13540.4,14108.035634466405,13475.592143734226,13886.6,13428.721
T000079,1986-12-31,16290.8,15536.085171030145,15132.538901391104,16313.1,15396.598
T000079,1987-01-31,14201.4,14340.26566802561,13944.63677765351,13935.3,14621.312
T000079,1987-02-28,15022.1,14490.728397001933,13949.432532729672,13488.5,14914.266
T000079,1987-03-31,19274.9,17032.920499502856,16866.223627054213,17886.6,18342.408
T000079,1987-04-30,13710.2,13440.876206041365,13098.097707071995,12552.9,14524.267
T000079,1987-05-31,4734.4,3820.12526050408,3842.2693564522065,4146.68,4410.7354
T000079,1987-06-30,14719.3,13017.857222218841,13034.08802264138,14253.4,14553.201
T000079,1987-07-31,15382.4,12825.122481159102,12849.914713534701,13069.9,14656.006
T000080,1989-08-31,8251.59,7677.027970154983,7676.304776424974,7433.67,7918.734
T000080,1989-09-30,8266.07,8145.0022883733,8117.524370677919,7846.25,7948.6963
T000080,1989-10-31,9011.61,7892.825109630956,7955.154589159538,7896.92,7382.4146
T000080,1989-11-30,9416.95,9099.968631213262,9074.87373812495,8652.11,8474.348
T000080,1989-12-31,9863.3,8443.416930085008,8511.938737063758,8765.51,8250.932
T000080,1990-01-31,8852.37,8430.931691626012,8068.135976059755,7187.57,8241.37
T000080,1990-02-28,8179.21,7818.69992714746,7493.178394607261,6890.8,7689.3486
T000080,1990-03-31,9289.07,8688.448618380016,8341.39751362735,7848.66,8577.393
T000080,1990-04-30,6531.3,7101.517002577202,6548.3207800236905,5631.35,6873.6953
T000080,1990-05-31,4186.11,3896.906937165506,3532.503037293939,3566.04,3461.113
T000080,1990-06-30,9192.56,8286.947847180127,7919.569794212412,8256.42,8449.539
T000080,1990-07-31,9737.84,8478.260906198335,7937.406830475677,7814.88,8438.937
T000081,1984-12-31,148412.0,155829.52895916448,159196.72589343975,165135.0,159088.14
T000081,1985-01-31,158273.0,155164.08417881565,154748.1405035018,154056.0,156368.2
T000081,1985-02-28,162743.0,170380.67534437435,173857.55851883945,177337.0,171088.0
T000081,1985-03-31,146451.0,159279.82745028212,162653.32478610796,157377.0,164773.61
T000081,1985-04-30,192894.0,156836.74626374597,159416.8773587977,166326.0,161034.94
T000081,1985-05-31,161577.0,166426.443656858,170020.26003605587,167754.0,169905.92
T000081,1985-06-30,164628.0,134895.25414596844,138650.9494466865,134832.0,144189.4
T000081,1985-07-31,47667.8,45608.15602433392,49210.662269712244,56067.3,54769.08
T000081,1985-08-31,147947.0,152005.38094800763,155768.89817392555,161078.0,159682.66
T000081,1985-09-30,234291.0,164958.7017315564,168686.2056130853,166453.0,165578.67
T000081,1985-10-31,241178.0,160129.46865027607,163960.27659309722,165270.0,164518.02
T000081,1985-11-30,226466.0,162557.7757029386,166467.44344352628,157343.0,163943.42
T000082,1989-02-28,2759.16,2638.4955721779374,2566.358763413837,2372.32,2689.2927
T000082,1989-03-31,2577.39,2540.93994569465,2507.2703998360043,2260.46,2572.6724
T000082,1989-04-30,2773.15,2751.6181690426283,2644.9381163628195,2381.64,2770.449
T000082,1989-05-31,2633.32,2604.277991831558,2598.170600534862,2339.7,2621.215
T000082,1989-06-30,2605.36,2470.978539886323,2546.557359948545,2237.16,2507.9492
T000082,1989-07-31,2610.02,2630.6835814932333,2674.57125122902,2404.95,2712.574
T000082,1989-08-31,2628.66,2472.3953531768084,2605.8290624048473,2339.7,2528.9475
T000082,1989-09-30,3066.77,2776.427428522054,2973.360761162308,2875.68,2848.9111
T000082,1989-10-31,2871.02,2683.704468843122,2838.87343883761,2675.27,2723.9302
T000082,1989-11-30,2945.59,2712.0190596589237,2807.6958773061583,2647.31,2749.7178
T000082,1989-12-31,2945.59,2693.611636047228,2834.3175242730285,2684.59,2713.3916
T000082,1990-01-31,2670.61,2544.214616807237,2635.8360256862197,2456.22,2526.0054
T000083,1987-04-30,23420.4,22711.537490203456,22722.887177224642,21217.0,22921.965
T000083,1987-05-31,24013.4,24601.77258652751,24769.747485104646,23263.5,24902.55
T000083,1987-06-30,24557.9,23680.2153552562,24463.137402515425,22153.8,24279.504
T000083,1987-07-31,25836.1,24710.000264180355,25428.73556885946,23960.3,25818.496
T000083,1987-08-31,26082.9,24887.317212441874,25649.51170563891,23914.2,25674.797
T000083,1987-09-30,23803.4,23402.318434152534,24406.156980673648,22776.7,23627.045
T000083,1987-10-31,25900.7,24793.698651947587,26033.127433840815,24414.8,25479.707
T000083,1987-11-30,23611.9,23688.05073375252,24387.70233818013,22714.4,24802.654
T000083,1987-12-31,22289.9,23076.434711482438,24795.827040519525,22306.0,23841.547
T000083,1988-01-31,24311.0,23255.983828828357,24439.970698372483,22933.6,24223.55
T000083,1988-02-29,21643.9,22643.55437574865,23944.077090290542,21900.0,23252.309
T000083,1988-03-31,18459.9,18533.49865949574,20088.649575874766,17783.9,18658.32
T000084,1986-02-28,8500.32,8175.281067023529,8083.766915061688,7775.48,7828.7915
T000084,1986-03-31,9109.83,8403.905810037108,8322.72316380969,7627.22,8456.997
T000084,1986-04-30,8137.9,8540.270347558431,8409.971362308494,7899.03,8531.504
T000084,1986-05-31,7627.22,8231.205673397273,8068.9061508553905,7569.56,7935.1025
T000084,1986-06-30,10172.4,8919.648575294004,8744.565328490455,8566.21,9402.739
T000084,1986-07-31,8179.08,8817.976528496976,8612.334152174848,9068.65,8383.69
T000084,1986-08-31,3377.06,4183.897146304982,3946.187193530675,3245.28,4171.01
T000084,1986-09-30,9233.38,8670.568076113897,8422.569821779281,8665.05,9098.242
T000084,1986-10-31,8879.2,8985.992508651658,8717.022421390617,8920.39,9166.348
T000084,1986-11-30,8632.1,8089.169401827773,7796.853301325215,7684.88,8697.013
T000084,1986-12-31,8220.27,8196.807648125428,7890.571786601534,8039.06,8696.162
T000084,1987-01-31,8689.76,8198.731367108277,7874.353116574619,8039.06,8372.1
T000085,1984-02-29,1507.91,1679.6359114675406,1712.3439870678778,1699.33,1529.6337
T000085,1984-03-31,1542.47,1615.0019316118492,1664.3383385729092,1581.8,1589.2242
T000085,1984-04-30,1405.81,1585.47471208657,1630.6000031208168,1499.2,1616.2072
T000085,1984-05-31,1399.31,1515.3765603445072,1511.0903230974789,1206.61,1549.206
T000085,1984-06-30,1582.75,1542.9549009546506,1590.1507614764982,1400.17,1492.0453
T000085,1984-07-31,1298.34,1544.1533538279887,1593.3530441634764,1408.01,1480.3043
T000085,1984-08-31,1188.28,1544.4650225582268,1562.8414986638238,1333.31,1468.7913
T000085,1984-09-30,1660.67,1597.8877151051604,1649.9321510257505,1546.53,1591.4133
T000085,1984-10-31,2006.44,1555.1483113482925,1665.3022910143975,1584.16,1704.8577
T000085,1984-11-30,1644.43,1682.7985388033055,1772.1335457056173,1845.71,1650.833
T000085,1984-12-31,1475.61,1596.549988738392,1681.2646899183655,1623.24,1619.0112
T000085,1985-01-31,1652.55,1632.9905641902956,1682.4696304702259,1626.19,1600.3632
T000086,1986-10-31,70267.9,69636.69240515475,69510.1476081264,57102.7,72789.34
T000086,1986-11-30,39338.4,42085.78406838822,42372.61965563463,30299.0,36198.883
T000086,1986-12-31,49568.9,51537.81475643551,51838.17349419166,40089.4,45974.9
T000086,1987-01-31,82359.9,78152.7002069684,78477.76746467382,67045.1,77794.88
T000086,1987-02-28,98321.5,84875.79877710021,85144.86640990477,74019.8,90343.06
T000086,1987-03-31,111334.0,99101.11865002594,100231.8414997177,89406.1,97734.695
T000086,1987-04-30,79100.2,71875.78761251703,72132.37006072416,61597.9,79447.65
T000086,1987-05-31,32211.3,38010.7978630713,37901.53541066333,27650.5,34687.645
T000086,1987-06-30,22741.3,27614.957869034588,27439.726697207952,17464.5,22621.988
T000086,1987-07-31,81239.5,69392.24792146607,69727.73874110737,60020.9,67281.82
T000086,1987-08-31,120614.0,103047.49576642126,104207.67188355085,94762.0,101323.16
T000086,1987-09-30,110578.0,102808.81837642823,104360.73183763766,95169.2,97326.27
T000087,1985-04-30,3387.55,3167.299818081872,3149.1817053242657,3406.11,3085.304
T000087,1985-05-31,2873.18,3009.496751933144,2954.2026193519437,2876.94,2940.9429
T000087,1985-06-30,2849.96,2960.2977514903855,2886.035439053043,2820.74,2898.775
T000087,1985-07-31,3158.33,3015.788120033711,2900.2542944295087,2751.81,3036.666
T000087,1985-08-31,2565.54,2659.6617467517344,2536.016803601114,2531.29,2633.5938
T000087,1985-09-30,1548.85,1570.4645345793456,1420.60166779728,1401.28,1627.2219
T000087,1985-10-31,2902.0,2725.3674516728106,2563.627708187231,2471.65,2730.3843
T000087,1985-11-30,3015.6,3003.165714816114,2827.6127001228087,2580.71,2903.6255
T000087,1985-12-31,3173.74,2891.77643856065,2713.738627757132,2870.72,2865.1711
T000087,1986-01-31,3327.82,2990.872868756649,2800.9199052549657,3014.02,3001.8044
T000087,1986-02-28,3241.18,2958.7685575136475,2762.944507170817,2913.6,2982.5999
T000087,1986-03-31,3546.57,2934.428939139826,2725.967855987222,2884.9,3019.392
T000088,1986-10-31,11365.0,11200.339332848009,10987.373329963377,14823.0,11850.853
T000088,1986-11-30,10288.0,10643.579852795961,10960.79629498792,15291.0,11377.811
T000088,1986-12-31,8306.0,10091.199052353551,10413.713902898266,14970.0,11760.465
T000088,1987-01-31,7282.0,12535.050755684522,12493.853842933591,18560.0,13051.51
T000088,1987-02-28,9094.0,9937.514752997846,9831.538265939664,11934.0,13043.387
T000088,1987-03-31,7593.0,12856.859011602928,12580.340196652165,16687.0,13245.206
T000088,1987-04-30,7278.0,11563.647537660298,11896.973174602595,18141.0,12872.974
T000088,1987-05-31,9759.0,10280.927493548501,9628.394610547815,6944.0,13755.78
T000088,1987-06-30,4927.0,5009.35295423147,6213.310722905886,7039.0,9523.619
T000088,1987-07-31,8404.0,8545.31094118678,8993.87534424118,11483.0,13543.844
T000088,1987-08-31,11950.0,10042.814411958014,9610.952523049236,8463.0,15285.123
T000088,1987-09-30,17548.0,10198.851960049313,9896.62162862723,10019.0,15862.832
T000089,1984-10-31,3170.0,3185.1656352022533,3168.4079698013097,4519.0,3404.3923
T000089,1984-11-30,2546.0,2709.189049982908,2702.639178461911,3987.0,2767.1135
T000089,1984-12-31,1100.0,1071.0522134838643,1062.1224302349742,1846.0,1227.2722
T000089,1985-01-31,3120.0,2750.33680156116,2752.4768436612376,3508.0,3222.3872
T000089,1985-02-28,3141.0,3096.3354654071763,3118.5601035646123,4251.0,3326.1746
T000089,1985-03-31,2680.0,2790.3516516347454,2801.9260937505423,2917.0,3296.5425
T000089,1985-04-30,3098.0,2889.774853535569,2914.45606345199,2671.0,3156.3828
T000089,1985-05-31,3145.0,2724.694226390496,2763.4671892510914,3221.0,2860.1497
T000089,1985-06-30,3224.0,3413.068326822935,3459.6517864627353,3136.0,3530.8882
T000089,1985-07-31,3488.0,2862.4445652983923,2909.0292300608294,3149.0,3275.0625
T000089,1985-08-31,3598.5,3059.023338720649,3114.8830577686144,3058.0,3257.5493
T000089,1985-09-30,3041.0,2896.459164335124,2955.3541523353715,2907.0,3116.854
T000090,1989-06-30,142448.0,124965.57047969347,123689.13112937658,117213.0,132625.66
T000090,1989-07-31,116690.0,117468.06229106878,115407.87083236463,129501.0,116820.64
T000090,1989-08-31,103336.0,99271.54621008072,96157.23236263455,91070.0,105276.39
T000090,1989-09-30,91859.0,95894.19343522425,96877.97543906805,102079.0,98130.87
T000090,1989-10-31,116589.0,101292.88413620181,99421.09315051942,94260.0,104736.65
T000090,1989-11-30,102222.0,101141.7690853933,95765.04882291178,97153.0,107804.68
T000090,1989-12-31,121851.0,114478.8789838359,112049.47558418874,115050.0,117466.44
T000090,1990-01-31,124004.0,132600.49441347228,131826.757816781,133264.0,128008.27
T000090,1990-02-28,132424.0,122071.41750443866,116202.79809533947,115598.0,130483.69
T000090,1990-03-31,121735.0,122516.86298993528,119826.7564448124,98100.0,130553.195
T000090,1990-04-30,131634.0,123434.3776361034,110262.9268215521,129444.0,131138.44
T000090,1990-05-31,137109.0,127687.26384045935,122618.91860414403,134163.0,132537.31
T000091,1989-06-30,9431.0,10154.67785135089,9434.638341170803,10251.0,9958.286
T000091,1989-07-31,7463.0,8613.503046925936,9023.311737161968,11536.0,8779.74
T000091,1989-08-31,7445.0,7305.27418662827,7230.986690810986,7538.0,7635.1284
T000091,1989-09-30,6060.0,6308.131029615227,7314.389429157075,8429.0,7012.7617
T000091,1989-10-31,7339.0,7032.007917159223,7626.059824569373,7924.0,7199.675
T000091,1989-11-30,6316.0,6627.978767642151,7358.056380815835,7415.0,7296.47
T000091,1989-12-31,7787.0,7579.432090467881,8634.691604697926,8652.0,7715.3403
T000091,1990-01-31,7553.0,8396.551917454351,9770.203797109743,9655.0,8192.559
T000091,1990-02-28,8358.0,8135.783176792618,8519.037230375186,8357.0,8489.425
T000091,1990-03-31,7671.0,8328.988795740202,9011.99872107488,6421.0,8668.462
T000091,1990-04-30,8372.0,8396.0648868077,8032.708673328563,8425.0,8967.873
T000091,1990-05-31,9103.0,8799.334901614306,9006.345898572996,8818.0,9455.113
T000092,1983-02-28,1931.0,1760.121475051858,1750.9552301433232,1566.0,1653.8062
T000092,1983-03-31,1597.0,1644.6243857989036,1616.3609223864535,1311.0,1624.2437
T000092,1983-04-30,1457.0,1586.1438195754451,1585.219494317217,1252.0,1598.9641
T000092,1983-05-31,1760.0,1808.3655214616444,1757.2890799201168,1578.0,1655.6039
T000092,1983-06-30,1350.0,1682.7498527503558,1639.5850382346975,1355.0,1632.3503
T000092,1983-07-31,1449.0,1437.4387870431656,1624.8060554221786,1327.0,1392.1088
T000092,1983-08-31,1427.0,1508.823846107021,1566.7457658015683,1217.0,1444.8882
T000092,1983-09-30,1759.0,1736.990921388801,1709.7852065941631,1488.0,1650.4216
T000092,1983-10-31,1645.0,1590.443687682112,1672.8377495628656,1418.0,1547.7424
T000092,1983-11-30,1704.0,1885.3385901486092,1850.7133641278267,1755.0,1733.6809
T000092,1983-12-31,2041.0,1932.8936327282265,1792.6530745072162,1645.0,1837.6118
T000092,1984-01-31,1908.0,1919.029672970233,1809.5433405786664,1677.0,1821.5549
T000093,1982-12-31,540.2,692.5253691471246,687.5766968650391,531.8,701.6936
T000093,1983-01-31,474.1,657.6563553495381,687.5766968650391,642.2,707.6762
T000093,1983-02-28,483.7,689.019517216389,687.5766968650391,542.9,721.6259
T000093,1983-03-31,569.0,655.3822892323042,687.5766968650391,649.4,728.8029
T000093,1983-04-30,517.6,636.3369855004703,687.5766968650391,709.7,731.6793
T000093,1983-05-31,581.5,645.5280027242907,687.5766968650391,680.6,740.82416
T000093,1983-06-30,586.8,643.0960153489156,687.5766968650391,688.3,747.3369
T000093,1983-07-31,646.5,645.7806767373166,687.5766968650391,679.8,753.7242
T000093,1983-08-31,645.2,648.4021696224613,687.5766968650391,671.5,759.2828
T000093,1983-09-30,659.2,631.7888532660025,687.5766968650391,724.1,761.23413
T000093,1983-10-31,634.0,633.8102453702105,687.5766968650391,717.7,766.0948
T000093,1983-11-30,617.6,647.9915743512942,687.5766968650391,672.8,772.608
T000094,1983-02-28,759.0,717.5607015457731,702.2687767524916,680.0,670.2404
T000094,1983-03-31,623.0,665.6265579148507,641.6557250543761,574.0,654.8368
T000094,1983-04-30,672.0,634.6224849944333,602.2000593263576,505.0,628.5505
T000094,1983-05-31,733.0,684.6070639977905,640.512082569506,572.0,646.84863
T000094,1983-06-30,603.0,663.9100762586529,600.4845955990525,502.0,656.23584
T000094,1983-07-31,520.0,548.5520457895561,606.202808023403,512.0,569.35986
T000094,1983-08-31,626.0,631.2039806486737,642.7993675392463,576.0,587.9069
T000094,1983-09-30,631.0,641.6943683263977,634.2220489027205,561.0,622.518
T000094,1983-10-31,624.0,603.133090218092,629.0756577208051,552.0,593.9564
T000094,1983-11-30,662.0,697.1808701019831,708.5588104192772,691.0,671.6052
T000094,1983-12-31,942.0,893.838969255626,771.4591470871328,801.0,810.82214
T000094,1984-01-31,757.0,733.5680318615952,669.6749659336938,623.0,720.45874
T000095,1983-02-28,3013.0,2795.3265899193875,2863.4538117943403,2724.0,2761.432
T000095,1983-03-31,2433.0,2679.883037110149,2524.6475097859925,2095.0,2700.8562
T000095,1983-04-30,2491.0,2686.4068565411767,2684.6244123241154,2392.0,2715.1707
T000095,1983-05-31,3007.0,2989.06168328509,2883.922237034908,2762.0,2805.314
T000095,1983-06-30,2391.0,2695.0286454485476,2549.425077182469,2141.0,2715.426
T000095,1983-07-31,2287.0,2264.2915416289065,2554.811504877355,2151.0,2280.1602
T000095,1983-08-31,2093.0,2399.3380531608345,2542.4227211791167,2128.0,2434.289
T000095,1983-09-30,2487.0,2747.027126243657,2722.329406188319,2462.0,2711.6445
T000095,1983-10-31,2553.0,2539.2997782188195,2611.9076384431496,2257.0,2620.693
T000095,1983-11-30,2592.0,2878.778980072133,2875.842595492578,2747.0,2823.1108
T000095,1983-12-31,3087.0,3050.353150307503,2791.814323452352,2591.0,3006.8252
T000095,1984-01-31,3278.0,3120.2786511142417,2913.0089465872934,2816.0,3043.9233
T000096,1983-02-28,179.0,150.20518318244308,150.49998491109542,132.0,161.55048
T000096,1983-03-31,158.0,148.55876035065097,150.49998491109542,125.0,162.18198
T000096,1983-04-30,137.0,143.61949185527465,150.49998491109542,104.0,159.30789
T000096,1983-05-31,151.0,156.55567124792697,150.49998491109542,159.0,163.91547
T000096,1983-06-30,131.0,165.0229886685721,150.49998491109542,195.0,163.97263
T000096,1983-07-31,140.0,150.67558970581229,150.49998491109542,134.0,165.54602
T000096,1983-08-31,149.0,142.20827228516714,150.49998491109542,98.0,164.84634
T000096,1983-09-30,151.0,143.1490853319055,150.49998491109542,102.0,169.53421
T000096,1983-10-31,126.0,161.25973648161872,150.49998491109542,179.0,170.0299
T000096,1983-11-30,168.0,159.378110388142,150.49998491109542,171.0,172.01743
T000096,1983-12-31,148.0,147.38274404222804,150.49998491109542,120.0,171.8143
T000096,1984-01-31,193.0,161.96534626667244,150.49998491109542,182.0,175.38739
T000097,1986-04-30,836.0,855.7056734847241,871.603366591742,540.0,869.4489
T000097,1986-05-31,878.0,855.7056734847241,893.0460599497172,523.0,792.3784
T000097,1986-06-30,922.0,855.7056734847241,901.6236760152535,560.0,707.6695
T000097,1986-07-31,862.0,855.7056734847241,905.0549379439412,604.0,663.3089
T000097,1986-08-31,845.0,855.7056734847241,906.4275289218199,580.0,619.3035
T000097,1986-09-30,785.0,855.7056734847241,906.9765997976986,573.0,591.65717
T000097,1986-10-31,781.0,855.7056734847241,907.1962419428073,575.0,582.43243
T000097,1986-11-30,767.0,855.7056734847241,907.2841043191003,569.0,573.38214
T000097,1986-12-31,804.0,855.7056734847241,907.3192514770559,588.0,576.8854
T000097,1987-01-31,825.0,855.7056734847241,907.333311223269,602.0,587.6497
T000097,1987-02-28,872.0,855.7056734847241,907.3389354749887,684.0,612.7847
T000097,1987-03-31,822.0,855.7056734847241,907.3411853169792,818.0,626.1157
T000098,1986-12-31,804.0,760.4439805793052,761.6981959918915,588.0,758.59314
T000098,1987-01-31,825.0,758.3468959436423,759.6904012961488,602.0,766.52716
T000098,1987-02-28,872.0,757.8428145408596,758.9300488700526,684.0,774.0502
T000098,1987-03-31,822.0,757.7634663004737,758.642103188606,818.0,781.90344
T000098,1987-04-30,789.0,757.7649351778695,758.5330580766052,836.0,779.6113
T000098,1987-05-31,753.0,757.7720233234735,758.4917626614716,878.0,784.42145
T000098,1987-06-30,714.0,757.7753872466992,758.476124075938,922.0,790.1018
T000098,1987-07-31,657.0,757.7764709182637,758.4702017391191,862.0,797.0545
T000098,1987-08-31,677.0,757.7767333214754,758.4679589484704,845.0,788.7254
T000098,1987-09-30,674.0,757.776775267139,758.4671096030096,785.0,784.2365
T000098,1987-10-31,641.0,757.7767748170588,758.4667879556404,781.0,785.57056
T000098,1987-11-30,679.0,757.7767712304059,758.4666661476896,767.0,788.3943
T000099,1987-08-31,434.0,427.8124609187554,427.8124609187554,428.0,431.55524
T000099,1987-09-30,429.0,427.9774841048816,427.9774841048816,418.0,430.27795
T000099,1987-10-31,428.0,428.01100282723564,428.01100282723564,407.0,427.5425
T000099,1987-11-30,436.0,428.0178109902254,428.0178109902254,411.0,423.1939
T000099,1987-12-31,475.0,428.01919383181485,428.01919383181485,419.0,420.05
T000099,1988-01-31,512.0,428.0194747080019,428.0194747080019,427.0,417.09756
T000099,1988-02-29,610.0,428.01953175823314,428.01953175823314,442.0,415.18753
T000099,1988-03-31,639.0,428.01954334600396,428.01954334600396,434.0,412.39368
T000099,1988-04-30,613.0,428.0195456996567,428.0195456996567,424.0,408.24017
T000099,1988-05-31,678.0,428.0195461777194,428.0195461777194,413.0,405.18463
T000099,1988-06-30,795.0,428.0195462748212,428.0195462748212,423.0,401.2033
T000099,1988-07-31,844.0,428.01954629454406,428.01954629454406,427.0,398.95114
T000100,1983-12-31,15.22,14.878066856984676,15.020685343346868,14.05,14.830399
T000100,1984-01-31,15.42,14.852021078714621,14.924641217649294,14.17,14.794699
T000100,1984-02-29,15.35,14.831454776348684,14.924641217649294,14.31,14.789613
T000100,1984-03-31,15.36,14.788530070549294,14.924641217649294,14.66,14.793893
T000100,1984-04-30,15.05,14.811879960898061,14.924641217649294,14.46,14.746669
T000100,1984-05-31,14.8,14.768925265465898,14.924641217649294,14.82,14.626167
T000100,1984-06-30,15.18,14.729634384621772,14.924641217649294,15.15,14.251284
T000100,1984-07-31,15.05,14.698699783268431,14.924641217649294,15.41,14.6406
T000100,1984-08-31,14.92,14.733180634016732,14.924641217649294,15.12,14.841183
T000100,1984-09-30,14.49,14.724854619543995,14.924641217649294,15.19,14.88644
T000100,1984-10-31,14.5,14.81404238764572,14.924641217649294,14.44,14.926653
T000100,1984-11-30,14.41,14.74388068500979,14.924641217649294,15.03,14.929146
T000101,1982-07-31,11800.0,13633.075093345815,13874.394612871329,12970.0,14130.043
T000101,1982-08-31,8647.0,8409.784547193307,9005.111857390226,8833.0,9280.555
T000101,1982-09-30,12561.0,13101.67915557138,13906.473127183328,15611.0,12938.844
T000101,1982-10-31,12325.0,12650.886422112255,13279.578057242976,14041.0,13438.386
T000101,1982-11-30,12020.0,10198.164536898626,10701.606976596793,10111.0,11399.141
T000101,1982-12-31,12078.0,9018.197965050991,9709.817351810443,9821.0,9962.906
T000101,1983-01-31,11822.0,10171.643403988608,10868.569622255804,11237.0,10605.109
T000101,1983-02-28,13304.0,11769.792743655693,12522.716144186274,13387.0,11502.719
T000101,1983-03-31,18983.0,16463.63424974909,17067.056436456332,17355.0,16640.594
T000101,1983-04-30,16760.0,16599.82217521138,17244.175917766905,16650.0,16631.727
T000101,1983-05-31,16584.0,16704.418912393467,17326.712374933028,16786.0,16680.572
T000101,1983-06-30,16401.0,15964.31361693293,16614.914867568637,16349.0,16089.087
T000102,1982-07-31,379.0,488.19783710839806,453.0484101279049,487.0,437.96527
T000102,1982-08-31,256.0,331.3786606025361,329.6391909676202,338.0,394.9078
T000102,1982-09-30,390.0,429.1819633372945,420.9003647917322,368.0,428.26764
T000102,1982-10-31,413.0,389.41766565284416,390.88355652594277,344.0,410.7719
T000102,1982-11-30,420.0,412.6592211255837,378.68697858918756,448.0,369.94495
T000102,1982-12-31,432.0,524.2284254958583,489.41631696858076,530.0,378.63733
T000102,1983-01-31,291.0,399.8736941575969,387.07577993248077,411.0,397.67194
T000102,1983-02-28,295.0,413.64278483744357,394.9223408338927,428.0,412.05057
T000102,1983-03-31,752.0,584.1642612903252,563.008195736259,604.0,561.8692
T000102,1983-04-30,749.0,771.11944405488,736.975360037855,819.0,634.2366
T000102,1983-05-31,719.0,621.7721341620745,611.1453241637231,594.0,603.4802
T000102,1983-06-30,637.0,493.57907287823684,477.65408509448133,476.0,502.22815
T000103,1982-12-31,9280.0,11377.902954628391,11736.600358965698,7642.0,11663.52
T000103,1983-01-31,7680.0,9014.208497392454,9828.250227655162,6154.0,9322.043
T000103,1983-02-28,9462.0,11335.360831736638,12073.76558389698,8350.0,10787.614
T000103,1983-03-31,9516.0,12513.31644783063,13527.769734316298,9841.0,12114.75
T000103,1983-04-30,8464.0,10572.476956780129,11942.535316602552,8356.0,10752.34
T000103,1983-05-31,7695.0,9768.485729353457,10976.088467501922,7436.0,9886.244
T000103,1983-06-30,7530.0,10027.499272889749,11120.44453105749,7757.0,9923.128
T000103,1983-07-31,8130.0,10689.219329103747,11911.8971531594,8816.0,10399.481
T000103,1983-08-31,12154.0,13367.192822912046,14607.715980765182,12353.0,13193.279
T000103,1983-09-30,9929.0,13178.970331171764,14333.73319273486,11363.0,12793.176
T000103,1983-10-31,11126.0,12903.507769149388,14079.441800261398,11364.0,12610.348
T000103,1983-11-30,10992.0,13298.543765912336,14503.468351635125,12537.0,12686.437
T000104,1985-04-30,439.4,430.9688698382042,433.2299275372257,411.2,437.265
T000104,1985-05-31,326.3,340.67831500675334,340.9012342227282,308.5,333.05768
T000104,1985-06-30,347.2,352.6940748923813,353.0849572702788,340.5,364.2805
T000104,1985-07-31,397.1,428.6531082578031,428.1952120678558,407.2,447.7857
T000104,1985-08-31,258.2,298.926854083123,298.61422900013156,291.7,286.29727
T000104,1985-09-30,266.9,284.145039172846,283.1778263023387,254.9,305.40436
T000104,1985-10-31,385.1,418.25631170719424,417.2134818729196,408.7,429.77512
T000104,1985-11-30,336.6,362.4465641855545,361.3487592368416,354.1,368.2241
T000104,1985-12-31,338.7,392.5416314139969,391.61708896710996,433.2,381.29947
T000104,1986-01-31,324.7,363.27429485768664,361.9203058666603,345.0,381.122
T000104,1986-02-28,314.6,329.95526713584974,328.6281965239878,341.3,340.30548
T000104,1986-03-31,338.8,346.2821647132297,345.0916526669111,352.3,339.70712
T000105,1985-04-30,322.5,318.02054054296497,317.1907853266581,297.2,319.51324
T000105,1985-05-31,240.3,252.33778639357286,252.78203990897026,227.7,246.65521
T000105,1985-06-30,253.5,261.7956114582623,261.97567233182605,249.5,269.88538
T000105,1985-07-31,294.6,314.25509054583904,315.2928514362903,294.0,324.11212
T000105,1985-08-31,197.6,226.52591606996566,226.25625700414815,223.3,217.32741
T000105,1985-09-30,202.0,209.38813323857346,210.7137520893092,187.3,228.8697
T000105,1985-10-31,290.9,304.4177823464934,305.45077816179133,294.1,312.45233
T000105,1985-11-30,253.4,267.5222038626908,268.176385488002,261.8,270.9015
T000105,1985-12-31,251.3,290.56692718270796,290.0983314972644,316.7,279.87003
T000105,1986-01-31,240.4,267.7643358395988,268.9651446882593,253.8,278.42953
T000105,1986-02-28,235.2,244.8060440801403,245.3955558446463,256.6,246.24826
T000105,1986-03-31,251.4,255.33559004656647,255.553526327416,259.5,246.74248
T000106,1985-04-30,31.0,33.746240883530604,33.463501058763995,32.7,32.988266
T000106,1985-05-31,24.4,26.661889098993168,26.52634719986166,25.3,27.657564
T000106,1985-06-30,24.6,25.746410340180446,25.648962028523016,26.1,25.949165
T000106,1985-07-31,28.9,32.02149956126707,31.92144357035536,32.5,31.705105
T000106,1985-08-31,25.4,24.662910013209277,24.59422483550944,26.0,23.970222
T000106,1985-09-30,13.1,13.147009850319929,13.005318118173417,11.9,17.689892
T000106,1985-10-31,28.0,27.491657014432082,27.367272245812053,27.0,29.664799
T000106,1985-11-30,26.3,27.851526997361635,27.760457738259678,28.1,27.120491
T000106,1985-12-31,24.9,32.15057245539006,32.113968112941556,34.7,27.291729
T000106,1986-01-31,23.0,29.48410102094961,29.384730616201267,29.2,29.139065
T000106,1986-02-28,22.3,25.418405962063616,25.347418542152017,26.2,23.435268
T000106,1986-03-31,21.4,24.66744396272613,24.58442382631215,24.8,21.568048
T000107,1985-04-30,104.2,100.00366997165133,99.2233618544733,93.1,99.837425
T000107,1985-05-31,74.3,75.57031317533848,75.67205594334558,70.3,74.55917
T000107,1985-06-30,80.4,82.96867822244576,82.76212119835606,81.7,84.5121
T000107,1985-07-31,96.2,101.50429262782853,101.78986434518353,95.7,103.21309
T000107,1985-08-31,59.4,68.3607459658118,68.01046780880492,71.7,69.676994
T000107,1985-09-30,64.9,64.5687674148322,64.95220198538806,58.8,69.77791
T000107,1985-10-31,90.0,97.00057433179235,97.40234009345055,92.1,100.79062
T000107,1985-11-30,77.6,82.3104490118664,82.56951065852584,77.0,84.66876
T000107,1985-12-31,78.9,90.54914052323433,90.39492361694431,97.2,95.122665
T000107,1986-01-31,79.4,88.24580524650102,88.69341408361257,80.3,90.96515
T000107,1986-02-28,75.6,77.29672851588982,77.86180015503594,79.3,82.58845
T000107,1986-03-31,81.7,82.4699960401834,82.36801399872196,82.2,84.96927
T000108,1904-09-30,4523.72,4922.645618788763,4630.060436295149,4525.49,4770.5146
T000108,1904-10-31,4759.53,4914.871812981168,4808.653142361301,4829.6,4893.4707
T000108,1904-11-30,3959.9,4708.716686210615,4727.796971908144,4741.39,4861.709
T000108,1904-12-31,3810.87,4473.5601663065645,4354.542995148634,4208.4,4694.157
T000108,1905-01-31,2867.7,4515.949010563805,4527.788875281246,4629.25,4469.2075
T000108,1905-02-28,2503.51,3643.4943207737238,3565.195221426757,3607.25,3765.703
T000108,1905-03-31,2549.64,3130.936402925626,3063.871360517061,3069.89,3232.7786
T000108,1905-04-30,2569.71,2851.3795807022316,2818.8347862266837,2919.96,2875.9956
T000108,1905-05-31,2486.63,3044.5120485860425,3018.829988059648,3142.77,2964.6907
T000108,1905-06-30,2462.59,3134.998058498525,3106.312137479925,3243.69,3079.16
T000108,1905-07-31,2864.97,3191.5284537494117,3053.031951390456,2986.97,3479.9229
T000108,1905-08-31,3573.01,4059.951216678862,3918.19844976235,3754.35,4205.5156
T000109,1905-09-30,98700.0,95956.9059558458,108816.69597985657,91600.0,113342.1
T000109,1905-10-31,57300.0,107056.85475365062,108816.69597985657,167900.0,114888.57
T000109,1905-11-30,142600.0,121397.46666667533,108816.69597985657,168100.0,117182.61
T000109,1905-12-31,111500.0,119692.93378083796,108816.69597985657,151900.0,117853.19
T000109,1906-01-31,126800.0,125631.77951814135,108816.69597985657,153800.0,118917.74
T000109,1906-02-28,106300.0,130429.88527558604,108816.69597985657,210500.0,118563.66
T000109,1906-03-31,101100.0,130382.14064445638,108816.69597985657,197100.0,118611.4
T000109,1906-04-30,78500.0,112531.1088792904,108816.69597985657,104800.0,119438.09
T000109,1906-05-31,136100.0,121154.56081913036,108816.69597985657,101300.0,120387.14
T000109,1906-06-30,90200.0,120234.8286150991,108816.69597985657,123500.0,122263.266
T000109,1906-07-31,146000.0,135124.80318009638,108816.69597985657,123300.0,124540.92
T000109,1906-08-31,109700.0,120131.74234525941,108816.69597985657,89000.0,126907.67
T000110,1987-09-30,447142.0,459095.91956696,454169.8541814489,406780.0,461156.97
T000110,1987-10-31,465905.0,432579.6395607209,444681.1612597514,395422.0,441230.72
T000110,1987-11-30,506439.0,481280.2097117901,495068.4513562659,467218.0,494989.28
T000110,1987-12-31,495521.0,500784.92915017845,501665.7099898436,458362.0,507175.7
T000110,1988-01-31,495035.0,473053.49753007985,488501.6610968856,456706.0,495203.2
T000110,1988-02-29,488355.0,457397.061761728,486251.957069995,451994.0,486135.12
T000110,1988-03-31,487275.0,493592.1259198451,497209.9959307492,447979.0,516200.2
T000110,1988-04-30,484941.0,491550.91854605096,515885.0115558369,477198.0,521947.12
T000110,1988-05-31,549661.0,541011.621660169,552461.1009856731,535792.0,557034.75
T000110,1988-06-30,515831.0,493038.06575726066,493897.40483328415,431935.0,512910.88
T000110,1988-07-31,502888.0,488388.74229249015,497468.15349724115,448411.0,499193.53
T000110,1988-08-31,532410.0,487270.2682357562,505507.57399028266,481161.0,480514.75
T000111,1988-10-31,888.52,839.3634020738087,773.2815439666277,641.29,887.2555
T000111,1988-11-30,997.46,927.85185870776,844.8889534817791,854.48,928.7176
T000111,1988-12-31,1001.72,958.122713898505,873.1136160626091,973.63,955.94934
T000111,1989-01-31,1184.7,983.7314053799064,867.9742518680863,1018.74,957.583
T000111,1989-02-28,1095.34,998.488853816428,890.3277733958437,1037.04,971.5448
T000111,1989-03-31,1160.44,1027.5277838263366,902.5366305237327,1096.19,991.08344
T000111,1989-04-30,1203.42,1039.5934060003442,889.536745301052,1065.12,996.24036
T000111,1989-05-31,928.1,789.7740541245515,618.4768746760276,731.93,779.9097
T000111,1989-06-30,732.35,751.8308294190776,584.4116613521979,748.1,749.33453
T000111,1989-07-31,1046.4,951.2478040711314,772.7301113503747,843.42,919.2089
T000111,1989-08-31,1200.87,1024.6461229337815,840.8826532744081,916.61,977.0028
T000111,1989-09-30,1057.46,988.3084929674493,779.7661891397385,982.99,957.001
T000112,1987-06-30,22150.0,23837.166226000703,23943.774379240243,23179.0,24508.158
T000112,1987-07-31,23065.0,24040.14122350747,23732.053757993246,22984.0,24366.65
T000112,1987-08-31,23418.0,25545.76178539819,25438.825354594468,25967.0,24701.043
T000112,1987-09-30,20251.0,23654.701254925083,23454.73761773336,22151.0,23546.979
T000112,1987-10-31,19817.0,21558.11804715379,21607.254050389587,19910.0,22105.492
T000112,1987-11-30,24681.0,25900.849688280567,24961.698823838695,24898.0,25431.086
T000112,1987-12-31,23826.0,26975.38673619564,25915.98295723834,25485.0,26484.867
T000112,1988-01-31,23266.0,25398.68491705389,24909.590535966618,24694.0,25435.0
T000112,1988-02-29,22191.0,25383.05258131038,24297.869848637318,23950.0,25715.215
T000112,1988-03-31,22010.0,25622.445332210165,24342.911522414684,23142.0,25544.824
T000112,1988-04-30,20443.0,24308.05174812363,24249.95582248918,22535.0,24424.965
T000112,1988-05-31,22831.0,25815.453159312146,25201.7989760182,24106.0,25663.928
T000113,1987-06-30,34183.0,34426.374236919786,33510.630936613314,29001.0,34939.664
T000113,1987-07-31,36332.0,34153.71609521884,33939.56748706256,29154.0,34701.402
T000113,1987-08-31,36637.0,37080.58945438439,37386.78656371288,32629.0,35629.258
T000113,1987-09-30,33078.0,33690.28135019024,33369.808266824344,28187.0,34119.68
T000113,1987-10-31,31752.0,29979.04398061466,30883.17540576941,25123.0,31871.441
T000113,1987-11-30,40730.0,36797.29597305182,36372.99252737244,31727.0,36338.203
T000113,1987-12-31,40322.0,38661.868510927976,37020.406766820146,32693.0,37871.723
T000113,1988-01-31,40109.0,37072.392674877985,36248.83546908254,31813.0,36226.504
T000113,1988-02-29,38814.0,37661.58607059288,36783.050317005254,32370.0,37528.992
T000113,1988-03-31,38191.0,38610.10560605273,37172.16522629719,32879.0,37515.668
T000113,1988-04-30,35398.0,38556.900520100324,37465.16416148055,33301.0,36236.625
T000113,1988-05-31,40008.0,41011.43126010539,39683.77744903849,36083.0,38279.254
T000114,1987-06-30,7830.0,9077.008077919656,8989.828887286378,9057.0,9575.689
T000114,1987-07-31,8163.0,9494.756536395065,9150.736642433538,9027.0,9672.707
T000114,1987-08-31,8242.0,10299.171171325928,9543.304474202558,10954.0,9664.071
T000114,1987-09-30,6521.0,9121.268911420542,8794.911196119781,8898.0,9569.911
T000114,1987-10-31,6300.0,8788.420925802793,8924.93632740152,8419.0,9492.982
T000114,1987-11-30,8272.0,10903.654902643677,9910.804892221227,11012.0,9654.143
T000114,1987-12-31,7800.0,11202.105590995841,10297.637643652743,10672.0,9812.529
T000114,1988-01-31,7775.0,10769.993844575447,9897.406844615136,10870.0,9832.686
T000114,1988-02-29,6768.0,10239.676546388147,9356.2548282598,9687.0,9829.979
T000114,1988-03-31,6430.0,10263.713595017047,9336.494900174182,9029.0,9782.197
T000114,1988-04-30,5953.0,9934.777188920465,9731.219012365462,9010.0,9685.563
T000114,1988-05-31,6727.0,10663.300794800933,10052.591757053839,9323.0,9624.807
T000115,1986-09-30,1186.0,1195.6351459834123,1214.7906467010757,978.0,1151.504
T000115,1986-10-31,1033.0,1186.3735481373883,1207.6450087762655,833.0,1163.6316
T000115,1986-11-30,1173.0,1287.419192662413,1286.2730087289442,1027.0,1209.9669
T000115,1986-12-31,1127.0,1206.7991642890477,1230.226007315733,819.0,1124.477
T000115,1987-01-31,1073.0,1195.6202934244504,1231.2971078866806,809.0,1102.3702
T000115,1987-02-28,1278.0,1262.327156669148,1296.127280364615,901.0,1247.196
T000115,1987-03-31,1395.0,1360.924047261104,1406.8315872158375,1130.0,1346.7703
T000115,1987-04-30,1284.0,1346.6880836192393,1402.4500372742223,1077.0,1349.1733
T000115,1987-05-31,1413.0,1326.86345926724,1397.711866204417,1039.0,1305.8027
T000115,1987-06-30,1503.0,1320.8886295224574,1400.6098776975164,1010.0,1336.5867
T000115,1987-07-31,1223.0,1357.8812961451795,1451.2838589751998,1098.0,1317.3585
T000115,1987-08-31,1631.0,1402.473347387452,1502.0887466875859,1183.0,1347.5483
T000116,1987-06-30,1129.0,1297.304903277072,1272.8156372046572,1593.0,1194.0193
T000116,1987-07-31,1307.0,1224.2856501988235,1231.0175732118064,1479.0,1180.1124
T000116,1987-08-31,1198.0,1281.6402684892123,1312.4138030926208,1701.0,1170.6013
T000116,1987-09-30,1028.0,1236.879203400439,1281.9818793083523,1618.0,1153.2083
T000116,1987-10-31,984.0,963.6389191974147,1124.3225151247927,1188.0,1137.6467
T000116,1987-11-30,1240.0,1214.3458076589845,1199.4857003750944,1393.0,1131.7192
T000116,1987-12-31,1123.0,1202.5364158676218,1157.687636382244,1279.0,1126.3126
T000116,1988-01-31,1067.0,1104.3850721080798,1167.9538275383827,1307.0,1112.3688
T000116,1988-02-29,1121.0,1162.192240975769,1181.5198658518518,1344.0,1106.3955
T000116,1988-03-31,986.0,1149.7445673709776,1158.0542860663918,1280.0,1095.0525
T000116,1988-04-30,909.0,987.5732249859207,1123.5892157564974,1186.0,1083.2913
T000116,1988-05-31,839.0,1016.9871996147335,1131.2888591236015,1207.0,1071.4873
T000117,1987-06-30,833.0,874.8268831378772,767.7016325451686,839.0,858.3566
T000117,1987-07-31,855.0,924.0485871727534,872.8688337017635,1080.0,858.7771
T000117,1987-08-31,874.0,902.6660939631221,907.0159682181825,979.0,858.9823
T000117,1987-09-30,847.0,931.2080545130931,841.3700108447395,939.0,880.74664
T000117,1987-10-31,762.0,802.4138225425313,735.1297344343016,699.0,880.9464
T000117,1987-11-30,939.0,937.8803946499785,853.6687147301806,912.0,897.93304
T000117,1987-12-31,949.0,1046.5889512066585,888.5204926329699,1036.0,910.07196
T000117,1988-01-31,782.0,872.2445246621588,793.8674804243703,823.0,905.7201
T000117,1988-02-29,900.0,872.9186630813127,816.1897114193373,844.0,898.60535
T000117,1988-03-31,879.0,908.5878650294935,773.7257953558659,744.0,904.8579
T000117,1988-04-30,787.0,802.2681904614406,770.0731937528751,750.0,894.32275
T000117,1988-05-31,891.0,925.6824025081844,840.2884389438069,914.0,892.9769
T000118,1987-07-31,1082.0,1152.1487463412875,1119.7712457201335,1012.0,1133.6376
T000118,1987-08-31,1122.0,1186.0107685800613,1133.253941913496,1047.0,1136.3394
T000118,1987-09-30,1199.0,1174.4789814362775,1127.860863436151,1033.0,1138.3752
T000118,1987-10-31,1085.0,1140.3841139743574,1101.2806909406647,964.0,1143.0818
T000118,1987-11-30,1089.0,1053.6049436658632,1058.1360631219045,852.0,1151.5966
T000118,1987-12-31,1253.0,1208.2940129003025,1134.024381695974,1049.0,1156.315
T000118,1988-01-31,1166.0,1256.2902621981525,1152.5149364754427,1097.0,1178.9952
T000118,1988-02-29,1222.0,1192.894622296827,1122.467784958806,1019.0,1190.2113
T000118,1988-03-31,1249.0,1300.4074188201091,1190.266485816858,1195.0,1203.3678
T000118,1988-04-30,1306.0,1276.541741103133,1154.0558160403984,1101.0,1201.1771
T000118,1988-05-31,1023.0,1231.764590056453,1128.631303218629,1035.0,1205.3213
T000118,1988-06-30,1320.0,1305.0642885004404,1159.8341144089823,1116.0,1219.4882
T000119,1988-06-30,28842.0,30764.39984731495,29628.315937097817,27806.0,30974.902
T000119,1988-07-31,30362.0,30787.549246545328,29300.8781052569,27760.0,30628.457
T000119,1988-08-31,31482.0,32625.392222564773,31448.208946100054,31234.0,31097.254
T000119,1988-09-30,27745.0,30387.079516007223,29561.77015851369,27044.0,29703.924
T000119,1988-10-31,26710.0,27360.99000903164,27514.07429864101,23929.0,27417.426
T000119,1988-11-30,33298.0,32857.11701822006,30712.962637086,29948.0,31878.77
T000119,1988-12-31,32359.0,34339.567894714724,31723.128855553696,30862.0,33259.086
T000119,1989-01-31,32064.0,32676.771552570084,31211.782130624026,30193.0,31780.23
T000119,1989-02-28,31530.0,32869.47712052033,31011.722025438525,29931.0,32443.049
T000119,1989-03-31,30870.0,33295.50865214766,30793.047542985238,29292.0,32417.875
T000119,1989-04-30,28927.0,31769.452046932533,30795.6225528056,28566.0,30972.02
T000119,1989-05-31,32332.0,34022.083755832005,31949.273748591262,30951.0,32802.953
T000120,1986-01-31,7167.0,7456.919339375196,7208.855126811738,6332.0,7315.8286
T000120,1986-02-28,7878.0,7196.094258369094,6988.109966042904,6065.0,7212.6562
T000120,1986-03-31,8422.0,7698.011402310747,7640.955630737419,6946.0,7450.002
T000120,1986-04-30,6892.0,7257.504738626538,7049.071134251157,6082.0,7250.781
T000120,1986-05-31,6862.0,6358.045249191504,6372.8994778546485,5078.0,6440.004
T000120,1986-06-30,8664.0,7805.633483666393,7374.2293131612105,6572.0,7773.75
T000120,1986-07-31,8249.0,7686.241123463763,7242.824960815822,6376.0,7717.1045
T000120,1986-08-31,8187.0,7679.077864454666,7555.490237327114,6847.0,7421.4307
T000120,1986-09-30,8130.0,7698.664215817589,7639.973199097911,6973.0,7559.7017
T000120,1986-10-31,8426.0,7713.690384503107,7430.851037332898,6659.0,7477.0596
T000120,1986-11-30,7564.0,7353.454855430754,7277.56274146383,6429.0,6849.5234
T000120,1986-12-31,8408.0,8379.931507891044,8075.434716262185,7627.0,7787.6006
T000121,1987-06-30,99802.0,105133.02450905296,102121.86428818406,92221.0,102968.49
T000121,1987-07-31,105658.0,104152.87129302713,99690.96579080835,90271.0,103320.625
T000121,1987-08-31,109998.0,109500.49550913915,107382.79773076398,97639.0,103565.5
T000121,1987-09-30,96503.0,105134.91616608496,100387.58347861512,89925.0,102169.09
T000121,1987-10-31,93258.0,89993.39523285704,87714.35314517109,75838.0,94160.484
T000121,1987-11-30,117407.0,109551.44443045465,104882.88172493564,95206.0,108053.44
T000121,1987-12-31,113309.0,112529.23373552316,103160.51719309596,93193.0,109050.34
T000121,1988-01-31,113675.0,110926.24231704454,104890.44731804941,95332.0,107213.7
T000121,1988-02-29,114936.0,110266.35760312079,105221.05084729419,95657.0,107937.77
T000121,1988-03-31,114120.0,114161.10059904083,107304.07779904049,98009.0,109073.82
T000121,1988-04-30,105787.0,108416.40149446731,102426.39503265427,92451.0,103451.3
T000121,1988-05-31,116476.0,119117.04310545289,113207.1515905667,104821.0,112209.19
T000122,1987-06-30,10937.0,12057.247800714975,11997.223383146315,12044.0,11607.076
T000122,1987-07-31,12132.0,11264.14530278317,10793.71089562097,10322.0,12095.274
T000122,1987-08-31,11743.0,12310.531421106141,12105.553485101265,12199.0,11960.303
T000122,1987-09-30,10361.0,11163.886505968165,11111.013258766443,10776.0,11714.844
T000122,1987-10-31,10433.0,10110.113495953383,10167.493015932987,9426.0,11496.775
T000122,1987-11-30,12572.0,12432.096918175,11758.198254961839,11702.0,12732.234
T000122,1987-12-31,11786.0,11518.40720521398,10733.605161633062,10236.0,12520.445
T000122,1988-01-31,11384.0,11839.001869058293,11496.808202502792,11328.0,12526.682
T000122,1988-02-29,11891.0,11463.300473037198,11097.73408497842,10757.0,12369.863
T000122,1988-03-31,10963.0,12418.317814751821,11807.820430696043,11773.0,13001.615
T000122,1988-04-30,10534.0,11098.623947124363,11086.551622841134,10741.0,12463.341
T000122,1988-05-31,11135.0,12168.374969128849,11765.187293797642,11712.0,12957.68
T000123,1987-06-30,99802.0,105133.02450905296,102121.86428818406,92221.0,102968.49
T000123,1987-07-31,105658.0,104152.87129302713,99690.96579080835,90271.0,103320.625
T000123,1987-08-31,109998.0,109500.49550913915,107382.79773076398,97639.0,103565.5
T000123,1987-09-30,96503.0,105134.91616608496,100387.58347861512,89925.0,102169.09
T000123,1987-10-31,93258.0,89993.39523285704,87714.35314517109,75838.0,94160.484
T000123,1987-11-30,117407.0,109551.44443045465,104882.88172493564,95206.0,108053.44
T000123,1987-12-31,113309.0,112529.23373552316,103160.51719309596,93193.0,109050.34
T000123,1988-01-31,113675.0,110926.24231704454,104890.44731804941,95332.0,107213.7
T000123,1988-02-29,114936.0,110266.35760312079,105221.05084729419,95657.0,107937.77
T000123,1988-03-31,114120.0,114161.10059904083,107304.07779904049,98009.0,109073.82
T000123,1988-04-30,105787.0,108416.40149446731,102426.39503265427,92451.0,103451.3
T000123,1988-05-31,116476.0,119117.04310545289,113207.1515905667,104821.0,112209.19
T000124,1987-02-28,8636.0,9137.81513990916,9133.055777703365,7717.0,8560.02
T000124,1987-03-31,8627.0,9066.181749868925,9090.604900113201,7712.0,8692.067
T000124,1987-04-30,8956.0,9612.113786257083,9558.079091603984,8214.0,8763.664
T000124,1987-05-31,8583.0,9627.951083515733,9570.086581518945,8407.0,8934.037
T000124,1987-06-30,8138.0,8734.348161391074,8886.927812518936,7124.0,8914.263
T000124,1987-07-31,10226.0,9905.328693436622,9759.409379601038,8390.0,9134.466
T000124,1987-08-31,9293.0,10152.774742912656,9953.220450723962,7967.0,9213.134
T000124,1987-09-30,9266.0,9622.600201203206,9556.887081040084,8115.0,9388.008
T000124,1987-10-31,9243.0,9942.097752066387,9809.349524966168,8332.0,9434.222
T000124,1987-11-30,9713.0,10696.713403172433,10367.914766798749,9111.0,9618.03
T000124,1987-12-31,8565.0,9699.88903925143,9635.12355308302,7914.0,9681.506
T000124,1988-01-31,9713.0,10844.208457862358,10495.605431072534,9054.0,9856.308
T000125,1987-06-30,5932.0,5542.311068458682,5488.874548020316,6216.0,5640.5312
T000125,1987-07-31,5491.0,5781.446598380888,5419.43848090281,5788.0,5752.052
T000125,1987-08-31,5993.0,5623.103389710064,5618.895027649863,6368.0,5670.9727
T000125,1987-09-30,5168.0,5649.576483977514,5510.569489330343,6053.0,5742.7637
T000125,1987-10-31,5071.0,4944.470371285815,4922.172676426536,4342.0,5643.8223
T000125,1987-11-30,5934.0,6054.6782679634525,5597.917701181638,6307.0,5771.9907
T000125,1987-12-31,5494.0,5908.487040816739,5299.420662256738,5439.0,5726.204
T000125,1988-01-31,5655.0,5764.488698472852,5425.2846210660855,5805.0,5838.38
T000125,1988-02-29,5708.0,5698.51891040799,5334.153612638553,5540.0,5744.258
T000125,1988-03-31,5802.0,5948.304155936628,5260.217134103007,5325.0,5882.1
T000125,1988-04-30,4940.0,5409.525594082615,5190.407342741539,5122.0,5766.336
T000125,1988-05-31,6037.0,5806.821580727662,5437.664682588316,5841.0,5875.043
T000126,1987-06-30,2590.0,2725.0022628767915,2687.9145942930695,2876.0,2750.0044
T000126,1987-07-31,2787.0,2791.482388648066,2712.960949399279,2858.0,2756.5205
T000126,1987-08-31,2943.0,2707.880209753402,2675.873343404383,2751.0,2715.4746
T000126,1987-09-30,2420.0,2610.058359708866,2632.9424036129694,2830.0,2586.1912
T000126,1987-10-31,2339.0,2331.6260433077778,2329.4472824122486,2215.0,2419.7568
T000126,1987-11-30,3290.0,2954.5811581738344,2855.6211278882356,2833.0,2742.079
T000126,1987-12-31,3089.0,2988.080225555032,2851.0495348210866,2916.0,2852.4387
T000126,1988-01-31,3127.0,2784.069860574653,2686.568253699931,2610.0,2827.2935
T000126,1988-02-29,2642.0,2729.6476968177953,2649.8702036905875,2663.0,2736.387
T000126,1988-03-31,2690.0,2806.80415783364,2723.2502439457185,2834.0,2753.6511
T000126,1988-04-30,2611.0,2613.5500748702025,2555.5722692326945,2486.0,2703.312
T000126,1988-05-31,2855.0,2889.1723685377187,2774.3477582094797,2756.0,2775.431
T000127,1987-06-30,1859.0,1713.6809121008573,1770.7408415520758,2097.0,1759.5776
T000127,1987-07-31,1549.0,1832.179078392429,1826.002408654516,2296.0,1793.9258
T000127,1987-08-31,1830.0,1718.4479982320972,1739.5931137861087,2188.0,1763.3231
T000127,1987-09-30,1535.0,1579.0465676282993,1692.6437189369196,1848.0,1723.2786
T000127,1987-10-31,1403.0,1257.4069131289623,1428.8385770851032,1569.0,1580.9319
T000127,1987-11-30,1970.0,1688.409914613204,1679.2909159785097,2094.0,1730.1028
T000127,1987-12-31,1679.0,1823.156967723893,1836.6380437662078,2096.0,1808.9248
T000127,1988-01-31,1483.0,1572.4996587445908,1674.0462774848543,1868.0,1711.4335
T000127,1988-02-29,1741.0,1494.6893121215678,1580.2886563265515,1872.0,1633.3145
T000127,1988-03-31,1500.0,1506.3191402610496,1582.255026959797,1645.0,1630.5155
T000127,1988-04-30,1495.0,1372.5928068040098,1540.735514406346,1810.0,1581.6398
T000127,1988-05-31,1575.0,1514.1647686487327,1619.605464937027,1753.0,1620.6062
T000128,1986-06-30,17091.0,18024.793631857538,17809.94267093393,15890.0,18019.637
T000128,1986-07-31,18570.0,17893.61368746795,17694.1611578883,16041.0,18299.852
T000128,1986-08-31,19729.0,18461.415956391284,18177.628621779473,17148.0,18733.379
T000128,1986-09-30,16058.0,17830.52759129638,17784.428193985128,15402.0,18513.234
T000128,1986-10-31,16045.0,15494.73466727377,15989.611600022025,13167.0,16933.56
T000128,1986-11-30,20597.0,19543.39523648954,19030.273830847924,17057.0,20190.629
T000128,1986-12-31,19656.0,19827.01984988298,19310.402188244512,16881.0,21086.682
T000128,1987-01-31,19539.0,18924.920178181354,18571.11402817769,16808.0,20187.398
T000128,1987-02-28,18569.0,18283.926775436958,18049.471795422305,16498.0,19953.217
T000128,1987-03-31,19159.0,19269.279632118465,18851.974784042468,16654.0,20019.467
T000128,1987-04-30,17773.0,18353.161929146845,18212.69551449739,15799.0,19307.25
T000128,1987-05-31,19795.0,20267.879160076132,19585.84785013128,17958.0,20532.133
T000129,1986-01-31,11283.0,12006.3094531822,11934.759019319867,11701.0,12102.916
T000129,1986-02-28,12497.0,11737.066546451511,11637.810157680095,11142.0,12396.947
T000129,1986-03-31,13646.0,12506.258404162581,12333.992522390858,13035.0,12997.15
T000129,1986-04-30,10997.0,11899.616998266178,11777.456217586756,11399.0,12902.488
T000129,1986-05-31,11688.0,10213.059473002599,10529.333170304122,9853.0,12238.768
T000129,1986-06-30,14354.0,12590.705551570534,12102.194016677706,11808.0,13622.15
T000129,1986-07-31,12857.0,12570.615671474297,12051.711752445548,11221.0,14132.657
T000129,1986-08-31,13684.0,12335.174791288995,12028.560729000032,12102.0,14062.43
T000129,1986-09-30,13477.0,12143.85423346694,11896.518428137837,11905.0,14058.107
T000129,1986-10-31,13377.0,11736.833066465828,11337.692182962432,10560.0,13720.891
T000129,1986-11-30,12358.0,11482.389112994668,11208.129019458467,10509.0,13316.971
T000129,1986-12-31,13515.0,13159.029935359871,12164.269389871073,12059.0,13868.724
T000130,1986-01-31,1469.0,1650.4870291008974,1654.8204204524588,2216.0,1695.8828
T000130,1986-02-28,1605.0,1563.141326432812,1469.8247096444354,1840.0,1664.8851
T000130,1986-03-31,1615.0,1675.7385035103066,1572.1627624318526,2048.0,1635.5873
T000130,1986-04-30,1166.0,1596.4576851336024,1386.1830318854886,1670.0,1644.4756
T000130,1986-05-31,1281.0,1359.325709393597,1283.3529692289012,1461.0,1618.01
T000130,1986-06-30,1525.0,1897.9662104489323,1423.0837720732593,1745.0,1701.1321
T000130,1986-07-31,1461.0,1748.3585358604987,1306.9694429490744,1509.0,1676.5687
T000130,1986-08-31,1422.0,1566.0302510005308,1294.6691962198176,1484.0,1624.3983
T000130,1986-09-30,1339.0,1594.8199573166119,1336.9820449684614,1570.0,1571.3108
T000130,1986-10-31,1433.0,1724.36018212768,1369.4546963336995,1636.0,1542.8062
T000130,1986-11-30,1112.0,1362.2100113473566,1274.4967915838365,1443.0,1477.6741
T000130,1986-12-31,1403.0,1574.1345004627042,1397.007249007235,1692.0,1460.801
T000131,1983-12-31,100.0,111.11716782693368,107.68348088785201,106.0,108.48636
T000131,1984-01-31,111.0,110.26388018766625,105.70542688235756,108.0,106.79262
T000131,1984-02-29,120.0,120.97042933745732,114.83399503707531,119.0,117.01926
T000131,1984-03-31,112.0,124.44507812763455,117.9883316356772,124.0,119.24445
T000131,1984-04-30,116.0,124.51999027316538,116.43625119137923,125.0,119.53791
T000131,1984-05-31,102.0,119.05433653283683,109.51117811281438,117.0,113.80976
T000131,1984-06-30,73.0,103.9360693788142,92.08510471119028,93.0,98.723335
T000131,1984-07-31,61.0,90.59961824860486,77.14279200318137,79.0,85.06406
T000131,1984-08-31,93.0,108.76692064336355,95.5586927230369,106.0,102.33194
T000131,1984-09-30,108.0,110.58834973376233,96.78213565079183,106.0,105.680725
T000131,1984-10-31,106.0,114.43247344147757,99.15891145134644,108.0,108.94893
T000131,1984-11-30,109.0,113.59572203261885,98.11365556385967,106.0,106.66503
T000132,1980-11-30,9725.0,10535.479762633944,8105.0,8105.0,10509.5
T000132,1980-12-31,8969.0,11210.282642609942,9243.0,9243.0,10213.579
T000132,1981-01-31,8250.0,13031.280886289504,12580.0,12580.0,10041.015
T000132,1981-02-28,12162.0,12020.645960519487,10728.0,10728.0,9926.0625
T000132,1981-03-31,12164.0,11118.059477137409,9074.0,9074.0,9829.604
T000132,1981-04-30,7881.0,11186.271877634845,9199.0,9199.0,9756.848
T000132,1981-05-31,11031.0,12668.936614847122,11916.0,11916.0,9632.328
T000132,1981-06-30,9880.0,9168.821920522667,5502.0,5502.0,9430.002
T000132,1981-07-31,4663.0,9054.225087686973,5292.0,5292.0,9351.415
T000132,1981-08-31,7930.0,12028.831448579178,10743.0,10743.0,9329.138
T000132,1981-09-30,5834.0,12664.025322011306,11907.0,11907.0,9453.891
T000132,1981-10-31,5542.0,13054.74595206062,12623.0,12623.0,9526.901
T000133,1980-11-30,4590.0,4217.4640246106355,4218.177492134908,4049.0,4650.758
T000133,1980-12-31,5198.0,4353.64205951009,4218.177310753151,5294.0,4520.9727
T000133,1981-01-31,4785.0,4381.862086019374,4218.177129371402,5552.0,4458.267
T000133,1981-02-28,4889.0,4397.831558385094,4218.176947989661,5698.0,4410.4663
T000133,1981-03-31,3718.0,4173.383905683343,4218.176766607928,3646.0,4393.912
T000133,1981-04-30,4111.0,3979.015738601954,4218.176585226202,1869.0,4355.513
T000133,1981-05-31,3715.0,4185.087560088356,4218.176403844484,3753.0,4363.6064
T000133,1981-06-30,2770.0,4242.62141258403,4218.176222462775,4279.0,4374.4355
T000133,1981-07-31,895.0,3982.2971370332666,4218.176041081072,1899.0,4392.149
T000133,1981-08-31,2941.0,4323.78133378515,4218.175859699378,5021.0,4390.6406
T000133,1981-09-30,2464.0,4291.076729419739,4218.175678317692,4722.0,4414.117
T000133,1981-10-31,687.0,4362.720595170054,4218.175496936013,5377.0,4434.258
T000134,1980-11-30,20199.0,11417.613543874559,11087.512234963167,10588.0,9734.468
T000134,1980-12-31,8183.0,10415.605067347482,10257.377328058506,9237.0,9092.7295
T000134,1981-01-31,6787.0,10367.072377222308,10115.262110188994,6595.0,8536.647
T000134,1981-02-28,9188.0,9936.078660922129,9651.630530775245,5612.0,8036.1294
T000134,1981-03-31,8526.0,9964.021612766352,9366.101033674266,4974.0,7717.7603
T000134,1981-04-30,9874.0,9983.802619374583,9010.41526030558,5538.0,7619.72
T000134,1981-05-31,10935.0,9708.961553216315,8706.967852495556,3774.0,7699.9824
T000134,1981-06-30,1323.0,9479.2309757762,8394.48906077988,2671.0,7851.104
T000134,1981-07-31,7781.0,10383.472174823479,8102.750380226346,7522.0,8017.615
T000134,1981-08-31,8341.0,10930.498132906712,7816.426259506339,10560.0,8153.245
T000134,1981-09-30,4406.0,11348.536077786532,7542.560245510303,12814.0,8222.426
T000134,1981-10-31,6542.0,10934.583919999506,7277.129672465346,10570.0,8267.739
T000135,1987-12-31,17565.5,18025.192941974965,17810.595635167105,15196.2,18047.406
T000135,1988-01-31,3524.0,5330.287392880957,5068.365519723715,2654.15,4081.0654
T000135,1988-02-29,18281.6,18527.043864355815,18143.03463239881,15337.1,18973.469
T000135,1988-03-31,17526.5,18948.964264397924,18444.64803060673,15793.2,19523.805
T000135,1988-04-30,16692.7,17055.61698276622,16455.022823200976,14595.2,18285.295
T000135,1988-05-31,16324.7,16362.505915528294,15681.173399817633,14633.9,18517.48
T000135,1988-06-30,17677.1,17825.17049425505,17082.211605701268,16030.8,19146.043
T000135,1988-07-31,16952.4,17111.28191827632,16307.043186578487,15679.7,18011.73
T000135,1988-08-31,19712.4,18727.68657341109,17874.495488159726,17963.9,19877.324
T000135,1988-09-30,16513.1,17898.783019214694,16988.90212508773,16513.1,19055.191
T000135,1988-10-31,16593.3,17803.644191732445,16836.025122274787,16593.3,18917.098
T000135,1988-11-30,18649.2,19237.442760369973,18248.345807202015,18649.2,19717.055
T000136,1984-08-31,54892.2,50813.76842776801,49956.816930125024,53343.4,46245.52
T000136,1984-09-30,58457.1,52151.428762653915,50461.00944546081,56295.9,47809.926
T000136,1984-10-31,64510.5,52492.726960966946,51314.34962623443,49997.8,47051.164
T000136,1984-11-30,59913.1,53475.634221827255,51161.10723584079,58473.9,48106.484
T000136,1984-12-31,66428.7,58849.889736900855,56548.999672974154,64515.5,52897.73
T000136,1985-01-31,57854.8,53341.16334888047,51036.66650167156,51322.2,49688.605
T000136,1985-02-28,57237.3,51964.965220952356,49660.491878990084,54252.8,46909.344
T000136,1985-03-31,62727.2,54568.44662413464,52257.989486839084,61239.1,46808.297
T000136,1985-04-30,36826.5,43287.014522342884,41013.70569322236,40615.8,36075.758
T000136,1985-05-31,20059.9,23618.996742158066,21337.510271549138,22958.3,18117.41
T000136,1985-06-30,44271.7,46387.63274030138,44131.37606078792,46291.2,40673.355
T000136,1985-07-31,59955.2,54219.237522218595,51827.9227268642,51352.6,51182.566
T000137,1984-08-31,1599.59,1670.1261224618675,1650.0427649942644,1312.02,1778.8198
T000137,1984-09-30,1861.65,1740.1848948386887,1636.7427902584463,1620.36,1830.2388
T000137,1984-10-31,1984.14,1756.3527932697177,1628.0927471006842,1671.7,1861.6779
T000137,1984-11-30,1950.7,1795.0872682159497,1653.8128056013463,1737.0,1928.7506
T000137,1984-12-31,2516.72,1897.1545818759012,1746.1566587742732,1893.68,1973.4233
T000137,1985-01-31,2223.4,1974.7162023698295,1864.5907198906057,1909.37,1986.9128
T000137,1985-02-28,2184.38,1840.1422328993888,1726.478899049932,1736.31,1924.3776
T000137,1985-03-31,2075.4,1908.2665960206086,1795.45226778785,1883.34,1916.9607
T000137,1985-04-30,1891.82,1884.657680162007,1742.7327194754344,1792.1,1888.5282
T000137,1985-05-31,1791.26,1889.5018622891862,1752.9754613422858,1933.12,1807.5518
T000137,1985-06-30,922.67,1096.684137308775,943.562600695845,1083.72,1297.852
T000137,1985-07-31,1548.47,1575.928529542253,1430.8082683609975,1559.41,1536.9032
T000138,1984-10-31,7223.07,6667.6572238464605,6400.880748881103,6448.91,6469.145
T000138,1984-11-30,5930.28,6274.031780320274,5954.94902884823,5805.83,6327.7573
T000138,1984-12-31,4638.41,4797.279652949907,4532.68912445464,4485.53,5138.239
T000138,1985-01-31,6850.51,6750.262699134544,6445.228360255435,6672.82,6499.1094
T000138,1985-02-28,7206.77,6962.575029915653,6457.432265402235,6475.32,6818.661
T000138,1985-03-31,6727.1,6717.090327539469,6456.4791649873705,6927.33,6501.2295
T000138,1985-04-30,6433.7,6945.883589153154,6464.4513614444095,6733.96,6620.3174
T000138,1985-05-31,6645.6,6436.813446796867,6118.92642814543,6267.82,6500.426
T000138,1985-06-30,6058.81,6917.212512380418,6407.626920434759,6729.19,6603.964
T000138,1985-07-31,7409.35,7165.592306333386,6810.941126310148,7107.08,6804.5996
T000138,1985-08-31,7095.0,6814.908946916459,6267.38743013596,6433.7,6704.9746
T000138,1985-09-30,6941.32,6520.187841823607,6104.1452884987475,6256.74,6553.5874
T000139,1983-06-30,35189.2,37423.571001764125,37686.28389726815,28329.2,37604.805
T000139,1983-07-31,36600.6,39328.95839241979,38848.820301099615,31050.3,38120.58
T000139,1983-08-31,41619.8,41915.57035521029,43137.37396229215,36309.6,40144.258
T000139,1983-09-30,36347.8,41545.36363691966,40463.86134529617,36262.6,39858.23
T000139,1983-10-31,26450.3,30927.545551314957,34627.12778535966,26003.2,31446.537
T000139,1983-11-30,38006.9,35530.623166028214,36426.04601747053,28208.5,34714.35
T000139,1983-12-31,38929.1,39733.60176256378,39795.87673436827,32988.9,38782.74
T000139,1984-01-31,40767.4,38765.55657865416,38861.1843538271,30857.2,38302.31
T000139,1984-02-29,40245.2,39125.46209633328,38905.62819888123,32812.3,37436.63
T000139,1984-03-31,46077.5,38646.889919651796,39996.671997699756,35186.6,37121.15
T000139,1984-04-30,42675.5,40868.83545189348,40796.081149711514,34974.5,38767.484
T000139,1984-05-31,45005.3,42158.643381745846,42459.01851315113,40738.1,39682.766
T000140,1984-10-31,2813.01,2805.488263784235,2564.293968780131,2638.19,2472.6458
T000140,1984-11-30,3135.82,2707.0760365908704,2800.3899054407216,3089.7,2501.1396
T000140,1984-12-31,2593.97,1928.2032531933055,2101.096027178207,1752.37,2163.4524
T000140,1985-01-31,3032.06,2091.736703277241,2089.037883838318,1729.31,2369.9727
T000140,1985-02-28,3573.91,2889.8361045195443,2661.7369441222077,2824.54,2809.9365
T000140,1985-03-31,2674.67,2190.50108375799,2221.661773486888,1982.94,2569.7942
T000140,1985-04-30,2409.51,2774.500260439225,2559.253183793291,2628.55,2752.4697
T000140,1985-05-31,3093.16,3390.105240796146,2969.1882251089582,3412.51,2890.7686
T000140,1985-06-30,2719.63,2411.2711495698663,2342.232748825638,2213.52,2519.1768
T000140,1985-07-31,2059.03,2546.8095205573945,2565.2822554632353,2640.08,2604.7354
T000140,1985-08-31,2309.21,2382.969805722249,2420.6002224747767,2363.39,2509.5796
T000140,1985-09-30,2037.13,2101.216880819512,2324.1455338158044,2178.93,2348.129
T000141,1985-02-28,2733.83,2753.4154748694777,2783.372924593387,2528.28,2647.331
T000141,1985-03-31,2822.88,2874.658732193883,2903.586355343505,2601.36,2733.7915
T000141,1985-04-30,2612.54,2796.534306419209,2784.2170145246546,2427.55,2709.9666
T000141,1985-05-31,2508.65,2664.163777278031,2658.788292745155,2213.65,2670.9507
T000141,1985-06-30,2884.54,2752.2864155300954,2682.310856422175,2431.05,2655.5278
T000141,1985-07-31,2309.96,2658.942251311103,2587.7048951949077,2297.77,2582.907
T000141,1985-08-31,1920.3,2078.8660857057966,2058.9729527262957,1766.61,2162.18
T000141,1985-09-30,2865.86,2783.8889839612757,2753.336466153277,2619.19,2657.9722
T000141,1985-10-31,3033.96,2967.9246409929915,2834.290486024959,2585.54,2790.671
T000141,1985-11-30,2770.14,2774.177572105815,2775.169675813524,2785.3,2683.776
T000141,1985-12-31,2637.06,2848.411046097365,2742.7348801531043,2681.35,2704.3804
T000141,1986-01-31,2760.8,2812.021074981174,2770.5965552576226,2684.64,2707.4932
T000142,1984-08-31,24379.8,23409.995305418775,23452.455650882188,24431.5,20967.852
T000142,1984-09-30,26690.5,25856.887503810674,24114.672262087348,25622.6,21711.52
T000142,1984-10-31,29770.8,23408.57250463703,21850.41939487039,22301.2,21303.89
T000142,1984-11-30,26892.7,26101.95958875601,24589.746667849588,27042.2,21982.354
T000142,1984-12-31,29606.8,28301.21051086938,26048.817981676337,28220.7,23249.623
T000142,1985-01-31,26767.6,24361.006632399523,20937.38091131897,23204.1,19681.803
T000142,1985-02-28,25560.1,25656.22545808181,23358.18613048528,25212.9,21968.248
T000142,1985-03-31,28341.3,26612.41866155419,24802.44366216249,26318.8,22455.15
T000142,1985-04-30,16362.6,19144.577180721324,16763.16744811937,18135.7,14037.43
T000142,1985-05-31,9224.69,10956.005838634577,9263.4346977565,9838.4,6998.124
T000142,1985-06-30,19624.2,20307.40017190785,18994.857162693257,20184.5,14561.069
T000142,1985-07-31,27614.2,24636.94544741654,23473.571900651696,23378.1,20672.553
T000143,1989-02-28,2331.71,2167.2011486162023,2150.2085571050534,2061.93,2236.5342
T000143,1989-03-31,2186.12,2068.1871039323487,2071.5945245108182,1991.27,2133.7139
T000143,1989-04-30,2318.87,2161.8174874559054,2123.0403520120417,2091.91,2301.8486
T000143,1989-05-31,2241.79,2048.0272625856996,2070.9551153537604,2034.09,2194.353
T000143,1989-06-30,2173.27,1932.7386914116473,1981.6165860240244,1952.73,2111.4194
T000143,1989-07-31,2216.09,1984.8731944392212,2048.4644228085212,2051.22,2241.8647
T000143,1989-08-31,2175.41,1868.2849799579283,2007.5074858849139,2010.54,2093.7996
T000143,1989-09-30,2517.99,2090.988798680048,2279.095538505674,2361.69,2346.198
T000143,1989-10-31,2325.29,1982.36100583171,2159.489621762098,2216.09,2244.1528
T000143,1989-11-30,2462.32,2002.1293068626064,2150.364199892653,2207.53,2263.831
T000143,1989-12-31,2340.28,2002.5723943994071,2193.5471457333542,2261.06,2244.6025
T000143,1990-01-31,2128.31,1853.5188645945486,2012.769719826568,2031.95,2104.7534
T000144,1987-12-31,15993.9,17450.50676509164,17278.423585795237,15096.4,17148.764
T000144,1988-01-31,5246.52,5964.739694970021,5657.920143617436,3622.75,4679.9043
T000144,1988-02-29,18548.8,18110.933095212327,17864.515958704967,15569.2,18291.078
T000144,1988-03-31,16761.1,18468.771514225256,18164.81373897759,16337.1,18333.547
T000144,1988-04-30,15728.3,15884.727002477897,15453.496963666754,14237.9,16877.52
T000144,1988-05-31,15908.5,15537.19075271223,15035.120610935455,14817.6,17360.781
T000144,1988-06-30,16027.6,16837.40248477433,16280.461040803479,15353.3,17579.309
T000144,1988-07-31,15728.7,15953.299210820078,15323.93700068871,14737.4,16550.39
T000144,1988-08-31,18385.7,17218.671468021686,16543.169126372253,16484.3,18427.336
T000144,1988-09-30,16301.4,17099.651200636603,16419.909093892835,16301.4,17742.057
T000144,1988-10-31,16488.9,17339.3661958272,16617.972822388252,16488.9,17590.42
T000144,1988-11-30,18170.1,18479.94476819075,17763.66483183489,18170.1,18395.713
T000145,1981-07-31,1325.0,3115.807093517259,3171.82909075052,2940.0,3051.9802
T000145,1981-08-31,1797.0,2847.580755113204,2930.2067121078135,2317.0,3062.9458
T000145,1981-09-30,1823.0,2585.397577813971,2930.2067121078135,1290.0,3039.3418
T000145,1981-10-31,1160.0,3232.6117705362176,2930.2067121078135,3948.0,3054.972
T000145,1981-11-30,1429.0,2961.5698590924703,2930.2067121078135,2818.0,3060.1719
T000145,1981-12-31,1047.0,3153.638199105654,2930.2067121078135,3693.0,3119.081
T000145,1982-01-31,1281.0,3084.2939859442095,2930.2067121078135,3224.0,3087.7332
T000145,1982-02-28,1621.0,2872.041765345448,2930.2067121078135,2562.0,3102.915
T000145,1982-03-31,1527.0,3049.169082643012,2930.2067121078135,3143.0,3119.852
T000145,1982-04-30,2067.0,3234.320678541767,2930.2067121078135,4183.0,3144.9717
T000145,1982-05-31,2157.0,2868.0848119427023,2930.2067121078135,2448.0,3141.748
T000145,1982-06-30,1902.0,2890.597560082738,2930.2067121078135,2230.0,3132.2163
T000146,1983-02-28,1082.0,1079.9423528342481,1079.9423528342481,1158.0,1071.5216
T000146,1983-03-31,836.0,956.2973229408558,956.2973229408558,784.0,1064.8911
T000146,1983-04-30,1034.0,1073.9915225185232,1073.9915225185232,1140.0,1072.5726
T000146,1983-05-31,1247.0,1088.5379966236283,1088.5379966236283,1184.0,1080.3783
T000146,1983-06-30,1041.0,956.9585263092697,956.9585263092697,786.0,1055.8151
T000146,1983-07-31,838.0,969.521390309133,969.521390309133,824.0,973.76404
T000146,1983-08-31,666.0,998.2837368351361,998.2837368351361,911.0,1009.471
T000146,1983-09-30,728.0,1019.1116429401727,1019.1116429401727,974.0,1044.3278
T000146,1983-10-31,908.0,974.480415572237,974.480415572237,839.0,1061.1692
T000146,1983-11-30,888.0,1025.0624732558974,1025.0624732558974,992.0,1079.8575
T000146,1983-12-31,1046.0,1009.8547957823786,1009.8547957823786,946.0,1125.2715
T000146,1984-01-31,1370.0,1073.6609208343164,1073.6609208343164,1139.0,1162.0908
T000147,1981-12-31,804.0,748.356893300046,744.1333501477211,588.0,755.2254
T000147,1982-01-31,825.0,748.356893300046,736.756201023836,602.0,747.3337
T000147,1982-02-28,872.0,748.356893300046,729.4521870835645,684.0,752.28864
T000147,1982-03-31,822.0,748.356893300046,722.2205832832626,818.0,742.36084
T000147,1982-04-30,789.0,748.356893300046,715.0606717671852,836.0,720.07715
T000147,1982-05-31,753.0,748.356893300046,707.9717417962266,878.0,713.69037
T000147,1982-06-30,714.0,748.356893300046,700.9530896773683,922.0,734.20856
T000147,1982-07-31,657.0,748.356893300046,694.0040186938256,862.0,738.9689
T000147,1982-08-31,677.0,748.356893300046,687.1238390358873,845.0,718.30347
T000147,1982-09-30,674.0,748.356893300046,680.3118677324402,785.0,711.97723
T000147,1982-10-31,641.0,748.356893300046,673.5674285831739,781.0,716.0335
T000147,1982-11-30,679.0,748.356893300046,666.8898520914557,767.0,719.7608
T000148,1983-12-31,56.0,60.18670598311465,60.25447814447956,59.0,60.221928
T000148,1984-01-31,61.0,59.044197050810524,59.04748143416843,63.0,60.072838
T000148,1984-02-29,65.0,64.55897123182326,64.61666410034937,70.0,64.34939
T000148,1984-03-31,54.0,64.91851131718468,64.9795846925351,63.0,64.48159
T000148,1984-04-30,59.0,62.470162341608884,62.45024656249535,57.0,64.56346
T000148,1984-05-31,53.0,61.14581515012993,61.13945821319912,59.0,63.816826
T000148,1984-06-30,45.0,50.07053339662222,50.03358534676509,46.0,58.284912
T000148,1984-07-31,42.0,46.77066705571641,46.73769627519277,44.0,56.574154
T000148,1984-08-31,59.0,59.77036396770952,59.78454700546039,59.0,64.468414
T000148,1984-09-30,60.0,60.997525981364355,60.97726416320258,57.0,65.16589
T000148,1984-10-31,62.0,61.52007981662648,61.487968751470305,59.0,65.14304
T000148,1984-11-30,62.0,58.23100065562878,58.23191037180932,55.0,64.76807
T000149,1983-02-28,366.0,311.7918044186091,296.6112765931493,282.0,309.89252
T000149,1983-03-31,324.0,328.6193982220225,344.5054143724495,280.0,312.24268
T000149,1983-04-30,290.0,300.3871791484934,280.23860287590566,248.0,281.29666
T000149,1983-05-31,296.0,351.597013002163,378.3010129363415,345.0,336.3036
T000149,1983-06-30,221.0,315.02375319027465,268.06111080086123,222.0,322.9964
T000149,1983-07-31,276.0,289.67458885150944,327.5892430934599,258.0,322.13727
T000149,1983-08-31,299.0,281.74450003335716,266.2400064920576,215.0,289.95233
T000149,1983-09-30,392.0,379.7596713665185,378.0337155410549,352.0,355.23865
T000149,1983-10-31,326.0,330.9437580788986,318.29463651027646,305.0,333.2125
T000149,1983-11-30,358.0,387.8506901653326,379.6097941881435,358.0,341.00366
T000149,1983-12-31,358.0,291.7438454837966,264.2083054924707,205.0,302.2973
T000149,1984-01-31,330.0,382.01880886703015,380.8101171065412,363.0,363.2793
T000150,1982-12-31,5.4,9.318117924467655,7.293953669496346,6.6,8.222441
T000150,1983-01-31,7.5,6.904091550786573,7.231707509890139,6.2,7.7598095
T000150,1983-02-28,6.5,7.862305020604224,7.203462233506927,7.7,6.3867936
T000150,1983-03-31,9.1,7.4259149568834,7.060830354706613,6.5,6.5422
T000150,1983-04-30,6.0,7.293855289470251,6.984777376821226,6.7,6.339462
T000150,1983-05-31,5.9,7.720135408193913,7.22959500514416,8.9,5.9448595
T000150,1983-06-30,3.7,6.112525502212758,6.331547269319514,4.7,5.155532
T000150,1983-07-31,3.3,6.096387722918105,6.322563848950156,4.7,5.3003273
T000150,1983-08-31,5.7,7.542213870784899,7.126627974392335,6.6,7.5414786
T000150,1983-09-30,5.8,7.806103937859919,7.289360017904108,9.8,7.822516
T000150,1983-10-31,6.1,6.593032550357603,6.60591514093074,4.9,7.5247855
T000150,1983-11-30,5.0,7.3255597100413485,7.00264865807047,7.4,7.6657267
T000151,1983-12-31,300.0,298.31500750201184,298.21873174194167,303.0,308.23068
T000151,1984-01-31,293.0,286.07450664590914,282.5154936038897,273.0,275.5979
T000151,1984-02-29,333.0,331.2931817160728,328.45885725669126,340.0,331.1428
T000151,1984-03-31,336.0,341.2666182944498,335.48481872608573,346.0,344.7694
T000151,1984-04-30,354.0,339.79088346026737,335.40663844169654,330.0,341.01447
T000151,1984-05-31,336.0,341.4401734491971,337.24900242912474,337.0,345.27502
T000151,1984-06-30,308.0,316.45779477854825,310.89260688081987,315.0,318.36255
T000151,1984-07-31,257.0,250.48358999548654,244.13678943483896,250.0,258.71237
T000151,1984-08-31,337.0,331.1083300736717,323.75011610998354,331.0,331.55402
T000151,1984-09-30,343.0,353.4413745892418,348.38654286675444,337.0,351.6447
T000151,1984-10-31,329.0,324.82990655034064,318.840935415031,320.0,333.5479
T000151,1984-11-30,350.0,347.4676921767139,338.04637045886074,342.0,347.08612
T000152,1983-12-31,238.0,233.48382259613072,232.17289897174737,223.0,237.538
T000152,1984-01-31,245.0,229.8410712403856,223.36763035053528,212.0,231.9206
T000152,1984-02-29,279.0,269.6503832355605,258.8129649748745,266.0,258.83542
T000152,1984-03-31,302.0,297.0240556343149,289.62811857611354,291.0,284.91446
T000152,1984-04-30,304.0,286.931344183667,278.1768924755131,263.0,287.09357
T000152,1984-05-31,282.0,303.25689577235056,291.7985136236315,294.0,297.28214
T000152,1984-06-30,331.0,336.9014068068118,326.02839077858454,337.0,323.45654
T000152,1984-07-31,336.0,340.43245626876165,328.97579162722275,343.0,325.89868
T000152,1984-08-31,297.0,302.5395525060723,289.3371500416104,301.0,291.17786
T000152,1984-09-30,269.0,286.3693199229286,273.3362615045972,265.0,280.35303
T000152,1984-10-31,261.0,268.6918602906096,255.4670017477546,260.0,267.23444
T000152,1984-11-30,272.0,281.2111668277936,266.08243338162447,276.0,264.1524
T000153,1983-06-30,40.44,41.630893937127226,40.84149396048674,51.19,42.780952
T000153,1983-07-31,43.21,45.67295523790234,44.13298124659657,54.65,43.51815
T000153,1983-08-31,43.62,53.16387868124348,50.35365454289129,62.4,44.464592
T000153,1983-09-30,43.97,51.265377367161136,47.53699284775027,59.42,45.056957
T000153,1983-10-31,39.58,52.47421528099245,48.910317154676115,58.87,46.12357
T000153,1983-11-30,39.86,46.49650640910241,43.96234228771692,50.37,46.729607
T000153,1983-12-31,42.59,47.26312085947383,43.46259332718708,49.4,47.065674
T000153,1984-01-31,45.46,46.501803309876,41.99762464556123,46.36,47.08501
T000153,1984-02-29,42.83,47.99575965605428,42.5871427278574,49.12,46.89921
T000153,1984-03-31,40.89,43.58567246181531,37.57010222932691,43.9,46.564995
T000153,1984-04-30,42.41,44.49651044524125,37.940226280710526,45.11,46.2993
T000153,1984-05-31,41.97,42.66899254454895,35.993199539463845,41.59,46.326897
T000154,1983-06-30,238.14,229.16641088060453,227.8198649082309,199.7,226.44666
T000154,1983-07-31,245.02,234.28347155725353,230.6291517962655,204.12,228.76003
T000154,1983-08-31,256.87,240.14498181537385,231.99298652617145,210.0,230.85114
T000154,1983-09-30,261.37,251.74696574033098,235.7141732805733,221.51,233.17781
T000154,1983-10-31,252.79,242.71152638638227,231.68363564256677,212.01,234.79047
T000154,1983-11-30,263.23,244.15214433659028,230.69473479868435,212.42,235.85913
T000154,1983-12-31,260.12,241.1038760533677,227.93098016510336,208.62,237.55396
T000154,1984-01-31,258.53,257.8511876367163,234.67589362420003,226.59,239.51462
T000154,1984-02-29,261.3,248.09307450555528,228.59467734769552,215.18,240.20116
T000154,1984-03-31,251.1,245.55858487704387,228.95906095088023,213.32,238.69
T000154,1984-04-30,258.08,250.6927199153084,232.7802087357638,219.51,238.47305
T000154,1984-05-31,257.63,255.89773921577807,234.00455062900093,224.79,239.24191
T000155,1983-06-30,161.36,157.3833699754493,157.3833699754493,136.34,155.91869
T000155,1983-07-31,162.75,162.73937540826762,162.73937540826762,143.77,157.55399
T000155,1983-08-31,157.94,163.06677410622584,163.06677410622584,144.01,158.29074
T000155,1983-09-30,154.97,158.81139881587058,158.81139881587058,140.38,158.04506
T000155,1983-10-31,160.4,159.9559727294697,159.9559727294697,137.55,159.14992
T000155,1983-11-30,162.19,159.59641885304524,159.59641885304524,138.2,160.2089
T000155,1983-12-31,158.18,160.32107619670361,160.32107619670361,142.87,161.1344
T000155,1984-01-31,167.86,165.9348186704083,165.9348186704083,149.37,162.81908
T000155,1984-02-29,167.45,162.75083705785175,162.75083705785175,144.84,163.39308
T000155,1984-03-31,173.25,171.51763625274765,171.51763625274765,153.31,165.84705
T000155,1984-04-30,176.23,170.57979424144807,170.57979424144807,152.82,166.95876
T000155,1984-05-31,184.25,170.03558312195466,170.03558312195466,153.27,167.80063
T000156,1983-06-30,281.35,278.0668702506954,277.98636495191045,239.14,278.69888
T000156,1983-07-31,296.77,287.36516593451256,287.356099291007,253.18,290.4835
T000156,1983-08-31,306.55,293.6412961804322,294.00304273389366,260.75,299.086
T000156,1983-09-30,325.46,306.42519631364894,306.98283751479863,279.14,311.6636
T000156,1983-10-31,344.19,321.62645516238734,322.39037752489924,292.76,328.23502
T000156,1983-11-30,320.41,314.285488836268,314.65562340969643,273.4,318.3673
T000156,1983-12-31,336.35,315.7358632971078,316.13308539221777,284.29,321.02734
T000156,1984-01-31,334.2,314.58337064228743,314.89220359378584,283.66,319.85706
T000156,1984-02-29,330.82,309.88381456459376,310.3669047827919,281.42,314.68945
T000156,1984-03-31,318.92,302.9230248546734,303.31890877133384,274.43,307.81808
T000156,1984-04-30,313.32,301.59291539889057,302.26496015697194,274.43,305.48984
T000156,1984-05-31,321.52,303.66040779233066,304.483000587755,274.61,307.77325
T000157,1983-06-30,79.4,96.00122446757275,97.59673411520444,91.64,96.748726
T000157,1983-07-31,100.07,96.22238029809854,97.39856990277002,91.67,95.882324
T000157,1983-08-31,103.63,97.9787395349243,98.02774442223446,95.03,95.53804
T000157,1983-09-30,104.78,94.1917829496073,97.49962715789944,92.75,93.89245
T000157,1983-10-31,108.61,95.33000683241924,96.98072794545386,91.78,94.07028
T000157,1983-11-30,102.84,93.60352122036583,95.86524103882749,87.73,94.96895
T000157,1983-12-31,92.68,97.98298876408107,96.20491431527815,91.6,96.42168
T000157,1984-01-31,96.34,101.6894223070858,97.3697012400205,96.79,96.52013
T000157,1984-02-29,96.93,100.77420806028104,97.61602517232517,98.28,96.558464
T000157,1984-03-31,98.28,100.69735893426198,96.863118812758,96.34,97.376236
T000157,1984-04-30,106.16,102.99851922069655,96.25601617414812,95.48,98.12749
T000157,1984-05-31,105.67,102.76810488425137,96.97011125275331,98.62,97.170845
T000158,1983-06-30,401.12,404.0058102225613,404.0058102225613,328.36,406.9179
T000158,1983-07-31,406.73,410.57120235995416,410.57120235995416,336.62,410.18854
T000158,1983-08-31,415.57,411.8148306092687,411.8148306092687,338.9,411.6712
T000158,1983-09-30,417.16,407.70868658216165,407.70868658216165,331.85,407.08472
T000158,1983-10-31,441.95,424.24447168643337,424.24447168643337,350.1,420.29694
T000158,1983-11-30,427.85,414.47767458379775,414.47767458379775,339.21,411.3012
T000158,1983-12-31,439.49,417.92557523220137,417.92557523220137,344.05,416.8042
T000158,1984-01-31,463.17,437.4031331503052,437.4031331503052,364.76,433.61975
T000158,1984-02-29,463.76,441.147087937384,441.147087937384,368.63,435.17767
T000158,1984-03-31,474.86,446.6967541328381,446.6967541328381,372.88,442.17755
T000158,1984-04-30,505.69,472.4165944973469,472.4165944973469,400.16,465.44568
T000158,1984-05-31,504.9,469.2021803142744,469.2021803142744,395.87,466.8497
T000159,1983-06-30,162.47,162.71987439086053,162.93384590685912,160.53,161.24272
T000159,1983-07-31,165.16,163.0245383653223,162.39460178603485,159.29,160.8734
T000159,1983-08-31,159.39,157.32374201256738,158.95039740141533,151.37,157.94931
T000159,1983-09-30,166.89,162.09495975549117,159.44615409314088,152.51,160.11757
T000159,1983-10-31,173.6,167.3927516585734,162.81642984829256,160.26,162.08136
T000159,1983-11-30,170.11,166.3994979047906,162.10758475398325,158.63,161.92198
T000159,1983-12-31,173.25,164.16176678233052,161.11607137053215,156.35,159.49008
T000159,1984-01-31,170.18,164.29802929564144,161.53789943278986,157.32,159.72168
T000159,1984-02-29,173.95,166.2214366609444,161.79447526447237,157.91,161.38367
T000159,1984-03-31,183.55,167.5122231898419,161.6596642342663,157.6,161.68083
T000159,1984-04-30,182.52,164.15151591502553,160.48550364860054,154.9,158.97212
T000159,1984-05-31,188.74,164.93754277756761,163.22086293891076,161.19,159.12366
T000160,1983-06-30,294.59,297.7358108034027,295.03173436963726,286.26,290.3909
T000160,1983-07-31,294.45,296.2323070925023,290.4092690800295,283.97,289.9262
T000160,1983-08-31,309.24,307.2809926145501,300.56216053249733,294.0,299.93683
T000160,1983-09-30,316.81,318.8430092772393,311.663279886116,302.4,309.6742
T000160,1983-10-31,313.08,323.98839146512233,316.262819710595,313.91,313.95288
T000160,1983-11-30,312.67,323.92466817835685,315.6258449202873,315.19,314.9325
T000160,1983-12-31,309.9,320.77836271827925,310.90901097763617,313.32,311.6657
T000160,1984-01-31,317.47,325.5911908257109,318.6857226684252,319.96,315.83755
T000160,1984-02-29,304.75,311.901918594713,305.6747221706345,304.82,304.39175
T000160,1984-03-31,298.42,305.9363737810177,302.60899281372537,294.03,299.24088
T000160,1984-04-30,301.54,308.03185445852864,304.48121866792184,298.6,299.90384
T000160,1984-05-31,285.32,290.8582201032411,284.2081358719155,283.94,283.8641
T000161,1983-06-30,199.04,198.83799980600958,197.85296556782663,189.19,196.94807
T000161,1983-07-31,207.3,199.18913397864924,197.9519541812508,188.84,197.2583
T000161,1983-08-31,198.21,191.7714551634318,192.12252888381815,179.86,192.30196
T000161,1983-09-30,205.02,201.085124309952,199.58668374409743,192.51,197.46777
T000161,1983-10-31,201.18,194.7272789638409,194.68661470808388,185.49,192.763
T000161,1983-11-30,209.31,196.3857272753654,195.79219848046586,186.53,194.31604
T000161,1983-12-31,212.32,201.84420510714517,199.86368645847963,193.44,198.89807
T000161,1984-01-31,214.67,201.7995592068715,199.9330767446586,192.47,198.9682
T000161,1984-02-29,212.83,199.90240511582195,198.64585634441826,191.54,196.31573
T000161,1984-03-31,212.66,203.59402580333523,201.17851719613938,195.9,199.79309
T000161,1984-04-30,206.06,202.028026841798,199.68791866177312,192.37,199.62115
T000161,1984-05-31,206.23,202.68795793752653,199.86661702641385,190.88,200.90588
T000162,1983-06-30,381.08,375.65138989611296,375.65138989611296,341.01,379.66806
T000162,1983-07-31,385.85,376.6802995972799,376.6802995972799,341.95,382.32315
T000162,1983-08-31,409.04,393.07193295336816,393.07193295336816,357.12,397.8077
T000162,1983-09-30,407.28,392.0966961012173,392.0966961012173,356.67,398.37473
T000162,1983-10-31,420.1,401.85252095292714,401.85252095292714,366.63,406.1942
T000162,1983-11-30,436.25,407.4287949427652,407.4287949427652,372.19,410.3034
T000162,1983-12-31,462.93,421.0293547672747,421.0293547672747,388.27,421.59143
T000162,1984-01-31,458.85,418.10948348855146,418.10948348855146,386.67,422.73935
T000162,1984-02-29,430.89,396.3714982739514,396.3714982739514,363.38,404.13702
T000162,1984-03-31,443.12,408.0125568946745,408.0125568946745,376.17,411.8698
T000162,1984-04-30,457.85,423.2337002270827,423.2337002270827,392.52,425.0716
T000162,1984-05-31,436.38,402.6798117818063,402.6798117818063,367.35,409.36905
T000163,1907-05-31,4192.0,4290.516454547026,4260.629303640735,4240.0,4383.884
T000163,1907-06-30,5210.0,4608.104197733917,3869.0250856118587,3851.0,4645.909
T000163,1907-07-31,5454.0,5712.836527780441,5917.749620877811,5902.0,5603.732
T000163,1907-08-31,4639.0,4623.06533995032,4123.761408025247,4110.0,4709.616
T000163,1907-09-30,4451.0,4507.358706605764,3909.0241847284165,3897.0,4530.2383
T000163,1907-10-31,4441.0,4283.076877165815,3968.5062663731674,3958.0,4438.131
T000163,1907-11-30,4050.0,4384.914940038294,4277.179968172235,4268.0,4365.1587
T000163,1907-12-31,4526.0,4420.824784883006,3922.0211002319993,3914.0,4468.598
T000163,1908-01-31,4542.0,4339.593223603195,4212.008526361384,4205.0,4389.081
T000163,1908-02-29,4132.0,4578.957671812042,4323.123778576193,4317.0,4458.469
T000163,1908-03-31,4572.0,4325.651943677764,4223.350720267938,4218.0,4366.6636
T000163,1908-04-30,4944.0,4805.33247241749,4740.675251893828,4736.0,4567.664
T000164,1907-01-31,2516.0,2126.7925561310703,2212.5889360639076,1974.0,2021.4072
T000164,1907-02-28,2684.0,2259.3150505717813,2210.5908958000477,1845.0,2023.1505
T000164,1907-03-31,2525.0,2243.9262069944966,2206.9561570434907,2262.0,2172.2756
T000164,1907-04-30,2479.0,2141.604864225865,2188.653352000703,1780.0,2072.8699
T000164,1907-05-31,2732.0,2276.5928055006534,2189.7365098293853,1987.0,2133.0571
T000164,1907-06-30,2678.0,2315.1096930285676,2288.7226349690372,2428.0,2157.1113
T000164,1907-07-31,2342.0,2165.097122118696,2170.1686066781454,1796.0,1958.2404
T000164,1907-08-31,2952.0,2243.6186900976286,2208.526489309523,2072.0,2038.118
T000164,1907-09-30,2992.0,2196.611237350008,2192.6343237798887,1938.0,2117.707
T000164,1907-10-31,3110.0,2334.1009223789247,2251.3244449133545,2221.0,2092.6995
T000164,1907-11-30,2612.0,2317.8948001689473,2293.439678846904,2430.0,2134.161
T000164,1907-12-31,2911.0,2260.5218465780945,2217.0683919522844,2056.0,2146.2668
T000165,1903-01-31,2572.0,3610.6350236247954,2923.0,2923.0,3802.0273
T000165,1903-02-28,5011.0,4685.415386204119,4334.0,4334.0,4086.2095
T000165,1903-03-31,6130.0,5056.851048856352,4540.0,4540.0,4034.3726
T000165,1903-04-30,6431.0,4314.973177231653,3875.0,3875.0,3864.8374
T000165,1903-05-31,5145.0,5094.905127824082,4615.0,4615.0,3936.8623
T000165,1903-06-30,9613.0,9906.73610568966,9437.0,9437.0,5359.326
T000165,1903-07-31,9129.0,6886.605169282055,6417.0,6417.0,6859.0674
T000165,1903-08-31,11259.0,13820.829614218055,13353.0,13353.0,11742.499
T000165,1903-09-30,13427.0,11237.311183543874,10781.0,10781.0,14094.344
T000165,1903-10-31,12846.0,15806.413198448894,15343.0,15343.0,14622.478
T000165,1903-11-30,6455.0,10869.593630885644,10415.0,10415.0,10881.698
T000165,1903-12-31,2740.0,5049.553954844644,4590.0,4590.0,5204.328
T000166,1906-11-30,6421.0,7281.009629765191,7119.391260466632,8258.0,7774.6943
T000166,1906-12-31,6186.0,7169.008656416421,7112.069320696426,6743.0,6836.421
T000166,1907-01-31,5628.0,7196.884099965523,7104.754911177058,6898.0,6889.958
T000166,1907-02-28,6270.0,7189.946299964094,7097.448024164038,8060.0,7497.033
T000166,1907-03-31,4334.0,7191.673019353331,7090.148651920843,6661.0,6994.6343
T000166,1907-04-30,4910.0,7191.243263544782,7082.856786718906,6582.0,7167.083
T000166,1907-05-31,3443.0,7191.350223631136,7075.572420837609,6921.0,7340.4297
T000166,1907-06-30,3222.0,7191.323602792406,7068.295546564273,6772.0,7021.2876
T000166,1907-07-31,3625.0,7191.330228339177,7061.026156194152,5801.0,6796.3906
T000166,1907-08-31,3431.0,7191.32857933516,7053.764242030424,8710.0,7525.897
T000166,1907-09-30,6045.0,7191.328989748721,7046.509796384183,7382.0,6870.819
T000166,1907-10-31,5782.0,7191.328887602644,7039.262811574429,6831.0,7182.7734
T000167,1903-01-31,6504.0,7469.971012362136,7473.7932321136805,5615.0,8146.682
T000167,1903-02-28,5120.0,8736.488250101922,8732.9182264287,6043.0,7818.857
T000167,1903-03-31,8544.0,8095.280158184454,7936.497651785621,5809.0,7622.1025
T000167,1903-04-30,7581.0,9498.170844332144,9880.086498163111,7372.0,7794.507
T000167,1903-05-31,9011.0,10408.861783568354,11133.54280840946,8883.0,8220.793
T000167,1903-06-30,12927.0,11325.796985006553,11511.822093688714,9087.0,8982.158
T000167,1903-07-31,11421.0,11799.780852898364,12466.887659703936,10160.0,9374.309
T000167,1903-08-31,12530.0,12533.305391686934,12575.693648677463,10189.0,9783.051
T000167,1903-09-30,13335.0,13194.508749647195,13328.689100041021,10996.0,9694.626
T000167,1903-10-31,9454.0,11313.578302285234,11892.233867055853,9523.0,9177.959
T000167,1903-11-30,8250.0,9421.847329851435,9505.504098362493,7161.0,8668.948
T000167,1903-12-31,8146.0,11895.937882739592,12492.238681986431,10131.0,8440.475
T000168,1903-03-31,1029.0,921.441802092104,867.0385155832456,744.0,845.3933
T000168,1903-04-30,1244.0,1340.8248399487707,1179.8896220098247,1166.0,1039.2416
T000168,1903-05-31,1539.0,1491.2592401247643,1476.3001158776235,1367.0,1297.8379
T000168,1903-06-30,1776.0,1747.0680223495924,1623.315302962565,1586.0,1496.1709
T000168,1903-07-31,1783.0,1699.3720816001653,1585.8440650545022,1661.0,1619.5441
T000168,1903-08-31,2443.0,1915.378092658308,1837.1404329601487,1674.0,1661.5038
T000168,1903-09-30,1977.0,1712.9629093775184,1591.968320549484,1205.0,1567.5127
T000168,1903-10-31,1365.0,1479.746463649,1367.4380507275873,1354.0,1350.2562
T000168,1903-11-30,1132.0,1191.5446162045432,1082.0016318182497,955.0,1148.3179
T000168,1903-12-31,956.0,1395.5147696400552,1268.967686435907,1301.0,1005.8566
T000168,1904-01-31,816.0,1022.1340515348946,939.6605012410761,796.0,908.01166
T000168,1904-02-29,939.0,933.4926515788932,862.6351401833123,720.0,881.04816
T000169,1904-01-31,429236.0,563884.5579051819,575107.8394384978,628919.0,541891.1
T000169,1904-02-29,269334.0,442234.5109817569,469625.19901067065,603054.0,437188.56
T000169,1904-03-31,230798.0,307620.35568946175,335081.1189822489,329980.0,291330.62
T000169,1904-04-30,215776.0,211986.5856640382,233476.18698747587,222985.0,213984.9
T000169,1904-05-31,135893.0,217927.25943651615,236000.7314556855,307863.0,193302.28
T000169,1904-06-30,79313.0,164538.191345644,178913.41562185605,172284.0,172386.25
T000169,1904-07-31,179056.0,104742.70878221461,107525.06962207607,72886.0,129999.68
T000169,1904-08-31,103391.0,148609.06987327887,155705.97577040544,211685.0,137345.0
T000169,1904-09-30,113474.0,139807.11868724407,172609.07782644237,111051.0,137490.42
T000169,1904-10-31,169149.0,175904.50980418554,193572.79462952656,159814.0,154085.83
T000169,1904-11-30,90607.0,143663.4637939979,144359.84051177907,154763.0,134634.03
T000169,1904-12-31,47421.0,76826.33513947498,75863.07579572707,54732.0,108673.734
T000170,1907-04-30,1964.0,2094.3936466780133,2030.1880743239485,1380.0,2955.0679
T000170,1907-05-31,2023.0,2752.254826246716,2694.193850256369,4260.0,3058.6787
T000170,1907-06-30,4422.0,2854.968539511424,2420.361190603373,4485.0,3270.2703
T000170,1907-07-31,5583.0,2989.531275791889,2674.1381826273036,5131.0,3311.8167
T000170,1907-08-31,5226.0,2940.605216440659,2608.101501348744,4840.0,3276.7275
T000170,1907-09-30,4619.0,2892.1564027399195,2461.642678794309,4600.0,3207.0007
T000170,1907-10-31,6487.0,2822.930211044268,2398.865000121529,4422.0,3168.9678
T000170,1907-11-30,2449.0,2696.6077054867105,2183.8606479625696,3620.0,3144.36
T000170,1907-12-31,6701.0,2565.4077685204898,1985.6150856456707,2970.0,3101.0771
T000170,1908-01-31,4109.0,2831.560119895187,2296.659912012951,4352.0,3125.469
T000170,1908-02-29,6527.0,2586.193713776296,1979.6639494659084,3166.0,3106.825
T000170,1908-03-31,5305.0,2314.592476600871,1562.6734941319805,1587.0,3044.864
T000171,1905-01-31,42.0,45.46510000804335,44.76585382905386,61.0,44.534412
T000171,1905-02-28,31.0,46.45023667608829,44.76364274952037,48.0,44.25044
T000171,1905-03-31,31.0,46.45023667608829,44.76143177919675,40.0,44.290554
T000171,1905-04-30,47.0,46.45023667608829,44.75922091807759,45.0,44.209164
T000171,1905-05-31,55.0,46.45023667608829,44.75701016615751,58.0,44.137867
T000171,1905-06-30,41.0,46.45023667608829,44.7547995234311,57.0,44.03848
T000171,1905-07-31,29.0,46.45023667608829,44.752588989892985,38.0,44.047207
T000171,1905-08-31,44.0,46.45023667608829,44.75037856553776,51.0,43.998703
T000171,1905-09-30,47.0,46.45023667608829,44.74816825036004,40.0,44.008972
T000171,1905-10-31,48.0,46.45023667608829,44.745958044354424,59.0,43.88978
T000171,1905-11-30,43.0,46.45023667608829,44.74374794751553,35.0,43.717133
T000171,1905-12-31,43.0,46.45023667608829,44.741537959837956,62.0,43.7863
T000172,1903-08-31,13842.0,14864.393730922277,15389.634868621759,15819.0,15008.494
T000172,1903-09-30,19275.0,13588.160014135128,14886.131299475826,13901.0,14370.607
T000172,1903-10-31,13114.0,14350.468034392989,14486.985810434915,15757.0,14421.016
T000172,1903-11-30,11500.0,13836.163598914567,14383.945812703936,13946.0,14384.614
T000172,1903-12-31,11636.0,15508.445167753544,16044.310956197907,14541.0,15384.225
T000172,1904-01-31,11019.0,13599.29181617183,13861.849014164121,12697.0,14077.506
T000172,1904-02-29,8811.0,13137.539326130529,13764.429716216851,12065.0,14162.083
T000172,1904-03-31,10639.0,15525.66035274478,16029.021873520507,14096.0,15687.482
T000172,1904-04-30,9659.0,16311.972267751615,16014.086452711424,15331.0,16344.355
T000172,1904-05-31,9299.0,15721.250358024925,16089.7479013004,14500.0,16115.886
T000172,1904-06-30,8502.0,17003.688085728143,17974.8318883674,14757.0,16854.188
T000172,1904-07-31,8230.0,16257.105422489596,17436.33292165863,15245.0,16567.031
T000173,1907-05-31,497.0,489.58306671034137,488.4038610359442,478.0,494.48895
T000173,1907-06-30,477.0,485.4479814067164,491.5854088373674,465.0,493.6468
T000173,1907-07-31,516.0,481.9576136059884,484.73569894923395,444.0,491.97614
T000173,1907-08-31,513.0,489.9183157389431,495.4900122959643,495.0,500.7575
T000173,1907-09-30,479.0,484.5960109835152,491.2540588344794,461.0,503.8141
T000173,1907-10-31,517.0,490.38564198765266,493.3254114553383,498.0,507.74734
T000173,1907-11-30,480.0,492.88932913155014,495.21860284166513,514.0,508.11868
T000173,1907-12-31,511.0,490.38562196163303,497.5838467661477,498.0,510.1397
T000173,1908-01-31,470.0,494.14117988220295,498.8622075650078,522.0,512.4932
T000173,1908-02-29,455.0,490.2291401851173,493.1006261109227,497.0,511.06586
T000173,1908-03-31,464.0,491.9504376428234,499.8317002103043,508.0,514.5567
T000173,1908-04-30,488.0,492.1069192298773,494.6624674943614,509.0,505.08066
T000174,1906-06-30,1915.0,1688.48579326249,1718.8884946624064,1540.0,1891.3367
T000174,1906-07-31,2178.0,1767.4432379308346,1736.6288106286895,1518.0,1958.8871
T000174,1906-08-31,2041.0,1821.8373578815247,1792.677350497519,1795.0,2002.9677
T000174,1906-09-30,2529.0,2113.302720611606,1911.9079245134246,1901.0,2045.2397
T000174,1906-10-31,2259.0,1650.293292946815,1670.0522754075657,1371.0,2051.6873
T000174,1906-11-30,1934.0,1525.1319353142574,1616.8794244452768,1277.0,2056.9429
T000174,1906-12-31,2518.0,2137.0987256369694,1914.278805015636,1802.0,2076.2678
T000174,1907-01-31,2018.0,1765.1874960551777,1717.3901179639536,1366.0,2084.8906
T000174,1907-02-28,2218.0,1697.361607867329,1704.505542074363,1552.0,2088.9983
T000174,1907-03-31,2609.0,1989.8909941146956,1844.5958846376245,1955.0,2100.09
T000174,1907-04-30,2231.0,1742.99667311793,1740.669637663453,1772.0,2099.2544
T000174,1907-05-31,1780.0,1730.4739940098837,1727.354594281585,1727.0,2078.2349
T000175,1985-04-30,76.7,73.9277221258598,73.88098454766039,81.6,72.01822
T000175,1985-05-31,77.0,73.46113246005642,73.18793263581698,78.2,70.91574
T000175,1985-06-30,78.2,74.53425442230657,74.4611735762746,83.3,70.684265
T000175,1985-07-31,83.4,75.00840517426457,74.98155225770431,85.3,70.66994
T000175,1985-08-31,76.0,73.76550310275886,73.61991253995731,80.0,69.4662
T000175,1985-09-30,77.3,73.35831799979479,72.92724317267972,77.3,69.18871
T000175,1985-10-31,80.9,72.87266465533284,72.7218695072484,76.5,69.535706
T000175,1985-11-30,81.3,73.48218001776631,73.20951117006236,78.4,69.58527
T000175,1985-12-31,80.6,73.20027872294554,72.9015317347979,77.2,69.09333
T000175,1986-01-31,82.1,72.6332050261702,72.46523107158025,75.5,69.436615
T000175,1986-02-28,80.3,71.18958371807975,71.02800383850189,69.9,70.27193
T000175,1986-03-31,78.4,72.38825679019125,72.1829185271142,74.4,70.61199
T000176,1985-12-31,4.3,4.7728986103018665,4.553472592659595,5.5,5.209259
T000176,1986-01-31,5.4,4.75002837953387,4.512073947797038,5.6,5.296227
T000176,1986-02-28,5.9,5.0998577811047365,4.397529312032038,5.6,5.3768787
T000176,1986-03-31,6.2,5.209345696917121,4.312780036047082,5.0,5.4466133
T000176,1986-04-30,4.8,5.209345696917121,4.219666759417887,5.4,5.504406
T000176,1986-05-31,5.5,5.209345696917121,4.132257816797149,6.5,5.5702095
T000176,1986-06-30,5.2,5.209345696917121,4.045291345126245,4.9,5.652427
T000176,1986-07-31,2.9,5.209345696917121,3.9606614353078324,5.2,5.7397623
T000176,1986-08-31,4.8,5.209345696917121,3.877614621090956,4.7,5.878669
T000176,1986-09-30,4.5,5.209345696917121,3.7963784912475456,5.8,5.9737387
T000176,1986-10-31,7.8,5.209345696917121,3.716818585352823,4.5,6.1041775
T000176,1986-11-30,3.0,5.209345696917121,3.6389355029341304,4.8,6.233988
T000177,1985-04-30,9.1,7.957912306306572,7.608257091258167,7.3,7.258502
T000177,1985-05-31,7.5,7.724831145731247,7.045278399946419,5.3,6.6126947
T000177,1985-06-30,7.9,7.803511878223779,7.331780325449658,5.7,7.0985193
T000177,1985-07-31,7.2,8.314936639425243,7.408393486882501,8.3,7.775718
T000177,1985-08-31,7.6,8.216585723809576,7.295394370508499,7.8,7.616745
T000177,1985-09-30,6.0,7.862522427593178,6.442833746328992,6.0,6.5849314
T000177,1985-10-31,6.9,8.196915540686444,6.988323486765386,7.7,6.876299
T000177,1985-11-30,8.2,8.334606822548377,7.42768669085139,8.4,7.92362
T000177,1985-12-31,8.9,8.668999935641642,7.2130436302899845,10.1,7.928348
T000177,1986-01-31,8.1,8.531308653779709,7.482998301790099,9.4,7.3665524
T000177,1986-02-28,7.3,8.078894441947645,6.677683532345334,7.1,7.8863587
T000177,1986-03-31,8.5,8.05922425882451,6.832905853862516,7.0,8.6458
T000178,1985-04-30,34.1,27.3873602747847,26.700753187917147,26.0,26.555225
T000178,1985-05-31,27.3,26.381283577386675,26.135342042557678,23.3,25.53673
T000178,1985-06-30,29.5,27.57679368138412,26.724271230583746,25.3,26.252668
T000178,1985-07-31,27.6,28.288900645595284,27.00836163946129,28.0,27.38039
T000178,1985-08-31,26.7,28.97749836372313,27.28262142251148,26.9,27.324278
T000178,1985-09-30,19.1,20.788865962898846,23.774879342709088,19.1,23.666924
T000178,1985-10-31,24.0,26.275719452609035,26.132283030819934,25.3,25.54967
T000178,1985-11-30,26.5,29.263218723293306,27.4744497215185,26.6,27.061749
T000178,1985-12-31,25.5,28.451196618796168,27.073714032025226,30.6,27.095245
T000178,1986-01-31,26.5,27.40831134238385,26.703362331497384,31.1,25.72202
T000178,1986-02-28,22.9,26.109463373826735,26.013231552509804,23.8,26.119423
T000178,1986-03-31,27.5,28.13122091852222,26.952500769600935,25.8,27.69148
T000179,1987-12-31,401485.0,379624.306564182,374104.0,329214.0,388457.34
T000179,1988-01-31,402124.0,387438.5453351239,374104.0,341703.0,394811.8
T000179,1988-02-29,407116.0,386163.25787629973,374104.0,352793.0,385395.94
T000179,1988-03-31,419643.0,383516.3920102999,374104.0,366291.0,362980.6
T000179,1988-04-30,407552.0,384106.64167486655,374104.0,366154.0,345589.5
T000179,1988-05-31,388979.0,379486.46137165424,374104.0,323056.0,328951.1
T000179,1988-06-30,377444.0,381102.28806896554,374104.0,338512.0,315824.34
T000179,1988-07-31,378927.0,384815.55226834206,374104.0,354630.0,305619.22
T000179,1988-08-31,365212.0,384077.71652256657,374104.0,366305.0,290741.38
T000179,1988-09-30,367142.0,378910.2374508724,374104.0,353958.0,272607.25
T000179,1988-10-31,368918.0,379969.0176586115,374104.0,358280.0,268694.1
T000179,1988-11-30,367427.0,384740.4277214789,374104.0,374104.0,275418.62
T000180,1983-08-31,42242.4,41209.17249292202,41303.706190703924,28389.7,41117.266
T000180,1983-09-30,41335.8,51960.73004960946,52137.10800379982,43799.8,50591.25
T000180,1983-10-31,38851.4,39792.50415766203,38786.81770332593,35460.4,36055.273
T000180,1983-11-30,38850.7,39530.32981528817,38214.33598371566,35460.4,35031.676
T000180,1983-12-31,48258.6,46799.621376048424,45195.97063783844,49946.4,43788.562
T000180,1984-01-31,41190.7,45547.45127670955,43679.28996334933,46876.2,40766.31
T000180,1984-02-29,40342.3,45572.15002051753,42718.79336465714,43359.1,41413.215
T000180,1984-03-31,45311.1,46264.75824471706,43306.25862272638,47879.5,42111.38
T000180,1984-04-30,33913.4,32178.954063962126,28140.383349766744,28033.8,27066.523
T000180,1984-05-31,33913.4,32152.587545671166,27810.730652932707,28034.5,26644.572
T000180,1984-06-30,49161.0,43450.64312141057,39136.09634158235,42301.2,39821.81
T000180,1984-07-31,46294.0,47744.18117538554,43107.642532307866,44803.1,44104.93
T000181,1982-10-31,567.39,402.1944368935185,379.4785148890198,219.87,457.61523
T000181,1982-11-30,463.37,520.6661233062107,535.5193166736337,420.82,493.131
T000181,1982-12-31,368.81,344.70717749885387,316.1400902990296,108.75,452.33813
T000181,1983-01-31,475.19,453.5951110496023,441.56188355130644,489.38,481.4109
T000181,1983-02-28,600.49,516.0754257354756,516.8286148699123,624.13,480.04156
T000181,1983-03-31,425.55,371.10861693172836,356.29545457127927,200.95,488.26688
T000181,1983-04-30,588.67,413.82574416054405,390.66230765035084,392.45,472.16492
T000181,1983-05-31,645.41,410.3214860950155,376.85645569214256,390.08,483.78085
T000181,1983-06-30,217.5,206.55048382318674,108.07449642514337,104.02,419.36996
T000181,1983-07-31,619.4,679.0187781885709,727.0609418371632,936.2,583.4612
T000181,1983-08-31,522.47,499.15845203949084,512.7283897643546,406.63,565.1945
T000181,1983-09-30,494.11,503.6276607439628,516.9223091007352,560.3,568.1432
T000182,1985-08-31,6898.8,6423.2054613041155,6163.3962739280605,6159.39,6116.7607
T000182,1985-09-30,5664.04,5996.467202012729,5776.739222820312,5545.19,5949.033
T000182,1985-10-31,4430.18,4604.2108581738385,4430.886848151255,4284.16,4816.79
T000182,1985-11-30,6542.96,6383.646000282321,6147.404900698415,6373.25,6146.966
T000182,1985-12-31,6883.23,6666.170477353139,6316.8981911758,6184.62,6493.74
T000182,1986-01-31,6425.09,6348.900679158175,6211.629584288865,6616.33,6210.998
T000182,1986-02-28,6144.87,6598.546969740617,6198.314984039245,6431.64,6276.3945
T000182,1986-03-31,6347.25,6125.142387211781,5884.268143171732,5986.43,6139.688
T000182,1986-04-30,5786.81,6563.663833186713,6136.931690001145,6427.08,6266.621
T000182,1986-05-31,7076.72,6798.666786937795,6541.620835132682,6788.01,6555.83
T000182,1986-06-30,6776.48,6498.688414721471,6100.7088971886615,6144.87,6423.679
T000182,1986-07-31,6629.7,6217.110949922872,5905.099024222494,5975.85,6262.461
T000183,1984-06-30,24.27,25.85071730136199,26.601304180856214,25.52,24.817305
T000183,1984-07-31,27.81,25.409891290768858,26.601304180856214,22.66,25.100237
T000183,1984-08-31,30.94,26.548525632715076,26.601304180856214,28.9,25.814854
T000183,1984-09-30,34.29,26.98405304941809,26.601304180856214,34.04,26.21489
T000183,1984-10-31,29.96,25.801269524470477,26.601304180856214,24.92,26.708008
T000183,1984-11-30,30.19,25.141878360053404,26.601304180856214,19.23,27.258562
T000183,1984-12-31,34.74,25.793204948193534,26.601304180856214,24.38,27.847698
T000183,1985-01-31,22.31,25.847205977704103,26.601304180856214,23.16,28.343622
T000183,1985-02-28,22.86,26.083546153299686,26.601304180856214,25.57,28.568047
T000183,1985-03-31,29.29,28.248617583295854,26.601304180856214,40.98,28.61148
T000183,1985-04-30,27.77,25.36637776086642,26.601304180856214,20.06,28.355934
T000183,1985-05-31,20.56,25.91595780374495,26.601304180856214,25.7,27.68317
T000184,1984-10-31,850.03,660.0045614827598,613.2313636657126,616.91,633.263
T000184,1984-11-30,605.53,605.9414681259361,593.6952536554389,584.97,561.85583
T000184,1984-12-31,459.29,522.1713154710085,550.0801510594156,566.69,507.28052
T000184,1985-01-31,728.93,590.9614330965672,580.1233454692169,594.11,531.46375
T000184,1985-02-28,658.09,650.8884882927932,593.3789778302458,539.27,642.3293
T000184,1985-03-31,712.93,627.6833081620722,591.0567861070155,584.97,562.6308
T000184,1985-04-30,722.07,768.1043001202287,653.3177459537332,710.65,683.2418
T000184,1985-05-31,381.6,511.8086339207604,537.2209173689668,520.99,479.45056
T000184,1985-06-30,603.02,686.4657390921154,625.3683465775413,728.93,573.2491
T000184,1985-07-31,797.71,570.9454748524338,551.1319609787535,525.56,556.51636
T000184,1985-08-31,658.78,680.8715723542205,612.6932762829258,653.52,606.93494
T000184,1985-09-30,498.14,592.8676191439541,572.3812327859443,621.53,526.2212
T000185,1984-08-31,66.89,66.5872424750838,66.4440807127035,67.89,67.94562
T000185,1984-09-30,65.99,65.74723785093867,65.92347831939291,67.83,67.62709
T000185,1984-10-31,65.02,65.33380120112086,65.70465827137275,66.12,66.24494
T000185,1984-11-30,63.04,65.47535463481101,65.82915280343813,64.62,64.04173
T000185,1984-12-31,63.41,67.33682558799599,66.46452827653705,65.33,63.305008
T000185,1985-01-31,63.75,68.13682049239775,66.27371076269846,65.94,62.45838
T000185,1985-02-28,64.28,66.26364048120246,63.92152617479856,63.33,61.10545
T000185,1985-03-31,64.88,63.72898619858342,62.236286387256015,61.28,59.764786
T000185,1985-04-30,66.43,62.63262783574952,62.09886640819358,61.08,59.462494
T000185,1985-05-31,66.24,62.58202407791103,62.756287188339314,62.94,59.5327
T000185,1985-06-30,65.16,65.03753013106709,64.91603146996559,64.86,61.642532
T000185,1985-07-31,63.36,67.22557580873922,66.52726238404874,65.37,64.34711
T000186,1983-08-31,50902.4,52835.57645491827,52731.921678905484,48414.4,52555.94
T000186,1983-09-30,48994.4,49291.35607865099,49509.92167890549,45192.4,53068.906
T000186,1983-10-31,53045.3,53246.30610175789,53123.82167890549,48806.3,53473.465
T000186,1983-11-30,53046.8,53248.44669185461,53123.82167890549,48806.3,53196.754
T000186,1983-12-31,53165.0,55441.55072994444,55232.4216789055,50914.9,54101.223
T000186,1984-01-31,53452.7,56256.33009512817,56034.8216789055,51717.3,54229.344
T000186,1984-02-29,53060.8,55133.846207078095,54961.82167890549,50644.3,54362.15
T000186,1984-03-31,55315.6,62652.90670629478,62054.321678905486,57736.8,55087.12
T000186,1984-04-30,33095.8,32700.3577755267,32619.12167890549,28301.6,28946.258
T000186,1984-05-31,33095.8,32700.307705527102,32619.121678905496,28301.6,28968.37
T000186,1984-06-30,53580.2,54048.916164930415,53851.52167890549,49534.0,52359.516
T000186,1984-07-31,55475.8,54537.426329489994,54397.32167890549,50079.8,54263.645
T000187,1984-08-31,5104.5,5474.682275171288,5092.646509404874,5964.91,5156.3193
T000187,1984-09-30,5266.14,5258.569685953847,5109.759022397408,5943.42,5293.309
T000187,1984-10-31,5897.67,5371.822363367389,4744.628106942517,5221.56,5135.3403
T000187,1984-11-30,4698.32,5420.7231230290945,5056.161178499751,6034.75,5468.762
T000187,1984-12-31,4929.65,5388.502202978463,4707.995711793427,5488.95,5238.4575
T000187,1985-01-31,4930.07,5368.284381698049,4937.578319764291,5607.51,5168.511
T000187,1985-02-28,4972.81,5417.309033717966,5005.0962846376715,5903.66,5319.626
T000187,1985-03-31,5491.79,5366.588412937543,4895.417258805571,5570.36,5419.698
T000187,1985-04-30,4105.62,5263.719653320286,4382.752558360289,4643.4,4984.3125
T000187,1985-05-31,5846.01,5393.0677833281625,4923.344830882945,5751.47,5816.3145
T000187,1985-06-30,4762.17,5281.284947715885,4336.879435842849,4760.56,5004.9814
T000187,1985-07-31,5516.75,5333.213207058803,4791.447474194295,5327.36,5572.1143
T000188,1982-04-30,10883.9,10937.986116185553,11705.908884237133,14312.1,11181.4795
T000188,1982-05-31,9023.84,11098.630385990096,11559.350166199521,12436.6,10897.121
T000188,1982-06-30,8946.98,9510.749082097745,10310.777519560346,9700.24,10098.814
T000188,1982-07-31,8962.35,8756.365153409526,9745.85207323332,9131.45,9434.232
T000188,1982-08-31,7778.64,7894.041648137356,9016.514967740191,8362.81,8858.435
T000188,1982-09-30,4350.5,5661.206388695968,6841.39115491722,6594.94,8194.498
T000188,1982-10-31,7548.05,7968.342597810594,9171.164471816046,8362.81,9679.913
T000188,1982-11-30,8885.48,8746.299227385764,10028.034231099144,9561.89,10893.483
T000188,1982-12-31,10376.6,8951.908745046729,10237.926546469036,10192.2,11751.899
T000188,1983-01-31,11145.3,10333.378123430104,11642.160748899774,11668.0,12981.611
T000188,1983-02-28,14588.8,12209.499459061277,13389.372857330523,11375.9,14065.929
T000188,1983-03-31,12621.1,10969.676880892737,12176.015254169683,10561.1,13884.728
T000189,1988-10-31,13578.1,12241.884431270071,12141.322160569089,14792.5,12390.165
T000189,1988-11-30,9723.76,11434.996108340663,11562.208538725205,13011.9,11203.686
T000189,1988-12-31,6310.37,5219.726018306508,4938.286606616334,7242.3,5373.544
T000189,1989-01-31,10402.7,9917.066489259676,10006.433307530351,10948.9,11104.357
T000189,1989-02-28,9782.33,11164.859150343571,11092.452605572644,13151.5,11189.252
T000189,1989-03-31,8904.86,9267.963773425825,9223.666038888152,11315.9,9843.018
T000189,1989-04-30,10091.4,11220.02490526798,11180.64004817075,13043.3,11981.322
T000189,1989-05-31,9589.12,11562.224128442343,11584.691300046406,12476.0,12214.093
T000189,1989-06-30,9971.99,11596.60221514724,11540.68144578328,12853.9,12169.007
T000189,1989-07-31,10703.0,11706.494165424721,11649.391447154741,13909.0,12313.037
T000189,1989-08-31,9187.87,10399.215069669546,10400.682070077499,10407.0,11608.734
T000189,1989-09-30,10963.7,9506.562501321177,9494.362537803318,10561.3,10787.021
T000190,1987-06-30,15754.4,18854.63063546441,19000.492803758087,16582.1,19554.977
T000190,1987-07-31,16075.0,20137.659077454828,20080.07026056,19562.7,20735.39
T000190,1987-08-31,17013.3,20886.650731669626,20800.93259709361,19731.7,21402.43
T000190,1987-09-30,17243.9,17337.164454388134,16874.493269648097,17089.1,17885.168
T000190,1987-10-31,18957.7,18904.04267903489,19003.67442532948,16751.1,18526.652
T000190,1987-11-30,20219.7,21273.32182769267,21844.37463346568,17232.8,21947.14
T000190,1987-12-31,16411.5,20005.228383754515,20664.559522492247,15481.1,21865.602
T000190,1988-01-31,16733.7,19944.155884659805,21123.14046610801,14587.1,21120.516
T000190,1988-02-29,19319.4,20324.904846325597,19084.615583460647,20384.0,20722.375
T000190,1988-03-31,15264.7,17327.82535316904,17040.32651026395,15528.5,17835.08
T000190,1988-04-30,5485.76,7286.7106335393655,6334.9945423398385,6705.17,8157.8203
T000190,1988-05-31,14783.0,14634.777857311776,13218.1499473974,15408.5,14448.136
T000191,1987-06-30,44557.2,53466.75861688664,51141.31208098907,42874.6,44683.926
T000191,1987-07-31,46920.9,57976.666236309575,48994.25326698342,46076.2,41728.79
T000191,1987-08-31,42043.5,52946.468602091525,45469.071567924926,42166.2,41816.902
T000191,1987-09-30,45756.1,50898.881203581055,48853.31981006981,40122.6,42924.55
T000191,1987-10-31,51559.9,48562.3686822216,47652.328105075736,40980.9,41454.15
T000191,1987-11-30,52608.9,59506.33626678237,55060.07152996246,46205.7,44970.6
T000191,1987-12-31,42997.2,52939.27757644146,46473.791501260544,38930.5,42676.02
T000191,1988-01-31,43276.5,52683.51077174649,48067.89405394512,37418.2,41793.883
T000191,1988-02-29,45374.6,50648.6542506967,48384.30041351701,39039.5,43590.266
T000191,1988-03-31,42908.7,47605.50792346706,45268.27760132346,50708.4,38715.336
T000191,1988-04-30,19427.8,20871.230255710238,16980.124236652602,22166.2,13541.871
T000191,1988-05-31,40265.6,53806.56566359626,49148.96850017988,46512.2,44849.867
T000192,1985-11-30,3807.06,3498.2757891663246,3441.0036377082333,3317.04,3677.6882
T000192,1985-12-31,3092.51,3145.713061761688,3019.1845194442376,3051.22,3201.1133
T000192,1986-01-31,1866.99,1801.6526025832275,1675.738314373189,1689.11,1933.7446
T000192,1986-02-28,3498.08,3211.4234317457804,3060.627928852799,2979.33,3300.1184
T000192,1986-03-31,3635.02,3536.2093633985037,3382.5278099483307,3110.79,3516.827
T000192,1986-04-30,3825.63,3411.13255814707,3254.548221009087,3460.37,3481.1865
T000192,1986-05-31,4011.36,3527.80433363711,3362.906343964637,3633.11,3649.0928
T000192,1986-06-30,3906.92,3491.5510383233345,3321.590461964419,3512.06,3653.8738
T000192,1986-07-31,4276.51,3457.625726472688,3276.2354073285123,3477.47,3677.148
T000192,1986-08-31,4556.22,3887.033480235787,3723.068231540502,4083.36,3914.3816
T000192,1986-09-30,4180.53,3586.756274169761,3401.8757021009,3463.34,3710.4795
T000192,1986-10-31,4034.55,3545.011835768033,3356.9265590251753,3435.35,3635.402
T000193,1982-12-31,22748.0,20258.136147686084,19448.4728725061,18370.5,18173.438
T000193,1983-01-31,21091.4,21138.061300432633,19402.5174654808,18833.2,17962.902
T000193,1983-02-28,26412.8,23528.202467223924,20631.41293716288,19869.8,17873.002
T000193,1983-03-31,26662.7,22788.432339438168,20721.397741196735,24182.4,17320.389
T000193,1983-04-30,24413.8,22505.745784077182,19867.99401002691,19147.9,17449.38
T000193,1983-05-31,25616.9,25222.3890964113,21691.415976150376,21415.3,17888.115
T000193,1983-06-30,19444.0,21595.56028048531,19577.556179532105,18037.3,16874.684
T000193,1983-07-31,12262.4,18851.519472292035,17661.162417730222,14094.9,16027.049
T000193,1983-08-31,21452.3,22319.507603782404,20014.812537420035,18916.5,16811.617
T000193,1983-09-30,22562.9,24950.17517089868,21664.80110250302,20267.7,17442.387
T000193,1983-10-31,24580.4,20968.079732367754,19259.322736095448,17139.6,17027.79
T000193,1983-11-30,24376.8,20551.851543375968,19152.8730638578,17398.8,17253.998
T000194,1983-08-31,952.22,885.4997788098697,895.8544224117865,1078.13,924.62537
T000194,1983-09-30,1479.48,1110.1541617218463,1083.053692125011,1211.91,1058.1471
T000194,1983-10-31,1235.52,918.7869753139479,881.3578984894109,1007.3,975.57806
T000194,1983-11-30,1332.32,1120.3628188337566,1105.4969305448658,1274.87,1098.5016
T000194,1983-12-31,1526.7,1173.2955487402817,1159.8109694619563,1235.52,1159.3302
T000194,1984-01-31,1207.19,1038.9900063179525,1012.8768911689515,952.22,1067.1791
T000194,1984-02-29,1202.47,812.6683846285279,793.3032143008791,865.65,834.64154
T000194,1984-03-31,1569.19,971.5786090980071,956.3445360326554,1046.65,954.3045
T000194,1984-04-30,1045.08,691.0780328243192,667.5960194804244,786.96,681.33923
T000194,1984-05-31,561.89,246.61095661094612,222.61403293760054,409.22,289.05493
T000194,1984-06-30,1285.8,860.7248997444631,840.2459367852574,983.7,865.7184
T000194,1984-07-31,1656.98,1070.180760082832,1053.3291783961836,991.57,1082.9331
T000195,1982-08-31,11452.9,11387.964096792484,11485.874964051141,12093.6,11513.871
T000195,1982-09-30,11459.6,11321.49284458154,11388.54687932615,12006.9,11479.7
T000195,1982-10-31,11412.9,11175.557940703347,11308.49556276682,11840.0,11449.025
T000195,1982-11-30,11404.0,11185.015336867484,11314.177184977989,11828.9,11465.602
T000195,1982-12-31,11386.2,11193.878232274943,11294.831374474707,11817.8,11475.12
T000195,1983-01-31,11337.2,11121.929588568399,11262.22358589393,11726.5,11499.376
T000195,1983-02-28,11346.1,11100.682063504179,11247.097062562489,11686.5,11527.367
T000195,1983-03-31,11553.0,11243.453110719898,11306.419398557236,11811.1,11551.671
T000195,1983-04-30,11706.5,11405.660565431463,11428.614327652784,11955.7,11595.658
T000195,1983-05-31,11644.2,11407.121873817656,11390.975491463005,11940.1,11599.0625
T000195,1983-06-30,11194.8,11118.853970111353,11185.725907838036,11635.3,11582.183
T000195,1983-07-31,11034.7,11050.37326846891,11124.2540524478,11550.8,11585.131
T000196,1982-12-31,11782.5,7938.471429320884,12584.17906605397,7840.02,8599.824
T000196,1983-01-31,2097.28,6808.963288624619,10357.120928287704,2476.72,6978.5557
T000196,1983-02-28,12190.4,10758.39751993796,13592.757327575277,10613.7,6550.2324
T000196,1983-03-31,12448.6,10365.582723803745,12579.086262564851,11503.9,6427.8193
T000196,1983-04-30,11943.3,10744.511554417362,11974.057425614,9330.57,6747.288
T000196,1983-05-31,7941.45,7976.152143611378,11482.072861954293,8699.87,6460.8223
T000196,1983-06-30,13371.6,12420.187008534924,13660.279124487433,16068.2,7516.367
T000196,1983-07-31,13213.0,11627.567516628586,12064.4769882418,12589.2,8240.233
T000196,1983-08-31,7755.19,12892.723522578988,12589.34507784066,14735.4,9525.52
T000196,1983-09-30,17338.9,11275.81188006965,11505.386898531986,11770.4,9581.508
T000196,1983-10-31,17535.7,11158.565733648797,12234.690523876317,14829.4,9432.979
T000196,1983-11-30,6116.65,11255.740802349721,11357.596805435096,12929.5,9237.717
T000197,1983-06-30,15936.3,17859.805530628768,17859.805530628768,4296.38,17548.316
T000197,1983-07-31,18102.6,17879.20076422896,17879.20076422896,5911.45,17155.326
T000197,1983-08-31,18348.5,17890.07113898037,17890.07113898037,16140.3,16747.678
T000197,1983-09-30,26809.5,17896.163617662085,17896.163617662085,22347.7,16286.056
T000197,1983-10-31,24481.3,17899.57824662714,17899.57824662714,21663.7,17383.045
T000197,1983-11-30,21303.6,17901.49203107812,17901.49203107812,9564.6,18464.879
T000197,1983-12-31,20669.7,17902.564642762227,17902.564642762227,19365.7,18832.209
T000197,1984-01-31,18213.3,17903.16580546072,17903.16580546072,18152.7,19396.775
T000197,1984-02-29,21078.7,17903.50273689212,17903.50273689212,16209.0,19338.586
T000197,1984-03-31,18953.2,17903.69157560375,17903.69157560375,18881.0,19139.947
T000197,1984-04-30,19117.5,17903.797413337146,17903.797413337146,21149.8,19537.51
T000197,1984-05-31,13955.4,17903.856731819647,17903.856731819647,17825.2,19972.844
T000198,1984-06-30,330.15,393.25796901040076,401.7200932858638,406.08,375.08743
T000198,1984-07-31,393.26,379.60519505914783,356.9866478011675,264.37,346.59912
T000198,1984-08-31,459.72,384.4144830926356,394.8215592548325,397.03,380.26352
T000198,1984-09-30,392.8,382.72037671750394,362.8213296906602,335.55,361.7992
T000198,1984-10-31,379.01,383.3171378992584,389.8866683637479,405.97,385.53827
T000198,1984-11-30,471.91,383.10692447153235,366.99519016294505,330.61,347.0866
T000198,1984-12-31,421.6,383.18097366666666,386.35647658715254,316.21,371.86386
T000198,1985-01-31,453.89,383.15488930393417,369.9809761187269,390.77,350.94604
T000198,1985-02-28,446.93,383.1640777087227,383.83114132552487,406.91,376.54733
T000198,1985-03-31,319.33,383.1608410269059,372.1168687373089,336.41,351.68915
T000198,1985-04-30,372.19,383.1619811714059,382.024633751092,483.21,379.6402
T000198,1985-05-31,448.18,383.16157954728766,373.6447871298778,354.5,359.84787
T000199,1984-02-29,2038.53,1938.5928630437393,2031.8940221809808,2019.93,1928.5048
T000199,1984-03-31,2358.45,2004.0923058081776,1954.2073439890617,1822.77,2084.6328
T000199,1984-04-30,1952.97,2113.9683682492628,2137.3009424493066,2410.52,2116.3508
T000199,1984-05-31,2001.33,2067.792297797673,2077.809118661836,2239.41,2102.5005
T000199,1984-06-30,2347.29,2055.8376971404064,2089.2827570485115,2555.6,2054.7039
T000199,1984-07-31,2112.93,1935.742652529642,1970.241471669116,1952.97,1994.0417
T000199,1984-08-31,1290.82,1390.842591582413,1457.8497824989643,1536.34,1570.8735
T000199,1984-09-30,1811.61,1932.7534393049168,2025.3520074417083,2313.81,1989.4923
T000199,1984-10-31,1845.09,2033.609823162741,2037.1053287792458,2105.49,2109.7717
T000199,1984-11-30,1919.49,1901.7802410868303,1948.4070798329328,2191.05,2021.1136
T000199,1984-12-31,1874.85,2095.2113756679073,2133.8580231947267,2213.37,2178.9263
T000199,1985-01-31,1819.05,1559.2132286479894,1571.086490207305,1458.22,1777.1709
T000200,1986-04-30,2601.52,1985.6886527922038,1917.745381070056,1712.3,2120.7483
T000200,1986-05-31,2292.87,2258.348237363971,2259.102374597982,1881.33,2284.2163
T000200,1986-06-30,2748.5,2399.5220330030343,2293.8767987327005,2307.56,2398.2896
T000200,1986-07-31,2660.31,2594.9171184316237,2417.944929855461,2447.19,2626.7742
T000200,1986-08-31,2476.59,2203.9209213896593,2077.5328051402294,1969.51,2266.3398
T000200,1986-09-30,3365.81,2749.810009773716,2630.009201731226,2505.98,2705.8042
T000200,1986-10-31,2939.57,2406.2530699070435,2256.516490321907,2263.47,2467.3271
T000200,1986-11-30,2763.2,2590.1953612884513,2421.5472005873376,2410.45,2606.332
T000200,1986-12-31,2763.2,2432.4323163201607,2269.300956733338,2204.68,2505.5403
T000200,1987-01-31,3189.43,2892.292281517838,2718.317027796886,2814.64,2696.2524
T000200,1987-02-28,2381.05,2270.567028799658,2089.7690371404797,2065.05,2208.6587
T000200,1987-03-31,962.71,1223.8929116300587,1040.316171417927,852.47,1137.0485
T000201,1989-02-28,837.77,849.42821223824,853.4081562585912,814.55,851.5098
T000201,1989-03-31,834.7,848.9686365002646,853.3887283258277,803.69,849.34796
T000201,1989-04-30,846.68,849.2292622661881,853.3693008353433,806.04,847.6124
T000201,1989-05-31,831.63,843.1745145208914,853.3498737871279,814.34,846.1502
T000201,1989-06-30,848.74,843.1745145208914,853.3304471811714,811.1,844.8089
T000201,1989-07-31,833.83,843.1745145208914,853.3110210174638,830.07,844.56354
T000201,1989-08-31,855.49,843.1745145208914,853.291595295995,823.89,843.97906
T000201,1989-09-30,862.28,843.1745145208914,853.2721700167549,862.06,843.7502
T000201,1989-10-31,874.14,843.1745145208914,853.2527451797334,854.67,843.2246
T000201,1989-11-30,846.93,843.1745145208914,853.2333207849206,849.02,842.43884
T000201,1989-12-31,891.1,843.1745145208914,853.2138968323063,840.59,841.0022
T000201,1990-01-31,888.38,843.1745145208914,853.1944733218805,855.8,839.91833
T000202,1977-05-31,105.25,92.36302663419565,75.61905334997367,69.98,96.593796
T000202,1977-06-30,79.24,93.91409706295443,68.82,68.82,81.97631
T000202,1977-07-31,67.98,89.19101312270952,64.97,64.97,74.24679
T000202,1977-08-31,70.15,87.5466227381997,64.17,64.17,73.14613
T000202,1977-09-30,93.93,89.42585049540189,64.61,64.61,74.31966
T000202,1977-10-31,73.79,89.52250908869549,65.86,65.86,81.164345
T000202,1977-11-30,105.63,112.17190957356532,89.66,89.66,97.34219
T000202,1977-12-31,107.97,133.06893227217336,107.58,107.58,113.03116
T000202,1978-01-31,123.69,170.46859113580314,142.33000000000004,142.33,121.46778
T000202,1978-02-28,116.61,149.79120846608367,123.32,123.32,124.88558
T000202,1978-03-31,145.96,160.6587483128638,134.53,134.53,124.0412
T000202,1978-04-30,123.64,143.65727622084432,117.77,117.77,113.98942
T000203,1986-12-31,272.0,289.96992925277414,276.57371071396665,305.1,271.60437
T000203,1987-01-31,243.8,263.95717215765956,252.4495097996627,269.6,265.57343
T000203,1987-02-28,324.4,284.6827907443448,273.917355106991,283.9,276.46445
T000203,1987-03-31,243.7,254.40142507587623,244.14225483868154,284.8,272.67987
T000203,1987-04-30,248.4,263.24807034430023,255.7081380778307,283.8,264.63995
T000203,1987-05-31,282.5,269.73772204451944,261.5912372663895,257.1,273.52228
T000203,1987-06-30,284.5,252.9597086330161,246.545121382903,295.5,246.96588
T000203,1987-07-31,22.7,64.40700467497987,53.678199294572025,20.9,75.59903
T000203,1987-08-31,265.3,262.1736649190103,254.57677286608734,252.0,272.0644
T000203,1987-09-30,316.6,294.3894024875909,288.1240120708066,301.9,277.43423
T000203,1987-10-31,254.2,263.0411078466013,255.92559428570894,245.2,270.05896
T000203,1987-11-30,293.0,257.1366223764822,249.13722842915178,243.4,270.29288
T000204,1980-12-31,6500.0,6727.406060627994,6663.061242980411,4358.0,6709.7285
T000204,1981-01-31,6803.0,7151.049855547104,6873.613378996079,4828.0,6745.7134
T000204,1981-02-28,7710.0,7700.089118765362,7085.835148384093,5392.0,6821.086
T000204,1981-03-31,8591.0,7778.3517520343075,7156.622362868397,5465.0,6853.0376
T000204,1981-04-30,9100.0,7767.577904037141,7217.433437095464,5475.0,6787.775
T000204,1981-05-31,8538.0,7789.971995309708,7317.001084992338,5535.0,6725.4844
T000204,1981-06-30,7902.0,7755.335730110064,7324.7509156461,5500.0,6653.401
T000204,1981-07-31,7368.0,8121.442310605992,7548.387050392955,5908.0,6527.5312
T000204,1981-08-31,6673.0,8314.84767619782,7659.226295076383,6125.0,6438.919
T000204,1981-09-30,6099.0,8334.480480753718,7658.010208452115,6148.0,6360.782
T000204,1981-10-31,5985.0,8626.218056543403,7798.249434471948,6475.0,6323.8
T000204,1981-11-30,5900.0,8668.011083535499,7810.008501746152,6523.0,6255.452
T000205,1984-02-29,1040.07,1145.9133016080243,1095.6746772694773,1063.6,1125.9012
T000205,1984-03-31,1593.39,1362.3828245928223,1336.535423545657,1474.39,1522.6199
T000205,1984-04-30,1501.28,1534.8035975307441,1464.233234136739,1591.37,1633.774
T000205,1984-05-31,1474.39,1455.5618923114007,1416.1960999433134,1614.9,1513.1338
T000205,1984-06-30,1368.16,1346.5802703869506,1289.661391667479,1509.35,1468.4128
T000205,1984-07-31,1374.21,1527.7934317681159,1443.0894155001663,1698.27,1614.1733
T000205,1984-08-31,1292.19,1440.6440875329038,1372.5690413817279,1581.29,1553.852
T000205,1984-09-30,1029.99,1525.2997750119773,1446.3337106280521,1619.61,1633.2197
T000205,1984-10-31,1220.92,1402.9512946479877,1309.867519815054,1474.39,1537.5249
T000205,1984-11-30,824.26,1424.6326904293055,1334.8927182756609,1553.72,1650.283
T000205,1984-12-31,1337.91,1360.6670411431924,1264.2999470570776,1011.83,1608.3032
T000205,1985-01-31,999.06,1306.6158105271065,1201.7338455163679,1308.33,1416.9686
T000206,1978-06-30,6.98,6.972259098894247,6.840428123392202,6.42,7.110157
T000206,1978-07-31,9.85,10.353742537170959,10.403765250471757,9.84,11.177969
T000206,1978-08-31,12.67,13.44442998721151,13.788219782957425,13.08,14.826772
T000206,1978-09-30,4.35,4.011692939499265,3.2715590696608077,3.93,4.4957085
T000206,1978-10-31,3.56,3.4766489641713347,2.9891751503274184,3.16,4.022686
T000206,1978-11-30,4.58,4.4161622537297855,3.8222340436328093,4.29,4.837944
T000206,1978-12-31,4.79,4.752018568291087,4.262209706628775,4.68,5.1089816
T000206,1979-01-31,4.62,4.8682889839263135,3.9966500618538054,5.01,5.668546
T000206,1979-02-28,5.31,4.9443007366324006,4.477152394241376,4.87,5.539797
T000206,1979-03-31,4.3,4.726622181966758,4.603201328835709,4.63,4.5521207
T000206,1979-04-30,1.43,1.9194653618284678,1.6738693596555594,1.66,1.9758208
T000206,1979-05-31,5.88,5.976737099016774,5.68209972737541,5.95,5.8149743
T000207,1986-12-31,34.06,35.35754635469864,35.719735489204595,31.48,34.32502
T000207,1987-01-31,36.35,35.63753645623146,36.56477494180816,31.79,35.567307
T000207,1987-02-28,37.38,39.62421902931433,39.65925840652129,35.81,38.89086
T000207,1987-03-31,39.82,38.983588644880506,39.43298063043268,35.93,39.19995
T000207,1987-04-30,35.71,39.54459412626188,39.416963441508855,35.67,38.118626
T000207,1987-05-31,40.56,39.16224677182417,39.273166774035246,34.25,38.91349
T000207,1987-06-30,26.87,31.368967442702147,32.20098093731344,28.15,31.601429
T000207,1987-07-31,27.99,33.36119733675275,33.48238502289958,28.25,31.898792
T000207,1987-08-31,43.01,40.64411702052571,40.71585795151623,36.48,40.57052
T000207,1987-09-30,43.0,43.19600009582778,43.1697282698532,40.54,41.591522
T000207,1987-10-31,37.41,40.14602868335233,40.00747600319258,35.73,39.514053
T000207,1987-11-30,44.56,42.28989158321214,42.702227495886376,38.75,41.476074
T000208,1986-12-31,23.9,25.233742738305743,24.96518836611134,29.8,26.7351
T000208,1987-01-31,20.4,26.49453205646148,26.597957825751184,33.1,27.86778
T000208,1987-02-28,35.1,37.76317225497499,37.66617604977506,40.3,34.826576
T000208,1987-03-31,30.0,27.983109329700298,27.943634764089104,34.8,28.79376
T000208,1987-04-30,24.8,25.246944335732692,25.215852322104716,29.4,27.086226
T000208,1987-05-31,30.1,33.42644971553753,33.33254536026186,36.2,31.73702
T000208,1987-06-30,21.3,20.43136500213758,20.436409905848205,28.7,24.009953
T000208,1987-07-31,15.3,16.507417966045875,16.511455703488686,22.3,21.940157
T000208,1987-08-31,27.9,30.963373772573433,30.875059358711024,34.4,31.275139
T000208,1987-09-30,28.0,24.58823722091806,24.566690793321758,30.7,26.946756
T000208,1987-10-31,26.6,25.771225442733687,25.696292368089093,30.5,26.582247
T000208,1987-11-30,31.7,26.354193486701348,26.294847489783677,31.4,28.352673
T000209,1986-12-31,74.2,89.6294611274068,89.66135442017213,84.4,89.96428
T000209,1987-01-31,81.2,88.5647863342925,89.22468026846114,96.5,90.277245
T000209,1987-02-28,82.4,110.67224808596949,111.14162803095377,120.9,112.784195
T000209,1987-03-31,63.3,85.11813759067957,85.68168526255161,89.0,88.68955
T000209,1987-04-30,65.6,90.16409795674394,90.74247725416978,100.0,93.11675
T000209,1987-05-31,84.0,110.48251101894263,111.14175125601393,117.5,112.16762
T000209,1987-06-30,55.4,70.02772611398485,70.66063025286176,73.0,73.88182
T000209,1987-07-31,50.1,73.15547177847252,73.76670720142772,73.4,78.56501
T000209,1987-08-31,79.9,105.82287004303801,106.45205195380488,107.7,110.99962
T000209,1987-09-30,67.1,90.74096161653362,91.38193356480201,94.8,94.17974
T000209,1987-10-31,71.2,90.87407105107543,91.56710867069397,94.7,94.50132
T000209,1987-11-30,75.1,98.15634071573109,98.76330832862511,98.6,104.78728
T000210,1986-12-31,216.9,257.3206995821696,256.33197603271384,249.8,254.67871
T000210,1987-01-31,215.8,257.07369992458456,258.5459183851154,274.4,256.0562
T000210,1987-02-28,252.0,327.7818416049115,328.95742006348036,346.2,326.71524
T000210,1987-03-31,212.2,257.6867593323534,258.67849925377567,274.7,261.18515
T000210,1987-04-30,207.7,266.2953395405098,267.1012326754202,279.4,265.64508
T000210,1987-05-31,264.3,329.07134998117635,329.71178854410226,338.4,321.79907
T000210,1987-06-30,188.6,215.80223660627593,216.29333580632215,231.8,213.18173
T000210,1987-07-31,173.3,224.03542611946986,224.4281692960999,228.9,224.35046
T000210,1987-08-31,261.4,314.6301359189366,314.94706271872144,316.3,313.0468
T000210,1987-09-30,226.0,272.76469940502443,272.9759478434113,281.3,271.0216
T000210,1987-10-31,228.5,275.69224180411953,275.86105610879747,278.8,269.71375
T000210,1987-11-30,245.7,280.98667376551015,281.167152220025,268.1,287.37695
T000211,1986-12-31,123.0,128.80083869969877,128.46875919387108,150.8,129.79762
T000211,1987-01-31,123.8,121.90868649053061,122.80280323371193,147.7,128.86319
T000211,1987-02-28,117.3,136.71266841665727,133.56558129670321,163.3,138.03583
T000211,1987-03-31,122.6,125.74174018279464,126.05280383319926,151.7,133.45734
T000211,1987-04-30,112.3,127.14910171813509,124.44747606073899,148.1,129.33829
T000211,1987-05-31,118.1,126.27603088055969,121.50287072976383,143.3,131.02264
T000211,1987-06-30,116.4,122.92534378981472,118.70544752315877,138.2,128.10767
T000211,1987-07-31,101.9,116.26435806848721,121.21505502784245,142.7,118.13494
T000211,1987-08-31,137.6,125.82469147914185,119.07774674431502,138.9,129.0813
T000211,1987-09-30,142.9,131.493671684263,126.6884509375928,152.3,131.65923
T000211,1987-10-31,126.7,127.77526369947503,115.37422090272476,132.4,130.89577
T000211,1987-11-30,125.0,125.61123262347508,105.70118483140641,115.4,132.60397
T000212,1986-12-31,99.9,98.78945434084233,97.17841577083723,113.4,89.99128
T000212,1987-01-31,99.1,96.52955917876994,99.10035512492416,114.6,91.95576
T000212,1987-02-28,101.2,105.03929214998259,108.76888998337385,125.1,102.25501
T000212,1987-03-31,109.1,99.11323868897684,101.80014751522901,116.3,98.40175
T000212,1987-04-30,94.6,99.54872675054465,99.39740791329294,117.1,95.67259
T000212,1987-05-31,121.2,93.10658935677917,93.75450072740959,104.5,90.73647
T000212,1987-06-30,100.5,91.80577709110929,92.38648829064773,105.1,88.25739
T000212,1987-07-31,85.2,86.26929889359947,87.53307799360127,99.8,83.36553
T000212,1987-08-31,107.7,94.91875797767692,95.66581638758909,105.0,93.30878
T000212,1987-09-30,116.3,103.04800886358643,105.59514403391425,116.1,99.72731
T000212,1987-10-31,104.9,94.24252879349757,94.58061463120391,101.2,92.75681
T000212,1987-11-30,101.0,86.14322677196095,86.26202205504914,89.2,84.32926
T000213,1983-06-30,93.0,79.61123898724807,80.8335282080219,132.0,88.81505
T000213,1983-07-31,104.0,96.04704650330902,100.40504143634448,146.0,100.8566
T000213,1983-08-31,107.0,94.28974661896389,101.2604567125822,138.0,101.733185
T000213,1983-09-30,112.0,92.78567205189107,103.26304856265551,131.0,103.72531
T000213,1983-10-31,117.0,85.27712183397907,98.9382911031195,118.0,104.292854
T000213,1983-11-30,128.0,87.01073968244256,104.1065592815309,115.0,108.60954
T000213,1983-12-31,133.0,85.31387302177355,105.63950416225575,111.0,113.214096
T000213,1984-01-31,109.0,67.21092153932182,91.07488658704551,89.0,104.51219
T000213,1984-02-29,125.0,76.59767901995271,103.77822380911115,96.0,113.498955
T000213,1984-03-31,128.0,73.30307924277363,103.70974331405672,91.0,112.52092
T000213,1984-04-30,129.0,71.89097084173667,105.24346041189993,93.0,114.036835
T000213,1984-05-31,136.0,76.12118315131276,112.31551266763603,100.0,117.649025
T000214,1983-06-30,1.04,0.9095386288018925,0.9133984717833045,1.12,0.84295917
T000214,1983-07-31,0.97,0.8314230568290834,0.8329161099996016,0.83,0.823895
T000214,1983-08-31,0.96,0.8661659378810977,0.8689944101095374,0.96,0.8543403
T000214,1983-09-30,0.86,0.8181240772846077,0.8190398407265495,0.78,0.791313
T000214,1983-10-31,0.92,0.8715005364411512,0.8745449178187583,0.98,0.8185597
T000214,1983-11-30,0.88,0.788767347528927,0.7885120483258347,0.67,0.7540948
T000214,1983-12-31,0.96,0.8154554692524065,0.816264586871939,0.77,0.8262294
T000214,1984-01-31,0.91,0.762079227700589,0.7607595097797302,0.57,0.79776746
T000214,1984-02-29,0.88,0.844812402008326,0.8467923792726539,0.88,0.8560669
T000214,1984-03-31,1.13,0.8501500261566309,0.8523428869818748,0.9,0.82456017
T000214,1984-04-30,1.03,0.8448124020080495,0.8467923792726539,0.88,0.8258424
T000214,1984-05-31,0.95,0.8021114088192376,0.8023883175988868,0.72,0.7272687
T000215,1983-06-30,69.4,83.77456794392167,81.81525554801749,79.0,83.42989
T000215,1983-07-31,66.4,82.25340770256281,80.41320237206699,75.8,84.210144
T000215,1983-08-31,72.6,89.1213492178912,84.53173357642157,85.2,85.00091
T000215,1983-09-30,66.0,86.54137504055869,82.16576884200511,79.8,85.63839
T000215,1983-10-31,63.1,85.23284433038772,84.3126627676793,84.7,85.825
T000215,1983-11-30,65.7,89.7849299935195,83.34875120921333,82.5,86.03822
T000215,1983-12-31,69.7,91.54016981830705,86.59099917859885,89.9,86.42003
T000215,1984-01-31,68.2,94.3347021741959,86.24048588461122,89.1,86.620224
T000215,1984-02-29,68.5,88.6473307191919,82.9982379152257,81.7,86.754616
T000215,1984-03-31,70.2,90.17624697353517,83.34875120921332,82.5,87.100815
T000215,1984-04-30,68.0,91.43222714266874,84.92606103215762,86.1,87.40187
T000215,1984-05-31,70.9,87.59571461538121,82.12195468025664,79.7,87.53836
T000216,1983-06-30,15.6,14.867643689391041,15.230589322229164,15.35,14.744154
T000216,1983-07-31,14.2,14.611149566215795,13.89430454971491,14.02,14.853215
T000216,1983-08-31,15.0,15.574607466139433,14.860278180114037,14.81,15.460047
T000216,1983-09-30,16.5,15.325718501428737,15.054337511716003,15.4,15.550407
T000216,1983-10-31,14.2,15.062499636817588,14.57430454971491,14.7,15.373863
T000216,1983-11-30,15.1,15.21220220529862,14.094271587713818,14.0,15.340194
T000216,1983-12-31,11.6,9.365726056961497,9.53731708486292,10.7,9.904687
T000216,1984-01-31,10.3,13.409138688109621,10.63698746485199,9.6,13.718199
T000216,1984-02-29,16.6,15.416931884916746,15.325499675173786,15.8,15.796198
T000216,1984-03-31,16.5,16.165732869648473,16.404811466941343,16.1,16.117287
T000216,1984-04-30,15.4,15.967411043714424,14.637152274857455,14.7,16.085882
T000216,1984-05-31,14.5,14.114083587887176,13.113486490373349,13.5,14.675806
T000217,1981-10-31,3.4,2.778038839700854,2.7288931910722254,4.0,3.0573702
T000217,1981-11-30,2.78,2.732636866500942,2.7288931910722254,3.78,3.0078032
T000217,1981-12-31,3.01,2.7281747182781113,2.7288931910722254,2.72,2.9898098
T000217,1982-01-31,2.75,2.7277361741938084,2.7288931910722254,3.45,2.9724436
T000217,1982-02-28,1.99,2.727693073672653,2.7288931910722254,3.03,3.03847
T000217,1982-03-31,3.13,2.727688837713281,2.7288931910722254,2.97,3.0986772
T000217,1982-04-30,3.89,2.7276884213992476,2.7288931910722254,2.34,3.1432567
T000217,1982-05-31,3.51,2.7276883804835164,2.7288931910722254,2.88,3.1531138
T000217,1982-06-30,3.36,2.72768837646228,2.7288931910722254,1.94,3.1666567
T000217,1982-07-31,3.93,2.727688376067069,2.7288931910722254,1.97,3.1669629
T000217,1982-08-31,3.32,2.7276883760282273,2.7288931910722254,2.19,3.1604595
T000217,1982-09-30,3.52,2.72768837602441,2.7288931910722254,3.24,3.1537755
T000218,1983-06-30,450.0,451.73738923384667,443.1113073685085,467.0,445.77386
T000218,1983-07-31,400.0,467.1690761706567,464.500021286694,482.0,449.36383
T000218,1983-08-31,420.0,470.0825159556542,483.9043876487461,535.0,459.83356
T000218,1983-09-30,270.0,470.6325615479192,478.24130389689384,426.0,466.33615
T000218,1983-10-31,510.0,470.7364079205568,475.0380545398556,493.0,473.40384
T000218,1983-11-30,410.0,470.75601369371753,471.1139071802389,511.0,478.44272
T000218,1983-12-31,380.0,470.7597151840197,470.95693132957933,578.0,486.5438
T000218,1984-01-31,490.0,470.76041401034723,471.16646331536526,535.0,490.35428
T000218,1984-02-29,370.0,470.7605459459181,471.78989550264606,488.0,487.40408
T000218,1984-03-31,260.0,470.7605708548178,471.95534996450226,510.0,477.62848
T000218,1984-04-30,340.0,470.7605755575168,471.9961391426026,440.0,468.7877
T000218,1984-05-31,410.0,470.7605764453673,471.92100059851424,370.0,466.2293
T000219,1983-12-31,111.0,106.22125302555,108.65297364466768,99.0,107.85412
T000219,1984-01-31,109.0,103.8497588407164,105.83860242475725,104.0,108.112885
T000219,1984-02-29,113.0,103.58902456739887,106.5956783072816,106.0,108.42981
T000219,1984-03-31,111.0,105.41692007011665,107.55318614815259,101.0,108.833405
T000219,1984-04-30,107.0,106.06962845620262,108.03156605561503,99.0,109.12694
T000219,1984-05-31,110.0,104.40482692290314,106.42219827037174,103.0,109.598495
T000219,1984-06-30,105.0,108.05405947384952,109.98742149551566,94.0,109.99957
T000219,1984-07-31,105.0,108.05405778387802,109.98742149551566,94.0,110.40528
T000219,1984-08-31,116.0,107.57680022977848,111.55592959904916,98.0,110.777916
T000219,1984-09-30,113.0,106.31424685621046,112.06890081011701,104.0,111.08737
T000219,1984-10-31,115.0,107.87164883566285,113.58294405585919,100.0,111.3484
T000219,1984-11-30,108.0,106.29776019033923,114.58489477937034,108.0,111.61865
T000220,1965-12-31,104.0,101.93705786327887,101.59030174065876,101.0,105.71174
T000220,1966-01-31,111.0,107.77346107095293,107.47379521023956,110.0,108.54865
T000220,1966-02-28,107.0,107.71956509081257,107.39262432691841,111.0,108.58039
T000220,1966-03-31,110.0,111.11994416780713,110.90504336489563,112.0,110.60264
T000220,1966-04-30,110.0,110.7853037911822,110.68775789446718,109.0,110.444176
T000220,1966-05-31,106.0,110.90105595471802,110.79903415604963,109.0,110.80032
T000220,1966-06-30,104.0,97.45650356733428,97.37304883547088,94.0,100.48441
T000220,1966-07-31,43.0,52.59457844878055,52.5273588535717,52.0,54.113884
T000220,1966-08-31,109.0,110.74946741557464,110.58895963158639,111.0,110.61585
T000220,1966-09-30,109.0,111.51799193655202,111.36643907679438,112.0,110.94546
T000220,1966-10-31,117.0,116.55376584932986,116.46529687241245,115.0,111.888
T000220,1966-11-30,114.0,110.22226925272767,110.24801899889121,106.0,111.17421
T000221,1965-12-31,137.0,140.58975487100227,142.25031784862168,133.0,140.8697
T000221,1966-01-31,138.0,139.92857120831292,139.81175120469922,134.0,140.55939
T000221,1966-02-28,138.0,140.7197527839314,140.38484564535182,134.0,141.06711
T000221,1966-03-31,138.0,141.72510287104274,141.38484564535182,135.0,141.72604
T000221,1966-04-30,144.0,147.0214145253582,146.531034526657,139.0,143.5685
T000221,1966-05-31,138.0,142.187195659193,141.38484564535182,135.0,141.8463
T000221,1966-06-30,126.0,125.66165796975203,126.68888449253028,114.0,126.530365
T000221,1966-07-31,67.0,82.93664030483903,81.10412896730955,73.0,81.90536
T000221,1966-08-31,137.0,138.9276954937382,139.25031784861474,130.0,139.97726
T000221,1966-09-30,138.0,144.3289950573973,144.53103452665698,137.0,144.11983
T000221,1966-10-31,141.0,147.9900777872904,148.82341228926734,139.0,145.82285
T000221,1966-11-30,147.0,146.7977663458638,146.25031784861474,137.0,145.94421
T000222,1965-12-31,106.0,106.71498871913144,104.7724951942336,99.0,111.70888
T000222,1966-01-31,111.0,110.27716632615999,117.7724951942336,112.0,112.388916
T000222,1966-02-28,100.0,104.17547948813153,110.77249519423361,105.0,110.470085
T000222,1966-03-31,108.0,99.37695971152172,108.77249519423358,103.0,109.19919
T000222,1966-04-30,110.0,100.96848326736485,111.7724951942336,106.0,109.12685
T000222,1966-05-31,105.0,102.10633505479518,115.77249519423361,110.0,109.46409
T000222,1966-06-30,85.0,80.78879947796494,97.77249519423358,92.0,87.06554
T000222,1966-07-31,71.0,65.12438361550666,69.7724951942336,64.0,75.43839
T000222,1966-08-31,100.0,98.17994922662564,108.7724951942336,103.0,106.64297
T000222,1966-09-30,118.0,105.09142428939114,116.77249519423361,111.0,112.08471
T000222,1966-10-31,112.0,119.3916239956947,126.7724951942336,121.0,117.23611
T000222,1966-11-30,114.0,113.77358850262016,122.7724951942336,117.0,116.30367
T000223,1965-12-31,116.0,115.36263313510806,115.31102629795059,108.0,118.39193
T000223,1966-01-31,122.0,119.02344920974153,117.73980689965903,112.0,118.63763
T000223,1966-02-28,117.0,117.09312081331227,115.59763386794006,111.0,116.82782
T000223,1966-03-31,126.0,123.16434910861219,121.52239345976297,116.0,122.50597
T000223,1966-04-30,128.0,127.82803192454479,125.95976595629824,122.0,125.334175
T000223,1966-05-31,127.0,126.69046889907258,124.5693120113796,120.0,125.4841
T000223,1966-06-30,113.0,110.67297950470018,108.8870089672579,101.0,111.10685
T000223,1966-07-31,76.0,74.53429136593218,71.72309649670738,70.0,77.603035
T000223,1966-08-31,120.0,116.88642141949393,114.10202540106793,110.0,118.172554
T000223,1966-09-30,126.0,122.4720845428559,119.39189551886852,117.0,122.977104
T000223,1966-10-31,136.0,133.26674249355142,130.0540639958552,128.0,131.60284
T000223,1966-11-30,140.0,134.24383863381956,130.58343798587916,131.0,132.6231
T000224,1965-12-31,1149.0,1124.5656841181428,1130.7343056739103,1199.0,1135.0947
T000224,1966-01-31,1056.0,1037.2837003306042,1046.655464303947,1097.0,1079.2944
T000224,1966-02-28,1184.0,1113.8320195531858,1112.9532867609373,1187.0,1137.2368
T000224,1966-03-31,1139.0,1059.7292675051224,1060.3124075651594,1128.0,1089.8535
T000224,1966-04-30,1141.0,1088.9461312131423,1092.9372226955027,1156.0,1119.8148
T000224,1966-05-31,1096.0,1044.0768468841065,1043.2029170216242,1108.0,1074.5667
T000224,1966-06-30,1055.0,1046.326448839327,1038.5153245867955,1101.0,1086.9841
T000224,1966-07-31,1064.0,1021.4665774369416,1010.1401397171394,1068.0,1058.5642
T000224,1966-08-31,1083.0,1027.0184986675986,1017.7182416084322,1075.0,1058.5211
T000224,1966-09-30,1125.0,1085.7294192815948,1078.7488907820482,1121.0,1102.6938
T000224,1966-10-31,1128.0,1064.441382793979,1051.0612983472192,1091.0,1078.8921
T000224,1966-11-30,1205.0,1101.7559495835362,1091.8262531947141,1115.0,1109.059
T000225,1965-12-31,7349.0,7233.262996992611,7091.990385601853,6642.0,7298.58
T000225,1966-01-31,6496.0,6575.769354363168,6089.809689954523,5882.0,6759.995
T000225,1966-02-28,7330.0,6874.8604185499,6202.870131169536,6208.0,6945.884
T000225,1966-03-31,6850.0,6547.800454493518,5739.644758854602,5778.0,6655.6763
T000225,1966-04-30,6861.0,6553.003041732298,5887.0,5887.0,6595.8633
T000225,1966-05-31,6442.0,6729.480728670475,6253.0,6253.0,6708.449
T000225,1966-06-30,6442.0,6517.832748752156,5945.0,5945.0,6525.379
T000225,1966-07-31,5570.0,5878.4122245876515,5306.0,5306.0,5893.5664
T000225,1966-08-31,6664.0,6769.662428387403,6201.0,6201.0,6840.6943
T000225,1966-09-30,7398.0,7345.285118513433,6797.0,6797.0,7389.251
T000225,1966-10-31,7610.0,7474.421064391517,7007.0,7007.0,7505.577
T000225,1966-11-30,8108.0,7879.570183335038,7401.0,7401.0,7883.669
T000226,1965-12-31,3527.0,3461.5240877830315,3473.1130108118055,3094.0,3426.435
T000226,1966-01-31,3110.0,3361.596543636156,3342.3073884833857,2947.0,3357.1306
T000226,1966-02-28,3433.0,3490.074814682139,3436.570279104393,3136.0,3427.688
T000226,1966-03-31,3105.0,3239.916064709009,3186.7892361072377,2768.0,3182.6328
T000226,1966-04-30,3195.0,3339.843608855884,3314.355982901291,2915.0,3315.834
T000226,1966-05-31,3140.0,3339.843608855884,2852.816219260048,2915.0,3112.7676
T000226,1966-06-30,3271.0,3453.3667372404298,3552.61124465643,3082.0,3472.121
T000226,1966-07-31,3306.0,3407.1417508323516,3518.619437766836,3014.0,3439.3496
T000226,1966-08-31,3024.0,3405.102413196701,3480.801525772848,3011.0,3424.553
T000226,1966-09-30,3599.0,3578.446112226995,3674.262890620682,3266.0,3558.5405
T000226,1966-10-31,3577.0,3618.553085728122,3636.9063434745294,3325.0,3558.9326
T000226,1966-11-30,3567.0,3806.1721482079693,3871.6106804118913,3601.0,3734.263
T000227,1965-12-31,5176.0,5097.2873692995545,4926.704604834466,3415.0,5125.199
T000227,1966-01-31,4801.0,4917.1419601930265,4812.407100494138,3237.0,5164.036
T000227,1966-02-28,5119.0,5275.569546491497,4722.746298681084,3596.0,5210.656
T000227,1966-03-31,4837.0,5384.933509836545,4625.325509662484,3734.0,5233.555
T000227,1966-04-30,4359.0,5802.622144147771,4533.940681283679,4183.0,5204.5454
T000227,1966-05-31,3748.0,5741.998804276764,4442.638815887707,4149.0,5218.8423
T000227,1966-06-30,3442.0,5814.02701859953,4353.911836074461,4250.0,5206.119
T000227,1966-07-31,3679.0,5946.171964452553,4266.64203436057,4391.0,5190.2236
T000227,1966-08-31,3616.0,6006.81766678857,4181.256077932283,4466.0,5167.859
T000227,1966-09-30,3789.0,6311.534115123347,4097.521348865364,4773.0,5144.8066
T000227,1966-10-31,3759.0,6253.642418367816,4015.4881171854527,4724.0,5123.393
T000227,1966-11-30,3775.0,6508.078659276192,3935.0866865938196,4990.0,5120.864
T000228,1965-12-31,118.0,124.75611816514339,126.6096584703365,102.0,117.68625
T000228,1966-01-31,124.0,129.30232927379228,135.21931694067294,107.0,117.468575
T000228,1966-02-28,126.0,128.75051761703477,138.82897541100942,107.0,117.39546
T000228,1966-03-31,121.0,133.81675706252054,148.43863388134594,113.0,117.35707
T000228,1966-04-30,126.0,135.24563285943339,155.04829235168242,116.0,116.95714
T000228,1966-05-31,128.0,134.24571992310692,157.6579508220189,115.0,116.3879
T000228,1966-06-30,106.0,121.20363929754062,148.2676092923554,102.0,115.28636
T000228,1966-07-31,125.0,136.69874155506795,169.87726776269182,120.0,114.774025
T000228,1966-08-31,123.0,132.42527457211463,170.48692623302833,117.0,113.964134
T000228,1966-09-30,123.0,138.47226055820644,182.09658470336475,125.0,113.579185
T000228,1966-10-31,122.0,134.36638680634312,181.70624317370132,121.0,113.05487
T000228,1966-11-30,115.0,127.68850114061675,181.3159016440378,117.0,112.49299
T000229,1965-12-31,118.0,122.69564679565151,124.44281975675779,109.0,113.85133
T000229,1966-01-31,125.0,126.66575314045285,129.59873154494963,113.0,119.59885
T000229,1966-02-28,127.0,127.88723735162644,132.94053427673737,115.0,120.524506
T000229,1966-03-31,126.0,131.97334361743572,139.1618961470053,120.0,122.20753
T000229,1966-04-30,124.0,128.2453236348183,136.46129302448253,116.0,120.829865
T000229,1966-05-31,126.0,131.63468611230064,142.7101301311867,121.0,117.90695
T000229,1966-06-30,111.0,116.60251234760042,126.99172548975815,104.0,110.885254
T000229,1966-07-31,127.0,133.52817133646622,148.25209640349954,124.0,119.896935
T000229,1966-08-31,126.0,132.38186195979299,147.52621887700576,122.0,120.290375
T000229,1966-09-30,131.0,139.02679869143404,155.791431558172,129.0,123.17169
T000229,1966-10-31,127.0,131.89694386526378,151.06241699536727,123.0,119.59272
T000229,1966-11-30,112.0,121.06344001339265,141.32966219812175,112.0,113.8179
T000230,1965-12-31,80913.0,79051.9950302173,78725.17107970983,73547.0,78653.89
T000230,1966-01-31,72047.0,72561.393258094,72268.24640097977,65746.0,74152.445
T000230,1966-02-28,78646.0,77969.17107545731,77167.13716092463,71742.0,77960.766
T000230,1966-03-31,73528.0,74008.17481613116,72892.36747094993,68289.0,73157.49
T000230,1966-04-30,78021.0,76359.43496926074,74804.44077302913,71032.0,75831.9
T000230,1966-05-31,77819.0,77825.69263959443,76036.46844687269,72410.0,77178.625
T000230,1966-06-30,80322.0,79977.37850085185,77633.95011448114,75223.0,78690.06
T000230,1966-07-31,84093.0,83321.70750284736,80379.90056492822,78965.0,81138.7
T000230,1966-08-31,77018.0,78654.51335056558,75374.30562512991,74466.0,77119.12
T000230,1966-09-30,79784.0,78725.47067521959,75224.7283574699,74471.0,77635.41
T000230,1966-10-31,78109.0,78216.65881750325,74390.8254951668,74221.0,76581.81
T000230,1966-11-30,82702.0,82733.30559562334,78772.42437431702,78419.0,80568.2
T000231,1987-12-31,2666.81,2742.3717040783345,2577.740820993784,2731.1,2837.1104
T000231,1988-01-31,2734.73,2723.5471737347057,2589.912770303506,2737.7,2790.665
T000231,1988-02-29,2443.44,2461.085750993352,2335.721384544035,2445.08,2545.7778
T000231,1988-03-31,2294.25,2508.023844734344,2338.5607860591385,2508.22,2504.9194
T000231,1988-04-30,2216.11,2117.082752988683,1936.6232489634156,1860.19,2222.0352
T000231,1988-05-31,2333.98,2352.2692132527873,2242.087523551203,2287.82,2316.3525
T000231,1988-06-30,2351.45,2068.0586329978687,1903.4431020030415,1946.74,2074.5776
T000231,1988-07-31,1699.62,2042.2419819748918,1894.500926097762,1983.0,2044.7283
T000231,1988-08-31,2484.15,2353.465298572289,2194.411644128416,2260.12,2389.4065
T000231,1988-09-30,2335.95,2524.2419948708366,2377.476469402518,2451.35,2584.229
T000231,1988-10-31,2733.41,2502.200825158643,2341.702591246117,2501.79,2559.65
T000231,1988-11-30,2487.78,2507.6458811430484,2328.917300680443,2349.47,2633.0498
T000232,1988-02-29,2321.56,2311.219538337882,2308.73388369907,2177.11,2216.7913
T000232,1988-03-31,2856.42,2872.975642044298,2873.046162829946,2771.21,2871.1523
T000232,1988-04-30,3086.64,3158.4409090197246,3160.1020042441314,3023.37,3291.165
T000232,1988-05-31,3418.71,3384.4638714426846,3371.78549530936,3310.28,3370.5295
T000232,1988-06-30,3707.08,3718.5420802177227,3728.94755366209,3690.81,3661.5808
T000232,1988-07-31,3986.3,3743.0017676425236,3760.0444290643586,3729.39,3660.2637
T000232,1988-08-31,3594.99,3371.292902391681,3331.7706216661577,3232.93,3304.094
T000232,1988-09-30,3661.73,3504.4778289698083,3480.6560717970183,3396.77,3545.3877
T000232,1988-10-31,3387.08,3189.7329253042735,3163.4985587001197,3091.58,3234.7666
T000232,1988-11-30,3070.19,3043.8661174383074,2987.5113251150105,2915.49,3067.0518
T000232,1988-12-31,2944.01,2944.6732845337365,2908.1023396905284,2834.48,2934.6934
T000232,1989-01-31,2797.73,2811.655272451954,2754.126448592858,2651.44,2819.9443
T000233,1988-02-29,1059.42,1132.5660393422877,1310.536948350731,1256.76,1152.4984
T000233,1988-03-31,1421.84,1482.3917886056793,1451.1978333886009,1567.64,1476.9414
T000233,1988-04-30,1471.05,1555.5142860092267,1453.1684982621537,1557.66,1561.7736
T000233,1988-05-31,1391.36,1505.704252516992,1453.164060382085,1505.66,1513.644
T000233,1988-06-30,1395.52,1470.1297125427368,1413.6895020249106,1421.22,1518.1765
T000233,1988-07-31,1411.57,1539.3782938350655,1431.97299741611,1421.31,1542.4023
T000233,1988-08-31,1344.16,1458.8904010366755,1449.7512119746195,1433.62,1458.096
T000233,1988-09-30,1533.0,1571.85626573625,1474.9690610243017,1580.53,1562.2302
T000233,1988-10-31,1488.28,1490.0957323196697,1458.7231179476753,1363.24,1533.944
T000233,1988-11-30,1521.74,1526.0705958431172,1495.0693497946538,1464.93,1528.074
T000233,1988-12-31,1513.43,1565.704534699044,1509.4009153903085,1569.35,1552.472
T000233,1989-01-31,1307.31,1417.0635538362333,1432.5744448121618,1307.54,1457.5188
T000234,1987-12-31,4224.02,4243.47410856314,4294.339620231261,4434.5,4240.677
T000234,1988-01-31,4506.73,4608.4895748573945,4458.141068673364,4446.88,4296.874
T000234,1988-02-29,5651.98,5388.952771177771,5406.606496451406,5525.07,5384.713
T000234,1988-03-31,5243.4,5638.3617568201125,5576.577717245882,5774.76,5498.7314
T000234,1988-04-30,5346.58,5681.968201352961,5666.156776952736,5898.16,5517.551
T000234,1988-05-31,5693.25,5699.451398968699,5645.419476218691,5610.29,5553.2554
T000234,1988-06-30,5193.88,5617.185062228583,5566.596223262496,5353.8,5461.11
T000234,1988-07-31,4040.37,4409.39584648651,4381.160807416367,4227.33,4365.1475
T000234,1988-08-31,5402.29,5183.917891122882,5156.793042078566,5096.69,5086.659
T000234,1988-09-30,5530.23,5512.183899791105,5469.296449724427,5328.42,5351.4263
T000234,1988-10-31,4568.63,4637.599911715102,4608.1665857107,4644.98,4495.7485
T000234,1988-11-30,3900.05,4238.012025703524,4219.337586496984,4314.82,4070.865
T000235,1986-06-30,11681.8,12685.721528811384,12548.007300424253,11739.1,12175.653
T000235,1986-07-31,14076.3,12411.661410254952,12372.517914298047,10630.9,12101.221
T000235,1986-08-31,14035.3,12214.318160685225,12130.125887014075,10839.6,12262.374
T000235,1986-09-30,13458.9,12834.747554609829,12752.401902368587,11301.2,12239.921
T000235,1986-10-31,4986.4,3704.3757760748103,3591.6748250131486,2471.74,2970.4282
T000235,1986-11-30,13525.5,12533.692404006675,12443.842906603026,11005.4,12397.309
T000235,1986-12-31,12682.1,12776.607780657749,12683.140219772033,11298.4,12718.806
T000235,1987-01-31,12560.2,12257.107061694773,12123.44052639206,11042.5,12179.796
T000235,1987-02-28,12310.6,11399.4115952107,11168.125175480263,10992.6,12264.056
T000235,1987-03-31,14239.3,12604.262252732658,12317.356003527648,12612.4,12885.897
T000235,1987-04-30,13231.0,11661.827806237718,11339.389102433988,11955.0,12393.277
T000235,1987-05-31,14929.9,12050.460198768102,11680.106230648249,12708.9,13221.527
T000236,1984-04-30,17556.5,20659.27612049308,19492.4385032637,18113.2,17651.992
T000236,1984-05-31,16829.6,20962.953657868613,19485.96394236789,16593.4,18057.03
T000236,1984-06-30,16741.3,19338.197976151474,18160.828411287526,14190.1,17121.666
T000236,1984-07-31,15511.1,18778.22510738997,17198.888338070898,14562.9,16376.527
T000236,1984-08-31,17243.4,20571.234295445538,19469.12738618606,17288.1,18462.354
T000236,1984-09-30,16062.8,17696.157901354905,16686.98499826347,15344.6,16541.19
T000236,1984-10-31,17371.4,20314.187226899092,19036.67314183699,17483.2,18959.152
T000236,1984-11-30,18121.9,19452.698369187954,18297.609735706326,16710.3,18494.61
T000236,1984-12-31,16077.7,19492.156596886205,18386.661058149013,16603.4,18883.025
T000236,1985-01-31,18863.8,20269.12125689765,19318.310516859572,19434.2,19050.227
T000236,1985-02-28,15256.3,17564.05632113131,16379.327295743715,14681.0,17198.502
T000236,1985-03-31,7559.2,8585.357798900293,7472.55358741655,8733.52,9746.025
T000237,1987-12-31,17278.0,19784.22569895931,18659.14995909971,15593.2,18580.19
T000237,1988-01-31,8099.51,11091.428755819801,9516.707572675805,5466.81,9786.465
T000237,1988-02-29,17805.5,18197.775916395593,16159.75939387516,12551.3,17411.623
T000237,1988-03-31,16683.4,19512.42802577778,17148.36166448166,15419.0,18074.646
T000237,1988-04-30,14351.2,18499.14092943477,15725.092994729099,13934.0,17494.172
T000237,1988-05-31,12770.3,17992.60039295356,14916.082577636374,12847.0,17547.99
T000237,1988-06-30,13182.7,19187.1358834837,15983.64374250359,14100.2,17727.61
T000237,1988-07-31,16755.3,19135.17372245308,15672.24104745247,12410.6,16900.643
T000237,1988-08-31,21163.9,20503.001620803763,16891.697398831893,14881.9,18439.805
T000237,1988-09-30,19728.5,20817.650585920834,17243.432347033224,19728.5,18088.66
T000237,1988-10-31,18504.0,20431.53715512043,16731.053832759433,18504.0,17730.232
T000237,1988-11-30,19693.3,20774.675023037675,16961.80611011357,19693.3,18136.094
T000238,1983-10-31,624.21,636.0400111767204,650.3668134987513,453.55,620.8236
T000238,1983-11-30,284.04,294.47333470713124,324.0848378813316,154.62,247.58989
T000238,1983-12-31,128.28,197.75343692511507,233.11507218597532,80.17,134.38937
T000238,1984-01-31,460.42,449.35985569806155,482.81687084327586,313.82,418.7875
T000238,1984-02-29,902.52,767.8934065634642,809.0832631862479,639.1,763.7264
T000238,1984-03-31,944.9,750.6499959368466,772.2532947294752,664.29,754.8956
T000238,1984-04-30,809.75,603.6546643619431,632.270224266606,522.27,587.7416
T000238,1984-05-31,274.88,350.65171778511234,351.9813397810135,215.32,281.62653
T000238,1984-06-30,352.76,484.28740193430247,511.4042439578451,423.77,400.75092
T000238,1984-07-31,652.84,659.7496909150702,690.1025483496824,586.41,600.46375
T000238,1984-08-31,787.99,791.9409856833481,821.5214793380554,742.18,761.6421
T000238,1984-09-30,913.98,874.8914774231425,898.742160546657,847.55,846.61365
T000239,1989-06-30,1676.0,1728.1573485074282,1674.7061876136681,1569.0,1680.1982
T000239,1989-07-31,1582.0,1653.6188425365717,1621.0288856921015,1510.0,1654.3162
T000239,1989-08-31,1501.0,1685.6301334271404,1648.3656023996066,1450.0,1694.8943
T000239,1989-09-30,1497.0,1564.4478261898946,1558.1259044226138,1488.0,1608.7628
T000239,1989-10-31,479.0,831.1881095378473,781.0286465775685,582.0,782.90137
T000239,1989-11-30,1360.0,1594.2501554431992,1603.2371653878681,1554.0,1654.4915
T000239,1989-12-31,1323.0,1658.5433499119765,1629.0783982955563,1485.0,1709.3116
T000239,1990-01-31,1069.0,1761.6470318228517,1741.89157535796,1730.0,1729.105
T000239,1990-02-28,972.0,1692.2514504647434,1628.0826550098534,1525.0,1695.739
T000239,1990-03-31,1104.0,1679.0141026663575,1652.3361553687173,1667.0,1674.8279
T000239,1990-04-30,1169.0,1803.901109013526,1755.3291888635374,1766.0,1719.037
T000239,1990-05-31,1126.0,1835.3202573538424,1762.6813363939455,1706.0,1745.7402
T000240,1981-12-31,2637.11,3043.1761370556123,2879.8214997122664,2709.93,3247.0623
T000240,1982-01-31,1962.66,2270.963078386212,2306.462304009552,1666.45,2351.2524
T000240,1982-02-28,3665.03,4048.931133692038,4034.9450384605243,3429.73,3689.7083
T000240,1982-03-31,3520.83,3575.5317666405836,3380.7702060478805,3132.79,3574.419
T000240,1982-04-30,3854.18,3682.0518526270916,3761.18034089102,3085.52,3407.7266
T000240,1982-05-31,3943.1,4178.673823367768,4145.119151813052,3645.44,3851.5015
T000240,1982-06-30,3451.3,3554.124041601349,3338.95674542722,3003.32,3437.9072
T000240,1982-07-31,3467.76,3675.831946347735,3900.0965851436117,3233.28,3439.5552
T000240,1982-08-31,4321.13,4637.606422605345,4432.1176474479325,3996.42,3939.2012
T000240,1982-09-30,3341.41,3546.7590267995547,3504.955121168892,3090.52,3501.522
T000240,1982-10-31,3920.97,3857.8577772419717,3951.074715110814,3318.23,3555.6326
T000240,1982-11-30,4129.49,4496.586297439029,4303.2897506694235,3896.09,3901.9624
T000241,1981-12-31,117.29,136.2147169528943,133.84490158754525,115.29,136.5431
T000241,1982-01-31,78.78,91.84613644275247,92.07459665022864,70.08,91.53568
T000241,1982-02-28,152.37,157.5357416522813,156.43756352188188,135.8,148.98155
T000241,1982-03-31,151.31,155.80007293132857,155.04198214500298,134.64,151.30246
T000241,1982-04-30,150.35,154.83602184467165,154.1558232036714,133.03,146.58673
T000241,1982-05-31,163.93,166.10975332656608,164.96567458858914,144.34,155.3435
T000241,1982-06-30,148.55,150.7782403193974,150.02169479661634,129.27,147.66522
T000241,1982-07-31,142.39,153.99815045387356,153.6042956384578,132.76,147.7613
T000241,1982-08-31,161.49,178.87411704558426,177.53920121836947,156.82,157.85062
T000241,1982-09-30,150.93,154.55263990561065,154.03533148456188,133.25,152.20941
T000241,1982-10-31,152.95,164.9189386081162,163.85016927416154,143.07,151.49088
T000241,1982-11-30,173.75,170.1326462062446,169.07851441285055,148.32,155.9146
T000242,1985-04-30,537.0,609.0448941204094,599.3616588225444,575.0,600.777
T000242,1985-05-31,624.0,591.349218727538,570.7534130439767,569.0,599.18823
T000242,1985-06-30,559.0,622.8967599704118,624.4776678236916,604.0,598.6813
T000242,1985-07-31,606.0,578.1277930733921,571.1896147484301,529.0,611.176
T000242,1985-08-31,610.0,591.5398495122624,583.4812487950958,568.0,594.30066
T000242,1985-09-30,455.0,498.9256792063213,496.9263508856393,459.0,502.4664
T000242,1985-10-31,611.0,587.2894069660057,593.30150895564,552.0,606.5202
T000242,1985-11-30,674.0,654.138099326277,626.4281688916011,628.0,648.3358
T000242,1985-12-31,575.0,604.0766709775933,596.6492491024397,566.0,605.33374
T000242,1986-01-31,640.0,613.6495750679999,609.3320820191839,597.0,605.86505
T000242,1986-02-28,567.0,560.4864756331204,563.7283984013426,519.0,566.802
T000242,1986-03-31,571.0,561.1977989635171,557.5554239052078,524.0,554.8624
T000243,1965-12-31,116.0,121.17093052072991,121.01282049088792,120.0,119.29744
T000243,1966-01-31,119.0,123.1185277525886,123.24363084580273,120.0,118.548935
T000243,1966-02-28,121.0,122.41209432046217,122.57767310057355,121.0,118.56915
T000243,1966-03-31,118.0,118.19300210356816,117.82180181047232,115.0,116.03513
T000243,1966-04-30,123.0,122.41395671167975,121.89269286324541,120.0,118.72166
T000243,1966-05-31,124.0,124.75396959297106,124.58654666546765,122.0,118.66324
T000243,1966-06-30,118.0,119.58861719079414,119.0683802003882,117.0,117.59164
T000243,1966-07-31,117.0,120.4157229786596,119.45534426208681,117.0,116.900475
T000243,1966-08-31,121.0,120.03549083867732,119.16636148311959,117.0,116.95354
T000243,1966-09-30,118.0,123.09227981145337,122.38217234207387,120.0,118.30475
T000243,1966-10-31,126.0,124.15477762920347,123.22100589814585,121.0,119.09912
T000243,1966-11-30,117.0,115.92481580143367,115.34136417286041,113.0,114.13348
T000244,1965-12-31,145.0,150.8941073423852,156.4508209162511,139.0,150.46674
T000244,1966-01-31,144.0,149.6369684859215,152.125551542612,137.0,150.28046
T000244,1966-02-28,148.0,150.800507520821,153.48206239801053,135.0,150.43304
T000244,1966-03-31,151.0,154.73905101981,158.6927881701231,140.0,153.25496
T000244,1966-04-30,156.0,155.63351091793513,157.54081203534017,138.0,154.99362
T000244,1966-05-31,160.0,159.87616403095902,166.91762195515642,144.0,158.7059
T000244,1966-06-30,149.0,148.77042269232746,152.10406097503855,134.0,150.77611
T000244,1966-07-31,121.0,126.13799130518262,130.12439655082235,108.0,124.17024
T000244,1966-08-31,151.0,146.1772734197687,145.64882848475904,134.0,145.35918
T000244,1966-09-30,155.0,151.59945388570299,152.63748327787985,142.0,152.98726
T000244,1966-10-31,156.0,160.75072613397103,164.09026039859575,145.0,160.75166
T000244,1966-11-30,139.0,161.38593465568235,163.41629992249037,151.0,162.45573
T000245,1965-12-31,132.0,126.3785404599307,122.59895296060377,125.0,127.82934
T000245,1966-01-31,129.0,130.85028402761137,138.61278875083883,130.0,128.00095
T000245,1966-02-28,121.0,136.33753852419832,128.91110272361283,137.0,127.85276
T000245,1966-03-31,126.0,133.22116379726654,130.03699047153236,133.0,128.53458
T000245,1966-04-30,135.0,130.88273790852267,135.98814565076717,130.0,127.252945
T000245,1966-05-31,128.0,127.76472417156809,120.52798239936293,126.0,125.10885
T000245,1966-06-30,103.0,111.39512760220242,101.94404971322038,105.0,121.87171
T000245,1966-07-31,112.0,119.19017372095837,118.99767875078662,115.0,119.972824
T000245,1966-08-31,130.0,129.32373365855253,124.24929375204975,128.0,126.77955
T000245,1966-09-30,136.0,126.98521982700487,122.09152226458734,125.0,128.93253
T000245,1966-10-31,126.0,139.4572935954667,143.51570152466425,141.0,129.61227
T000245,1966-11-30,116.0,126.98521982700704,122.35969860285381,125.0,129.41458
T000246,1965-12-31,134.0,129.9528906982759,125.83300087005742,121.0,124.52152
T000246,1966-01-31,132.0,134.72343773226254,128.23581225171603,128.0,131.32951
T000246,1966-02-28,128.0,138.60742999140726,131.42575703617274,132.0,135.06165
T000246,1966-03-31,128.0,136.80503914225747,128.39584684402925,126.0,135.52144
T000246,1966-04-30,136.0,142.60009348590472,141.10636788954872,129.0,138.82976
T000246,1966-05-31,133.0,140.9815876408518,132.10995790750675,131.0,134.58351
T000246,1966-06-30,109.0,107.9734177317756,97.25952310899143,93.0,106.55708
T000246,1966-07-31,123.0,127.88381958831734,116.52532222702442,115.0,123.65063
T000246,1966-08-31,133.0,143.67198545212986,133.54459085982168,131.0,136.85373
T000246,1966-09-30,139.0,142.5678784138102,129.22171456467908,136.0,135.98134
T000246,1966-10-31,145.0,146.1586822219462,126.67800091045348,142.0,137.56854
T000246,1966-11-30,132.0,138.4183210275565,122.45171833277166,127.0,136.15323
T000247,1990-02-28,14400.0,14172.39696811029,14974.844141593645,13860.0,14736.606
T000247,1990-03-31,13661.0,15046.705740756206,14442.61087193123,13814.0,15115.504
T000247,1990-04-30,14770.0,13874.294524446532,13400.467733529105,13347.0,14962.25
T000247,1990-05-31,15566.0,13550.50438593946,14099.020674316365,14983.0,14534.207
T000247,1990-06-30,14630.0,11792.212650539468,13394.986387438279,12659.0,13441.559
T000247,1990-07-31,15223.0,12327.231391528316,13425.082755937263,12387.0,13944.382
T000247,1990-08-31,15246.0,13494.79313847829,14386.850920028794,14598.0,14358.916
T000247,1990-09-30,17273.0,12412.569592794229,13495.521388960955,12052.0,13960.858
T000247,1990-10-31,17718.0,12429.008267361683,13114.379098693515,12797.0,14008.908
T000247,1990-11-30,26128.0,13168.816293186399,13583.543065141837,14287.0,14592.89
T000247,1990-12-31,13008.0,13906.786527045671,13086.704819835155,13932.0,14914.106
T000247,1991-01-31,18169.0,14532.718808288371,13995.119547426139,15662.0,15022.98
T000248,1985-11-30,7219.0,8251.607323502933,8091.203620948496,9637.0,8092.1616
T000248,1985-12-31,7021.0,7639.724890292235,7834.333269659813,8915.0,7776.373
T000248,1986-01-31,7345.0,7319.988749182159,7329.056673487015,9106.0,7203.4375
T000248,1986-02-28,6625.0,5801.814140982234,6255.446935948443,7420.0,6355.406
T000248,1986-03-31,6760.0,5182.7121180479635,5902.666470389478,6636.0,5970.9834
T000248,1986-04-30,8207.0,6542.711196649154,6692.388143675641,7699.0,6664.1514
T000248,1986-05-31,8654.0,7146.806163373458,7258.812796945555,8633.0,7038.0264
T000248,1986-06-30,8315.0,6697.084809798187,6918.2265946063,7588.0,7043.5283
T000248,1986-07-31,8569.0,6921.810047465859,6857.115308383539,7656.0,7224.0547
T000248,1986-08-31,12654.0,6993.679905418909,7015.779277626112,7949.0,7375.925
T000248,1986-09-30,6439.0,6947.917294026183,6818.313947089495,7294.0,7602.677
T000248,1986-10-31,8542.0,7553.766381912477,7253.704831811397,8372.0,7829.583
T000249,1984-03-31,8055.0,8426.471168729744,8337.448784384906,7808.0,9788.942
T000249,1984-04-30,10793.0,11270.823626747484,10973.030803993142,11730.0,11524.678
T000249,1984-05-31,10179.0,9526.968570292625,9375.706203481675,9302.0,10817.152
T000249,1984-06-30,12803.0,9598.788204025384,9543.923621828593,9401.0,10126.087
T000249,1984-07-31,9344.0,9940.638006225421,9588.989615086462,9250.0,11582.618
T000249,1984-08-31,8362.0,10896.327997361343,10688.437750715568,11364.0,11347.729
T000249,1984-09-30,12186.0,8634.07333201477,8656.826925842839,8107.0,10034.18
T000249,1984-10-31,8990.0,11037.168472240182,10752.37082861046,11635.0,12292.664
T000249,1984-11-30,9879.0,11188.627640368377,10846.032844296506,11728.0,12111.642
T000249,1984-12-31,12155.0,9596.414526024186,9566.790660919574,9850.0,10607.25
T000249,1985-01-31,10601.0,13335.18251881106,12436.040193159746,13624.0,13356.62
T000249,1985-02-28,5162.0,6789.635621693726,7240.580686314242,6026.0,8470.173
T000250,1987-04-30,690.0,542.9979072372698,987.5521577330329,800.0,232.89386
T000250,1987-05-31,630.0,563.0027036588208,323.11821143828587,500.0,410.0213
T000250,1987-06-30,1230.0,851.141907403068,661.7567650043941,580.0,512.1412
T000250,1987-07-31,220.0,424.8407575792743,354.90177916303935,530.0,470.43378
T000250,1987-08-31,160.0,354.189159406471,425.0522729373047,370.0,418.16522
T000250,1987-09-30,540.0,220.2595113937944,247.54810665203672,150.0,353.30072
T000250,1987-10-31,490.0,136.63705554107977,248.3600412497958,220.0,277.3941
T000250,1987-11-30,60.0,17.42835333268316,91.52438907967658,80.0,182.43976
T000250,1987-12-31,80.0,-32.78566252258,78.43630994511989,40.0,129.02924
T000250,1988-01-31,260.0,-77.11089635141056,153.7662297272664,190.0,116.47119
T000250,1988-02-29,120.0,-44.402563522140824,108.63929415218817,90.0,136.48187
T000250,1988-03-31,190.0,248.32772273886792,246.13379268113604,60.0,261.68002
T000251,1987-04-30,2167.0,2267.5243517102545,2030.808742394238,2945.0,2459.9233
T000251,1987-05-31,2327.0,2418.8035497136625,2251.402395754186,3897.0,2401.175
T000251,1987-06-30,2728.0,2179.620483160477,2060.508736868477,2642.0,2295.6082
T000251,1987-07-31,2808.0,2255.1704199634137,2026.2729597723128,2949.0,2155.7747
T000251,1987-08-31,1561.0,2027.1787911011227,1804.4600253057392,1824.0,2073.3887
T000251,1987-09-30,2194.0,1977.147953996903,1736.9938252305215,1470.0,2032.7042
T000251,1987-10-31,2643.0,2111.866282818181,1830.2029675844344,2210.0,2048.689
T000251,1987-11-30,2222.0,2243.3125027927695,1961.3505743194564,3098.0,2105.3467
T000251,1987-12-31,2918.0,1991.3264123540425,1655.7228008784114,1491.0,2147.4573
T000251,1988-01-31,3211.0,2010.3130271103917,1661.0065197626511,1670.0,2198.3418
T000251,1988-02-29,2444.0,2089.543066858722,1737.245345495941,2239.0,2273.245
T000251,1988-03-31,3431.0,2109.545217415307,1714.629327803887,2235.0,2313.2363
T000252,1986-04-30,1560.0,1313.81168027356,1229.3932272379102,1418.0,1347.373
T000252,1986-05-31,1070.0,1337.1954647061916,1307.6711254400689,1420.0,1341.8054
T000252,1986-06-30,1320.0,1333.1603730656036,1238.0985394455352,1450.0,1350.4312
T000252,1986-07-31,1240.0,1321.3668619341213,1209.8375125381697,1650.0,1353.0306
T000252,1986-08-31,1490.0,1344.176749814047,1222.5392332242518,1240.0,1356.5276
T000252,1986-09-30,1400.0,1338.4441361187578,1196.4736657380183,1350.0,1356.2058
T000252,1986-10-31,1410.0,1327.1637629521267,1174.0791397922858,1540.0,1357.0051
T000252,1986-11-30,1380.0,1338.2861347413716,1166.5180962224176,1380.0,1353.3248
T000252,1986-12-31,1460.0,1342.015380200017,1149.935981095265,1310.0,1352.2546
T000252,1987-01-31,1390.0,1347.5525260669847,1132.2668417241189,1230.0,1354.5288
T000252,1987-02-28,1440.0,1331.197802725373,1119.373661051326,1490.0,1352.9552
T000252,1987-03-31,1380.0,1347.585413158817,1104.7894096444484,1240.0,1354.5674
T000253,1983-04-30,3370.0,2588.8971119638863,2462.1069177329273,2890.0,2731.1797
T000253,1983-05-31,2300.0,2618.672151188006,2629.977370511113,3170.0,2813.1606
T000253,1983-06-30,2610.0,2620.8403077605476,2366.615257894584,2770.0,2887.312
T000253,1983-07-31,2080.0,2620.998188423195,2402.976972152017,2370.0,2863.9766
T000253,1983-08-31,2700.0,2621.0096849654437,2435.440331101217,1910.0,2845.9858
T000253,1983-09-30,2570.0,2621.0105221197946,2351.291695918116,2400.0,2846.66
T000253,1983-10-31,3170.0,2621.0105830796374,2337.820554081263,2400.0,2851.2786
T000253,1983-11-30,2980.0,2621.010587518607,2329.776796964017,2950.0,2802.6687
T000253,1983-12-31,3080.0,2621.0105878418435,2290.897028637409,2870.0,2779.268
T000253,1984-01-31,3420.0,2621.010587865381,2268.508725764962,2560.0,2762.3923
T000253,1984-02-29,2760.0,2621.0105878670947,2249.2201976548704,3150.0,2721.2454
T000253,1984-03-31,3310.0,2621.0105878672193,2222.0422836821754,2180.0,2648.4521
T000254,1986-04-30,1030.0,919.7157959001172,845.674595001754,1036.0,965.78253
T000254,1986-05-31,920.0,919.7123207331343,888.8796505414186,950.0,955.90735
T000254,1986-06-30,880.0,919.7122782397798,865.7669876085675,530.0,925.96954
T000254,1986-07-31,780.0,919.7122777201831,811.7955928713807,750.0,894.0142
T000254,1986-08-31,620.0,919.7122777138296,843.2803999668267,640.0,889.33484
T000254,1986-09-30,850.0,919.712277713752,879.4545091688033,750.0,912.80927
T000254,1986-10-31,870.0,919.7122777137511,834.5710273512357,1030.0,942.7681
T000254,1986-11-30,590.0,919.7122777137511,807.9404144617764,1080.0,968.26843
T000254,1986-12-31,620.0,919.7122777137511,861.0215643201923,590.0,996.44446
T000254,1987-01-31,880.0,919.7122777137511,882.2084535539246,840.0,1010.70807
T000254,1987-02-28,850.0,919.7122777137511,935.057021867526,1080.0,990.85626
T000254,1987-03-31,750.0,919.7122777137511,823.0699117856847,920.0,970.5107
T000255,1984-10-31,61688.0,47782.51168424143,38598.548254592206,53539.0,46693.703
T000255,1984-11-30,38489.0,50541.249387352436,48997.28369402209,85095.0,51252.156
T000255,1984-12-31,47480.0,45214.02830568404,44608.566537781524,71777.0,48854.63
T000255,1985-01-31,18231.0,32076.013046304754,33020.54740583984,36612.0,40309.625
T000255,1985-02-28,19243.0,34512.22819972068,36371.56593428332,46781.0,42354.82
T000255,1985-03-31,24403.0,43558.02440429397,43850.31168145854,69476.0,48007.664
T000255,1985-04-30,37709.0,40358.570516509186,40900.33450901031,60524.0,47215.402
T000255,1985-05-31,28673.0,37968.02713643004,34280.02157396955,40434.0,41834.637
T000255,1985-06-30,27486.0,38313.871113501664,34847.14743565224,42155.0,43427.03
T000255,1985-07-31,49604.0,38289.74157965795,34599.00927536923,41402.0,47839.355
T000255,1985-08-31,33504.0,43727.26654829162,41866.194997442595,63455.0,47422.773
T000255,1985-09-30,30748.0,36807.00305331002,30896.04977058809,30165.0,42384.254
T000256,1986-07-31,176459.0,176953.16159256973,166471.4575972613,170061.0,166023.52
T000256,1986-08-31,129873.0,204396.06831386714,191737.90937487796,240458.0,181701.03
T000256,1986-09-30,139330.0,167422.3819932236,165409.8438819775,156178.0,181305.47
T000256,1986-10-31,171800.0,132623.4236055173,148674.59086126482,102606.0,150482.16
T000256,1986-11-30,92800.0,97214.39536847522,148636.16713018238,102483.0,134547.02
T000256,1986-12-31,147050.0,139908.5569154506,157547.03647267155,131008.0,162202.58
T000256,1987-01-31,191652.0,198341.15419205822,182077.62108225274,209534.0,178597.03
T000256,1987-02-28,123530.0,192771.54557007775,188710.5567088635,230767.0,170650.42
T000256,1987-03-31,118178.0,160199.1165600839,167265.42894400677,162118.0,163102.53
T000256,1987-04-30,239624.0,161317.95757649557,164141.2359801423,152117.0,170731.66
T000256,1987-05-31,212619.0,188137.8850020649,168877.3513211231,167278.0,180344.44
T000256,1987-06-30,226720.0,160913.24797481118,163518.95896944153,150125.0,176392.05
T000257,1986-04-30,196.6,148.1371870967028,158.2360929738565,181.5,157.35739
T000257,1986-05-31,138.0,174.01769396555235,161.9870100721892,202.6,157.02975
T000257,1986-06-30,180.5,157.77987415312543,152.92081234636134,151.6,157.01663
T000257,1986-07-31,173.9,163.7020890712733,159.74712592816115,190.0,154.50668
T000257,1986-08-31,140.6,172.19049116955048,158.36053098185806,182.2,152.91212
T000257,1986-09-30,136.6,148.54777832830214,158.30720040700027,181.9,150.99133
T000257,1986-10-31,161.7,165.80530924133896,156.81394431098155,173.5,149.6821
T000257,1986-11-30,129.6,154.09791103981274,149.47210183888956,132.2,147.87428
T000257,1986-12-31,131.7,163.79735920064633,155.19625020696128,164.4,147.02808
T000257,1987-01-31,149.5,152.7697743683447,150.3076141783286,136.9,147.14812
T000257,1987-02-28,141.7,169.9960877218637,151.80087027434732,145.3,147.1448
T000257,1987-03-31,131.2,158.85602324791017,152.9385892046473,151.7,147.53204
T000258,1984-02-29,7206.0,7067.047505592413,6669.720692789512,6594.0,7234.099
T000258,1984-03-31,7517.0,6639.562555652518,6195.049806382393,7083.0,6807.637
T000258,1984-04-30,6954.0,6680.7283365176545,6068.601873913236,6870.0,7086.1904
T000258,1984-05-31,6630.0,5761.746354556214,4981.86148604177,5399.0,6831.959
T000258,1984-06-30,6901.0,6172.331846842032,5488.271901470493,6405.0,6359.768
T000258,1984-07-31,7085.0,7464.738360350508,6735.638264141023,6796.0,7313.1064
T000258,1984-08-31,7532.0,7325.574600127544,6626.403126637735,7564.0,7119.302
T000258,1984-09-30,5329.0,5382.624171165589,4598.37326794161,4832.0,5313.4297
T000258,1984-10-31,4721.0,4627.200170166368,3806.359815441836,3715.0,4728.63
T000258,1984-11-30,6704.0,6810.052052861605,6082.561124671944,6724.0,6510.414
T000258,1984-12-31,6101.0,6680.336192374993,5876.317583751778,6149.0,6505.291
T000258,1985-01-31,6596.0,5880.316423750269,5130.593308640256,5497.0,5291.5737
T000259,1984-04-30,1844.0,1694.4048090978574,1903.5372685507623,1076.0,2016.8802
T000259,1984-05-31,1712.0,1883.9653546537909,2028.7210555199213,1440.0,1962.826
T000259,1984-06-30,1536.0,1993.3566586926947,2078.2443119033246,1584.0,1943.7941
T000259,1984-07-31,1958.0,2041.3975538576228,2088.905568485863,1615.0,1983.1677
T000259,1984-08-31,1881.0,2331.3321710936534,2203.7720103751462,1949.0,2045.2246
T000259,1984-09-30,2005.0,2437.4357639994064,2277.369071944927,2163.0,2058.3555
T000259,1984-10-31,1975.0,2322.25072822572,2216.4967359736597,1986.0,2044.9551
T000259,1984-11-30,1953.0,2229.5056336816324,2177.2908246701318,1872.0,2044.2532
T000259,1984-12-31,2062.0,2389.11146800611,2262.580877330438,2120.0,2058.306
T000259,1985-01-31,2110.0,2600.188501360744,2332.738823873593,2324.0,2110.3054
T000259,1985-02-28,2107.0,2256.048987937633,2184.5129662260447,1893.0,2065.6555
T000259,1985-03-31,2105.0,2293.0473342527694,2249.1683287265996,2081.0,1974.9761
T000260,1984-06-30,2089.0,2094.208297217036,2146.1118976807393,2104.0,2159.663
T000260,1984-07-31,2228.0,2242.3104055834706,2167.819764294724,2155.0,2185.9211
T000260,1984-08-31,2357.0,2337.9470718401476,2213.084603856869,2320.0,2300.1487
T000260,1984-09-30,2366.0,2355.2923520272775,2181.670100113803,2317.0,2415.7107
T000260,1984-10-31,2612.0,2565.8965217282184,2364.0325646588813,2553.0,2526.7605
T000260,1984-11-30,2321.0,2231.9522231129845,2192.668494622312,2359.0,2271.419
T000260,1984-12-31,2469.0,2346.005377148815,2187.055509860508,2318.0,2386.441
T000260,1985-01-31,2291.0,2365.900898112775,2141.720521068279,2253.0,2295.4514
T000260,1985-02-28,2573.0,2405.496273758699,2196.5630767650946,2507.0,2428.473
T000260,1985-03-31,2300.0,2322.5837612352084,2166.8101749234133,2297.0,2352.645
T000260,1985-04-30,2322.0,2397.906344661096,2105.2207833830207,2292.0,2358.4004
T000260,1985-05-31,2383.0,2275.0507467548473,2113.231038255809,2317.0,2308.7715
T000261,1984-08-31,251.0,238.87432295011595,242.2544998319948,250.0,225.58298
T000261,1984-09-30,243.0,245.0742403014186,238.39177065092773,255.0,228.32751
T000261,1984-10-31,244.0,239.18812884059437,231.5586245589325,239.0,232.79372
T000261,1984-11-30,243.0,255.22414247161942,245.13963270214575,264.0,236.4001
T000261,1984-12-31,256.0,253.94149601147856,245.84603115804316,265.0,232.03896
T000261,1985-01-31,249.0,250.95587547225995,239.1763006114238,258.0,230.6148
T000261,1985-02-28,227.0,232.5509610198839,230.2293183634724,237.0,228.35773
T000261,1985-03-31,252.0,269.65843006015587,252.77953737273583,281.0,229.38666
T000261,1985-04-30,219.0,218.51260880651424,221.55832372204057,217.0,222.41077
T000261,1985-05-31,248.0,230.05797828574356,232.8069465618805,236.0,222.01622
T000261,1985-06-30,262.0,237.11871184665708,239.1551670219142,245.0,220.94733
T000261,1985-07-31,236.0,219.27972933975772,223.801648524339,215.0,224.36674
T000262,1984-06-30,1529.0,1521.5146726284372,1495.5757957992719,1496.0,1493.7491
T000262,1984-07-31,1365.0,1335.0032149581386,1294.95188191155,1324.0,1336.5806
T000262,1984-08-31,1524.0,1545.8843385480802,1520.3319479079046,1620.0,1494.9236
T000262,1984-09-30,1531.0,1577.9704164261195,1530.8154766021173,1550.0,1532.4518
T000262,1984-10-31,1598.0,1588.5359883591818,1548.4284946777864,1624.0,1512.6273
T000262,1984-11-30,1731.0,1633.6001214353976,1574.5173859097329,1619.0,1562.6036
T000262,1984-12-31,1573.0,1512.9167435056775,1456.5923302611106,1521.0,1464.527
T000262,1985-01-31,1662.0,1551.4897320675757,1478.8820624619327,1528.0,1457.7142
T000262,1985-02-28,1711.0,1643.7883401403153,1547.8128122053356,1574.0,1559.9585
T000262,1985-03-31,1483.0,1462.081375940326,1375.891699408777,1402.0,1407.5469
T000262,1985-04-30,1509.0,1410.1542492026786,1332.558899998097,1412.0,1363.1451
T000262,1985-05-31,1641.0,1528.9175770833365,1453.6394648335583,1533.0,1468.008
T000263,1984-04-30,1416.0,1356.1126158354061,1358.9462383468847,1342.0,1376.8992
T000263,1984-05-31,1430.0,1387.162401191156,1384.9167476209877,1397.0,1368.2795
T000263,1984-06-30,1459.0,1326.8096699257037,1327.297579755426,1286.0,1343.693
T000263,1984-07-31,1373.0,1283.1306436750633,1287.6024310026953,1250.0,1298.9838
T000263,1984-08-31,1533.0,1421.6838943068672,1426.5016483220318,1362.0,1424.1467
T000263,1984-09-30,1447.0,1432.2205802742462,1442.6269324478897,1367.0,1430.8264
T000263,1984-10-31,1666.0,1519.8786244096614,1530.3772036250145,1488.0,1494.3115
T000263,1984-11-30,1542.0,1488.7291428730643,1496.569901687679,1491.0,1441.5149
T000263,1984-12-31,1281.0,1316.5546176177484,1322.6864903819262,1286.0,1296.5511
T000263,1985-01-31,1538.0,1459.3905996786516,1466.4194355218033,1439.0,1396.7806
T000263,1985-02-28,1481.0,1398.5668677317606,1405.436920527167,1374.0,1346.9602
T000263,1985-03-31,1507.0,1442.0925090804772,1449.9892880162163,1406.0,1387.3252
T000264,1984-04-30,18.9,18.725307018758443,18.713531096772886,17.0,18.802877
T000264,1984-05-31,19.5,19.24221597778904,19.384819148390488,18.8,18.821766
T000264,1984-06-30,21.2,18.557423106949283,19.198350245163375,18.3,18.545862
T000264,1984-07-31,16.7,17.651831226705973,18.713531096772886,17.0,18.258915
T000264,1984-08-31,17.8,17.914337812295717,18.75082487741831,17.1,18.14506
T000264,1984-09-30,19.0,18.18011725527621,18.862706219354575,17.4,18.13033
T000264,1984-10-31,17.4,17.151410366751982,18.638943535482042,16.8,18.082195
T000264,1984-11-30,16.4,17.332130068061183,18.41518085160951,16.2,18.123241
T000264,1984-12-31,15.4,16.321793798546434,18.228711948382397,15.7,18.225624
T000264,1985-01-31,17.1,18.80019761430544,19.198350245163375,18.3,18.748363
T000264,1985-02-28,18.3,18.525085643082775,19.086468903227107,18.0,18.922005
T000264,1985-03-31,20.0,19.250524110317233,19.422112929035908,18.9,18.998928
T000265,1984-06-30,61.7,65.53353951945205,62.66386448297503,52.8,68.43306
T000265,1984-07-31,67.6,64.78808081221953,65.20694378475183,59.5,66.4547
T000265,1984-08-31,59.8,68.23392654874681,69.4713628918831,70.0,67.49904
T000265,1984-09-30,66.0,69.88837416619346,69.6556797765779,68.9,69.58674
T000265,1984-10-31,65.5,69.11625148592438,64.97154883506461,59.3,67.996216
T000265,1984-11-30,54.1,67.85068790638384,63.81481736572989,53.8,71.20291
T000265,1984-12-31,56.2,70.32849290830364,67.97641814024297,71.8,70.54209
T000265,1985-01-31,63.4,68.79845901754832,68.17428922592083,65.9,69.30138
T000265,1985-02-28,65.4,69.53706741353759,68.42705133710952,70.1,70.18379
T000265,1985-03-31,61.0,66.26319697732923,62.68748413932056,50.3,67.73517
T000265,1985-04-30,69.0,71.75671826399314,71.14554891062984,79.9,69.71519
T000265,1985-05-31,66.7,69.95713226471676,68.61480148565806,69.5,69.68857
T000266,1984-06-30,6.57,6.808486355340452,6.826397535655104,6.96,6.763065
T000266,1984-07-31,6.85,6.8079600446973725,6.826397535655104,6.57,6.741014
T000266,1984-08-31,7.06,6.8079600446973725,6.826397535655104,7.01,6.666833
T000266,1984-09-30,6.81,6.8079600446973725,6.826397535655104,6.79,6.621293
T000266,1984-10-31,7.1,6.8079600446973725,6.826397535655104,6.66,6.688446
T000266,1984-11-30,6.96,6.8079600446973725,6.826397535655104,6.88,6.68104
T000266,1984-12-31,6.47,6.8079600446973725,6.826397535655104,6.3,6.697141
T000266,1985-01-31,6.25,6.8079600446973725,6.826397535655104,6.36,6.692531
T000266,1985-02-28,6.99,6.8079600446973725,6.826397535655104,6.95,6.6439905
T000266,1985-03-31,6.59,6.8079600446973725,6.826397535655104,6.61,6.6447034
T000266,1985-04-30,6.37,6.8079600446973725,6.826397535655104,6.98,6.626936
T000266,1985-05-31,5.99,6.8079600446973725,6.826397535655104,6.84,6.6069593
T000267,1984-08-31,2.34,1.7713338944646648,1.6820954144663922,2.3,1.7990098
T000267,1984-09-30,2.98,2.1910131297773487,2.147227547677881,2.75,2.2301695
T000267,1984-10-31,2.8,2.627769495880307,2.4889789285523998,2.51,2.7584963
T000267,1984-11-30,3.0,2.5812702038053357,2.7073757151326094,2.67,2.9168
T000267,1984-12-31,2.36,1.9472800124908747,1.957369639130453,2.47,2.2706497
T000267,1985-01-31,2.7,2.4453241443504696,2.5438411385789363,2.72,2.7360551
T000267,1985-02-28,2.74,2.475242711783545,2.7479766472399954,2.6,2.7221854
T000267,1985-03-31,2.53,2.859664538468223,2.9022254229965037,2.76,3.0784295
T000267,1985-04-30,2.78,2.4403418691280043,2.757957314346921,2.33,3.0014837
T000267,1985-05-31,2.0,2.630056623607318,2.6408915287151515,2.02,3.0593176
T000267,1985-06-30,2.64,2.508919580731094,2.7786946713785152,2.64,3.0312576
T000267,1985-07-31,0.98,1.2283885525691147,1.3259292754390433,0.94,1.8173696
T000268,1983-08-31,1.27,1.7593609433578792,1.7593609433578792,1.8,1.7356403
T000268,1983-09-30,1.35,1.6998488930100804,1.6998488930100804,1.7,1.6924878
T000268,1983-10-31,1.58,1.6699836280506035,1.6699836280506035,1.64,1.6659245
T000268,1983-11-30,1.43,1.6509204170859992,1.6509204170859992,1.59,1.6450438
T000268,1983-12-31,1.83,1.630163966371994,1.630163966371994,1.52,1.6282324
T000268,1984-01-31,1.88,1.4941387847333554,1.4941387847333554,1.0,1.6092283
T000268,1984-02-29,1.63,1.5637228359588862,1.5637228359588862,1.27,1.6098044
T000268,1984-03-31,1.45,1.7866596133140518,1.7866596133140518,2.13,1.6119411
T000268,1984-04-30,1.48,1.7035463975276801,1.7035463975276801,1.81,1.598295
T000268,1984-05-31,1.2,1.6749692094957829,1.6749692094957829,1.7,1.5840807
T000268,1984-06-30,1.23,1.6282505673440355,1.6282505673440355,1.52,1.573213
T000268,1984-07-31,1.38,1.7060825471864267,1.7060825471864267,1.82,1.5655887
T000269,1984-06-30,9.16,10.66011768835566,8.980390965361472,11.52,9.290726
T000269,1984-07-31,8.72,10.812080530587435,9.379221998649198,11.69,9.528227
T000269,1984-08-31,9.93,10.839760431389914,9.553944946443607,12.28,9.707462
T000269,1984-09-30,9.62,10.789970612707414,9.63048891102508,11.1,9.880293
T000269,1984-10-31,9.75,10.078082094345138,9.664021876143915,10.06,9.918165
T000269,1984-11-30,11.42,9.856955768036446,9.678712253834817,9.26,9.816392
T000269,1984-12-31,10.39,9.436317535925713,9.685147926789375,10.47,9.486146
T000269,1985-01-31,9.09,8.939721854041505,9.687967315592678,9.7,9.357172
T000269,1985-02-28,8.78,9.403761746816068,9.689202454991513,9.9,9.42989
T000269,1985-03-31,9.45,9.797560499932374,9.689743554300968,10.61,9.611314
T000269,1985-04-30,10.74,9.502478158682267,9.689980603222708,8.87,9.823047
T000269,1985-05-31,10.42,8.422493032937696,9.690084451426385,8.07,10.0562
T000270,1984-04-30,43.0,43.63776999344941,43.58343112563505,44.7,42.738255
T000270,1984-05-31,44.5,44.55025453552542,44.371995381764165,41.4,43.026573
T000270,1984-06-30,51.2,46.41684355650397,46.37639683565562,43.0,43.869602
T000270,1984-07-31,44.2,42.055923924392225,41.934483101787016,43.6,42.012268
T000270,1984-08-31,41.8,42.992216987448025,42.98088243891701,39.9,42.28275
T000270,1984-09-30,46.6,44.084118796970166,44.04595477075468,44.8,43.157917
T000270,1984-10-31,30.1,34.1577417213122,34.18050870238055,31.0,34.755775
T000270,1984-11-30,24.1,27.758470438487144,27.85163338496358,25.2,30.210241
T000270,1984-12-31,42.3,37.49158117875216,37.46911382921162,39.3,37.360184
T000270,1985-01-31,38.0,41.6267668055703,41.573254222396784,46.6,39.667023
T000270,1985-02-28,32.5,37.019363235490935,37.12577593544716,35.4,37.319427
T000270,1985-03-31,39.2,39.40761513580151,39.49456826717056,41.5,40.29777
T000271,1983-11-30,2.16,2.0853702670475314,2.0441340190888946,2.24,2.0333438
T000271,1983-12-31,2.08,2.075411738146651,2.0441340190888946,2.19,2.071744
T000271,1984-01-31,1.88,2.0236273878620716,2.0441340190888946,1.93,2.2168906
T000271,1984-02-29,2.03,2.0037103300603105,2.0441340190888946,1.83,2.2771773
T000271,1984-03-31,2.42,2.0634615034655943,2.0441340190888946,2.13,2.2828653
T000271,1984-04-30,2.32,2.057486386125066,2.0441340190888946,2.1,2.2078915
T000271,1984-05-31,2.3,2.013668858961191,2.0441340190888946,1.88,2.164003
T000271,1984-06-30,2.27,2.041552739883657,2.0441340190888946,2.02,2.179291
T000271,1984-07-31,2.52,2.1610550866942244,2.0441340190888946,2.62,2.227683
T000271,1984-08-31,3.25,2.0813868554871795,2.0441340190888946,2.22,2.4007618
T000271,1984-09-30,3.08,2.0236273878620716,2.0441340190888946,1.93,2.4463143
T000271,1984-10-31,2.81,2.015660564741367,2.0441340190888946,1.89,2.4344783
T000272,1984-06-30,24.2,22.603195064076868,22.76884502652339,23.0,23.203644
T000272,1984-07-31,23.5,21.849428218633662,21.929729738429668,20.5,22.150465
T000272,1984-08-31,24.2,22.562385144070078,22.660106472209012,22.7,23.34173
T000272,1984-09-30,22.7,22.219825788236694,22.312405979636505,21.7,23.057636
T000272,1984-10-31,23.0,22.52756946758618,22.640190646112732,21.7,22.375038
T000272,1984-11-30,24.8,22.64204808793108,22.735731901654653,23.1,23.38382
T000272,1984-12-31,22.5,22.204074492537814,22.31304445233423,20.9,21.95333
T000272,1985-01-31,19.3,22.210031918766017,22.31824901151676,21.3,22.57867
T000272,1985-02-28,25.3,22.955640009317914,23.09008699652823,23.3,24.018713
T000272,1985-03-31,24.8,21.972710383281687,22.08646953090159,20.4,22.921389
T000272,1985-04-30,23.4,23.332082207879044,23.453305766271715,23.3,21.825092
T000272,1985-05-31,23.9,23.578059809711757,23.73998380879056,24.2,24.109339
T000273,1984-04-30,5.98,5.774660269868806,5.7136782191091315,4.43,5.5644493
T000273,1984-05-31,6.16,5.741022695833925,5.714431354512806,4.51,5.5381308
T000273,1984-06-30,6.1,5.735055316335799,5.6928567818692075,4.46,5.5333548
T000273,1984-07-31,5.92,5.729223780675446,5.69488480206702,4.34,5.54766
T000273,1984-08-31,6.31,5.900429487369276,5.842187103550664,4.92,5.5654125
T000273,1984-09-30,5.98,6.016034227178599,5.952684891625372,5.36,5.5696254
T000273,1984-10-31,6.02,5.97812330803879,5.915746153448342,5.33,5.606049
T000273,1984-11-30,5.54,5.832563024192241,5.789333005867014,4.95,5.6156316
T000273,1984-12-31,5.3,5.837582083397823,5.789230242243974,4.87,5.649067
T000273,1985-01-31,5.84,5.876136741056368,5.829236093752609,5.12,5.658226
T000273,1985-02-28,5.54,6.0414045807807515,5.977786878072478,5.69,5.6758003
T000273,1985-03-31,6.04,6.071907502527585,6.005358785194158,5.74,5.672985
T000274,1984-08-31,2.46,2.374342599874579,2.0758412981373113,2.35,2.12993
T000274,1984-09-30,3.2,2.8685028824797567,2.401564592829425,2.62,2.73027
T000274,1984-10-31,3.37,2.8532207232439646,2.473118716489177,2.66,2.8616107
T000274,1984-11-30,3.21,3.0512077093665773,2.705837851000987,3.11,3.0867646
T000274,1984-12-31,2.45,2.4879730144463053,2.1388445283618895,2.5,2.5964441
T000274,1985-01-31,2.49,2.8061693102106116,2.3526200517941125,2.55,2.7117882
T000274,1985-02-28,2.79,2.6141247240329752,2.2086308542927506,2.34,2.706514
T000274,1985-03-31,2.14,3.2622607599458777,2.766986110523883,3.01,3.0623477
T000274,1985-04-30,2.92,2.55999079641866,2.1541841945694853,2.23,2.703205
T000274,1985-05-31,2.11,2.537307235600749,2.0814336488555463,2.1,2.6501715
T000274,1985-06-30,2.99,2.9903620118888794,2.5117624482072256,2.65,2.942965
T000274,1985-07-31,1.35,1.4802490264267223,1.041428506605338,1.0,1.5038434
T000275,1984-06-30,9.2,8.86620922337651,8.968076131655616,7.2,8.957409
T000275,1984-07-31,9.66,8.878012101960259,8.950315947743512,9.29,8.7271385
T000275,1984-08-31,9.43,8.87789826882348,8.950570878613064,9.26,8.596155
T000275,1984-09-30,9.3,8.877899366689814,8.94725677730889,9.65,8.615235
T000275,1984-10-31,8.91,8.877899356101416,8.952185440786891,9.07,8.716307
T000275,1984-11-30,8.77,8.877899356203535,8.938079266005028,10.73,8.754167
T000275,1984-12-31,8.98,8.877899356202551,8.960938067308167,8.04,8.725137
T000275,1985-01-31,8.17,8.87789935620256,8.963742306873236,7.71,8.677968
T000275,1985-02-28,9.74,8.87789935620256,8.957623966003995,8.43,8.609105
T000275,1985-03-31,8.31,8.87789935620256,8.956689219482305,8.54,8.537228
T000275,1985-04-30,8.24,8.87789935620256,8.952270417743408,9.06,8.539762
T000275,1985-05-31,8.67,8.87789935620256,8.943517791222131,10.09,8.651587
T000276,1984-06-30,2.06,1.7908517173128637,1.7053771603067205,2.09,1.8638257
T000276,1984-07-31,2.18,1.9815438470043374,1.8322173772973869,2.01,1.9484557
T000276,1984-08-31,2.29,1.8896891297934282,1.7501026643901072,1.96,1.9036845
T000276,1984-09-30,1.62,1.9532874526900534,1.7601054730869363,2.07,1.907013
T000276,1984-10-31,2.14,1.7968790868607105,1.5751489881500764,1.91,1.7829463
T000276,1984-11-30,1.65,1.2500567880201312,1.0096252569861108,1.43,1.2908325
T000276,1984-12-31,0.72,0.3985477399856493,0.12947458975174764,0.67,0.60456777
T000276,1985-01-31,1.76,1.6721644684150365,1.378449592684718,1.7,1.5919456
T000276,1985-02-28,1.9,1.8718593497629954,1.546527590049218,1.84,1.821059
T000276,1985-03-31,1.71,1.5640533115424557,1.2249739562406465,1.46,1.563103
T000276,1985-04-30,2.1,1.9360337311859657,1.5670363885532652,1.7,1.8321161
T000276,1985-05-31,2.23,1.9479974229234447,1.5707919031084296,1.88,1.8444109
T000277,1984-02-29,1.76,1.7447033076897922,1.8694280717638823,1.68,1.803298
T000277,1984-03-31,1.86,1.9418583347963119,1.909639146075939,1.85,1.8363816
T000277,1984-04-30,1.26,1.5861544304145687,1.7921474825037917,1.55,1.6224363
T000277,1984-05-31,1.41,1.575745064662908,1.6916084801781324,1.32,1.620003
T000277,1984-06-30,1.82,1.734361050571323,1.9682215627350392,1.97,1.7877632
T000277,1984-07-31,1.46,1.834333129148022,1.9424932147116065,1.91,1.8763688
T000277,1984-08-31,1.74,1.8768903929111584,1.99771869078051,2.04,1.9104143
T000277,1984-09-30,1.57,1.576850020019796,1.8831707809071636,1.77,1.59906
T000277,1984-10-31,1.66,1.7174304519847046,1.870454118670163,1.74,1.7376112
T000277,1984-11-30,1.53,1.7271448729027694,1.8874178708719491,1.78,1.7443668
T000277,1984-12-31,1.74,1.854124840291809,1.9510418440596937,1.93,1.8864076
T000277,1985-01-31,1.55,1.6975833639852638,1.8577275501887145,1.71,1.7262421
T000278,1984-06-30,6.0,6.140593400205423,6.148601869837966,6.2,6.481671
T000278,1984-07-31,11.3,10.781252398864568,10.798826092447092,10.7,10.78169
T000278,1984-08-31,11.5,11.161242786215393,11.180546208898509,10.9,11.020579
T000278,1984-09-30,10.5,10.749152823566856,10.757871989283274,10.2,11.131416
T000278,1984-10-31,11.4,11.23041640165489,11.254296373223854,11.0,11.168139
T000278,1984-11-30,9.9,9.661407547431509,9.685301728413204,9.8,9.566519
T000278,1984-12-31,11.1,10.471381498550466,10.48635796790125,10.1,10.724136
T000278,1985-01-31,10.4,10.342167233115234,10.374730146060866,10.0,10.258245
T000278,1985-02-28,11.8,11.347360789577667,11.372925927175457,11.6,11.331551
T000278,1985-03-31,11.5,10.742456520059669,10.769918115329036,10.5,10.918125
T000278,1985-04-30,11.3,10.732637903885305,10.773999081734843,10.7,10.83271
T000278,1985-05-31,11.5,11.060199983603619,11.091151417146301,11.3,11.051761
T000279,1984-08-31,5.02,4.760227626560598,4.8767063130130595,4.71,4.8000674
T000279,1984-09-30,4.99,4.83816974479874,5.0566858130366485,5.07,4.942072
T000279,1984-10-31,5.1,5.020295848987673,5.122137594478655,5.13,5.0313234
T000279,1984-11-30,4.99,4.849541850136972,4.969087665011776,5.28,5.074284
T000279,1984-12-31,4.92,4.537569722705397,4.817562409349888,4.87,4.6730814
T000279,1985-01-31,5.37,4.866997893875898,4.877425653442462,5.08,5.043307
T000279,1985-02-28,4.73,4.742911489435581,4.84767171667987,5.1,4.9795837
T000279,1985-03-31,5.89,5.09237177578151,5.113551305286956,5.62,5.102319
T000279,1985-04-30,5.03,4.617180170560529,4.789697116254295,4.45,4.6857443
T000279,1985-05-31,5.59,4.944905700350395,4.937860650211906,5.08,5.09943
T000279,1985-06-30,5.35,4.833341878195475,4.967995755425745,4.92,4.9966455
T000279,1985-07-31,5.12,4.884303518060186,4.928208249318033,4.82,5.0541773
T000280,1984-06-30,73.1,74.6488655166368,68.35692874269355,86.7,68.10742
T000280,1984-07-31,72.6,73.23303033681411,67.14405771575805,83.2,68.34544
T000280,1984-08-31,68.3,72.36818616093872,66.92975264719871,81.3,67.96974
T000280,1984-09-30,68.4,68.45914843078735,66.71825406474954,78.1,67.46809
T000280,1984-10-31,65.9,70.89372848192862,65.25600370856657,78.2,68.50712
T000280,1984-11-30,75.6,75.00986911622722,66.88039197021023,80.3,69.49851
T000280,1984-12-31,74.6,70.7051782465713,65.29836730480525,76.7,68.06959
T000280,1985-01-31,69.0,64.76485874871142,63.49452812935201,71.0,67.150406
T000280,1985-02-28,76.1,68.60301808445227,64.4833456761461,73.1,67.76792
T000280,1985-03-31,76.3,64.37709718777599,63.64463870039517,68.7,67.51294
T000280,1985-04-30,76.8,64.79173868969188,62.68164200198639,66.1,67.07959
T000280,1985-05-31,78.7,64.46121230637358,62.597754958743764,66.6,66.96794
T000281,1983-06-30,1.87,1.9623356765955822,1.9624855473751206,1.79,1.9834743
T000281,1983-07-31,1.75,1.678440662015475,1.5960445199550086,1.61,1.7688186
T000281,1983-08-31,1.23,1.6805030906196479,1.6077486177265612,1.74,1.7146804
T000281,1983-09-30,1.74,1.684500360480892,1.6217049201459268,1.52,1.7052056
T000281,1983-10-31,1.88,1.8036521152438516,1.7818403642875669,1.84,1.7869145
T000281,1983-11-30,1.89,1.874908799888387,1.8809542408693944,1.96,1.8494246
T000281,1983-12-31,2.11,1.946636462267355,1.977746438223729,2.09,1.8980205
T000281,1984-01-31,1.88,1.842203164406641,1.850281134830607,1.95,1.8557488
T000281,1984-02-29,2.02,1.9103042649328916,1.9420327958741788,2.2,1.8680102
T000281,1984-03-31,1.73,1.7017121074117612,1.6777956657513133,1.77,1.734268
T000281,1984-04-30,1.95,1.8294429203161298,1.841669271025886,1.99,1.7920241
T000281,1984-05-31,1.89,1.8187324655126715,1.828580171675346,2.0,1.8018413
T000282,1984-06-30,1.83,1.7492541890947833,1.7571842885339428,1.81,1.7933452
T000282,1984-07-31,1.87,1.7215626297033406,1.7210818625390174,1.79,1.7753649
T000282,1984-08-31,1.61,1.8300222412351,1.7966799990204894,1.85,1.7699158
T000282,1984-09-30,1.26,1.8362074240960904,1.805235661541015,1.78,1.8235824
T000282,1984-10-31,2.13,1.7792161615045103,1.751107894331188,1.81,1.6806709
T000282,1984-11-30,1.34,1.399847359927624,1.3671134149380122,1.39,1.334891
T000282,1984-12-31,0.77,0.6657377451906739,0.6672721443015939,0.67,0.88387764
T000282,1985-01-31,1.67,1.7008587746720107,1.6656729089468068,1.62,1.5597188
T000282,1985-02-28,1.8,1.8641907624934488,1.8062593844201171,1.75,1.7114593
T000282,1985-03-31,1.8,1.4272742240540564,1.426428359925234,1.36,1.5172154
T000282,1985-04-30,1.85,1.7214551847889439,1.728669698289641,1.73,1.70549
T000282,1985-05-31,1.76,1.7550352037861352,1.7486894049810529,1.74,1.6565664
T000283,1984-02-29,0.54,0.7477856857252481,0.7728459648775078,0.74,0.7738119
T000283,1984-03-31,0.55,0.7865584635492268,0.7790403243275024,0.75,0.80739903
T000283,1984-04-30,0.4,0.6968059991693123,0.6861249325775843,0.6,0.7028662
T000283,1984-05-31,0.64,0.6740823884531949,0.6675418542276007,0.57,0.762656
T000283,1984-06-30,0.81,0.8770756316883593,0.8719557160774203,0.9,0.8373316
T000283,1984-07-31,0.79,0.8139980420290956,0.7976234026774859,0.78,0.83771974
T000283,1984-08-31,0.74,0.8669218846330967,0.8657613566274258,0.89,0.7971929
T000283,1984-09-30,0.62,0.8184381050939619,0.8224008404774641,0.82,0.7331207
T000283,1984-10-31,0.73,0.8318208126439007,0.8285951999274587,0.83,0.7552409
T000283,1984-11-30,0.77,0.8565282669140496,0.8471782782774423,0.86,0.80092776
T000283,1984-12-31,0.88,0.9412145700420902,0.9400936700273603,1.01,0.82180476
T000283,1985-01-31,0.77,0.6838126961712179,0.6613474947776063,0.56,0.73356605
T000284,1984-08-31,1.0,0.8823859401174102,0.8625911023852137,0.8,0.8643995
T000284,1984-09-30,0.87,0.8907799111838671,0.8774885471452689,0.83,0.8887798
T000284,1984-10-31,0.97,0.8739919690509533,0.8603361810993769,0.77,0.902293
T000284,1984-11-30,0.84,0.8879819208283815,0.8784654719867921,0.82,0.90973616
T000284,1984-12-31,0.78,0.8795879497619246,0.8803110432254384,0.79,0.86986566
T000284,1985-01-31,0.96,0.8991738822503239,0.9055764476678406,0.86,0.90781265
T000284,1985-02-28,0.88,0.8795879497619246,0.8768100188151579,0.79,0.91280127
T000284,1985-03-31,0.98,0.9187598147387234,0.9280337358905414,0.93,0.9307507
T000284,1985-04-30,0.85,0.8879819208283815,0.8714063580062944,0.82,0.8937045
T000284,1985-05-31,0.95,0.9187598147387234,0.9084279162082158,0.93,0.9291348
T000284,1985-06-30,0.97,0.9159618243832377,0.9235132925848873,0.92,0.93131125
T000284,1985-07-31,0.93,0.9103658436722665,0.9222780719807746,0.9,0.94137824
T000285,1984-04-30,0.97,1.0922899380987496,0.9917001211978949,0.98,0.9936867
T000285,1984-05-31,0.35,0.5052537149419785,0.4046543442690762,0.31,0.5348737
T000285,1984-06-30,0.86,0.9990069224564636,0.9400725866613637,0.94,0.9776989
T000285,1984-07-31,0.82,1.05522771310834,0.962946393806195,0.94,1.0189034
T000285,1984-08-31,0.82,1.0626480978360808,0.9679842981933323,0.92,1.0285984
T000285,1984-09-30,0.86,1.0597190162478936,0.9832653190861935,0.97,1.0073923
T000285,1984-10-31,0.72,1.0648346520775758,1.1008890959429602,1.18,1.0062376
T000285,1984-11-30,0.93,1.0664074513542738,0.9778209226452366,0.95,0.9834204
T000285,1984-12-31,0.78,1.0411018052747194,0.9316582256481014,0.93,0.97348636
T000285,1985-01-31,0.92,1.1890011439000754,1.1265270366501081,1.15,1.0539347
T000285,1985-02-28,0.8,1.1075310313683064,1.0359480846723836,0.99,1.040974
T000285,1985-03-31,0.75,1.1328662052098757,0.9891709412980099,0.93,1.0208426
T000286,1984-08-31,9.3,8.903679854887965,8.950288108662583,8.67,8.900717
T000286,1984-09-30,9.1,8.818035853385364,8.658067660836545,8.78,8.7994375
T000286,1984-10-31,8.7,9.909820431310271,9.68679217829708,9.91,9.52476
T000286,1984-11-30,9.0,8.884133320780585,8.920701134676717,8.86,8.962207
T000286,1984-12-31,8.7,9.00069250418851,8.905946679697946,9.02,8.623179
T000286,1985-01-31,9.2,8.879589941467412,8.852515095860014,8.83,9.028124
T000286,1985-02-28,8.6,8.614641779994923,8.631599198176131,8.59,8.674198
T000286,1985-03-31,9.3,9.730409168836967,9.522498278030929,9.72,9.3615
T000286,1985-04-30,9.1,8.833315678056815,8.81577021355746,8.8,8.9308815
T000286,1985-05-31,8.3,9.102666885171969,9.03270160547159,9.1,9.197541
T000286,1985-06-30,9.2,8.641920987990673,8.632915918256062,8.6,8.756388
T000286,1985-07-31,8.5,8.262361871391835,8.316119094687819,8.2,8.547313
T000287,1984-06-30,2.72,3.006232653356976,3.0250588379762204,2.73,3.1391199
T000287,1984-07-31,3.8,3.743631476720771,3.790472129619594,3.59,3.7358053
T000287,1984-08-31,3.94,4.009464535292196,4.067122353996362,3.82,3.965365
T000287,1984-09-30,3.92,4.05249485600436,4.102179616099518,3.75,4.0798264
T000287,1984-10-31,3.57,3.7691046423348804,3.833441506482892,3.52,3.7924247
T000287,1984-11-30,3.9,3.960370485575915,4.050037181013858,3.86,3.882091
T000287,1984-12-31,3.53,3.9032372370925628,4.006782233926501,3.82,3.7790804
T000287,1985-01-31,3.49,4.063323067109502,4.159242786283946,3.88,3.9919531
T000287,1985-02-28,4.33,4.491144598515756,4.6200769817535186,4.45,4.232329
T000287,1985-03-31,3.9,4.245482351144844,4.365771395832987,4.12,4.118951
T000287,1985-04-30,4.09,3.9875841745305607,4.118562456092856,3.97,3.9319186
T000287,1985-05-31,4.12,4.097854794180079,4.23465687470959,4.02,3.9709113
T000288,1984-06-30,1790.0,1725.2914300821922,1729.5510281101062,1700.0,1773.706
T000288,1984-07-31,1790.0,1811.1776800033717,1819.4826949516187,1790.0,1818.1715
T000288,1984-08-31,1790.0,1750.0247675954904,1762.3568327405799,1750.0,1765.9805
T000288,1984-09-30,1820.0,1796.1531029735115,1814.2213112331283,1820.0,1790.1661
T000288,1984-10-31,1710.0,1733.3892712427273,1751.1312717838819,1750.0,1755.8038
T000288,1984-11-30,1390.0,1341.4728888094467,1356.8445114540807,1360.0,1368.3379
T000288,1984-12-31,1630.0,1688.2003253848654,1702.7462659174132,1710.0,1695.4438
T000288,1985-01-31,1680.0,1678.0855250806683,1691.5433748145101,1660.0,1703.1705
T000288,1985-02-28,1830.0,1851.142444157725,1866.7207509619302,1860.0,1831.6864
T000288,1985-03-31,1790.0,1804.5349535079558,1820.0908784743983,1810.0,1811.0914
T000288,1985-04-30,1810.0,1819.614182148231,1833.7800762797156,1810.0,1824.3289
T000288,1985-05-31,1730.0,1754.9802789317937,1768.9120014567532,1740.0,1785.2383
T000289,1984-04-30,690.0,690.3271126813036,684.3756414081817,737.0,682.5053
T000289,1984-05-31,654.0,650.1036520070337,688.6315256154536,738.0,679.36035
T000289,1984-06-30,710.0,685.774792217111,684.8004967257917,746.0,679.72064
T000289,1984-07-31,647.0,636.8837194295683,677.5085581323005,689.0,678.48224
T000289,1984-08-31,762.0,663.9424238366856,694.8026207609631,760.0,680.5805
T000289,1984-09-30,757.0,652.8621189019892,686.2138085249385,719.0,668.1347
T000289,1984-10-31,636.0,643.7943237877108,668.4996161971828,651.0,650.5597
T000289,1984-11-30,736.0,677.4992697023865,666.642177649658,665.0,636.10205
T000289,1984-12-31,696.0,635.5441972749477,640.384016521744,626.0,655.3753
T000289,1985-01-31,749.0,678.1344105957105,630.0357147776222,659.0,685.2806
T000289,1985-02-28,834.0,648.2050002244343,627.7091371995787,664.0,696.9264
T000289,1985-03-31,843.0,656.2931523774146,630.1997618521184,685.0,705.86993
T000290,1984-06-30,44.0,84.34237934134477,63.81839460462875,44.0,74.885376
T000290,1984-07-31,82.0,115.39748571656155,85.99819504007894,93.0,91.01735
T000290,1984-08-31,107.0,103.69745807404992,73.29014158286516,105.0,82.70038
T000290,1984-09-30,104.0,112.30609136565946,83.99244209166591,103.0,87.261246
T000290,1984-10-31,103.0,121.1319964626595,91.71614385593293,96.0,90.828865
T000290,1984-11-30,103.0,98.95981117581782,77.84392705686278,87.0,79.91177
T000290,1984-12-31,100.0,90.73257497811528,74.20859387751696,80.0,79.50899
T000290,1985-01-31,97.0,110.58858028194736,85.1701468997791,83.0,77.209625
T000290,1985-02-28,85.0,90.92612018571009,77.39001623927236,61.0,75.746506
T000290,1985-03-31,95.0,80.53751280845734,51.875829568025125,67.0,52.823105
T000290,1985-04-30,88.0,100.66302179470098,75.29145928219528,78.0,67.69321
T000290,1985-05-31,96.0,104.68007086583121,79.25127059007153,74.0,57.884354
T000291,1984-02-29,23.7,20.665487649430425,15.748935305452392,19.9,22.354368
T000291,1984-03-31,22.1,21.68814724335853,17.269774589745897,24.3,22.297634
T000291,1984-04-30,21.3,19.306449724479194,11.227797534813106,11.8,20.797047
T000291,1984-05-31,13.2,18.377430705454707,10.991849531450807,11.8,18.522236
T000291,1984-06-30,19.7,20.494513885945974,15.6508250692806,22.0,22.326006
T000291,1984-07-31,19.7,21.15869684453147,16.97892702521703,25.2,23.076557
T000291,1984-08-31,19.9,20.992651104885095,16.41780167456281,24.4,22.476023
T000291,1984-09-30,15.3,19.290682273509763,12.347025357370345,16.2,20.324606
T000291,1984-10-31,21.1,20.51526960340177,14.980612914439439,22.1,21.653395
T000291,1984-11-30,20.6,19.830330927360478,13.250151890857367,18.8,21.45155
T000291,1984-12-31,20.3,20.162422406653224,13.853187483440525,20.4,21.284737
T000291,1985-01-31,22.3,19.705796622625694,12.656884416214844,18.2,21.109459
T000292,1984-06-30,187.0,188.12182590750803,196.94423072113992,196.0,194.5398
T000292,1984-07-31,197.0,200.99564672199838,198.66846045689056,203.0,196.62144
T000292,1984-08-31,202.0,189.6634384783267,199.40741605792655,206.0,196.97504
T000292,1984-09-30,202.0,198.38974854425712,199.65373459160523,207.0,198.56912
T000292,1984-10-31,197.0,194.66468539493394,197.43686778849727,198.0,196.77182
T000292,1984-11-30,204.0,192.05963638352387,196.94423072113995,196.0,196.18127
T000292,1984-12-31,198.0,198.5231254672229,196.69791218746127,195.0,197.10004
T000292,1985-01-31,184.0,190.98894173423818,194.4810453843533,186.0,196.85912
T000292,1985-02-28,205.0,197.26915967232677,200.63900872631987,211.0,200.92085
T000292,1985-03-31,206.0,194.19403763377846,196.20527512010395,193.0,201.00629
T000292,1985-04-30,209.0,193.5730114265573,197.9295048558546,200.0,203.1653
T000292,1985-05-31,210.0,196.9948463542335,196.45159365378262,194.0,204.0337
T000293,1984-06-30,17.6,16.802898308368388,17.68284678610612,13.5,16.372873
T000293,1984-07-31,18.5,16.8320435004142,17.49469149016661,13.0,16.257921
T000293,1984-08-31,16.1,16.7496911489998,17.16635330901827,12.8,16.126387
T000293,1984-09-30,17.5,17.712768278003267,17.320818671229624,14.0,16.043745
T000293,1984-10-31,17.3,17.37506550093122,17.16639261883688,13.4,16.0248
T000293,1984-11-30,17.8,17.535140623499487,17.280926645957784,13.8,16.023294
T000293,1984-12-31,19.4,17.178839827586938,17.733636930148634,13.7,16.005348
T000293,1985-01-31,17.7,16.630344444364596,17.038888464334434,12.9,16.111181
T000293,1985-02-28,20.2,19.54091176450648,19.18732558349561,17.9,16.262972
T000293,1985-03-31,19.6,18.819266651063575,18.769545246528985,16.9,16.332169
T000293,1985-04-30,19.5,18.477762534975493,19.04793164998184,17.1,16.358395
T000293,1985-05-31,18.3,18.55000395866647,18.7141036398033,16.5,16.409832
T000294,1984-06-30,109.0,177.26396973897616,179.0,108.0,172.78345
T000294,1984-07-31,104.0,176.66760208526023,179.0,106.0,174.1684
T000294,1984-08-31,142.0,177.02008694406072,179.0,130.0,174.76012
T000294,1984-09-30,135.0,177.07358194034214,179.0,136.0,176.07695
T000294,1984-10-31,157.0,177.0102102638588,179.0,147.0,175.93594
T000294,1984-11-30,158.0,177.00926252244528,179.0,168.0,177.01088
T000294,1984-12-31,172.0,177.01960440574123,179.0,143.0,177.08688
T000294,1985-01-31,160.0,177.01850315654653,179.0,139.0,177.17798
T000294,1985-02-28,170.0,177.0169677314495,179.0,143.0,176.02031
T000294,1985-03-31,189.0,177.01733165783364,179.0,167.0,175.86292
T000294,1985-04-30,177.0,177.01753531075565,179.0,174.0,174.98155
T000294,1985-05-31,149.0,177.01745188246804,179.0,179.0,174.47469
T000295,1984-08-31,70.4,66.01540304652674,67.20248872932308,68.2,70.96805
T000295,1984-09-30,54.7,64.67861930155894,69.66773498364485,60.2,71.134476
T000295,1984-10-31,80.6,68.60841387994373,71.75122493382084,67.7,71.48486
T000295,1984-11-30,66.6,65.08957157865592,65.73015967588746,61.9,71.76754
T000295,1984-12-31,75.3,71.68551513379161,65.43229208520889,72.9,71.86784
T000295,1985-01-31,83.6,72.39672732159187,69.18474572998124,70.3,72.27035
T000295,1985-02-28,69.6,64.24997951121902,64.58946876923142,62.5,72.383224
T000295,1985-03-31,86.3,78.1015717306032,68.54063160161752,81.8,72.699875
T000295,1985-04-30,81.5,67.72571776786197,66.64750284313612,74.0,72.71379
T000295,1985-05-31,90.0,77.90510717667978,74.25403234396401,75.8,73.01193
T000295,1985-06-30,83.5,77.3275324543203,74.25744488382762,78.3,73.15093
T000295,1985-07-31,83.0,65.84903334425819,64.81897454782285,62.2,73.09146
T000296,1984-06-30,110.0,99.51188156121474,98.9653551665217,92.0,105.159904
T000296,1984-07-31,109.0,106.27616021660408,104.47564068646997,102.0,106.327576
T000296,1984-08-31,75.0,96.92967446176795,94.78927846477562,90.0,101.6173
T000296,1984-09-30,96.0,98.90673962404504,97.12327933199091,94.0,103.80284
T000296,1984-10-31,115.0,114.44833575590441,113.37431062493741,114.0,113.329544
T000296,1984-11-30,118.0,116.87687133151637,116.1232012072547,117.0,114.90132
T000296,1984-12-31,117.0,118.78932916555723,118.36660254533486,120.0,115.61362
T000296,1985-01-31,99.0,105.861485826884,105.5693595716411,107.0,108.139565
T000296,1985-02-28,103.0,114.53690075182217,114.39221931455397,116.0,114.0155
T000296,1985-03-31,104.0,94.18434968712381,93.80802833448797,93.0,104.01916
T000296,1985-04-30,106.0,112.816033133462,112.93281009221938,115.0,107.39077
T000296,1985-05-31,105.0,99.50421144182255,99.74542118316424,103.0,98.2452
T000297,1984-06-30,71.7,81.94919617836544,73.26842356981511,94.6,77.91365
T000297,1984-07-31,77.4,84.92903163243605,89.60123923741347,82.4,81.03505
T000297,1984-08-31,70.8,85.71836974980422,79.60271105397446,90.3,78.959175
T000297,1984-09-30,85.8,85.9274600412427,85.48528874669843,86.9,78.21847
T000297,1984-10-31,75.6,85.98284663541807,87.7158813670683,96.4,84.577774
T000297,1984-11-30,77.3,85.99751816700017,95.34392652668413,108.8,88.85178
T000297,1984-12-31,76.4,86.00140455579458,93.22233617670273,104.9,88.83375
T000297,1985-01-31,64.3,86.00243403371765,78.60115289147734,83.6,84.5417
T000297,1985-02-28,71.7,86.00270673540813,82.67853999797227,90.4,86.92135
T000297,1985-03-31,75.3,86.00277897222867,79.44206548268406,83.4,85.8364
T000297,1985-04-30,64.5,86.00279810727045,84.07146282645134,93.2,82.93502
T000297,1985-05-31,45.5,86.0028031760127,72.31057681371556,70.7,79.527695
T000298,1984-08-31,60.4,52.94432084579065,51.786052105152365,56.5,53.198463
T000298,1984-09-30,56.4,51.14142810063866,51.22863810363635,52.8,51.583885
T000298,1984-10-31,60.5,50.48798138065232,50.59617975638132,47.9,51.035942
T000298,1984-11-30,54.8,51.130108919930606,51.21561935166627,52.3,50.805336
T000298,1984-12-31,59.5,50.239759168976505,50.39131963266499,49.0,50.428482
T000298,1985-01-31,59.8,49.05442475005765,49.28259119769435,43.3,50.404453
T000298,1985-02-28,52.8,50.885572450674324,50.9754146062772,50.1,50.431244
T000298,1985-03-31,51.9,49.577642644910384,49.75737836315313,44.3,50.0075
T000298,1985-04-30,56.0,51.07870849528007,51.17266138463182,52.0,49.923523
T000298,1985-05-31,40.0,50.195120403058155,50.33290206891832,47.4,49.82788
T000298,1985-06-30,52.7,49.70236080061766,49.88042730023893,45.5,49.9848
T000298,1985-07-31,59.0,52.19482496252853,52.2188089728729,58.0,50.145767
T000299,1984-06-30,517.0,539.1844764091685,530.8965669218647,506.0,524.3017
T000299,1984-07-31,520.0,527.2704497650964,524.9182560020025,495.0,518.9121
T000299,1984-08-31,543.0,526.9976640753111,525.4686091157157,496.0,520.12177
T000299,1984-09-30,516.0,536.7364156630169,533.581708877145,511.0,523.5923
T000299,1984-10-31,516.0,549.2450235739257,547.6512141876009,537.0,532.9726
T000299,1984-11-30,576.0,568.8930765714621,555.2260796959458,551.0,545.88654
T000299,1984-12-31,570.0,578.1793540442922,569.2945795341482,577.0,561.0024
T000299,1985-01-31,524.0,521.8287047469662,534.1236353939723,512.0,524.32135
T000299,1985-02-28,533.0,535.4974799101825,534.1236530140848,512.0,535.19904
T000299,1985-03-31,512.0,509.10151263405515,529.7949213860701,504.0,523.0619
T000299,1985-04-30,542.0,528.4356899951063,540.6167371334928,524.0,535.5759
T000299,1985-05-31,517.0,519.1843573389398,538.4523736521464,520.0,532.5493
T000300,1984-08-31,32.5,30.19510851432048,32.33191725653424,31.9,29.841991
T000300,1984-09-30,17.4,29.095162172483093,32.32965717268522,19.1,30.724342
T000300,1984-10-31,29.5,31.88964974272946,32.32739724682186,33.8,31.304867
T000300,1984-11-30,32.4,32.03385399515392,32.3251374789331,33.0,33.23979
T000300,1984-12-31,36.1,31.950361394094237,32.322877869007904,34.1,34.03555
T000300,1985-01-31,34.4,33.15731327231842,32.320618417035234,41.5,34.206787
T000300,1985-02-28,24.4,32.61687420214329,32.31835912300404,36.7,34.143055
T000300,1985-03-31,37.4,32.11526490024038,32.316099986903296,35.2,34.061607
T000300,1985-04-30,35.2,32.26003833416519,32.31384100872195,36.0,33.94168
T000300,1985-05-31,36.3,31.301115818780197,32.311582188448966,31.1,33.806465
T000300,1985-06-30,29.9,31.776076319305698,32.30932352607331,33.4,33.5795
T000300,1985-07-31,25.6,30.67816979804967,32.30706502158393,25.8,33.251404
T000301,1984-02-29,380.0,394.78856724799755,385.1176461455296,348.0,393.75638
T000301,1984-03-31,336.0,386.7384255035858,395.3531250488239,353.0,391.2978
T000301,1984-04-30,356.0,388.15350565968845,389.28235588333973,348.0,390.3988
T000301,1984-05-31,359.0,407.1155797514643,424.51104939433117,281.0,390.1291
T000301,1984-06-30,471.0,405.70049959536163,415.6826243278345,286.0,390.89606
T000301,1984-07-31,502.0,392.68176215921704,394.5400531107491,332.0,391.2553
T000301,1984-08-31,355.0,376.54984837964656,386.67331303647757,389.0,390.38556
T000301,1984-09-30,430.0,353.3425338195627,348.7999769416508,471.0,390.29813
T000301,1984-10-31,525.0,343.15395669562344,347.33051029466174,507.0,390.49103
T000301,1984-11-30,392.0,356.172694131768,364.0974043962809,461.0,391.08383
T000301,1984-12-31,381.0,386.1723934411447,390.2087636775787,355.0,391.35098
T000301,1985-01-31,378.0,383.6252491601599,384.039836697149,364.0,390.81366
T000302,1984-06-30,461.0,434.0941636333783,441.90763492871974,470.0,434.91443
T000302,1984-07-31,430.0,424.9835578291499,427.40918788463836,439.0,432.68408
T000302,1984-08-31,430.0,434.24146562611486,435.60495756367584,432.0,438.38644
T000302,1984-09-30,432.0,456.11694878090077,451.4359766320789,443.0,446.39725
T000302,1984-10-31,472.0,447.497364088765,442.9948389331837,436.0,444.6844
T000302,1984-11-30,413.0,399.83466051559276,400.603377205095,411.0,400.27567
T000302,1984-12-31,278.0,283.9572111673434,278.358352030312,282.0,295.1408
T000302,1985-01-31,420.0,394.4853847803429,398.93825513125336,409.0,392.94012
T000302,1985-02-28,423.0,429.2969090695717,422.7434297479689,410.0,428.62112
T000302,1985-03-31,421.0,419.5182478834267,421.42547677071923,434.0,427.1784
T000302,1985-04-30,432.0,444.44181667633353,438.47956690752375,421.0,438.16757
T000302,1985-05-31,408.0,424.35610167616767,421.9640936486391,429.0,432.30145
T000303,1984-04-30,607.0,572.8433224246826,572.9643790718457,575.0,587.21643
T000303,1984-05-31,635.0,620.4839992572241,623.4061095909366,619.0,626.5897
T000303,1984-06-30,584.0,605.8459583799455,607.1263590405871,614.0,627.69855
T000303,1984-07-31,614.0,599.7385640135178,602.20827861892,607.0,625.7654
T000303,1984-08-31,577.0,566.1459968992049,567.9776807296905,572.0,587.5385
T000303,1984-09-30,475.0,450.726319031371,452.94744758546074,462.0,471.94583
T000303,1984-10-31,260.0,288.67218358580925,290.62660407456843,293.0,298.51776
T000303,1984-11-30,213.0,205.71096723575647,207.81350741941125,186.0,237.23868
T000303,1984-12-31,239.0,300.8564681105709,302.8238672659206,293.0,334.0231
T000303,1985-01-31,462.0,509.9829606385831,511.87404343777126,519.0,525.4677
T000303,1985-02-28,596.0,607.9021215328565,609.5861002381557,596.0,635.1605
T000303,1985-03-31,621.0,646.0890552752589,647.4379692590006,647.0,665.8236
T000304,1984-08-31,402.0,395.9021812980668,395.785983228057,377.0,387.05478
T000304,1984-09-30,414.0,399.55570662896514,396.51459026151247,379.0,386.4466
T000304,1984-10-31,412.0,388.93377011459665,385.58548475967973,349.0,385.9773
T000304,1984-11-30,394.0,394.59880292225984,391.41434102732387,365.0,386.11353
T000304,1984-12-31,343.0,405.57480398710726,402.7077500458844,396.0,386.5991
T000304,1985-01-31,413.0,391.05815741747034,387.7713058600463,355.0,387.36942
T000304,1985-02-28,384.0,389.99596376603347,386.67839530986305,352.0,387.5661
T000304,1985-03-31,482.0,411.5939013452494,408.90090983025624,413.0,387.9502
T000304,1985-04-30,414.0,394.24473837178084,391.0500375105961,364.0,388.5243
T000304,1985-05-31,417.0,400.9719648308809,397.9718043284235,383.0,389.53674
T000304,1985-06-30,364.0,411.9479658957283,409.265213346984,414.0,389.90106
T000304,1985-07-31,452.0,414.072353198602,411.45103444735054,420.0,390.53903
T000305,1984-06-30,1053.0,1054.8741948166887,1043.8976430317418,1049.0,1159.476
T000305,1984-07-31,1040.0,1025.7269210978727,1017.3857837190728,1124.0,1139.4646
T000305,1984-08-31,1018.0,920.1014491810729,912.8570428223024,936.0,1117.5299
T000305,1984-09-30,1020.0,1039.0893549365921,1032.3344874371658,1010.0,1131.661
T000305,1984-10-31,916.0,905.7840811350845,899.0614790048188,875.0,930.96533
T000305,1984-11-30,591.0,623.8697642375067,616.6760681193434,645.0,681.36743
T000305,1984-12-31,342.0,414.0917832207446,407.24554646359445,397.0,504.2779
T000305,1985-01-31,407.0,457.04611039732146,450.4530754019274,412.0,519.9077
T000305,1985-02-28,594.0,588.3837491226813,581.5185548959414,573.0,663.193
T000305,1985-03-31,648.0,727.2511728243372,720.3375801929825,717.0,807.6902
T000305,1985-04-30,1031.0,1041.9978321630865,1034.9163368046834,1050.0,1058.9353
T000305,1985-05-31,1234.0,1093.9123430597201,1086.5278331633915,1135.0,1186.4523
T000306,1984-08-31,90.0,100.11230738021506,101.70241028401284,94.6,99.57562
T000306,1984-09-30,100.8,102.43726854536642,101.28222963446885,93.6,98.28966
T000306,1984-10-31,100.0,108.03621443796655,105.9462348444072,104.7,98.104034
T000306,1984-11-30,91.5,102.65576638821426,103.08900642750804,97.9,97.225815
T000306,1984-12-31,95.6,92.85413902096434,98.7191276722505,87.5,96.77933
T000306,1985-01-31,86.8,89.3576831064618,94.47530311185615,77.4,95.64931
T000306,1985-02-28,93.2,83.11524161013286,86.95406948501864,59.5,95.824005
T000306,1985-03-31,102.7,104.3903252598987,101.45030189428647,94.0,95.39682
T000306,1985-04-30,74.1,98.62089914095053,95.77786312544254,80.5,95.88285
T000306,1985-05-31,93.1,98.72083899950847,94.81144763149135,78.2,95.74356
T000306,1985-06-30,99.3,116.00613863806173,104.30753031118563,100.8,95.57503
T000306,1985-07-31,92.3,119.42001781235982,106.24036129908802,105.4,95.12825
T000307,1984-06-30,896.0,869.879414235331,866.827174037621,829.0,911.45154
T000307,1984-07-31,849.0,917.6073297605739,912.252459248686,888.0,919.7302
T000307,1984-08-31,861.0,892.5745811852588,885.5491863871248,870.0,898.45715
T000307,1984-09-30,832.0,920.1095773782729,912.9691827052403,903.0,861.1637
T000307,1984-10-31,835.0,839.1961628676798,815.3916272746435,809.0,843.2376
T000307,1984-11-30,836.0,842.317352366373,818.0979185983313,814.0,778.2037
T000307,1984-12-31,699.0,644.1424938264099,609.6273335595099,607.0,691.7735
T000307,1985-01-31,726.0,672.2339107647905,639.6844848103468,638.0,702.94543
T000307,1985-02-28,832.0,817.0723119381055,787.0799881370291,786.0,804.9569
T000307,1985-03-31,780.0,828.0544917026848,798.6924220206434,798.0,862.6849
T000307,1985-04-30,894.0,932.5012480499581,905.4439384454638,905.0,914.4103
T000307,1985-05-31,914.0,934.5618395020055,907.284626048111,907.0,926.17004
T000308,1984-08-31,243.0,235.75896956221843,237.5161378600346,243.0,226.6657
T000308,1984-09-30,258.0,209.22200736120325,238.15494288162853,183.0,217.34996
T000308,1984-10-31,242.0,209.29193459565877,238.03781084849427,198.0,210.31203
T000308,1984-11-30,271.0,196.0100669386507,238.0592883145792,156.0,202.65306
T000308,1984-12-31,236.0,175.03437986279135,238.055350181371,154.0,194.52765
T000308,1985-01-31,168.0,166.019169490092,238.05607228206503,160.0,192.16768
T000308,1985-02-28,160.0,171.75385837463483,238.05593987684034,158.0,197.18909
T000308,1985-03-31,226.0,195.54937536585282,238.05596415481662,203.0,208.06616
T000308,1985-04-30,207.0,211.2763714937305,238.0559597031786,211.0,219.01395
T000308,1985-05-31,232.0,212.97826933365815,238.05596051943613,228.0,225.73633
T000308,1985-06-30,230.0,209.8270016961089,238.05596036976618,222.0,227.78534
T000308,1985-07-31,246.0,214.37979055618445,238.05596039720984,241.0,230.03036
T000309,1984-08-31,619.0,628.5102676985482,622.5232699475713,634.0,612.56476
T000309,1984-09-30,617.0,624.7221062981214,623.3780060059212,631.0,614.79285
T000309,1984-10-31,638.0,635.0850027138728,593.5847426522299,635.0,614.9134
T000309,1984-11-30,557.0,618.8626899583485,595.0696004878058,554.0,620.1164
T000309,1984-12-31,594.0,650.2365388014834,605.6574928693136,624.0,621.0842
T000309,1985-01-31,669.0,659.4081373736933,627.8213347180276,679.0,623.4534
T000309,1985-02-28,603.0,585.145303104511,586.9828107243419,566.0,623.49036
T000309,1985-03-31,675.0,630.5839015365888,609.4547910312232,564.0,625.6415
T000309,1985-04-30,573.0,614.6194689022633,619.2669992303703,637.0,624.27734
T000309,1985-05-31,706.0,653.9970082211979,640.8751016028607,651.0,625.10004
T000309,1985-06-30,694.0,592.7540178084718,623.2394738796388,603.0,622.86426
T000309,1985-07-31,630.0,626.017449463621,623.9063506909376,588.0,623.9549
T000310,1984-08-31,353.0,334.57862974926655,327.98062654371677,444.0,338.08026
T000310,1984-09-30,386.0,338.77769476121745,342.8998043382293,403.0,355.28732
T000310,1984-10-31,388.0,354.53577877973953,355.5803068098106,414.0,367.01224
T000310,1984-11-30,372.0,334.62657646068817,342.40888763565965,407.0,364.76218
T000310,1984-12-31,312.0,284.93059085072707,309.2755616742837,367.0,340.5413
T000310,1985-01-31,381.0,317.5622405365467,329.9113956484044,383.0,358.16037
T000310,1985-02-28,385.0,329.4535122683488,340.8799939221969,388.0,381.7939
T000310,1985-03-31,440.0,368.379363205602,376.3071532399306,440.0,400.52698
T000310,1985-04-30,438.0,328.0936924954932,356.8032654496846,358.0,393.74805
T000310,1985-05-31,415.0,324.80074806209365,364.88447825846856,352.0,396.19226
T000310,1985-06-30,380.0,331.4116347401712,362.67003440802836,357.0,401.56558
T000310,1985-07-31,317.0,329.1232693842323,343.44982136353485,331.0,403.636
T000311,1984-08-31,868.0,916.3222379886465,927.2915823077562,1016.0,901.29785
T000311,1984-09-30,893.0,931.4235636849022,943.5126582929967,1103.0,920.9473
T000311,1984-10-31,827.0,937.879837431138,943.5126582929967,1042.0,931.1983
T000311,1984-11-30,952.0,940.6400898437238,943.5126582929967,979.0,941.93097
T000311,1984-12-31,938.0,941.8201812835621,943.5126582929967,879.0,947.9076
T000311,1985-01-31,1045.0,942.3247060871741,943.5126582929967,956.0,965.6267
T000311,1985-02-28,1000.0,942.5404057091413,943.5126582929967,949.0,999.53687
T000311,1985-03-31,1114.0,942.6326238252451,943.5126582929967,1083.0,1077.9954
T000311,1985-04-30,1104.0,942.6720498606743,943.5126582929967,904.0,1087.4552
T000311,1985-05-31,1102.0,942.6889056839696,943.5126582929967,1061.0,1078.3904
T000311,1985-06-30,834.0,942.6961120585356,943.5126582929967,950.0,1050.1716
T000311,1985-07-31,831.0,942.699193001749,943.5126582929967,881.0,1027.624
T000312,1984-06-30,1255.0,1231.9768109982801,1255.628330200075,1196.0,1246.0544
T000312,1984-07-31,1271.0,1260.9280265396098,1276.1213766219153,1239.0,1270.902
T000312,1984-08-31,1231.0,1241.0499212091888,1252.692386325996,1196.0,1248.596
T000312,1984-09-30,1238.0,1286.1778516581555,1275.40687352537,1256.0,1292.8756
T000312,1984-10-31,1250.0,1271.2056942638233,1269.5230618752994,1246.0,1272.948
T000312,1984-11-30,1257.0,1278.4898457370111,1274.8343618014223,1255.0,1283.2642
T000312,1984-12-31,1323.0,1356.412842362597,1279.3748099080644,1257.0,1336.3245
T000312,1985-01-31,1177.0,1244.345371317588,1227.8865473492783,1155.0,1252.4058
T000312,1985-02-28,1257.0,1361.8269860127104,1306.1498179424661,1329.0,1363.389
T000312,1985-03-31,1248.0,1311.520563504992,1260.3145942549302,1234.0,1299.948
T000312,1985-04-30,1295.0,1334.2654257930883,1291.396850855996,1305.0,1333.6177
T000312,1985-05-31,1275.0,1279.1070107381947,1277.0873008765282,1261.0,1281.7142
T000313,1984-08-31,193.0,165.98055965248022,152.99360122547426,102.0,161.16739
T000313,1984-09-30,202.0,182.87422598206854,181.13289570233115,143.0,177.50923
T000313,1984-10-31,179.0,199.82598458199203,202.33460703314967,164.0,191.14815
T000313,1984-11-30,213.0,193.58300933061906,196.64740768578986,155.0,187.61998
T000313,1984-12-31,221.0,190.04196004709124,201.35203472685615,163.0,183.2935
T000313,1985-01-31,213.0,197.97933876724963,204.36897021377771,163.0,186.7101
T000313,1985-02-28,182.0,194.86123156907408,206.68311113260515,171.0,186.51126
T000313,1985-03-31,224.0,204.97172445662724,212.31675174886414,178.0,193.00534
T000313,1985-04-30,205.0,201.54297333854683,214.97231029374137,179.0,193.50739
T000313,1985-05-31,214.0,205.92155092266563,213.76318669054677,180.0,196.99359
T000313,1985-06-30,189.0,187.13998744529732,207.48107374429392,190.0,174.27689
T000313,1985-07-31,185.0,144.90495491348253,154.78544628278706,122.0,135.08275
T000314,1984-08-31,804.0,853.6557522597662,855.7032240312426,786.0,831.90515
T000314,1984-09-30,807.0,830.1238204338478,829.0677283094251,764.0,824.35864
T000314,1984-10-31,854.0,853.0756167579383,851.5063489261411,777.0,831.74133
T000314,1984-11-30,830.0,860.1686001736134,858.5961663739866,787.0,840.06116
T000314,1984-12-31,834.0,904.0311525265398,902.330568689526,846.0,863.9372
T000314,1985-01-31,859.0,920.4913724581481,918.184355280241,890.0,867.9869
T000314,1985-02-28,800.0,841.3292767963625,839.7304594110162,753.0,832.79236
T000314,1985-03-31,855.0,922.5134269256667,920.4771217206504,868.0,870.2894
T000314,1985-04-30,812.0,838.2298714213309,836.1507939789901,798.0,818.2691
T000314,1985-05-31,728.0,818.081060560783,815.9364370645311,759.0,812.0514
T000314,1985-06-30,715.0,807.4930243468918,804.9334920968453,748.0,808.0326
T000314,1985-07-31,813.0,900.8524527927417,899.4840683365837,820.0,863.51196
T000315,1984-08-31,1519.0,1599.3688370373513,1615.983367842392,1681.0,1915.384
T000315,1984-09-30,2075.0,2048.5920925201935,1988.0028396693026,2169.0,2027.0789
T000315,1984-10-31,1994.0,2112.8233230928586,2038.3387466254046,2235.0,2019.7144
T000315,1984-11-30,1917.0,1931.7513529985597,1799.6773260182147,1922.0,1992.8765
T000315,1984-12-31,1909.0,1947.5982816471821,1789.0027144287901,1908.0,1868.0305
T000315,1985-01-31,2108.0,2028.5063934564814,1882.7890679183993,2031.0,1963.7859
T000315,1985-02-28,2010.0,1894.4695538357619,1824.0772668246975,1954.0,1969.7593
T000315,1985-03-31,2068.0,2049.7553316986964,1940.7383890824858,2107.0,2015.6271
T000315,1985-04-30,2106.0,1965.7899297241192,1769.177913980431,1882.0,2015.2073
T000315,1985-05-31,2146.0,2086.138496421938,1865.251780093457,2008.0,2033.9733
T000315,1985-06-30,2067.0,2029.3646591348584,1798.1525720032214,1920.0,1972.8832
T000315,1985-07-31,2029.0,2069.1824842407655,1846.189505069583,1983.0,2003.3926
T000316,1984-10-31,384.0,393.8161124195601,360.4283545849578,422.0,354.84094
T000316,1984-11-30,362.0,391.3431786141062,351.27337253444244,400.0,354.6831
T000316,1984-12-31,366.0,353.8712869458291,331.29886624240896,352.0,349.47815
T000316,1985-01-31,360.0,329.6526203091175,315.06957988013176,313.0,335.69553
T000316,1985-02-28,388.0,347.03616053313425,320.4793420008908,326.0,348.2589
T000316,1985-03-31,368.0,345.0443006962306,327.137510764902,342.0,347.12262
T000316,1985-04-30,410.0,397.51111324708205,354.1863213686973,407.0,382.02997
T000316,1985-05-31,425.0,382.69781046512884,338.3731705541708,369.0,373.49164
T000316,1985-06-30,431.0,371.20620524295606,336.70862836316803,365.0,376.77457
T000316,1985-07-31,454.0,385.88800921389577,353.3540502731959,405.0,374.72897
T000316,1985-08-31,405.0,361.08641907126344,328.8020529559048,346.0,371.05038
T000316,1985-09-30,363.0,296.247125406441,308.41141111612063,297.0,348.81897
T000317,1984-06-30,433.0,411.01387591563446,415.09610894209675,413.0,413.27896
T000317,1984-07-31,438.0,415.22493298680104,415.09610894209675,440.0,413.35526
T000317,1984-08-31,463.0,409.60436392843576,415.09610894209675,400.0,408.87024
T000317,1984-09-30,502.0,415.37183901705555,415.09610894209675,442.0,409.08215
T000317,1984-10-31,526.0,412.0362975861286,415.09610894209675,417.0,409.17123
T000317,1984-11-30,512.0,414.6983705952181,415.09610894209675,425.0,406.08798
T000317,1984-12-31,520.0,417.62239216740346,415.09610894209675,454.0,407.26584
T000317,1985-01-31,492.0,411.5192252821171,415.09610894209675,414.0,407.4772
T000317,1985-02-28,567.0,411.7648721333377,415.09610894209675,419.0,408.7472
T000317,1985-03-31,543.0,410.78717110363243,415.09610894209675,411.0,406.62677
T000317,1985-04-30,532.0,411.5377066921556,415.09610894209675,418.0,408.03543
T000317,1985-05-31,547.0,410.28510169520615,415.09610894209675,407.0,405.96655
T000318,1983-12-31,19.8,19.940947211408865,19.83401618081058,19.0,19.453024
T000318,1984-01-31,20.2,20.70347799594677,20.669797154779967,19.8,20.105467
T000318,1984-02-29,19.8,20.344895400937688,20.272199362314538,19.0,19.716309
T000318,1984-03-31,21.0,20.91591778584075,20.86550085751471,19.9,19.976465
T000318,1984-04-30,22.1,21.150867751569372,21.075634758956582,20.2,20.146084
T000318,1984-05-31,21.3,20.399130160001636,20.337956295571516,19.3,19.519672
T000318,1984-06-30,21.9,20.932722239342436,20.85003283616962,20.2,20.043123
T000318,1984-07-31,21.4,20.117495449607116,20.040426387055682,19.5,19.221115
T000318,1984-08-31,22.1,20.849654633896197,20.769583170170847,20.1,19.874931
T000318,1984-09-30,22.2,20.60447881121424,20.524881032236014,19.8,19.81575
T000318,1984-10-31,20.0,19.08929336317521,19.002073177126118,18.0,18.911417
T000318,1984-11-30,22.0,20.826912340296513,20.731509428625976,20.2,20.168982
T000319,1984-08-31,6.0,6.02906679170691,6.030032937335547,5.88,6.033295
T000319,1984-09-30,5.9,5.8514919919072526,5.842076642913764,5.78,5.8307023
T000319,1984-10-31,6.08,6.037288086009298,6.036425130255412,5.96,6.0224605
T000319,1984-11-30,5.88,5.867354988445811,5.85700120051822,5.83,5.860963
T000319,1984-12-31,6.06,6.039632180235088,6.032277660071639,6.01,6.0234118
T000319,1985-01-31,6.08,6.07754499973619,6.062128937338097,6.04,6.053285
T000319,1985-02-28,5.49,5.579805605894478,5.5755327057743544,5.51,5.598393
T000319,1985-03-31,6.06,6.065647508671546,6.068850786440514,6.06,6.066767
T000319,1985-04-30,5.85,5.899910460655747,5.906110691799991,5.88,5.9088106
T000319,1985-05-31,6.07,6.085111113351118,6.087343588168518,6.07,6.0742345
T000319,1985-06-30,5.83,5.881482185260808,5.8748086144678116,5.84,5.861718
T000319,1985-07-31,6.0,6.072603267914332,6.0581898867347785,6.02,6.0446677
T000320,1983-12-31,21.8,22.11545340787571,21.96409383324593,15.3,22.478249
T000320,1984-01-31,22.5,23.204607852624395,22.946076888075236,17.4,22.836363
T000320,1984-02-29,18.8,22.824532253801625,23.027837698318542,17.6,23.166813
T000320,1984-03-31,22.0,23.711347308756373,23.43312033740579,18.5,23.562462
T000320,1984-04-30,22.0,23.043996760808625,23.477662203779303,18.6,23.904312
T000320,1984-05-31,22.1,23.384208045345243,23.836571380447637,19.4,24.143135
T000320,1984-06-30,22.9,23.955891400516123,24.01598237224535,19.8,24.454744
T000320,1984-07-31,22.9,23.888429930375402,24.28511992265783,20.4,24.839867
T000320,1984-08-31,22.5,25.400651253779753,25.04766884458385,22.1,25.203384
T000320,1984-09-30,22.6,25.232381274072022,25.137380637365393,22.3,25.377352
T000320,1984-10-31,21.1,23.41204204196574,24.240263663240743,20.3,25.575401
T000320,1984-11-30,23.1,25.38382813459827,25.13738062187178,22.3,25.8681
T000321,1984-04-30,14.0,21.213671591439315,21.415957117883934,20.6,21.543571
T000321,1984-05-31,14.6,21.624769464239247,21.637522694356786,21.2,21.467657
T000321,1984-06-30,16.8,21.724180670887076,21.659747574159287,21.2,21.433653
T000321,1984-07-31,20.9,21.277884392951723,21.41105315022834,20.7,21.256407
T000321,1984-08-31,22.1,22.605791939739404,22.475790708533083,22.9,21.091934
T000321,1984-09-30,21.7,22.11770113510979,22.28186148095572,22.5,20.982735
T000321,1984-10-31,21.9,22.753058456994147,22.52356149755346,23.0,20.922148
T000321,1984-11-30,22.4,22.479408223754938,22.378610270947007,22.7,20.82959
T000321,1984-12-31,20.3,20.8706141964769,21.364551248688823,20.6,20.73987
T000321,1985-01-31,22.5,22.83413299527634,22.42691804881274,22.8,20.777378
T000321,1985-02-28,21.6,22.1091048366257,21.94402293072037,21.8,20.79209
T000321,1985-03-31,22.2,22.330485239994818,21.7508628248176,21.4,20.844591
T000322,1984-06-30,16.7,16.605860312368144,16.605977539163163,16.4,16.8443
T000322,1984-07-31,16.2,16.602571433683345,16.605977539163163,17.0,16.836855
T000322,1984-08-31,15.5,16.602456532909024,16.605977539163163,16.5,17.02098
T000322,1984-09-30,18.9,16.602452518717804,16.605977539163163,16.4,17.298925
T000322,1984-10-31,17.1,16.6024523784774,16.605977539163163,18.3,17.42343
T000322,1984-11-30,18.7,16.602452373577936,16.605977539163163,17.3,17.694801
T000322,1984-12-31,16.8,16.602452373406766,16.605977539163163,15.7,17.994064
T000322,1985-01-31,15.9,16.602452373400787,16.605977539163163,15.7,18.210308
T000322,1985-02-28,17.9,16.602452373400578,16.605977539163163,16.6,18.477987
T000322,1985-03-31,16.1,16.60245237340057,16.605977539163163,16.2,18.78361
T000322,1985-04-30,16.7,16.60245237340057,16.605977539163163,16.5,19.095398
T000322,1985-05-31,15.2,16.60245237340057,16.605977539163163,16.7,19.186932
T000323,1983-12-31,11.6,12.748060568712393,12.46641333026976,12.8,13.46326
T000323,1984-01-31,13.1,12.728887481764025,12.54676667179751,13.2,13.101102
T000323,1984-02-29,15.7,12.728887481764025,12.426236659505884,12.6,13.04416
T000323,1984-03-31,10.7,12.728887481764025,12.446324994887823,12.7,12.955833
T000323,1984-04-30,13.3,12.728887481764025,12.968621714818205,15.3,13.146402
T000323,1984-05-31,13.1,12.728887481764025,12.687385019471076,13.9,13.090024
T000323,1984-06-30,12.1,12.728887481764025,12.345883317978135,12.2,13.342829
T000323,1984-07-31,14.3,12.728887481764025,12.165088299540695,11.3,13.193727
T000323,1984-08-31,11.5,12.728887481764025,12.265529976450384,11.8,13.040026
T000323,1984-09-30,11.8,12.728887481764025,11.602614908846439,8.5,13.088843
T000323,1984-10-31,13.2,12.728887481764025,12.586943342561389,13.4,13.009991
T000323,1984-11-30,14.0,12.728887481764025,12.84809170252658,14.7,13.394728
T000324,1984-04-30,2.82,2.857404897371249,3.056346015632834,2.62,2.956941
T000324,1984-05-31,2.84,2.926211085714296,3.1422399833699717,2.79,2.9725728
T000324,1984-06-30,2.92,3.112902957664968,3.0527112219287345,2.68,2.9735355
T000324,1984-07-31,2.85,3.047766749771985,3.055039192281858,2.59,2.96136
T000324,1984-08-31,3.18,3.043886996783654,3.0369480328768357,2.58,2.970895
T000324,1984-09-30,3.17,3.183558104363584,3.192862140855164,2.94,2.9956641
T000324,1984-10-31,2.88,3.051646502760317,2.9953699837202663,2.6,2.997509
T000324,1984-11-30,3.03,3.0788047736786366,3.0453135038108847,2.67,2.9790738
T000324,1984-12-31,2.51,2.9973299609236776,2.996507097040845,2.46,2.9774914
T000324,1985-01-31,3.11,3.2339948932118925,3.214531576354885,3.07,3.0388417
T000324,1985-02-28,2.21,3.299950694013526,3.2789512377961985,3.24,3.0516965
T000324,1985-03-31,2.69,3.191317610340247,3.1510059909457633,2.96,3.0488715
T000325,1984-06-30,42.7,40.58166405307979,41.81040271826646,42.8,43.655113
T000325,1984-07-31,47.8,41.99778194256056,42.06483970438267,46.3,43.253883
T000325,1984-08-31,49.1,41.40705560843152,41.291987629510125,44.7,42.866413
T000325,1984-09-30,41.8,40.22560294017344,40.248704788913884,41.5,42.204994
T000325,1984-10-31,48.8,41.111692441367,41.732765844051684,43.9,41.590065
T000325,1984-11-30,41.9,38.85954829250004,39.67255996013288,37.8,41.362114
T000325,1984-12-31,44.4,38.56418512543552,39.55640604855529,37.0,41.293037
T000325,1985-01-31,40.2,38.379583146020195,39.36573251609099,36.5,42.630512
T000325,1985-02-28,46.5,42.182383921975884,42.11736465427575,46.8,43.210438
T000325,1985-03-31,43.0,34.76138434947984,36.09346872903512,26.7,43.568512
T000325,1985-04-30,49.4,41.037851649600874,41.17287701271167,43.7,43.60408
T000325,1985-05-31,43.0,41.77625956726217,41.529106059638885,45.7,43.401203
T000326,1984-06-30,11.0,10.885925227500847,9.695453348252965,11.6,9.963963
T000326,1984-07-31,10.3,10.788868892888964,9.760915684681233,10.6,10.210333
T000326,1984-08-31,7.9,10.054228231043592,9.782840699161424,11.7,10.311254
T000326,1984-09-30,8.4,10.230032798742295,9.790183948519523,12.5,10.3785
T000326,1984-10-31,9.3,9.844650931335602,9.792643390960665,12.0,10.436108
T000326,1984-11-30,14.0,10.004322657542428,9.793467121277628,13.5,10.480262
T000326,1984-12-31,13.0,10.201988929476927,9.793743009675637,11.7,10.490855
T000326,1985-01-31,9.1,10.223818089541737,9.793835411772038,11.1,10.4937935
T000326,1985-02-28,13.2,10.307063639990133,9.793866359602687,9.3,10.514207
T000326,1985-03-31,12.0,10.22223176543655,9.793876724824463,7.7,10.578487
T000326,1985-04-30,10.3,10.15534288209908,9.79388019640293,11.0,10.577271
T000326,1985-05-31,12.4,10.13288244668027,9.793881359123546,9.5,10.598754
T000327,1983-10-31,53.2,62.62210869378929,59.10229348749962,61.1,58.153847
T000327,1983-11-30,51.1,60.845800690090755,58.72070116170166,59.5,57.732372
T000327,1983-12-31,52.9,60.26911048549131,57.38512802140882,53.9,57.65034
T000327,1984-01-31,56.7,58.377673604955,57.98136603046812,56.4,57.331333
T000327,1984-02-29,57.8,60.34630859596258,59.00689540605013,60.7,57.11383
T000327,1984-03-31,55.1,60.76309201121017,59.436186772572825,62.5,57.075485
T000327,1984-04-30,54.9,60.050962956919044,59.24539060967385,61.7,57.712326
T000327,1984-05-31,45.9,59.45561052832363,58.64915260061454,59.2,57.776394
T000327,1984-06-30,46.9,57.72540716808691,56.59809384945053,50.6,57.750465
T000327,1984-07-31,57.0,58.44257748029556,58.24371075445421,57.5,57.967094
T000327,1984-08-31,56.7,58.28945557877917,58.19601171372947,57.3,57.751827
T000327,1984-09-30,48.9,59.331344908674474,58.696851641339286,59.4,57.71684
T000328,1984-04-30,0.97,0.8601734202085384,0.8094714928382771,0.72,0.864871
T000328,1984-05-31,0.89,0.8636539509934645,0.8094714790926545,0.64,0.8423654
T000328,1984-06-30,0.72,0.7284614904655385,0.8094714653470321,0.78,0.8298237
T000328,1984-07-31,1.2,0.8091487627048228,0.8094714516014099,0.83,0.83038205
T000328,1984-08-31,0.46,0.8124815574693436,0.809471437855788,0.76,0.8341866
T000328,1984-09-30,0.66,0.821121833018445,0.8094714241101664,0.59,0.83547777
T000328,1984-10-31,0.61,0.8053396561747536,0.809471410364545,0.9,0.8350519
T000328,1984-11-30,0.44,0.8251392938823764,0.8094713966189238,0.49,0.8342712
T000328,1984-12-31,0.77,0.808604551330745,0.8094713828733028,0.84,0.8305441
T000328,1985-01-31,1.05,0.8146849728111979,0.809471369127682,0.72,0.8239925
T000328,1985-02-28,0.69,0.8063394044065804,0.8094713553820615,0.88,0.8191575
T000328,1985-03-31,0.64,0.7943282532185125,0.8094713416364412,1.11,0.8129886
T000329,1984-03-31,11.15,11.90020166400828,11.702272731040695,11.3,11.583365
T000329,1984-04-30,10.39,11.752729078630974,11.509111231693792,11.69,11.515625
T000329,1984-05-31,9.83,11.625410627102784,10.831051315111434,11.06,11.394956
T000329,1984-06-30,9.59,10.590438620722242,9.586184243105086,9.98,11.045822
T000329,1984-07-31,7.18,9.622308118513248,8.703791629027602,9.66,10.583701
T000329,1984-08-31,6.74,8.96987847465677,8.209175627798878,9.91,10.20315
T000329,1984-09-30,8.42,9.703254515729073,9.000346750204251,11.08,10.319691
T000329,1984-10-31,11.94,10.593816298605741,9.850942662408205,11.67,10.584677
T000329,1984-11-30,12.9,11.075690911551572,10.257823996691242,11.51,10.789192
T000329,1984-12-31,13.84,10.504170212645446,9.628114332346447,11.02,10.766532
T000329,1985-01-31,12.4,10.580252236410232,9.678388812696811,11.01,10.932387
T000329,1985-02-28,12.7,11.258933828318781,10.336617660573172,11.45,11.122337
T000330,1984-06-30,16.2,12.383184179019207,14.823881078696207,12.1,15.908271
T000330,1984-07-31,6.3,5.338067936075475,10.861185819344707,1.9,15.046
T000330,1984-08-31,14.1,12.967122094641825,15.18204861410857,14.9,15.578119
T000330,1984-09-30,15.2,13.086082565505198,14.912316162098248,15.0,16.305279
T000330,1984-10-31,17.6,14.070332490025702,14.972989078159706,16.0,16.757408
T000330,1984-11-30,15.8,16.47699999229644,14.93583555032179,16.7,16.995165
T000330,1984-12-31,14.5,16.93075763111067,14.479617652876641,16.2,17.035334
T000330,1985-01-31,15.9,15.80910802371619,14.21030813719242,16.2,16.984816
T000330,1985-02-28,17.8,17.145149993061573,14.698226642266128,18.3,17.03528
T000330,1985-03-31,16.0,16.76559398419072,14.01738821897667,17.1,17.023668
T000330,1985-04-30,17.3,16.866648817031475,14.021946748224146,17.8,16.856537
T000330,1985-05-31,18.3,15.34046271864589,13.285195561776657,16.4,16.45817
T000331,1983-08-31,5.69,6.755643942041017,7.580700119534075,5.9,7.6998434
T000331,1983-09-30,5.58,7.014467896230781,7.39360664072289,6.29,7.675481
T000331,1983-10-31,7.77,6.095867903124031,6.558551207105321,3.9,7.696292
T000331,1983-11-30,8.87,6.261090234243171,6.850453644384134,4.44,7.6986513
T000331,1983-12-31,8.15,6.9195489723984105,7.568631609229441,6.34,7.706442
T000331,1984-01-31,7.82,6.068186810941356,8.021065725005041,7.11,7.6708827
T000331,1984-02-29,6.22,5.377915136978386,7.127460386795773,4.53,7.6571703
T000331,1984-03-31,7.46,6.696351959370083,7.23970609746234,5.67,7.6319003
T000331,1984-04-30,8.1,7.493860721768402,8.282668557056018,8.77,7.5914845
T000331,1984-05-31,8.32,7.577262479890447,8.167529235796449,8.65,7.5413527
T000331,1984-06-30,7.84,7.165177063316368,7.7261128573698805,7.03,7.467469
T000331,1984-07-31,8.4,7.255919393980992,7.7926858855535786,7.37,7.4072313
T000332,1984-04-30,11.4,10.792650570178857,10.806787348856822,9.4,11.13234
T000332,1984-05-31,8.6,10.601886339554333,10.799716741805156,8.8,10.635666
T000332,1984-06-30,7.2,10.601886339554333,10.79265076087247,7.8,10.436977
T000332,1984-07-31,12.0,10.601886339554333,10.785589403032015,11.2,10.836155
T000332,1984-08-31,11.5,10.601886339554333,10.778532665259016,11.7,10.981064
T000332,1984-09-30,9.5,10.601886339554333,10.77148054453068,10.3,10.950998
T000332,1984-10-31,10.3,10.601886339554333,10.764433037826194,9.9,10.94549
T000332,1984-11-30,9.8,10.601886339554333,10.757390142126717,8.6,10.876204
T000332,1984-12-31,10.1,10.601886339554333,10.750351854415385,9.9,10.678736
T000332,1985-01-31,10.2,10.601886339554333,10.74331817167731,13.9,10.5990715
T000332,1985-02-28,11.0,10.601886339554333,10.736289090899572,10.3,10.749557
T000332,1985-03-31,10.1,10.601886339554333,10.729264609071226,11.6,10.843979
T000333,1984-02-29,358.0,426.9627529469903,407.30061284899625,467.0,408.79208
T000333,1984-03-31,477.0,447.94664485928337,447.90602018760615,470.0,499.30304
T000333,1984-04-30,422.0,449.6721937321669,453.3901181250872,533.0,385.17773
T000333,1984-05-31,378.0,428.2273412386399,415.9386939248971,440.0,400.24075
T000333,1984-06-30,694.0,660.9346446284626,504.1756075499509,695.0,565.9454
T000333,1984-07-31,524.0,455.305847655541,426.49276447082286,451.0,408.1244
T000333,1984-08-31,524.0,437.153410728177,438.78157854717955,496.0,400.2669
T000333,1984-09-30,666.0,494.4405604193981,410.1508254895147,405.0,495.35315
T000333,1984-10-31,336.0,210.24583502978055,332.56353996710783,161.0,339.73608
T000333,1984-11-30,469.0,396.2250899421598,406.5147469291228,393.0,387.35004
T000333,1984-12-31,496.0,552.2637481290814,463.0906885121524,570.0,511.16858
T000333,1985-01-31,460.0,408.33569870878046,406.8758049971801,394.0,380.09277
T000334,1984-01-31,510.0,523.336580502639,514.6568085701609,553.0,521.65826
T000334,1984-02-29,449.0,486.76812485720916,497.44331533177694,515.0,520.0877
T000334,1984-03-31,403.0,459.10799396838553,484.4229747872492,462.0,519.6016
T000334,1984-04-30,428.0,444.516939083281,475.1340610791599,433.0,519.7814
T000334,1984-05-31,406.0,506.6794034830262,493.06558718798385,501.0,524.82513
T000334,1984-06-30,355.0,543.3687359120389,503.18682074272283,548.0,530.6234
T000334,1984-07-31,296.0,569.5288444649201,505.1335807299207,573.0,534.1866
T000334,1984-08-31,343.0,521.1928415903718,486.61091196171753,500.0,536.0294
T000334,1984-09-30,522.0,487.3905698294495,479.807981436779,462.0,536.38745
T000334,1984-10-31,424.0,462.88996517793106,474.3691266894555,432.0,537.1105
T000334,1984-11-30,628.0,506.61847519636956,482.67609929659744,471.0,539.928
T000334,1984-12-31,226.0,536.6415320470505,492.21206123816535,512.0,543.181
T000335,1983-06-30,1507.0,2036.0885545372355,2036.0885545372355,1742.0,2070.001
T000335,1983-07-31,1415.0,2045.7567943680906,2045.7567943680906,1274.0,2050.0754
T000335,1983-08-31,1716.0,2045.7567943680906,2045.7567943680906,1984.0,2042.4691
T000335,1983-09-30,1700.0,2045.7567943680906,2045.7567943680906,1995.0,2038.8833
T000335,1983-10-31,2280.0,2045.7567943680906,2045.7567943680906,2030.0,2045.6941
T000335,1983-11-30,2050.0,2045.7567943680906,2045.7567943680906,2060.0,2053.2673
T000335,1983-12-31,2185.0,2045.7567943680906,2045.7567943680906,2088.0,2058.7864
T000335,1984-01-31,2270.0,2045.7567943680906,2045.7567943680906,2100.0,2062.7925
T000335,1984-02-29,2045.0,2045.7567943680906,2045.7567943680906,1750.0,2066.2168
T000335,1984-03-31,2135.0,2045.7567943680906,2045.7567943680906,2300.0,2064.6997
T000335,1984-04-30,2350.0,2045.7567943680906,2045.7567943680906,2155.0,2060.6226
T000335,1984-05-31,2230.0,2045.7567943680906,2045.7567943680906,2015.0,2060.062
T000336,1983-05-31,6494.0,6640.819491060663,6210.675332659307,8374.0,6466.539
T000336,1983-06-30,5407.0,6549.4293751191635,6336.058418660693,5895.0,6469.6636
T000336,1983-07-31,5637.0,6453.328500492794,6346.215179119968,4698.0,6463.6094
T000336,1983-08-31,5630.0,6645.79281614501,6248.8958845520665,7045.0,6450.9556
T000336,1983-09-30,5822.0,6624.411042279607,6320.558458569791,5831.0,6432.382
T000336,1983-10-31,5114.0,6690.965129938283,6331.621769584295,6243.0,6406.2393
T000336,1983-11-30,5438.0,6934.658629286157,6271.737135109417,9000.0,6392.404
T000336,1983-12-31,5385.0,6727.474007249691,6312.414082099833,6587.0,6368.8135
T000336,1984-01-31,5073.0,6588.721074422574,6321.993802834066,5464.0,6335.591
T000336,1984-02-29,5596.0,6590.0577889545975,6285.327518770111,6147.0,6322.935
T000336,1984-03-31,5272.0,6697.987203694957,6308.239668917568,6365.0,6288.1084
T000336,1984-04-30,5437.0,6704.094196229113,6315.7210204891,6368.0,6266.229
T000337,1983-06-30,256.0,356.16059335545316,356.16059335545316,260.0,301.12744
T000337,1983-07-31,296.0,304.3580580778017,304.3580580778017,502.0,259.85138
T000337,1983-08-31,323.0,322.97273355000704,322.97273355000704,255.0,262.2085
T000337,1983-09-30,328.0,316.28375315400285,316.28375315400285,190.0,283.8417
T000337,1983-10-31,342.0,318.6873652290528,318.6873652290528,304.0,222.62836
T000337,1983-11-30,207.0,317.8236534725081,317.8236534725081,306.0,285.9261
T000337,1983-12-31,98.0,318.13401886222186,318.13401886222186,192.0,216.21504
T000337,1984-01-31,384.0,318.022492447996,318.022492447996,442.0,271.65033
T000337,1984-02-29,276.0,318.06256824730326,318.06256824730326,331.0,216.57483
T000337,1984-03-31,199.0,318.0481674463696,318.0481674463696,189.0,254.45535
T000337,1984-04-30,323.0,318.0533422169572,318.0533422169572,484.0,218.9049
T000337,1984-05-31,284.0,318.05148271964464,318.05148271964464,212.0,225.13637
T000338,1983-08-31,739.0,339.67818512756224,334.6872920165398,455.0,359.0127
T000338,1983-09-30,756.0,339.80374439726955,334.6872920165398,472.0,362.27628
T000338,1983-10-31,489.0,339.80374439726955,334.6872920165398,1142.0,361.66934
T000338,1983-11-30,676.0,339.80374439726955,334.6872920165398,334.0,363.46118
T000338,1983-12-31,238.0,339.80374439726955,334.6872920165398,307.0,364.99133
T000338,1984-01-31,362.0,339.80374439726955,334.6872920165398,333.0,365.14557
T000338,1984-02-29,327.0,339.80374439726955,334.6872920165398,370.0,367.07742
T000338,1984-03-31,368.0,339.80374439726955,334.6872920165398,303.0,370.53247
T000338,1984-04-30,220.0,339.80374439726955,334.6872920165398,280.0,371.79453
T000338,1984-05-31,394.0,339.80374439726955,334.6872920165398,344.0,371.99667
T000338,1984-06-30,437.0,339.80374439726955,334.6872920165398,325.0,373.12622
T000338,1984-07-31,461.0,339.80374439726955,334.6872920165398,337.0,376.96246
T000339,1983-10-31,2888.0,2229.519775677053,2089.115322175066,1890.0,2041.2539
T000339,1983-11-30,2519.0,2270.14172834219,2089.115322175066,2069.0,1930.7761
T000339,1983-12-31,1857.0,2215.2226638451893,2089.115322175066,1827.0,1877.1412
T000339,1984-01-31,1636.0,2098.122509793733,2089.115322175066,1311.0,1836.763
T000339,1984-02-29,1531.0,2173.4660197648254,2089.115322175066,1643.0,1806.8164
T000339,1984-03-31,1373.0,2141.694660138461,2089.115322175066,1503.0,1789.7611
T000339,1984-04-30,1022.0,2112.8734981916878,2089.115322175066,1376.0,1789.4813
T000339,1984-05-31,1740.0,2164.615426726052,2089.115322175066,1604.0,1785.6558
T000339,1984-06-30,1699.0,2159.1689079329612,2089.115322175066,1580.0,1793.1979
T000339,1984-07-31,2312.0,2380.2067956192377,2089.115322175066,2554.0,1804.5172
T000339,1984-08-31,3140.0,2249.0364680189628,2089.115322175066,1976.0,1807.1815
T000339,1984-09-30,2572.0,2379.0721042040104,2089.115322175066,2549.0,1811.7595
T000340,1984-02-29,20.6,20.04693474855766,20.878701049868283,20.8,21.71996
T000340,1984-03-31,22.2,20.775034829633896,20.878701049868283,18.2,21.74567
T000340,1984-04-30,22.0,21.064037796616475,20.878701049868283,23.6,22.865194
T000340,1984-05-31,21.3,20.408018291767767,20.878701049868283,23.6,22.664824
T000340,1984-06-30,22.0,20.92724706505186,20.878701049868283,23.4,22.811016
T000340,1984-07-31,19.5,20.72971012649535,20.878701049868283,23.2,22.84063
T000340,1984-08-31,19.5,20.670171959195585,20.878701049868283,21.1,22.090946
T000340,1984-09-30,19.7,20.829065811540037,20.878701049868283,20.9,21.322277
T000340,1984-10-31,21.6,20.69807869242838,20.878701049868283,20.8,21.575634
T000340,1984-11-30,18.8,20.751209400335128,20.878701049868283,17.6,20.993324
T000340,1984-12-31,22.3,20.762893633072633,20.878701049868283,19.4,20.89014
T000340,1985-01-31,22.0,20.7245360340313,20.878701049868283,22.1,21.617727
T000341,1984-08-31,24.2,24.151623448377215,24.151623448377215,20.9,24.283136
T000341,1984-09-30,23.2,24.151623448377215,24.151623448377215,21.1,24.324968
T000341,1984-10-31,23.6,24.151623448377215,24.151623448377215,24.1,24.402887
T000341,1984-11-30,24.8,24.151623448377215,24.151623448377215,20.2,24.651905
T000341,1984-12-31,24.4,24.151623448377215,24.151623448377215,23.0,24.761572
T000341,1985-01-31,23.8,24.151623448377215,24.151623448377215,19.3,24.903435
T000341,1985-02-28,21.9,24.151623448377215,24.151623448377215,20.7,25.074139
T000341,1985-03-31,23.0,24.151623448377215,24.151623448377215,23.6,25.302246
T000341,1985-04-30,20.7,24.151623448377215,24.151623448377215,23.1,25.470976
T000341,1985-05-31,21.8,24.151623448377215,24.151623448377215,22.9,25.624298
T000341,1985-06-30,21.6,24.151623448377215,24.151623448377215,23.5,25.703058
T000341,1985-07-31,22.4,24.151623448377215,24.151623448377215,24.6,25.73695
T000342,1983-12-31,15.9,14.63032151682337,14.63032151682337,15.7,13.786667
T000342,1984-01-31,13.7,16.013138024046583,16.013138024046583,17.5,14.479254
T000342,1984-02-29,14.6,16.03724510365065,16.03724510365065,13.5,14.304582
T000342,1984-03-31,17.5,15.635815911632147,15.635815911632147,14.4,14.84824
T000342,1984-04-30,18.2,15.410085218702877,15.410085218702877,18.7,15.630756
T000342,1984-05-31,16.2,15.407560180525778,15.407560180525778,18.8,16.174522
T000342,1984-06-30,16.5,15.473856992770077,15.473856992770077,18.9,16.487577
T000342,1984-07-31,15.7,15.510700277647791,15.510700277647791,17.1,16.638687
T000342,1984-08-31,14.1,15.510879656739823,15.510879656739823,18.5,16.588657
T000342,1984-09-30,15.1,15.499932141253465,15.499932141253465,13.5,16.589739
T000342,1984-10-31,13.3,15.49391947523779,15.49391947523779,12.4,16.503717
T000342,1984-11-30,14.1,15.493928622150573,15.493928622150573,12.2,16.506508
T000343,1984-07-31,6.24,6.487432077571274,6.1065089624362265,6.26,6.46327
T000343,1984-08-31,6.37,6.376883168654457,6.150655826601083,5.58,6.5240192
T000343,1984-09-30,6.21,6.409901295884801,6.150655826601083,5.75,6.5683784
T000343,1984-10-31,6.92,6.258406359180869,6.150655826601083,4.97,6.5937357
T000343,1984-11-30,7.01,6.71094892651441,6.150655826601083,7.3,6.5907664
T000343,1984-12-31,6.25,6.864386105996598,6.150655826601083,8.09,6.5862265
T000343,1985-01-31,5.08,6.473995307567234,6.150655826601083,6.08,6.568589
T000343,1985-02-28,6.2,6.417670266997823,6.150655826601083,5.79,6.520485
T000343,1985-03-31,5.93,6.479822035902001,6.150655826601083,6.11,6.4790473
T000343,1985-04-30,6.41,6.497302220906301,6.150655826601083,6.2,6.450132
T000343,1985-05-31,5.85,6.536147076471411,6.150655826601083,6.4,6.3897543
T000343,1985-06-30,5.92,6.4720530647889785,6.150655826601083,6.07,6.3350253
T000344,1983-08-31,15.0,14.998645706130693,16.3,12.9,15.875256
T000344,1983-09-30,15.8,15.817574890299841,16.3,12.9,15.780409
T000344,1983-10-31,15.6,15.613380856249467,16.3,13.4,15.604483
T000344,1983-11-30,14.2,15.799787705502538,16.3,13.6,15.236463
T000344,1983-12-31,14.9,14.251150863952391,16.3,12.1,14.595741
T000344,1984-01-31,9.7,13.677500637686894,16.3,12.5,14.076301
T000344,1984-02-29,7.1,14.17858033719911,16.3,12.8,14.101048
T000344,1984-03-31,9.7,13.902355694548381,16.3,11.9,14.45725
T000344,1984-04-30,8.6,15.207280704916117,16.3,12.2,15.182083
T000344,1984-05-31,14.5,16.4314363478323,16.3,15.4,15.802846
T000344,1984-06-30,15.4,16.723786275580984,16.3,15.7,16.276325
T000344,1984-07-31,15.0,17.2525042167942,16.3,16.3,16.479311
T000345,1984-06-30,9.08,7.582784576978813,8.585741522539728,8.42,8.463759
T000345,1984-07-31,7.87,7.637880010990919,8.585741522539728,11.61,8.434822
T000345,1984-08-31,7.97,6.967222411830807,8.585741522539728,8.03,8.399104
T000345,1984-09-30,9.5,7.727256308702007,8.585741522539728,8.74,8.423714
T000345,1984-10-31,9.29,8.054118472889597,8.585741522539728,8.53,8.395625
T000345,1984-11-30,7.81,8.537067086546482,8.585741522539728,8.25,8.404832
T000345,1984-12-31,7.98,8.910066997821575,8.585741522539728,6.95,8.397794
T000345,1985-01-31,8.13,8.733522385126456,8.585741522539728,7.3,8.43816
T000345,1985-02-28,7.79,9.399049118705875,8.585741522539728,7.12,8.432233
T000345,1985-03-31,7.91,7.975181246998986,8.585741522539728,7.52,8.43556
T000345,1985-04-30,8.56,9.221431835361503,8.585741522539728,9.9,8.383712
T000345,1985-05-31,9.08,9.261887802397872,8.585741522539728,8.53,8.333757
T000346,1984-06-30,27.3,32.238902807853194,32.08189772234238,32.8,32.744106
T000346,1984-07-31,29.4,32.191648612859716,32.351008792621435,32.6,33.99482
T000346,1984-08-31,28.8,36.938986467178154,36.431264508901094,39.4,34.62142
T000346,1984-09-30,13.7,35.913292119033215,35.528210040179374,35.7,34.77072
T000346,1984-10-31,33.2,34.15312361471405,33.85475162922233,38.2,31.983536
T000346,1984-11-30,23.9,27.434453387735047,27.25319655852768,28.5,27.067657
T000346,1984-12-31,10.9,19.861336895458802,19.519623149702635,29.6,18.17134
T000346,1985-01-31,28.6,30.21363575969304,30.147907222896404,29.5,30.006556
T000346,1985-02-28,31.1,33.615889343109735,33.589393558722996,33.7,32.90896
T000346,1985-03-31,27.5,28.655924571424073,28.710076505951076,27.0,31.530113
T000346,1985-04-30,32.5,34.543820992118384,34.590466759495804,33.0,34.61781
T000346,1985-05-31,28.7,31.238271872210607,31.28858052562144,28.8,32.91879
T000347,1983-08-31,80.0,46.82729891455695,51.215591383861586,45.4,49.636917
T000347,1983-09-30,82.5,59.450621395089605,52.569350731365944,48.7,51.719597
T000347,1983-10-31,32.5,54.255535331884786,51.29763740492246,45.6,51.144867
T000347,1983-11-30,40.3,56.88090735754486,52.11809761553116,47.6,51.53568
T000347,1983-12-31,38.3,54.9901769281447,52.897534815609426,49.5,50.52696
T000347,1984-01-31,38.3,55.95753978813149,52.44628169977464,48.4,50.26655
T000347,1984-02-29,40.2,54.458903668310306,51.70786751022681,46.6,50.46423
T000347,1984-03-31,36.3,53.24193831359974,51.25661439439203,45.5,49.81006
T000347,1984-04-30,37.8,58.81603593375658,52.897534815609426,49.5,52.295185
T000347,1984-05-31,44.7,53.126731752136926,52.1591206260616,47.7,49.819046
T000347,1984-06-30,41.0,49.709900777344366,49.328532899461585,40.8,49.199684
T000347,1984-07-31,40.1,58.736068198845764,58.845871342522486,64.0,49.080772
T000348,1984-06-30,65.9,65.36577888854355,55.26665142911689,41.1,66.85215
T000348,1984-07-31,47.4,73.56883273645965,64.15914548445161,79.7,70.98343
T000348,1984-08-31,81.1,107.48996926543953,95.14509807658042,99.9,102.78911
T000348,1984-09-30,92.1,117.87459171801729,105.53421164020645,78.1,114.40991
T000348,1984-10-31,106.7,120.37230287462222,108.40298726295224,108.4,116.80905
T000348,1984-11-30,82.2,90.59726772419566,79.29490067659317,89.6,87.2512
T000348,1984-12-31,84.1,109.71776110984331,97.67908646219045,98.3,106.48399
T000348,1985-01-31,89.2,108.15342891562099,96.24559900430977,96.4,101.900024
T000348,1985-02-28,112.2,125.32294524094614,114.10228108368497,132.2,118.443146
T000348,1985-03-31,106.5,120.9914664277663,109.65267770642743,113.7,114.775314
T000348,1985-04-30,112.0,124.9261124980585,112.25001913131251,116.6,115.79086
T000348,1985-05-31,118.0,125.52848654505104,114.40808232030271,129.9,116.16349
T000349,1983-08-31,38.7,33.80157072879342,33.67913257174541,33.9,33.165184
T000349,1983-09-30,43.3,36.18714934786062,33.990681824116756,34.5,35.024395
T000349,1983-10-31,33.2,34.69937767836127,32.64063506384093,31.9,34.8218
T000349,1983-11-30,42.1,37.49910812902323,35.6003529613687,37.6,36.45059
T000349,1983-12-31,38.7,34.95732628969582,34.19838132569765,34.9,35.297607
T000349,1984-01-31,36.5,38.706555735422555,35.39265345978781,37.2,36.819046
T000349,1984-02-29,41.6,38.9554556450118,35.65227783676393,37.7,37.39809
T000349,1984-03-31,32.6,37.652516914178065,34.87340470583557,36.2,37.05095
T000349,1984-04-30,37.3,39.735862379357414,33.67913257174541,33.9,37.895584
T000349,1984-05-31,41.2,37.77411335148164,35.13302908281168,36.7,36.294224
T000349,1984-06-30,40.1,35.012974295037964,31.861761932912568,30.4,33.827576
T000349,1984-07-31,33.0,35.209071064056715,31.654062431331674,30.0,33.60176
T000350,1984-06-30,40.6,43.83035483840194,43.82163281329798,30.5,43.050194
T000350,1984-07-31,20.5,40.499348730653864,40.24424648469215,32.3,39.13505
T000350,1984-08-31,55.8,50.58452338204446,50.44199561931903,43.9,48.488537
T000350,1984-09-30,61.1,51.70425709184885,51.44365644318441,33.7,52.497704
T000350,1984-10-31,64.4,55.94968902761073,55.79719109297581,49.0,54.52202
T000350,1984-11-30,49.3,48.612236310083574,48.46414268753023,41.5,47.6696
T000350,1984-12-31,51.1,55.357413275631,55.16578984860502,46.5,54.904343
T000350,1985-01-31,57.6,55.516187703931315,55.35345974628331,47.2,54.630215
T000350,1985-02-28,66.7,62.47816409792726,62.43037000002423,61.6,59.7927
T000350,1985-03-31,62.8,60.27768073576809,60.1716418084017,53.7,59.60298
T000350,1985-04-30,64.7,60.87251513974457,60.721942939042364,54.5,60.710022
T000350,1985-05-31,64.6,62.708434613720286,62.621257261139796,57.8,60.20228
T000351,1983-12-31,6.9,6.740738838885328,6.740738838885328,7.0,6.9825983
T000351,1984-01-31,3.5,4.194615976868308,4.194615976868308,4.0,4.473992
T000351,1984-02-29,6.5,6.365814378810538,6.365814378810538,5.5,6.411794
T000351,1984-03-31,7.6,7.312796937579166,7.312796937579166,7.3,7.2811604
T000351,1984-04-30,6.9,7.2136817475632045,7.2136817475632045,6.8,7.2709913
T000351,1984-05-31,8.1,7.935045170444583,7.935045170444583,7.7,7.826806
T000351,1984-06-30,7.0,7.943587996928631,7.943587996928631,7.8,7.782442
T000351,1984-07-31,7.0,6.200347517806706,6.200347517806706,6.4,6.288867
T000351,1984-08-31,7.0,7.073579568380913,7.073579568380913,6.5,7.374772
T000351,1984-09-30,7.8,7.850907933088671,7.850907933088671,7.5,7.8178444
T000351,1984-10-31,7.5,7.1376824701596195,7.1376824701596195,6.6,7.283515
T000351,1984-11-30,7.5,7.418475632666849,7.418475632666849,7.1,7.5612316
T000352,1984-06-30,8161.0,8092.235916989022,8135.693030557414,7601.0,8007.125
T000352,1984-07-31,7777.0,7969.3531024039185,8009.964695879327,7581.0,7883.1416
T000352,1984-08-31,7301.0,7413.237461993544,7458.076992665625,7090.0,7310.551
T000352,1984-09-30,6665.0,7355.996074661393,7313.726941870279,6929.0,7187.925
T000352,1984-10-31,6692.0,7018.722955264419,6877.13706476694,6398.0,6804.736
T000352,1984-11-30,6715.0,6956.355265217947,6776.118903570398,6423.0,6755.534
T000352,1984-12-31,6542.0,6794.27011220479,6493.676756109297,6176.0,6597.0015
T000352,1985-01-31,6420.0,6721.310088081988,6540.447922368368,6138.0,6547.323
T000352,1985-02-28,7098.0,7254.151593712823,6988.144488091187,6717.0,7050.227
T000352,1985-03-31,6855.0,7114.7890710218135,6913.059934509332,6466.0,6955.759
T000352,1985-04-30,7672.0,7847.023183615212,7586.202763067626,7312.0,7692.5537
T000352,1985-05-31,8068.0,8098.158199227259,7912.238816704941,7763.0,7972.514
T000353,1984-02-29,3207.0,3182.9661488489032,2982.2399133084446,2594.0,3116.995
T000353,1984-03-31,3338.0,3314.4127840890264,3100.9692681068177,2922.0,3211.1577
T000353,1984-04-30,3139.0,3425.557493621512,3047.0259887549246,2842.0,3240.631
T000353,1984-05-31,3291.0,3305.821720388817,3074.6534084880855,2915.0,3205.658
T000353,1984-06-30,3066.0,3100.3127888731974,3110.485734633989,2997.0,3161.1965
T000353,1984-07-31,2853.0,3116.081941794804,3040.4215322477603,2852.0,3094.143
T000353,1984-08-31,2959.0,3096.595106696477,3045.058944973468,2863.0,3081.5386
T000353,1984-09-30,3126.0,3205.1867303639388,3230.6404375489387,3255.0,3216.5452
T000353,1984-10-31,3249.0,3307.1777243761703,3191.657610083513,3173.0,3251.2588
T000353,1984-11-30,2978.0,3066.899474380965,3111.0190080906323,3003.0,3142.837
T000353,1984-12-31,3177.0,3253.9009480084997,3287.3499481235044,3375.0,3261.2422
T000353,1985-01-31,3030.0,3201.36833800591,3181.1505848187894,3151.0,3191.854
T000354,1984-04-30,3691.0,3808.64870459055,3777.1752818802065,3726.0,3733.139
T000354,1984-05-31,3144.0,3474.2057967441247,3458.015330618774,3553.0,3477.2158
T000354,1984-06-30,3373.0,3714.119994859508,3595.952363076805,3594.0,3655.7185
T000354,1984-07-31,3798.0,3994.3984513881933,3987.718825478724,4185.0,4004.3083
T000354,1984-08-31,4136.0,4464.121037897119,4197.0168697101235,3918.0,4312.1553
T000354,1984-09-30,4320.0,4435.562013671617,4214.833869711285,4033.0,4314.9736
T000354,1984-10-31,4497.0,4475.924252239463,4271.283174085195,4177.0,4357.275
T000354,1984-11-30,4474.0,4481.841539432474,4285.864312666152,4200.0,4396.864
T000354,1984-12-31,4011.0,4274.896306185981,3965.330708575327,3751.0,4160.721
T000354,1985-01-31,4481.0,4442.2895356951285,4257.494155086285,4305.0,4336.4307
T000354,1985-02-28,4148.0,4201.930231177149,3970.6276986801245,4000.0,4137.2734
T000354,1985-03-31,4016.0,4119.515124468613,3863.242865945821,3879.0,4036.177
T000355,1984-08-31,2331.0,2288.0047570699094,2281.563755715837,2146.0,2290.6455
T000355,1984-09-30,2280.0,2265.404255224457,2258.4516303898945,2135.0,2260.2656
T000355,1984-10-31,2569.0,2434.8298005980732,2426.6467923824353,2305.0,2473.7754
T000355,1984-11-30,2619.0,2588.007302621714,2577.4581340067707,2501.0,2619.4993
T000355,1984-12-31,3046.0,2863.070337252797,2851.3511590767134,2801.0,2950.8293
T000355,1985-01-31,2876.0,2807.223449173544,2794.874602918517,2785.0,2875.4875
T000355,1985-02-28,2974.0,2551.22308890705,2541.906358571382,2401.0,2603.3977
T000355,1985-03-31,2736.0,2713.612566849758,2703.3623059185106,2598.0,2772.6035
T000355,1985-04-30,2510.0,2431.644898740954,2422.71397948711,2334.0,2432.3604
T000355,1985-05-31,2491.0,2418.520600169185,2410.086938393952,2299.0,2399.2341
T000355,1985-06-30,2252.0,2317.0025759388996,2309.1560046249424,2150.0,2268.9106
T000355,1985-07-31,2338.0,2425.5039404125023,2417.229537306456,2288.0,2365.424
T000356,1984-04-30,23294.0,22860.533421042106,22803.274801927604,22186.0,22850.764
T000356,1984-05-31,23819.0,22393.8257607605,22229.2977045892,21200.0,22567.098
T000356,1984-06-30,24444.0,22918.142706564162,22674.964509877987,21671.0,23220.543
T000356,1984-07-31,23604.0,22762.067838127085,22481.317168850404,21561.0,22410.732
T000356,1984-08-31,26574.0,25442.269245380485,24936.92422228701,24616.0,25801.87
T000356,1984-09-30,28366.0,26679.41985621159,26085.140104095164,26138.0,27467.977
T000356,1984-10-31,32275.0,29729.288516433797,29384.027061325232,29467.0,30427.59
T000356,1984-11-30,33344.0,31099.318786821153,30747.42968428449,30850.0,32415.508
T000356,1984-12-31,30234.0,27569.09637202193,27339.638912230817,26600.0,28457.756
T000356,1985-01-31,30746.0,28744.011389358795,28653.001359068567,27487.0,30082.93
T000356,1985-02-28,26424.0,26141.64028089708,25813.368380436335,25057.0,26338.92
T000356,1985-03-31,25147.0,25565.727692238986,25527.591554911647,24179.0,25845.906
T000357,1984-06-30,4629.0,4775.015963425527,4790.632646402603,4402.0,4716.345
T000357,1984-07-31,5132.0,5091.015942308133,5065.470216472227,4795.0,5046.7725
T000357,1984-08-31,5363.0,5234.060279607414,5176.739543183865,4981.0,5243.065
T000357,1984-09-30,5742.0,5708.8629610684675,5662.397266147876,5454.0,5817.491
T000357,1984-10-31,5999.0,6057.1390221135425,5993.391520353565,5746.0,6194.343
T000357,1984-11-30,6593.0,6208.027044969426,6123.333388591927,6128.0,6269.6045
T000357,1984-12-31,6454.0,6301.478685151714,6211.011349206789,6197.0,6383.242
T000357,1985-01-31,5828.0,5780.959719377642,5683.575211447154,5445.0,5924.078
T000357,1985-02-28,6052.0,5955.571779453218,5843.748951938868,5698.0,6044.039
T000357,1985-03-31,5480.0,5562.260590134279,5439.975990237802,5428.0,5584.5083
T000357,1985-04-30,5282.0,5370.45417990041,5238.794990835504,5107.0,5361.4775
T000357,1985-05-31,5044.0,5197.93751772385,5056.8874808902365,4914.0,5145.6626
T000358,1984-03-31,1280.0,1743.086051367621,1641.2757473228905,1282.0,1472.5414
T000358,1984-04-30,1065.0,1312.1882786688411,1379.102668084158,1013.0,1424.1827
T000358,1984-05-31,1744.0,1868.8616306644858,1877.4881628943986,1577.0,1603.0446
T000358,1984-06-30,2138.0,1898.672074968877,1859.8544827252351,1623.0,1779.1956
T000358,1984-07-31,1984.0,2090.3923891126497,1999.5062867374756,1877.0,1948.887
T000358,1984-08-31,1917.0,2177.6538802776718,2079.741655403226,1990.0,2071.614
T000358,1984-09-30,1938.0,2309.7693916684966,2219.481295604204,2189.0,2094.0605
T000358,1984-10-31,1831.0,2487.9723360222915,2427.9668414183507,2381.0,2116.2612
T000358,1984-11-30,1882.0,2258.6121634969327,2196.473943167811,2133.0,2014.0266
T000358,1984-12-31,1667.0,2215.0731852141093,2204.7774619133634,1991.0,1910.7814
T000358,1985-01-31,1768.0,2146.820029929412,2049.7359746914763,2038.0,1766.3004
T000358,1985-02-28,1602.0,1698.7348621470096,1657.9561083107596,1425.0,1571.6375
T000359,1984-06-30,1782.0,1946.5401462079287,1959.743111407136,1596.0,2036.2314
T000359,1984-07-31,2440.0,2451.476903050781,2455.8964442410033,2296.0,2468.2815
T000359,1984-08-31,2773.0,2591.335772605289,2577.8500186544425,2481.0,2692.4773
T000359,1984-09-30,2948.0,2954.3030862010933,2929.8044493444822,2916.0,3078.85
T000359,1984-10-31,3002.0,2946.3610423638866,2930.74080434127,2773.0,3196.9424
T000359,1984-11-30,3122.0,3051.165177220438,3033.0213466082114,2887.0,3233.1528
T000359,1984-12-31,3371.0,3254.0236848481804,3229.332879735935,3242.0,3299.5872
T000359,1985-01-31,3234.0,3072.5421124409063,3045.4338439365847,3116.0,3177.0789
T000359,1985-02-28,3043.0,2896.9982564695283,2883.0294365404434,2700.0,3144.7078
T000359,1985-03-31,2789.0,2453.061126342051,2442.931816510759,2231.0,2641.958
T000359,1985-04-30,2623.0,2557.6360512009,2540.07315759551,2420.0,2519.794
T000359,1985-05-31,2167.0,2148.605987954955,2130.4949315362246,2100.0,2101.4312
T000360,1983-11-30,263.0,291.8196262646716,292.2030464893162,284.0,274.9504
T000360,1983-12-31,296.0,316.98395354180485,319.02280902466134,298.0,319.81976
T000360,1984-01-31,354.0,337.2478015504001,338.2487760958676,319.0,329.8437
T000360,1984-02-29,358.0,350.00076539668964,351.7328873150092,321.0,340.9126
T000360,1984-03-31,347.0,352.10079292987484,354.9430488666873,320.0,362.47568
T000360,1984-04-30,470.0,397.6321330807605,397.4953112059433,384.0,387.7516
T000360,1984-05-31,426.0,398.13141205280436,398.8950815203082,365.0,387.00778
T000360,1984-06-30,402.0,379.0412425658238,380.9451536928267,353.0,380.41248
T000360,1984-07-31,379.0,352.151158539689,355.9513163760782,313.0,363.08194
T000360,1984-08-31,336.0,310.49143468970794,314.17184571758935,273.0,305.34116
T000360,1984-09-30,455.0,415.9938602865924,416.61749355105127,407.0,414.4087
T000360,1984-10-31,435.0,427.05180398169284,428.80674841723766,404.0,434.21265
T000361,1983-09-30,862.0,836.7333392459841,834.120599754262,767.0,795.8984
T000361,1983-10-31,738.0,755.1008902058354,754.3773900563684,684.0,733.62317
T000361,1983-11-30,906.0,886.726252616196,887.6394128006025,790.0,873.2395
T000361,1983-12-31,1018.0,990.7844363493523,993.6886854763193,941.0,973.8828
T000361,1984-01-31,986.0,973.1938351095208,974.9239963061209,895.0,979.5752
T000361,1984-02-29,1038.0,1026.6673135640199,1028.8875645031112,949.0,1047.7217
T000361,1984-03-31,1351.0,1236.5781447979598,1241.3889052091954,1189.0,1243.3763
T000361,1984-04-30,1349.0,1285.3036108620413,1291.6756873860534,1247.0,1281.661
T000361,1984-05-31,1310.0,1197.4510366761883,1200.4551076410623,1136.0,1221.1136
T000361,1984-06-30,1188.0,1011.7225862164606,1012.4512164932823,952.0,1021.3096
T000361,1984-07-31,766.0,792.71044894358,791.683136671233,717.0,769.50574
T000361,1984-08-31,1000.0,903.9201792397937,907.6946811176537,862.0,850.4693
T000362,1984-01-31,255.0,240.1199916806327,240.6025913302393,215.0,241.33383
T000362,1984-02-29,253.0,242.7527238363397,243.34407580843848,215.0,244.50206
T000362,1984-03-31,216.0,297.2103983483022,297.04457479298753,282.0,295.91205
T000362,1984-04-30,362.0,343.3447744259287,343.6300829931513,329.0,343.65344
T000362,1984-05-31,364.0,358.3998410063231,358.43262763194025,344.0,355.87152
T000362,1984-06-30,362.0,351.8205350051495,351.9014684501081,335.0,350.12665
T000362,1984-07-31,323.0,315.709034950199,315.87275132801534,298.0,316.96188
T000362,1984-08-31,287.0,277.1550164079991,277.1091783033903,256.0,281.55988
T000362,1984-09-30,244.0,242.5374204074579,242.3552360430147,224.0,246.07303
T000362,1984-10-31,234.0,243.17425116946708,243.1181600080528,226.0,245.53596
T000362,1984-11-30,241.0,248.58368180186775,248.3986734625428,232.0,248.67053
T000362,1984-12-31,206.0,220.4302656857179,220.4262537597307,200.0,217.28241
T000363,1983-11-30,580.0,587.8756157903686,587.5781486099662,546.0,596.5758
T000363,1983-12-31,737.0,710.7818738025805,710.256741700968,641.0,705.4734
T000363,1984-01-31,766.0,722.9932624116664,720.5263744001275,677.0,713.69885
T000363,1984-02-29,795.0,756.0483853008467,748.9037371166047,721.0,745.755
T000363,1984-03-31,778.0,796.9392058886141,786.6314366458315,758.0,786.7116
T000363,1984-04-30,895.0,886.7840547850417,874.6986704945834,849.0,875.5661
T000363,1984-05-31,887.0,907.1310984156562,888.097758943006,851.0,888.7378
T000363,1984-06-30,883.0,876.1942912164164,859.7773638538815,820.0,870.806
T000363,1984-07-31,886.0,825.909225321324,796.64216088994,776.0,811.0373
T000363,1984-08-31,700.0,667.3900599020171,636.9083213539067,618.0,648.02075
T000363,1984-09-30,704.0,685.2409078600093,660.8193455984145,624.0,670.65
T000363,1984-10-31,751.0,712.7099343776696,682.0767298798512,658.0,690.9934
T000364,1984-01-31,270.0,277.0209308585375,270.56821912161405,419.0,268.17914
T000364,1984-02-29,267.0,280.50664424804455,255.57081136954113,398.0,270.26886
T000364,1984-03-31,268.0,277.56885198146904,248.42918863045878,388.0,270.32965
T000364,1984-04-30,245.0,260.90896111505987,233.4317808783859,367.0,269.53708
T000364,1984-05-31,284.0,289.64346405904223,261.9982718347152,407.0,272.29733
T000364,1984-06-30,333.0,339.52164543047786,301.277196899668,462.0,275.3238
T000364,1984-07-31,273.0,266.26158618112294,239.85924134355997,376.0,275.55908
T000364,1984-08-31,295.0,291.1153041464086,243.43005271310113,381.0,278.4603
T000364,1984-09-30,321.0,271.59384864819884,214.86356175677182,341.0,283.53632
T000364,1984-10-31,324.0,262.5990662142123,206.293614469873,329.0,285.18033
T000364,1984-11-30,340.0,256.17146060202083,175.58463669181901,286.0,284.0365
T000364,1984-12-31,325.0,233.41815752997212,151.30311937893907,252.0,283.47302
T000365,1983-11-30,14772.0,13807.628517363504,13300.319498419844,13371.0,13333.082
T000365,1983-12-31,16262.0,15644.69949295728,14782.879897803476,15252.0,14642.892
T000365,1984-01-31,15089.0,13373.535360021773,13382.551297601594,12992.0,13004.74
T000365,1984-02-29,14061.0,13656.659967784382,13258.170570834525,12983.0,13048.125
T000365,1984-03-31,14997.0,13873.860641759948,13570.481516165932,13465.0,13245.725
T000365,1984-04-30,15830.0,14328.89567588393,14529.204959141167,15059.0,13956.486
T000365,1984-05-31,14231.0,12396.67054636727,11874.539244763797,10494.0,12776.37
T000365,1984-06-30,17057.0,13483.68905874093,13084.234674527688,12602.0,13063.965
T000365,1984-07-31,18151.0,13909.059358443441,13809.6872409315,13848.0,13200.638
T000365,1984-08-31,18444.0,14466.461456804158,13525.13792265142,13351.0,13874.332
T000365,1984-09-30,19013.0,14291.003508880664,13882.11322403941,13970.0,13218.469
T000365,1984-10-31,16036.0,13101.19533242259,12706.481319776016,11941.0,12772.77
T000366,1983-09-30,25440.0,25463.73070856692,25430.418302586386,20985.0,24828.148
T000366,1983-10-31,26484.0,27938.851751822,28049.321249187888,25837.0,25489.287
T000366,1983-11-30,29666.0,28696.5158963983,28945.852378611235,24665.0,27416.643
T000366,1983-12-31,26426.0,26953.594827556528,27239.37324448453,22842.0,25369.643
T000366,1984-01-31,29608.0,26928.786667031007,27223.9784371298,23004.0,25117.977
T000366,1984-02-29,25601.0,25220.57623468103,25566.96876674089,20583.0,24017.93
T000366,1984-03-31,27818.0,26482.925880977156,26767.873848804342,23089.0,24259.5
T000366,1984-04-30,26313.0,25063.999713192723,25365.458034048148,21494.0,22869.38
T000366,1984-05-31,29364.0,27089.22918835063,27344.193545525643,24456.0,24599.88
T000366,1984-06-30,33896.0,29827.85903414009,30073.035013493547,26802.0,27762.785
T000366,1984-07-31,32669.0,29272.992048158492,29552.730450095172,25738.0,28107.688
T000366,1984-08-31,37659.0,32736.99006548284,32948.30332472417,30178.0,30681.602
T000367,1984-01-31,16323.0,15780.277494691305,15422.965956509437,15220.0,15442.938
T000367,1984-02-29,15102.0,14854.85381236348,14221.76798275854,14873.0,14846.41
T000367,1984-03-31,13280.0,15043.115066878834,14256.396864245988,14697.0,14831.5625
T000367,1984-04-30,14931.0,14375.377298387804,13471.279235019587,13510.0,14179.761
T000367,1984-05-31,12548.0,13374.35221358231,12357.067078499776,12709.0,12965.681
T000367,1984-06-30,13338.0,13955.370757753784,12808.858680292913,13545.0,13640.666
T000367,1984-07-31,15961.0,15706.300022329013,14458.022336897819,15479.0,15350.918
T000367,1984-08-31,18403.0,16521.106106425057,15182.209223850461,15920.0,16071.438
T000367,1984-09-30,18989.0,16294.347410438828,14881.65540303543,15326.0,15992.837
T000367,1984-10-31,18170.0,15682.842099836602,14182.643815337364,15838.0,15058.698
T000367,1984-11-30,15459.0,14053.892307812555,12461.090136500417,12868.0,13745.27
T000367,1984-12-31,16200.0,15156.102276815962,13466.03576991935,13954.0,14799.51
T000368,1983-11-30,28118.0,27517.38738858012,28100.99345415537,27363.0,27366.266
T000368,1983-12-31,32409.0,31753.924749404257,31576.7655484975,30279.0,31066.938
T000368,1984-01-31,30539.0,31642.6209755674,31657.78306847749,30646.0,31261.648
T000368,1984-02-29,31875.0,31477.589634120555,31297.725451415954,30247.0,30981.883
T000368,1984-03-31,30021.0,30843.79783488468,30000.118639255823,27863.0,30390.37
T000368,1984-04-30,31097.0,30673.145513959527,29992.47113584935,28786.0,29630.55
T000368,1984-05-31,28051.0,29229.497827173458,28194.217343708326,26065.0,28703.459
T000368,1984-06-30,28746.0,30727.303103558203,29651.89580062917,28411.0,30592.531
T000368,1984-07-31,35370.0,32869.95336433903,32028.909651594837,31064.0,32290.906
T000368,1984-08-31,37501.0,32137.58866214162,31002.007636402654,29386.0,31960.508
T000368,1984-09-30,37691.0,32921.075971595885,31710.23984289578,30546.0,32554.645
T000368,1984-10-31,31395.0,28896.582892013546,27667.60385037425,26436.0,29239.367
T000369,1984-01-31,9257.0,11095.7993213046,9288.69083351491,12381.0,9447.305
T000369,1984-02-29,8875.0,10483.235413566603,8524.965511685645,11661.0,10421.998
T000369,1984-03-31,9145.0,9895.699052618449,8449.266983560949,11058.0,11158.221
T000369,1984-04-30,9058.0,9045.694989540038,7792.594300469176,10158.0,11913.09
T000369,1984-05-31,9374.0,9787.21123981006,7535.393524316921,10817.0,12490.246
T000369,1984-06-30,8737.0,9405.633153315832,7547.294194654522,10454.0,12683.959
T000369,1984-07-31,8903.0,8668.940827538,7247.4261517519135,9715.0,12796.616
T000369,1984-08-31,9748.0,14309.59944881111,9821.586166442465,15535.0,13474.031
T000369,1984-09-30,10297.0,9469.38842037326,7090.186670805462,10476.0,14021.576
T000369,1984-10-31,10925.0,9177.86047110426,6971.296896999723,10174.0,13612.381
T000369,1984-11-30,8769.0,6101.644629544006,5857.237477172663,7040.0,12887.677
T000369,1984-12-31,9912.0,6740.686496895125,6310.611461783346,7732.0,12901.459
T000370,1984-03-31,853.0,754.4743894170236,779.3773545074126,782.0,752.1556
T000370,1984-04-30,782.0,774.073199509266,817.3680774682755,843.0,815.31525
T000370,1984-05-31,1077.0,1007.3214289053508,987.5926823160005,1076.0,1051.7582
T000370,1984-06-30,894.0,784.1158076202884,764.5926823160005,853.0,887.4179
T000370,1984-07-31,1033.0,951.3071701829779,931.5926823160005,1020.0,961.88995
T000370,1984-08-31,1264.0,1159.2238498626139,1139.5926823160005,1228.0,1198.9086
T000370,1984-09-30,837.0,720.9474128033206,701.5926823160005,790.0,830.0338
T000370,1984-10-31,842.0,703.0270345560119,683.5926823160005,772.0,758.7263
T000370,1984-11-30,1258.0,1133.0956200693531,1113.5926823160005,1202.0,1209.9553
T000370,1984-12-31,1021.0,972.1462780915456,952.5926823160005,1041.0,1022.11255
T000370,1985-01-31,871.0,731.8331305157874,712.5926823160005,801.0,840.60034
T000370,1985-02-28,956.0,824.4964651177004,805.5926823160005,894.0,1000.46924
T000371,1984-01-31,75.3,68.66948151340357,68.7056455769694,58.5,68.46275
T000371,1984-02-29,80.4,76.14465485428228,76.89999653584219,69.7,77.763214
T000371,1984-03-31,87.2,84.44714128367467,86.11905001184772,81.2,86.73701
T000371,1984-04-30,82.7,84.46456112210181,85.92852738132123,79.0,87.384865
T000371,1984-05-31,80.6,84.72405565192032,85.53075989860643,77.7,86.72993
T000371,1984-06-30,82.0,85.26995851317598,85.82429126417333,77.5,87.27327
T000371,1984-07-31,95.4,93.50870649103807,94.37314068867556,87.8,94.45906
T000371,1984-08-31,85.0,86.74425104569114,87.92865438220366,81.6,88.11004
T000371,1984-09-30,68.3,69.95524457862093,71.05409354554978,62.9,69.37796
T000371,1984-10-31,62.3,65.43782915401452,66.26683883775625,55.7,64.37354
T000371,1984-11-30,62.5,64.08180901648063,64.83509489988847,55.1,61.993366
T000371,1984-12-31,59.8,64.31194639247869,65.15277920169449,56.6,61.633636
T000372,1983-11-30,245.0,233.26090445969058,228.0001549868956,234.0,248.7361
T000372,1983-12-31,307.0,298.3032419949254,289.7025603848878,254.0,298.4253
T000372,1984-01-31,326.0,317.9058494452846,310.9467104508485,305.0,313.77484
T000372,1984-02-29,306.0,315.7650069270931,306.70455337864934,296.0,309.70248
T000372,1984-03-31,337.0,365.33058042915843,357.3434149504403,347.0,366.40262
T000372,1984-04-30,451.0,455.69603336571464,447.22223868747045,455.0,439.5382
T000372,1984-05-31,435.0,445.03682313376123,437.57219982285295,438.0,433.4024
T000372,1984-06-30,402.0,409.3646468735107,400.1099788565048,386.0,412.86694
T000372,1984-07-31,346.0,331.91756151820425,324.2212836388897,324.0,326.0622
T000372,1984-08-31,305.0,278.97253386620145,270.9881812756967,283.0,268.2933
T000372,1984-09-30,300.0,326.7047092684922,319.12990021321116,296.0,302.15424
T000372,1984-10-31,315.0,304.1761343615505,295.46120390805885,291.0,292.2994
T000373,1983-03-31,336.0,353.57558206061304,352.6222732025959,408.0,343.64365
T000373,1983-04-30,303.0,323.18921354012804,325.080383408736,371.0,314.91144
T000373,1983-05-31,342.0,322.9376931298797,332.4415852870287,357.0,329.04373
T000373,1983-06-30,357.0,344.9402402013203,349.58016330226883,376.0,337.71188
T000373,1983-07-31,354.0,331.9942087658107,337.2626106259784,366.0,320.4976
T000373,1983-08-31,333.0,301.80862906112804,320.5574245013529,338.0,308.61948
T000373,1983-09-30,312.0,292.5197345932408,310.07672813282903,321.0,295.7235
T000373,1983-10-31,302.0,297.832551075719,314.94086741824054,322.0,296.0939
T000373,1983-11-30,317.0,322.3550331492534,342.56255053538626,332.0,321.97763
T000373,1983-12-31,411.0,403.8526926774506,415.5571142531625,420.0,389.20676
T000373,1984-01-31,379.0,381.9439593056763,394.0441934136296,391.0,359.4232
T000373,1984-02-29,360.0,322.46680939386806,346.7780749209503,331.0,326.09946
T000374,1983-09-30,1128.0,1044.3405650399177,1036.1689272853732,1002.0,1025.2017
T000374,1983-10-31,927.0,926.520233207597,904.2334466248898,872.0,970.07874
T000374,1983-11-30,1229.0,1117.7923618600953,1100.5559686787103,1033.0,1114.9722
T000374,1983-12-31,1041.0,955.6539054012808,921.1367173781232,916.0,910.77924
T000374,1984-01-31,1030.0,997.4969476396582,940.1367173781233,935.0,968.701
T000374,1984-02-29,1150.0,928.222254811101,910.4589906194016,720.0,1055.751
T000374,1984-03-31,935.0,1428.4019361140793,1389.9754936730944,1425.0,1342.8503
T000374,1984-04-30,1431.0,1430.6215802587574,1404.4915488642107,1395.0,1381.7087
T000374,1984-05-31,1057.0,1136.888829697648,1085.685106882761,1082.0,1146.3593
T000374,1984-06-30,833.0,928.0242311416575,887.5237836527149,864.0,910.7919
T000374,1984-07-31,629.0,747.9762074799187,719.2656565321397,658.0,752.3539
T000374,1984-08-31,962.0,1024.9104251398062,1007.0399134875942,984.0,943.5741
T000375,1984-03-31,24664.0,23521.875199821265,23379.165035233993,23251.0,20189.592
T000375,1984-04-30,19858.0,22178.661907695867,22172.165035233993,22044.0,21522.521
T000375,1984-05-31,27555.0,26225.995111986827,26221.165035233993,26093.0,26869.5
T000375,1984-06-30,22979.0,21463.908575011643,21490.165035233993,21362.0,21723.719
T000375,1984-07-31,23463.0,21111.956875231324,21163.165035233993,21035.0,21794.027
T000375,1984-08-31,29091.0,29074.060849123893,29109.165035233993,28981.0,29474.32
T000375,1984-09-30,24447.0,21669.275607304382,21761.165035233993,21633.0,22450.309
T000375,1984-10-31,26267.0,23863.402376578557,23921.165035233993,23793.0,23610.152
T000375,1984-11-30,37091.0,32515.880758618918,32533.165035233993,32405.0,31534.305
T000375,1984-12-31,19721.0,18169.26028220216,18220.165035233993,18092.0,17910.043
T000375,1985-01-31,26286.0,21419.226976069447,21485.165035233993,21357.0,21287.373
T000375,1985-02-28,33857.0,27636.048492428024,27765.165035233993,27637.0,29692.416
T000376,1984-01-31,963.0,910.9357967034863,905.7344607721899,774.0,910.075
T000376,1984-02-29,1004.0,986.7238349606945,978.6250131340727,892.0,931.95984
T000376,1984-03-31,934.0,949.9316721247159,948.4103011734319,832.0,948.5643
T000376,1984-04-30,909.0,940.6585012623485,935.1000682180588,837.0,946.18286
T000376,1984-05-31,834.0,879.5027287908317,874.3710844412509,783.0,867.09326
T000376,1984-06-30,749.0,778.1842622287786,781.2100608189522,642.0,801.0518
T000376,1984-07-31,924.0,904.6353974844276,902.1007350032804,782.0,891.86804
T000376,1984-08-31,941.0,950.6985137876362,949.4060344132461,824.0,957.06494
T000376,1984-09-30,1089.0,1088.4565565080402,1077.086356481193,993.0,1018.3667
T000376,1984-10-31,1204.0,1132.7712249924934,1126.9407628089864,1037.0,1079.1691
T000376,1984-11-30,899.0,878.0893967583052,873.5179562769009,763.0,854.1463
T000376,1984-12-31,931.0,970.540221913049,964.2373142637949,859.0,895.9514
T000377,1983-11-30,27186.0,27223.82186875317,28297.75626842793,25307.0,27258.156
T000377,1983-12-31,30779.0,30541.506662140662,28945.28573231471,26888.0,28404.46
T000377,1984-01-31,27102.0,28869.80214575712,29182.426503719165,27467.0,28127.967
T000377,1984-02-29,26967.0,29101.911394621446,29124.267627139834,27325.0,27888.762
T000377,1984-03-31,26284.0,27770.538831398128,28233.453848547964,25150.0,27650.115
T000377,1984-04-30,26946.0,27656.881436191296,28966.992918643613,26941.0,27537.719
T000377,1984-05-31,25446.0,27553.161940816826,28454.62140737077,25690.0,27564.348
T000377,1984-06-30,27848.0,29100.038479343966,29168.91070845777,27434.0,28347.232
T000377,1984-07-31,33635.0,30799.201360568644,29932.75792550321,29299.0,29140.36
T000377,1984-08-31,35874.0,30909.28961531625,29798.419111996023,28971.0,29364.86
T000377,1984-09-30,33775.0,31388.613904081136,30733.05683279908,31253.0,29293.215
T000377,1984-10-31,26171.0,28155.43986496121,28748.282777141056,26407.0,28222.754
T000378,1983-03-31,43484.0,45568.7003753903,41955.47564845407,44439.0,40627.008
T000378,1983-04-30,44439.0,43040.375266623094,41488.0588282102,43894.0,40803.58
T000378,1983-05-31,40096.0,46206.27860875096,41049.36380967407,42890.0,40886.58
T000378,1983-06-30,29501.0,38689.37785147986,38042.729922674895,36009.0,40593.18
T000378,1983-07-31,29815.0,39828.65651058123,39203.26176453942,38665.0,40439.33
T000378,1983-08-31,35873.0,43487.09862569751,40604.11458269366,41871.0,40661.668
T000378,1983-09-30,32832.0,43075.5414285452,39891.01670395763,40239.0,40961.906
T000378,1983-10-31,38306.0,43610.10502319281,40981.20004185371,42734.0,41187.805
T000378,1983-11-30,35857.0,44290.229612077135,39844.70029761816,40133.0,41350.914
T000378,1983-12-31,37846.0,43422.86927399755,35529.40945791408,30257.0,41739.625
T000378,1984-01-31,37580.0,46287.82196131865,39742.45464588763,39899.0,41769.21
T000378,1984-02-29,37848.0,44404.01546029126,39840.33082532199,40123.0,41824.438
T000379,1983-09-30,42177.0,53012.390450665705,53048.21585722972,51392.0,51623.79
T000379,1983-10-31,47193.0,46707.26177586431,46717.52967099752,34754.0,51579.82
T000379,1983-11-30,55816.0,55090.534202279276,54911.12243060349,56288.0,53995.945
T000379,1983-12-31,49944.0,55252.484668025936,55069.40861004048,56704.0,53787.234
T000379,1984-01-31,48955.0,53770.404324041454,53620.861770817864,52897.0,53693.156
T000379,1984-02-29,49785.0,48448.61858664512,48419.486595568786,39227.0,53349.53
T000379,1984-03-31,49191.0,52408.618917354375,52289.88807930204,49399.0,53226.38
T000379,1984-04-30,35898.0,52334.651156556625,52217.59391080919,49209.0,54261.258
T000379,1984-05-31,51685.0,53550.83686567339,53406.26223908118,52333.0,56679.54
T000379,1984-06-30,54089.0,54866.29509586082,54691.95695138306,55712.0,58651.05
T000379,1984-07-31,62815.0,55798.678185916724,55603.24397001667,58107.0,59414.633
T000379,1984-08-31,61783.0,55711.47408897621,55518.01295031983,57883.0,59867.96
T000380,1985-10-31,5.41,5.226871763003993,5.2396299043736505,5.08,5.4038653
T000380,1985-11-30,5.53,5.374292012993366,5.411906855783661,5.37,5.488896
T000380,1985-12-31,5.53,5.387546647507463,5.451778291479253,5.51,5.5265636
T000380,1986-01-31,5.7,5.397178477403384,5.438553371958602,5.55,5.5242567
T000380,1986-02-28,5.62,5.384739174228824,5.439617786729552,5.57,5.5328383
T000380,1986-03-31,5.68,5.400744168253349,5.462323966874929,5.63,5.5499196
T000380,1986-04-30,5.72,5.405461697834322,5.452240513203676,5.6,5.5476193
T000380,1986-05-31,5.46,5.028867136169441,5.085042157955126,5.22,5.2853994
T000380,1986-06-30,5.22,4.970684379083304,4.990115013088443,5.24,5.2510643
T000380,1986-07-31,5.58,5.270901123886716,5.308214279295334,5.36,5.4810705
T000380,1986-08-31,5.72,5.336972710667054,5.400639066048858,5.44,5.5343914
T000380,1986-09-30,5.59,5.272180322177709,5.315277380394748,5.51,5.5081735
T000381,1989-02-28,838.51,771.9056359150088,764.5640645711044,744.36,770.22906
T000381,1989-03-31,781.58,744.1245087359472,748.4476860880451,742.17,737.6903
T000381,1989-04-30,816.61,788.1695336592164,782.4296152397918,759.69,796.39386
T000381,1989-05-31,814.42,755.0112814941688,758.2080652588015,739.99,754.1144
T000381,1989-06-30,775.02,747.6279635911109,763.3744067456091,713.71,733.21075
T000381,1989-07-31,810.04,774.6331072794305,773.8341625330825,724.66,767.8198
T000381,1989-08-31,768.45,738.9064777891488,758.4845605907775,704.96,705.2095
T000381,1989-09-30,880.1,816.6152374577995,845.7994814906359,836.32,790.43677
T000381,1989-10-31,785.96,771.8861872540319,795.2397078752957,761.88,744.9341
T000381,1989-11-30,862.59,777.8791669501994,799.9904679765164,766.26,742.6949
T000381,1989-12-31,783.77,783.3225609248025,825.0387312739116,805.66,738.0744
T000381,1990-01-31,746.55,732.1968257316946,752.0653677376415,694.01,701.66223
T000382,1988-06-30,2466.94,2530.2168142348423,2628.580534563992,2369.22,2465.4812
T000382,1988-07-31,2457.41,2650.7096853587154,2747.5921109436,2352.53,2501.9797
T000382,1988-08-31,2516.99,2662.1120475171533,2852.819171796196,2378.75,2477.7085
T000382,1988-09-30,2261.96,2498.2635396907554,2746.6042282478406,2145.17,2315.8872
T000382,1988-10-31,2595.65,2669.317368539212,2932.927510603642,2295.33,2535.7788
T000382,1988-11-30,2433.57,2527.3298461993654,2895.818764110189,2216.67,2404.125
T000382,1988-12-31,2581.35,2664.298945016502,3053.9762551373683,2328.7,2590.9238
T000382,1989-01-31,2495.54,2506.860960016328,3011.524851615343,2264.34,2472.643
T000382,1989-02-28,2419.27,2347.9452059794994,2982.937985961072,2173.77,2395.1875
T000382,1989-03-31,2466.94,2395.973428639878,3077.536360318875,2283.41,2529.8557
T000382,1989-04-30,2366.83,2220.700809184506,3030.018116258261,2238.12,2362.0022
T000382,1989-05-31,2705.29,2437.7380166131584,3305.6298066589143,2629.02,2651.8962
T000383,1964-12-31,318.0,315.4641092481834,316.1693714060325,270.0,314.31894
T000383,1965-01-31,374.0,355.4534644919323,357.39555526873727,315.0,352.56586
T000383,1965-02-28,413.0,400.63296802934286,403.62809010138744,364.0,391.13107
T000383,1965-03-31,405.0,386.6782505301596,388.64079204127825,347.0,384.3246
T000383,1965-04-30,355.0,352.0569809303288,353.89237978376457,312.0,350.43808
T000383,1965-05-31,306.0,316.4362261373313,317.90508172365537,274.0,313.6223
T000383,1965-06-30,271.0,282.1587265739894,283.6725468910052,237.0,272.92596
T000383,1965-07-31,306.0,318.9942091641493,320.89873075370997,278.0,309.88306
T000383,1965-08-31,315.0,326.13107811438545,328.6598449511144,284.0,314.09802
T000383,1965-09-30,301.0,318.4597289330366,321.1566694661417,277.0,313.3296
T000383,1965-10-31,356.0,357.55873191598215,359.6471430112236,317.0,359.8313
T000383,1965-11-30,348.0,354.50680460345575,357.1566694661417,313.0,352.87653
T000384,1977-12-31,619.14,736.8359354385354,674.4096271390794,657.62,718.192
T000384,1978-01-31,578.42,677.2914534051888,622.780458830588,607.53,669.3495
T000384,1978-02-28,741.13,796.1073615613507,723.2667224309024,681.21,766.6508
T000384,1978-03-31,768.35,925.8517048178195,857.9026348640613,876.02,893.6348
T000384,1978-04-30,784.39,913.7478702083149,844.8784238210353,880.14,887.83325
T000384,1978-05-31,900.86,887.595204896354,816.1529657711069,841.87,871.0337
T000384,1978-06-30,837.71,892.735055779437,819.5560616919788,815.3,862.27057
T000384,1978-07-31,683.15,804.3938481363517,728.5505610713201,718.84,777.1754
T000384,1978-08-31,612.14,734.523652197413,668.7543586050252,733.36,708.21564
T000384,1978-09-30,719.03,918.6693391015226,857.2666649036466,955.55,854.96674
T000384,1978-10-31,537.15,802.8675007223146,730.912943106909,757.54,779.87134
T000384,1978-11-30,606.67,952.8180060522802,883.3452803578956,912.49,885.7844
T000385,1983-12-31,2350.0,3116.98171939521,3106.206543718724,1990.0,3021.9832
T000385,1984-01-31,2831.0,3407.992590845838,3248.9483920690163,2354.0,3202.3154
T000385,1984-02-29,3351.0,3504.289468536767,3306.2437217802185,2639.0,3242.63
T000385,1984-03-31,3275.0,3514.757629714761,3428.0958100090656,2915.0,3223.4285
T000385,1984-04-30,3271.0,3443.366724175908,3336.029041056093,2977.0,3172.9434
T000385,1984-05-31,3218.0,3360.6639500987712,3413.739752465914,3105.0,3139.37
T000385,1984-06-30,3732.0,3669.7104885715494,3340.3532468950766,2994.0,3133.462
T000385,1984-07-31,2813.0,3031.9605105517157,3085.8084273393097,2454.0,2934.2485
T000385,1984-08-31,2845.0,3115.990400361131,3091.62860034726,2372.0,2827.606
T000385,1984-09-30,3036.0,3129.5614528477713,3135.2031325643006,2709.0,2753.5837
T000385,1984-10-31,2996.0,3202.6227001674774,3177.5948851137637,2833.0,2716.5347
T000385,1984-11-30,2670.0,3110.4005705338236,3258.062299430934,3173.0,2646.0454
T000386,1986-12-31,119.0,125.35491094992038,125.2784109726855,130.0,120.32541
T000386,1987-01-31,122.0,130.22835143375124,130.22197853635203,134.0,121.21958
T000386,1987-02-28,119.0,129.2381905232498,129.62826376152924,131.0,121.52121
T000386,1987-03-31,118.0,128.36038591204692,128.9938446475919,131.0,121.80586
T000386,1987-04-30,112.0,127.85765867525822,128.52029622535005,131.0,119.26882
T000386,1987-05-31,117.0,128.04963073393958,128.63276304707927,130.0,119.72376
T000386,1987-06-30,99.0,113.4347727096289,113.95256400452328,114.0,104.90895
T000386,1987-07-31,68.0,81.97922276794394,82.47596146425651,81.0,69.316315
T000386,1987-08-31,112.0,125.32419693659888,125.85821936293539,124.0,116.410164
T000386,1987-09-30,119.0,130.35308849280727,130.89118366583062,128.0,120.526215
T000386,1987-10-31,121.0,130.62757565329963,131.13874619832205,125.0,121.342735
T000386,1987-11-30,125.0,128.31511639107237,128.7824344017049,121.0,121.33101
T000387,1985-12-31,492.0,491.9614226236971,491.6856367627361,514.7,490.4328
T000387,1986-01-31,492.4,490.34662619623896,490.1679064668428,513.3,488.9194
T000387,1986-02-28,494.4,488.9614314365265,488.70902688248145,511.6,487.161
T000387,1986-03-31,494.8,488.0782377683183,487.2837150762091,511.8,485.864
T000387,1986-04-30,497.8,486.6134990361381,485.94503814279057,507.3,484.16656
T000387,1986-05-31,501.2,486.4587629887257,484.757874911748,507.3,482.92996
T000387,1986-06-30,500.2,486.01563094278,483.66927146085897,506.5,481.94943
T000387,1986-07-31,500.7,483.96214762424717,482.6599710494165,502.5,480.71353
T000387,1986-08-31,500.3,483.1902824068263,481.7256723074139,498.3,479.23676
T000387,1986-09-30,499.5,483.0504073687447,480.8699253849784,497.9,477.92838
T000387,1986-10-31,501.3,482.86543562186074,480.0839746756727,496.1,476.89777
T000387,1986-11-30,500.2,482.7766259450637,479.3604584168672,493.8,475.5856
T000388,1985-12-31,7150.0,6957.090764012779,6823.189272337653,4955.0,7376.517
T000388,1986-01-31,7549.0,6929.142169850422,6837.9008613567285,5071.0,7544.075
T000388,1986-02-28,7625.0,7042.34336724776,6877.735838004673,5311.0,7678.839
T000388,1986-03-31,8108.0,7045.506707276662,6860.050227649816,5494.0,7858.324
T000388,1986-04-30,7652.0,7120.072691317167,6851.521548720739,5561.0,8027.154
T000388,1986-05-31,8317.0,7165.223008644046,6860.4433424585095,5728.0,8158.976
T000388,1986-06-30,8307.0,7195.440759122544,6860.659423329737,5865.0,8368.074
T000388,1986-07-31,8379.0,7282.570792175689,6857.43974610682,6042.0,8497.1875
T000388,1986-08-31,8399.0,7502.937880585418,6858.372773641396,6420.0,8705.588
T000388,1986-09-30,8673.0,7181.336586862831,6859.217734151811,6585.0,8839.412
T000388,1986-10-31,8973.0,7384.0750959751995,6858.623215204447,6879.0,8959.25
T000388,1986-11-30,8862.0,7565.8066191468615,6858.511084423708,6949.0,9111.748
T000389,1985-12-31,6498.0,6198.558178609927,6183.416583871417,5244.0,6457.9106
T000389,1986-01-31,7318.0,6420.6649318770305,6403.094345750794,5483.0,6513.9326
T000389,1986-02-28,7742.0,6457.317794927024,6320.701838274096,5414.0,6563.5693
T000389,1986-03-31,8025.0,6474.420031219413,6279.449534169177,5360.0,6627.6904
T000389,1986-04-30,8264.0,6589.934863137131,6336.20200254759,5703.0,6700.1406
T000389,1986-05-31,8577.0,6609.830981383533,6320.331667189997,5775.0,6745.5713
T000389,1986-06-30,8922.0,6599.428819330664,6306.576231671615,5829.0,6831.8467
T000389,1986-07-31,9267.0,6706.28898098317,6320.831476456548,6010.0,6911.6406
T000389,1986-08-31,8696.0,6679.718554296081,6318.210561870159,5644.0,6997.3984
T000389,1986-09-30,8772.0,6653.587859256797,6313.9742497427715,5996.0,7059.2773
T000389,1986-10-31,8973.0,6868.755023638149,6317.452444157695,6684.0,7118.206
T000389,1986-11-30,9257.0,6885.026014590789,6317.16706243758,6291.0,7168.965
T000390,1985-12-31,1.95,1.9607238053337541,1.9633034803841165,1.92,1.9559195
T000390,1986-01-31,1.94,1.961892305694667,1.9652995027297926,1.91,1.9545037
T000390,1986-02-28,1.94,1.9620238767795422,1.9646712449114858,1.91,1.954728
T000390,1986-03-31,1.94,1.962071372222892,1.9646736929249775,1.91,1.9538502
T000390,1986-04-30,1.93,1.9559138752593042,1.958254296583111,1.93,1.9522647
T000390,1986-05-31,1.95,1.9569937694153308,1.9594819695144887,1.93,1.9520487
T000390,1986-06-30,1.93,1.9503652396971665,1.9525318726258978,1.95,1.9513638
T000390,1986-07-31,1.95,1.9493823525767109,1.9514571331464345,1.95,1.9503477
T000390,1986-08-31,1.96,1.9455458114002564,1.9474262328716463,1.96,1.9493353
T000390,1986-09-30,1.97,1.944974599985789,1.9467783571488324,1.96,1.9492872
T000390,1986-10-31,1.96,1.9468415226553222,1.9486562177646456,1.95,1.9479355
T000390,1986-11-30,1.97,1.9445743226593633,1.9463150628272186,1.96,1.946393
T000391,1979-10-31,114.1,115.32968889511923,121.4,118.8,123.18249
T000391,1979-11-30,111.9,115.64197186980962,121.4,118.9,123.815575
T000391,1979-12-31,112.8,118.64126924753724,121.4,121.7,123.951996
T000391,1980-01-31,112.3,120.2283753724021,121.4,123.1,124.21672
T000391,1980-02-29,112.5,119.30403599754989,121.4,122.0,124.262764
T000391,1980-03-31,112.7,120.66895125753722,121.4,123.2,124.2861
T000391,1980-04-30,117.7,125.52377845887392,121.4,127.9,124.31788
T000391,1980-05-31,113.6,119.56913469986458,121.4,121.8,124.148224
T000391,1980-06-30,118.6,123.60559933019132,121.4,125.7,124.15349
T000391,1980-07-31,122.6,127.83371626004099,121.4,129.8,123.9328
T000391,1980-08-31,121.1,125.55399612798043,121.4,127.4,123.799416
T000391,1980-09-30,117.3,119.66691833622025,121.4,121.4,123.52044
T000392,1979-11-30,126.2,135.08781366908622,135.21053784780486,133.2,135.818
T000392,1979-12-31,116.1,132.2011065446788,135.21053784780486,122.8,136.6898
T000392,1980-01-31,116.7,133.240756371129,135.21053784780486,125.2,137.4654
T000392,1980-02-29,117.9,133.85116013824356,135.21053784780486,127.9,138.10608
T000392,1980-03-31,117.4,133.99667277912312,135.21053784780486,129.0,138.63327
T000392,1980-04-30,118.7,134.04308419719533,135.21053784780486,127.2,139.03705
T000392,1980-05-31,119.4,134.23030404780155,135.21053784780486,127.7,139.63176
T000392,1980-06-30,127.1,135.86939823965554,135.21053784780486,134.3,139.87947
T000392,1980-07-31,122.7,133.52144947498962,135.21053784780486,126.9,140.21706
T000392,1980-08-31,130.9,134.8691871020773,135.21053784780486,133.6,140.19763
T000392,1980-09-30,135.1,136.35702780259533,135.21053784780486,138.0,140.22687
T000392,1980-10-31,132.8,135.44585924871765,135.21053784780486,134.8,140.30472
T000393,1979-10-31,120.4,126.8,126.8,140.3,127.19477
T000393,1979-11-30,110.1,126.8,126.8,134.6,127.35523
T000393,1979-12-31,104.0,126.8,126.8,128.2,127.41006
T000393,1980-01-31,101.0,126.8,126.8,126.4,127.44915
T000393,1980-02-29,103.1,126.8,126.8,128.5,127.623695
T000393,1980-03-31,107.8,126.8,126.8,130.8,127.727745
T000393,1980-04-30,110.5,126.8,126.8,132.8,127.818565
T000393,1980-05-31,113.2,126.8,126.8,133.5,127.65774
T000393,1980-06-30,115.9,126.8,126.8,131.6,127.51746
T000393,1980-07-31,116.1,126.8,126.8,131.8,127.16907
T000393,1980-08-31,117.5,126.8,126.8,128.6,126.70654
T000393,1980-09-30,117.9,126.8,126.8,126.8,126.51905
T000394,1979-10-31,129.0,129.33877998695758,129.3,130.6,129.49887
T000394,1979-11-30,128.5,128.93877998695757,129.3,130.2,129.46149
T000394,1979-12-31,126.3,128.23877998695758,129.3,129.5,129.46748
T000394,1980-01-31,125.6,127.83877998695755,129.3,129.1,129.51399
T000394,1980-02-29,124.2,127.43877998695757,129.3,128.7,129.5062
T000394,1980-03-31,124.0,126.33877998695758,129.3,127.6,129.60806
T000394,1980-04-30,125.3,127.23877998695758,129.3,128.5,129.71063
T000394,1980-05-31,127.2,127.73877998695758,129.3,129.0,129.73454
T000394,1980-06-30,129.0,128.1387799869576,129.3,129.4,129.85713
T000394,1980-07-31,129.4,127.8387799869576,129.3,129.1,129.8897
T000394,1980-08-31,129.8,128.33877998695755,129.3,129.6,129.87648
T000394,1980-09-30,130.7,128.0387799869576,129.3,129.3,129.86592
T000395,1979-12-31,151.0,153.42718244845298,154.25246825299106,134.0,150.61421
T000395,1980-01-31,157.0,157.91694690282318,159.53187010938416,139.0,153.58696
T000395,1980-02-29,160.0,158.9794220624589,161.4274392304706,141.0,156.25456
T000395,1980-03-31,159.0,159.10416118328982,161.46647192914855,141.0,158.41353
T000395,1980-04-30,159.0,159.50706707809147,162.45188283843194,142.0,159.28241
T000395,1980-05-31,159.0,162.7060984464909,165.45733574266728,145.0,160.3747
T000395,1980-06-30,138.0,136.20367686748952,138.4552976331526,118.0,136.57706
T000395,1980-07-31,148.0,153.80561413069063,156.45605940893566,136.0,145.7852
T000395,1980-08-31,160.0,161.90512981489036,164.45577468314468,144.0,160.58546
T000395,1980-09-30,172.0,172.6065827622912,175.45588110392865,155.0,171.07724
T000395,1980-10-31,183.0,179.30803570969204,182.45584132747138,162.0,174.18878
T000395,1980-11-30,183.0,181.10900434129258,184.4558561945537,164.0,171.76181
T000396,1979-10-31,128.0,132.84224164371852,128.7308567771648,142.6,132.1941
T000396,1979-11-30,121.5,128.94224164371852,123.6645576477259,138.7,131.85745
T000396,1979-12-31,114.4,129.84224164371855,119.3810517343328,139.6,131.92473
T000396,1980-01-31,115.5,127.74224164371853,114.58569501211252,137.5,131.9296
T000396,1980-02-29,113.2,130.3422416437185,110.125025976406,140.1,132.03397
T000396,1980-03-31,115.2,130.8422416437185,105.44551221959685,140.6,132.2177
T000396,1980-04-30,119.3,132.64224164371856,100.90909608449394,142.4,132.23451
T000396,1980-05-31,122.8,132.94224164371855,96.27911164564209,142.7,132.2329
T000396,1980-06-30,124.8,132.04224164371854,91.7103094078783,141.8,132.01346
T000396,1980-07-31,123.2,131.44224164371852,87.10150151029168,141.2,131.44649
T000396,1980-08-31,122.7,128.54224164371854,82.51885241035205,138.3,130.77899
T000396,1980-09-30,123.4,122.84224164371852,77.91909866328582,132.6,130.12303
T000397,1979-08-31,133.0,133.91809713878132,133.9,127.8,135.31795
T000397,1979-09-30,127.6,134.17145708171958,133.9,129.2,136.2665
T000397,1979-10-31,121.6,134.04477711025044,133.9,128.5,136.8957
T000397,1979-11-30,118.0,133.99048569390652,133.9,128.2,137.61076
T000397,1979-12-31,115.1,134.08097138781304,133.9,128.7,138.20824
T000397,1980-01-31,114.2,133.99048569390652,133.9,128.2,138.58354
T000397,1980-02-29,114.7,134.47910844100178,133.9,130.9,139.42422
T000397,1980-03-31,113.9,134.58769127368961,133.9,131.5,140.17905
T000397,1980-04-30,114.6,134.76866266150267,133.9,132.5,140.9496
T000397,1980-05-31,116.5,133.88190286121872,133.9,127.6,141.2287
T000397,1980-06-30,116.6,134.8048569390653,133.9,132.7,141.76213
T000397,1980-07-31,115.8,135.02202260444096,133.9,133.9,142.18436
T000398,1977-12-31,185.0,180.3305566022123,187.02224005233728,161.0,183.82411
T000398,1978-01-31,176.0,178.14259279615243,188.22516957085625,164.0,182.48878
T000398,1978-02-28,192.0,183.31059715315374,193.80415863154397,167.0,185.61807
T000398,1978-03-31,189.0,184.81606868614193,190.56253025641138,165.0,186.16026
T000398,1978-04-30,196.0,187.87055594082054,195.88605804321196,172.0,188.12704
T000398,1978-05-31,193.0,186.8159601236942,192.23578619694578,167.0,186.9646
T000398,1978-06-30,192.0,179.50082274282397,185.22086445316762,161.0,182.62943
T000398,1978-07-31,155.0,154.37758067855373,162.4218650419781,135.0,159.31125
T000398,1978-08-31,194.0,182.30892780227973,190.78970454381263,166.0,184.94641
T000398,1978-09-30,208.0,189.9251379815589,199.30141707255862,178.0,190.54703
T000398,1978-10-31,200.0,192.80189594567094,199.47172655325846,180.0,194.58154
T000398,1978-11-30,201.0,197.29486408919064,206.2595465574971,188.0,197.67627
T000399,1979-05-31,121.0,115.01459755456747,114.00509456758145,102.0,114.70867
T000399,1979-06-30,122.0,116.58236075063567,114.66579083396148,104.0,114.84936
T000399,1979-07-31,125.0,119.03851988707797,116.41938516636769,111.0,116.80885
T000399,1979-08-31,129.0,122.4177872878685,119.15625253733519,114.0,120.009445
T000399,1979-09-30,129.0,125.33621479017027,121.45790472149189,118.0,121.64392
T000399,1979-10-31,133.0,123.72833559053728,119.31026154571302,117.0,120.61888
T000399,1979-11-30,127.0,119.82277144644233,114.91390794569863,112.0,117.333244
T000399,1979-12-31,117.0,112.88971741822674,107.5512737029184,105.0,112.07827
T000399,1980-01-31,129.0,121.76048107495973,115.8758616475096,117.0,117.08704
T000399,1980-02-29,128.0,121.09971013903285,114.8135476359128,115.0,117.07187
T000399,1980-03-31,131.0,122.76102558453096,116.06711518134459,117.0,117.89304
T000399,1980-04-30,127.0,120.1307612116996,113.0642301002302,116.0,115.067345
T000400,1979-12-31,146.0,143.23910350334563,143.23910350334563,132.0,139.99947
T000400,1980-01-31,148.0,143.34151783629324,143.34151783629324,133.0,142.37862
T000400,1980-02-29,151.0,143.43441884733613,143.43441884733613,134.0,143.23651
T000400,1980-03-31,156.0,149.44930171372226,149.44930171372226,142.0,146.14145
T000400,1980-04-30,157.0,145.33547281466758,145.33547281466758,138.0,144.72224
T000400,1980-05-31,141.0,132.28418040080004,132.28418040080004,125.0,135.96547
T000400,1980-06-30,105.0,99.34007512531315,99.34007512531315,90.0,97.18853
T000400,1980-07-31,141.0,130.9831589790355,130.9831589790355,122.0,131.60332
T000400,1980-08-31,151.0,141.59246087341407,141.59246087341407,134.0,143.72484
T000400,1980-09-30,156.0,146.28334866947526,146.28334866947526,138.0,146.37076
T000400,1980-10-31,161.0,149.89639069194345,149.89639069194345,143.0,149.34555
T000400,1980-11-30,162.0,148.50995623899885,148.50995623899885,143.0,145.88885
T000401,1979-12-31,129.0,129.22632184078245,130.00335945818657,110.0,129.11037
T000401,1980-01-31,137.0,135.95724748096114,134.88307761226764,116.0,133.16191
T000401,1980-02-29,141.0,137.759416072864,139.5387666223639,122.0,139.599
T000401,1980-03-31,146.0,144.32292984050073,144.46599978442885,127.0,145.51923
T000401,1980-04-30,149.0,144.18900221636554,144.93253142119573,128.0,147.09329
T000401,1980-05-31,150.0,147.97483146205278,150.72344287107774,137.0,147.38925
T000401,1980-06-30,132.0,134.3001227616162,133.50621650714103,116.0,133.77214
T000401,1980-07-31,132.0,131.72337730818262,133.47898274253515,119.0,130.26225
T000401,1980-08-31,147.0,147.71788183838368,148.21815060875463,134.0,148.88083
T000401,1980-09-30,153.0,150.38620932725925,150.3891439991604,136.0,152.02321
T000401,1980-10-31,167.0,159.81107267823953,161.0884995708879,150.0,158.07883
T000401,1980-11-30,154.0,153.32394698149815,152.58420610590366,141.0,150.92097
T000402,1979-06-30,144.0,144.16253929438557,143.672518790391,133.0,142.33203
T000402,1979-07-31,143.0,146.76907156751028,147.45659134399622,137.0,145.82733
T000402,1979-08-31,142.0,141.83007197625886,141.24503256286422,131.0,144.10431
T000402,1979-09-30,140.0,138.96932636284018,138.03775405973124,128.0,139.77884
T000402,1979-10-31,142.0,144.7310805271766,143.83466923559317,134.0,143.42862
T000402,1979-11-30,150.0,148.67109987209037,147.63569324352548,138.0,147.00371
T000402,1979-12-31,153.0,151.7094319366429,150.44074295323492,141.0,149.08762
T000402,1980-01-31,152.0,153.78402316049744,152.24973691632852,143.0,151.37137
T000402,1980-02-29,155.0,153.79413849038198,152.06259533228513,143.0,150.32445
T000402,1980-03-31,148.0,146.72044206792216,144.87924001511558,136.0,145.96051
T000402,1980-04-30,104.0,107.9708073999111,105.69959436069738,97.0,101.29936
T000402,1980-05-31,140.0,153.27961321044808,151.52358331477004,143.0,148.73755
T000403,1979-06-30,137.0,133.57518172421902,133.06422689170137,126.0,134.08559
T000403,1979-07-31,131.0,134.64943984975858,133.73655507191268,126.0,134.9283
T000403,1979-08-31,137.0,135.33359349323578,134.86022044488965,123.0,135.68387
T000403,1979-09-30,136.0,135.5797405200725,135.06316617179178,125.0,136.53111
T000403,1979-10-31,133.0,136.62756129014383,135.24853428578103,127.0,137.38354
T000403,1979-11-30,138.0,136.38244899469947,135.38405749689545,129.0,138.03926
T000403,1979-12-31,142.0,137.18720192422052,136.01036710694083,128.0,139.04695
T000403,1980-01-31,140.0,138.5483596981376,136.19704945614265,129.0,140.25961
T000403,1980-02-29,146.0,138.8682747737827,136.20744856612404,131.0,141.18689
T000403,1980-03-31,141.0,138.86172238171696,136.82742546109066,130.0,141.888
T000403,1980-04-30,137.0,138.94668072811956,137.55259554232285,128.0,142.86711
T000403,1980-05-31,128.0,141.182537047058,136.58508736954343,135.0,143.62886
T000404,1979-12-31,127.0,133.04281051365092,137.28674118646381,126.0,134.68156
T000404,1980-01-31,119.0,122.96705011312137,124.58779949432574,116.0,119.022064
T000404,1980-02-29,133.0,135.42419622822194,136.72270566553303,127.0,133.00966
T000404,1980-03-31,132.0,133.81650987913162,136.09015255818747,126.0,132.19687
T000404,1980-04-30,141.0,139.44831215263645,140.41547530328842,133.0,137.0744
T000404,1980-05-31,131.0,134.31415039591286,135.8689890793251,125.0,133.36658
T000404,1980-06-30,139.0,143.21299337640318,144.76115101898006,136.0,142.6294
T000404,1980-07-31,134.0,133.18201634606186,133.94781821245684,126.0,129.91144
T000404,1980-08-31,133.0,134.31772768044942,135.8508852762011,124.0,133.51819
T000404,1980-09-30,140.0,141.02502652299452,141.69496264494845,134.0,138.68791
T000404,1980-10-31,145.0,150.57361918382998,149.5249491058544,144.0,144.92871
T000404,1980-11-30,161.0,160.6302790495704,159.71629633006253,154.0,155.18332
T000405,1979-12-31,136.0,136.61225215290534,136.80526034032889,130.0,133.96179
T000405,1980-01-31,146.0,143.53218860217126,144.57038845233478,139.0,141.76707
T000405,1980-02-29,147.0,140.99446509452213,136.1579685403432,142.0,141.97281
T000405,1980-03-31,128.0,132.7467926025852,134.50962097185473,122.0,130.09822
T000405,1980-04-30,131.0,133.00786615815468,129.25895480829794,131.0,130.72655
T000405,1980-05-31,148.0,143.72785007817203,145.58815412460865,136.0,143.33537
T000405,1980-06-30,93.0,92.37176721645469,86.01627595833585,86.0,86.93977
T000405,1980-07-31,139.0,138.12488568248642,136.46640761209332,133.0,139.5473
T000405,1980-08-31,150.0,147.34962426082805,146.8737622748542,141.0,150.6593
T000405,1980-09-30,155.0,151.43010939161726,149.79192027803506,148.0,151.24002
T000405,1980-10-31,155.0,153.74437261551876,153.68262868141792,148.0,154.7018
T000405,1980-11-30,136.0,136.09967498660694,134.8830436960235,129.0,138.52208
T000406,1979-12-31,162.0,162.69838071151855,162.69838071151855,147.0,159.7659
T000406,1980-01-31,172.0,176.159671074703,176.159671074703,156.0,178.14777
T000406,1980-02-29,177.0,175.62148708582026,175.62148708582026,165.0,177.35138
T000406,1980-03-31,161.0,167.35700618649602,167.35700618649602,150.0,164.43526
T000406,1980-04-30,169.0,172.56915629410207,172.56915629410207,163.0,167.84337
T000406,1980-05-31,183.0,185.13200011472617,185.13200011472617,171.0,182.24283
T000406,1980-06-30,139.0,142.23636910388237,142.23636910388237,126.0,141.29576
T000406,1980-07-31,174.0,174.85775136558394,174.85775136558394,161.0,173.51463
T000406,1980-08-31,183.0,181.24258042255727,181.24258042255727,166.0,183.46771
T000406,1980-09-30,187.0,187.75635730724716,187.75635730724716,179.0,182.9667
T000406,1980-10-31,176.0,187.90140809571366,187.90140809571366,176.0,183.73012
T000406,1980-11-30,159.0,169.03634934261845,169.03634934261845,156.0,165.88025
T000407,1979-12-31,128.0,126.64822415628552,128.67814210884248,126.0,122.88869
T000407,1980-01-31,135.0,131.46629124612937,132.6989970485066,135.0,128.70135
T000407,1980-02-29,132.0,124.07923056216039,119.79033935440971,133.0,124.87185
T000407,1980-03-31,110.0,112.10113667354592,118.80352369988849,105.0,114.660225
T000407,1980-04-30,117.0,112.01064892568805,107.29560759078254,117.0,111.603325
T000407,1980-05-31,136.0,127.65884436077206,131.9379302694513,128.0,127.04183
T000407,1980-06-30,60.0,55.73899204156846,50.0047995656483,57.0,50.748383
T000407,1980-07-31,128.0,119.76750666696337,122.59186836464029,119.0,125.0078
T000407,1980-08-31,141.0,132.09053748524744,137.39965481257707,132.0,133.60072
T000407,1980-09-30,145.0,134.46008934861595,137.90314769070855,136.0,134.16234
T000407,1980-10-31,148.0,137.19089030875654,143.1451958757512,137.0,138.0945
T000407,1980-11-30,120.0,113.96893611629787,120.01872042379343,111.0,116.64356
T000408,1977-12-31,148.0,148.96746565253883,147.54956983007492,146.0,142.96503
T000408,1978-01-31,129.0,131.71851413372403,135.1732154264028,134.0,127.842766
T000408,1978-02-28,138.0,143.35423894571994,138.5531208280297,138.0,138.55133
T000408,1978-03-31,142.0,138.12207540994117,138.38450815923264,133.0,136.26949
T000408,1978-04-30,144.0,144.81634588828743,141.61757929517833,148.0,141.53917
T000408,1978-05-31,139.0,137.46230525591116,132.95292095845977,121.0,132.90833
T000408,1978-06-30,148.0,140.62626047797096,141.27625175736065,144.0,140.08504
T000408,1978-07-31,130.0,137.76371891864952,136.79270689390546,133.0,133.58273
T000408,1978-08-31,127.0,134.76846897600814,133.50709717951426,123.0,133.06218
T000408,1978-09-30,149.0,143.31173590674905,141.4837995709242,145.0,140.85472
T000408,1978-10-31,130.0,141.55046108004493,139.2794272528346,139.0,140.13646
T000408,1978-11-30,139.0,138.5860314965662,134.85918523681428,127.0,135.97609
T000409,1977-12-31,128.0,126.37468129987661,129.36475525004036,121.0,125.64319
T000409,1978-01-31,119.0,129.77078153979056,129.50455765371518,126.0,126.02091
T000409,1978-02-28,129.0,135.53997644455956,131.59854096177813,126.0,128.87743
T000409,1978-03-31,132.0,128.82991678100774,126.46190089548811,121.0,127.83546
T000409,1978-04-30,145.0,134.88317596824376,130.73215556792553,125.0,129.60675
T000409,1978-05-31,146.0,128.84116590637655,125.5765270997307,123.0,127.41656
T000409,1978-06-30,145.0,130.38549121062448,126.10996400064671,128.0,125.25588
T000409,1978-07-31,136.0,122.89657460300495,119.8371475246025,119.0,117.926865
T000409,1978-08-31,136.0,121.01702270344919,121.31234004323248,119.0,113.80781
T000409,1978-09-30,141.0,126.30039285743595,116.55130535264914,124.0,118.65601
T000409,1978-10-31,156.0,138.02801938638086,124.63341087265837,145.0,124.881
T000409,1978-11-30,148.0,132.89851732168813,127.61799634437398,125.0,127.63459
T000410,1975-12-31,315.0,314.257337807439,309.99931974940625,275.0,313.6926
T000410,1976-01-31,324.0,328.3026300965458,325.04443104738533,289.0,325.728
T000410,1976-02-29,327.0,326.7845645824345,324.1619980648523,286.0,329.83826
T000410,1976-03-31,342.0,332.23389267986823,327.2978525927064,292.0,332.50592
T000410,1976-04-30,342.0,334.1829570641088,329.57572429276956,294.0,334.98022
T000410,1976-05-31,342.0,333.1832944171525,329.23853712690294,292.0,335.5365
T000410,1976-06-30,373.0,359.28613809407,353.74552356603033,319.0,357.14655
T000410,1976-07-31,351.0,345.66825884818456,341.203712653776,305.0,355.98767
T000410,1976-08-31,354.0,337.90309938391067,333.73426163178783,297.0,352.1647
T000410,1976-09-30,382.0,367.8409367698621,362.06109005577696,328.0,366.96094
T000410,1976-10-31,367.0,364.4891997847265,359.0758019985828,325.0,375.1239
T000410,1976-11-30,394.0,381.48847822095,376.32561282564234,342.0,396.3294
T000411,1979-12-31,1.28,1.6251054334485588,1.716630173017147,1.03,1.177069
T000411,1980-01-31,1.32,1.6080460170908404,1.7259990580788722,1.11,1.4042735
T000411,1980-02-29,1.78,1.9727731317504005,2.1564680183671427,1.51,1.8759308
T000411,1980-03-31,2.28,2.265616004515397,2.4813282031196056,1.89,2.0876446
T000411,1980-04-30,2.1,2.7146595088128795,2.9408765667064447,2.38,2.03688
T000411,1980-05-31,2.88,2.640223418136889,2.9833005125082024,2.44,2.6841578
T000411,1980-06-30,2.41,2.18295651370317,2.5531262158041055,2.04,2.1970882
T000411,1980-07-31,2.48,2.107827987977638,2.579120753050169,2.09,2.27064
T000411,1980-08-31,2.54,2.0913754748265845,2.6073309738580646,2.14,2.2815704
T000411,1980-09-30,2.47,2.326363511483439,2.854512936362258,2.41,2.2960594
T000411,1980-10-31,2.44,1.966375918686613,2.5636924660002345,2.14,2.2564867
T000411,1980-11-30,5.09,3.7851260917245404,4.373900131023493,3.97,4.376539
T000412,1985-12-31,972.0,976.2696098365437,978.3296526831925,996.2,972.824
T000412,1986-01-31,971.4,975.441247633164,978.0704174849325,989.6,970.20374
T000412,1986-02-28,973.6,976.661940763823,978.35622803794,984.9,969.1413
T000412,1986-03-31,973.9,979.0885667531718,977.5361028071585,985.4,967.7369
T000412,1986-04-30,978.2,979.0548443360265,979.3581141345082,984.7,967.5824
T000412,1986-05-31,995.8,980.3173295110156,980.4233873386248,984.5,968.1816
T000412,1986-06-30,985.8,984.2136304166152,977.4728962548289,991.5,968.7406
T000412,1986-07-31,994.1,985.1682687513357,978.6332183900922,987.5,968.4951
T000412,1986-08-31,999.3,987.2080908426733,978.5482919442672,985.4,968.6103
T000412,1986-09-30,1004.5,989.6720355312594,976.741152845846,984.9,968.8442
T000412,1986-10-31,1007.1,990.2693290599012,978.1252972460638,976.8,968.5004
T000412,1986-11-30,1007.1,992.0179877658749,978.833741177998,977.1,969.4617
T000413,1986-12-31,89.0,89.86653477077397,90.22631122026385,91.0,89.27941
T000413,1987-01-31,93.0,90.48552026428098,91.2234726724161,96.0,90.19945
T000413,1987-02-28,91.0,87.91416030861981,88.88655717435165,89.0,88.62706
T000413,1987-03-31,91.0,92.64574927167605,93.71055925227841,97.0,91.34345
T000413,1987-04-30,88.0,92.15180083549144,93.3757598030449,98.0,92.766136
T000413,1987-05-31,85.0,91.2604048474922,92.40530909088244,93.0,90.54295
T000413,1987-06-30,72.0,73.06567702081124,74.27413571075577,74.0,73.37041
T000413,1987-07-31,60.0,64.35564673015274,65.8718161645794,72.0,67.95506
T000413,1987-08-31,85.0,89.8277169525293,91.28149661236044,90.0,89.03684
T000413,1987-09-30,88.0,90.5495548152322,92.1358965237569,91.0,89.75768
T000413,1987-10-31,87.0,91.60015705173342,93.2473292034147,90.0,90.26043
T000413,1987-11-30,84.0,85.42457096239512,87.2256228311833,85.0,85.77077
T000414,1986-12-31,118.0,126.86104865141773,126.84470273527965,132.0,120.74759
T000414,1987-01-31,121.0,131.33185024979673,131.6994855494214,135.0,122.148315
T000414,1987-02-28,118.0,131.2299895071106,132.3581496532886,133.0,123.12466
T000414,1987-03-31,118.0,130.38221169047594,131.7955881581188,134.0,123.61192
T000414,1987-04-30,113.0,130.68291037625156,132.06618916639363,134.0,120.800186
T000414,1987-05-31,119.0,131.77175531898786,133.04482304429516,134.0,121.20957
T000414,1987-06-30,100.0,116.79703256144994,117.98597533420853,118.0,107.01795
T000414,1987-07-31,66.0,81.10782062349223,82.25601201358343,80.0,66.45662
T000414,1987-08-31,114.0,128.60854086638278,129.82489117519142,128.0,118.98322
T000414,1987-09-30,120.0,132.5907894302302,133.78901319055166,130.0,122.033554
T000414,1987-10-31,120.0,131.8792242536489,133.04604905663106,126.0,122.12943
T000414,1987-11-30,124.0,129.43108266603934,130.52979836715605,122.0,122.32665
T000415,1986-12-31,107.0,115.86976549239249,115.70396903770576,122.0,114.432526
T000415,1987-01-31,107.0,121.46546260013743,121.36816742167056,125.0,116.402664
T000415,1987-02-28,104.0,120.99549895408431,120.61070222892216,123.0,116.27315
T000415,1987-03-31,103.0,120.25904268058893,120.06178647998146,121.0,115.655754
T000415,1987-04-30,91.0,119.99082870650639,119.72691177455405,126.0,115.20405
T000415,1987-05-31,103.0,118.62285509399302,118.50476341016423,119.0,114.17214
T000415,1987-06-30,76.0,103.01500860471417,103.1164590874574,102.0,96.756874
T000415,1987-07-31,54.0,72.09892209594447,72.18983444635172,67.0,62.327835
T000415,1987-08-31,97.0,118.54469721208925,118.45787467528982,120.0,111.497345
T000415,1987-09-30,95.0,121.43352778738873,121.37914480609692,120.0,112.98194
T000415,1987-10-31,102.0,122.66530861030085,122.601828978718,119.0,113.05281
T000415,1987-11-30,92.0,116.55986829274936,116.59258079754848,108.0,107.85606
T000416,1986-12-31,106.0,115.91221167721832,115.72231503332313,120.0,115.1299
T000416,1987-01-31,105.0,121.6713641108615,121.4546411917824,124.0,116.834694
T000416,1987-02-28,101.0,120.89234226953722,120.60532614738679,121.0,116.81955
T000416,1987-03-31,101.0,119.36138951990876,119.20572633918687,119.0,115.761
T000416,1987-04-30,87.0,119.81153043078805,119.57982803221665,126.0,115.73062
T000416,1987-05-31,101.0,117.87559326016019,117.74104619830884,116.0,114.34894
T000416,1987-06-30,72.0,101.2613023208367,101.26586699464144,99.0,97.20787
T000416,1987-07-31,55.0,74.85139813850513,74.78797576756453,71.0,69.09888
T000416,1987-08-31,96.0,118.66202195289287,118.54478439159952,119.0,112.64431
T000416,1987-09-30,92.0,121.51850023323779,121.4149658148457,120.0,114.04141
T000416,1987-10-31,100.0,122.6044370590537,122.48815174520702,120.0,113.73102
T000416,1987-11-30,89.0,116.3132019238025,116.25373867410146,108.0,108.93813
T000417,1986-12-31,134.0,141.33150027253163,142.0189807071169,141.0,139.31094
T000417,1987-01-31,138.0,145.03872980440022,143.39409806072152,142.0,141.66922
T000417,1987-02-28,140.0,148.79523735929982,147.88218810762,144.0,146.36305
T000417,1987-03-31,140.0,147.00317971342335,145.30590670892204,144.0,148.77231
T000417,1987-04-30,139.0,150.15164767757128,148.9306084858703,144.0,146.54112
T000417,1987-05-31,148.0,157.5149084023509,155.7180095350955,151.0,152.05624
T000417,1987-06-30,119.0,128.55754821067376,127.77405236769302,120.0,131.71373
T000417,1987-07-31,71.0,83.89060590545964,82.51402500844834,75.0,75.216934
T000417,1987-08-31,137.0,145.48323195416134,144.42975246346268,136.0,146.64218
T000417,1987-09-30,154.0,156.37165222548356,154.8280486290705,150.0,152.86896
T000417,1987-10-31,147.0,157.0066261086287,155.78907295706637,148.0,155.50027
T000417,1987-11-30,173.0,164.35030807322735,163.04603826930122,153.0,162.94003
T000418,1979-10-31,162.1,159.53608616495444,156.88601697591858,196.1,151.38292
T000418,1979-11-30,139.4,142.60567391094241,137.11469913621954,164.8,140.49605
T000418,1979-12-31,144.8,162.71263861488293,155.52097046186483,176.1,159.29988
T000418,1980-01-31,147.1,163.0428261047619,157.30628678910185,180.7,156.60374
T000418,1980-02-29,153.6,170.209762827629,164.75089598610032,192.1,160.51398
T000418,1980-03-31,136.4,143.10822403903524,136.69194829798533,161.0,134.34378
T000418,1980-04-30,138.2,154.54896597381932,147.67211755247442,164.7,141.48589
T000418,1980-05-31,115.1,130.11643910001533,122.61163480502438,140.1,116.66636
T000418,1980-06-30,89.4,118.3681390562405,110.0723303655305,126.6,106.286255
T000418,1980-07-31,97.6,125.90737573380454,118.08837708652523,133.6,111.00929
T000418,1980-08-31,89.0,132.119299266474,123.09761947856414,135.1,118.061646
T000418,1980-09-30,100.5,135.57436631470443,126.18227513934694,134.6,122.97871
T000419,1979-12-31,577.0,974.9439280938022,1360.6679383410637,622.0,1110.2395
T000419,1980-01-31,2905.0,1108.4809395446791,1360.6679383410637,2643.0,1102.5139
T000419,1980-02-29,1345.0,1229.4364584625466,1360.6679383410637,532.0,1084.948
T000419,1980-03-31,491.0,1338.995878714156,1360.6679383410637,2404.0,1057.1365
T000419,1980-04-30,487.0,1438.2329095934117,1360.6679383410637,1322.0,998.69885
T000419,1980-05-31,333.0,1528.1200984368159,1360.6679383410637,135.0,987.8545
T000419,1980-06-30,804.0,1609.538361826826,1360.6679383410637,1781.0,952.6344
T000419,1980-07-31,1489.0,1683.2856187912596,1360.6679383410637,209.0,943.1365
T000419,1980-08-31,862.0,1750.0846106062274,1360.6679383410637,2388.0,913.28467
T000419,1980-09-30,494.0,1810.5899838385917,1360.6679383410637,1420.0,891.5713
T000419,1980-10-31,972.0,1865.3947060435069,1360.6679383410637,945.0,880.4758
T000419,1980-11-30,598.0,1915.0358769924585,1360.6679383410637,1877.0,877.18225
T000420,1985-12-31,166596.0,166734.30484796388,165988.25850080157,156452.0,164277.11
T000420,1986-01-31,168070.0,167289.65819310333,165111.51700160315,158635.0,163814.5
T000420,1986-02-28,164116.0,167512.07628902557,164234.77550240472,162069.0,163625.0
T000420,1986-03-31,167687.0,167106.45376038406,163358.0340032063,163759.0,163451.28
T000420,1986-04-30,167995.0,167740.69283760324,162481.29250400787,165672.0,163854.28
T000420,1986-05-31,170625.0,167476.9996353431,161604.55100480944,167073.0,162890.94
T000420,1986-06-30,173802.0,168165.13928465394,160727.80950561102,170788.0,163713.42
T000420,1986-07-31,176001.0,168660.97361246697,159851.0680064126,173241.0,163446.7
T000420,1986-08-31,177475.0,168401.72711554327,158974.32650721417,172605.0,163639.94
T000420,1986-09-30,178621.0,168960.63127822927,158097.58500801574,173026.0,163877.22
T000420,1986-10-31,178119.0,169421.08529594642,157220.8435088173,170950.0,164184.7
T000420,1986-11-30,181647.0,169381.7803249541,156344.1020096189,166865.0,164100.25
T000421,1979-12-31,127.0,609.0108893339951,613.8427924913872,422.0,427.89722
T000421,1980-01-31,433.0,770.6080137586649,613.8427924913872,1633.0,401.01624
T000421,1980-02-29,539.0,576.3728883808901,613.8427924913872,232.0,383.3955
T000421,1980-03-31,189.0,734.7029740416344,613.8427924913872,1404.0,365.35596
T000421,1980-04-30,480.0,729.8847093797074,613.8427924913872,1322.0,336.4911
T000421,1980-05-31,333.0,554.1048713798261,613.8427924913872,135.0,308.5005
T000421,1980-06-30,584.0,628.8423208623161,613.8427924913872,581.0,295.12622
T000421,1980-07-31,989.0,578.9050062251232,613.8427924913872,209.0,271.13245
T000421,1980-08-31,862.0,711.8448938445297,613.8427924913872,1168.0,255.10962
T000421,1980-09-30,346.0,596.8986051371775,613.8427924913872,314.0,239.74744
T000421,1980-10-31,472.0,632.7487888726649,613.8427924913872,529.0,205.36768
T000421,1980-11-30,510.0,639.1271453166363,613.8427924913872,557.0,206.25513
T000422,1979-10-31,120.6,127.18213746493558,126.8,123.1,127.13587
T000422,1979-11-30,113.1,120.74707534708075,126.8,116.8,127.80491
T000422,1979-12-31,112.5,121.91648191158562,126.8,118.1,128.34663
T000422,1980-01-31,112.9,124.29020930705893,126.8,120.6,128.74956
T000422,1980-02-29,112.2,125.16811457393929,126.8,121.6,129.16614
T000422,1980-03-31,112.0,123.35005948264352,126.8,119.9,129.42157
T000422,1980-04-30,112.4,124.53591037706988,126.8,121.2,129.9192
T000422,1980-05-31,117.7,129.32553802327948,126.8,126.1,130.02084
T000422,1980-06-30,113.3,123.21881746318381,126.8,120.1,130.33687
T000422,1980-07-31,118.3,126.7156278730736,126.8,123.7,130.3789
T000422,1980-08-31,122.4,131.71585242682812,126.8,128.8,130.41608
T000422,1980-09-30,120.8,129.61937816365045,126.8,126.8,130.39282
T000423,1979-10-31,106.8,116.7,116.55490325196534,135.9,118.55791
T000423,1979-11-30,87.5,116.7,116.40998690724079,120.6,119.62786
T000423,1979-12-31,80.3,116.7,116.26525074152529,108.0,119.97093
T000423,1980-01-31,78.2,116.7,116.12069453079667,106.6,120.44558
T000423,1980-02-29,86.8,116.7,115.97631805131128,108.0,120.903114
T000423,1980-03-31,93.6,116.7,115.83212107960367,113.8,121.24652
T000423,1980-04-30,97.6,116.7,115.6881033924862,116.1,121.62032
T000423,1980-05-31,103.4,116.7,115.54426476704877,117.3,121.6862
T000423,1980-06-30,106.9,116.7,115.40060498065841,113.5,121.238464
T000423,1980-07-31,105.9,116.7,115.25712381095896,114.9,120.49125
T000423,1980-08-31,106.3,116.7,115.1138210358707,111.6,120.26019
T000423,1980-09-30,108.8,116.7,114.97069643359008,116.7,120.52879
T000424,1979-10-31,91.0,107.81113320368833,108.12643277170643,124.8,110.10536
T000424,1979-11-30,69.8,107.81113320368833,107.85355594035379,106.2,110.562706
T000424,1979-12-31,62.6,107.81113320368833,107.5813677635991,90.0,110.532715
T000424,1980-01-31,58.9,107.81113320368833,107.30986650349654,86.4,110.46737
T000424,1980-02-29,73.1,107.81113320368833,107.03905042648626,86.3,110.2371
T000424,1980-03-31,82.4,107.81113320368833,106.7689178033834,97.9,110.05964
T000424,1980-04-30,86.3,107.81113320368833,106.49946690936703,100.3,109.91786
T000424,1980-05-31,93.2,107.81113320368833,106.23069602396907,99.6,109.73446
T000424,1980-06-30,97.7,107.81113320368833,105.96260343106341,101.5,109.28542
T000424,1980-07-31,96.8,107.81113320368833,105.69518741885487,103.1,108.73433
T000424,1980-08-31,97.9,107.81113320368833,105.4284462798683,99.6,108.355385
T000424,1980-09-30,101.2,107.81113320368833,105.16237831093767,108.4,108.15866
T000425,1979-10-31,137.3,132.8700940471633,132.6,157.3,132.68132
T000425,1979-11-30,121.5,132.8700940471633,132.6,147.8,132.3709
T000425,1979-12-31,114.4,132.8700940471633,132.6,142.6,132.26498
T000425,1980-01-31,115.5,132.8700940471633,132.6,145.5,132.29451
T000425,1980-02-29,113.2,132.8700940471633,132.6,149.8,133.06386
T000425,1980-03-31,115.2,132.8700940471633,132.6,144.7,134.19144
T000425,1980-04-30,119.3,132.8700940471633,132.6,146.5,134.54832
T000425,1980-05-31,122.8,132.8700940471633,132.6,151.3,134.36961
T000425,1980-06-30,124.8,132.8700940471633,132.6,136.9,133.78249
T000425,1980-07-31,123.2,132.8700940471633,132.6,137.6,133.44011
T000425,1980-08-31,122.7,132.8700940471633,132.6,134.5,133.06189
T000425,1980-09-30,123.4,132.8700940471633,132.6,132.6,133.24246
T000426,1979-10-31,115.3,117.3555152177832,117.8769538261294,140.5,120.78672
T000426,1979-11-30,102.5,120.33829213524722,114.49708337780233,134.3,122.07008
T000426,1979-12-31,94.4,125.65252729001247,115.30134257130698,138.4,123.006516
T000426,1980-01-31,89.0,122.16987763738219,113.36376462207483,131.9,123.02589
T000426,1980-02-29,85.0,123.67174269410943,113.6684463185865,135.8,123.66633
T000426,1980-03-31,96.7,130.97650301328824,113.24787088109133,135.2,124.42975
T000426,1980-04-30,102.3,131.2841914602482,114.1480751074456,137.7,124.37957
T000426,1980-05-31,103.5,129.9914371305559,115.40759662128316,141.2,123.78607
T000426,1980-06-30,104.8,127.86944350424461,114.4938594395241,139.3,123.52036
T000426,1980-07-31,106.5,125.9531838718039,114.56784766805252,139.1,123.500145
T000426,1980-08-31,106.6,124.2482362741151,112.22504154331207,133.2,122.64423
T000426,1980-09-30,106.4,121.11037582827939,107.88313596104969,121.2,121.649666
T000427,1979-10-31,144.7,153.60855463540875,154.1,152.7,155.4702
T000427,1979-11-30,143.8,151.00855463540873,154.1,150.1,155.29265
T000427,1979-12-31,135.1,154.40855463540876,154.1,153.5,155.20335
T000427,1980-01-31,132.3,154.20855463540877,154.1,153.3,155.29288
T000427,1980-02-29,127.9,155.4085546354088,154.1,154.5,155.33507
T000427,1980-03-31,127.8,159.10855463540878,154.1,158.2,155.26675
T000427,1980-04-30,128.6,158.30855463540877,154.1,157.4,155.28165
T000427,1980-05-31,131.1,158.10855463540872,154.1,157.2,155.08235
T000427,1980-06-30,135.5,156.20855463540877,154.1,155.3,154.71973
T000427,1980-07-31,136.0,158.00855463540879,154.1,157.1,154.32027
T000427,1980-08-31,135.0,156.30855463540877,154.1,155.4,153.45456
T000427,1980-09-30,134.9,155.00855463540876,154.1,154.1,152.86293
T000428,1979-08-31,104.5,106.36775175522449,106.4,116.8,106.24477
T000428,1979-09-30,103.1,106.38118852388095,106.4,117.3,106.04493
T000428,1979-10-31,102.0,106.46180913581973,106.4,120.3,105.77657
T000428,1979-11-30,95.0,106.35431498656801,106.4,116.3,105.53276
T000428,1979-12-31,94.5,106.30594261940475,106.4,114.5,105.212
T000428,1980-01-31,90.9,106.23875877612242,106.4,112.0,104.86676
T000428,1980-02-29,89.2,106.08289225970744,106.4,106.2,104.64056
T000428,1980-03-31,94.4,106.10439108955778,106.4,107.0,104.4799
T000428,1980-04-30,97.7,106.15007610298976,106.4,108.7,104.26488
T000428,1980-05-31,101.6,106.14738874925847,106.4,108.6,104.12823
T000428,1980-06-30,102.0,106.08826696717003,106.4,106.4,104.003746
T000428,1980-07-31,101.5,106.08826696717003,106.4,106.4,103.99043
T000429,1979-10-31,136.1,135.9475460269884,135.9,134.4,136.49042
T000429,1979-11-30,135.4,134.3475460269884,135.9,132.8,136.74123
T000429,1979-12-31,134.5,134.54754602698836,135.9,133.0,136.91197
T000429,1980-01-31,133.6,134.54754602698839,135.9,133.0,137.14989
T000429,1980-02-29,132.7,134.6475460269884,135.9,133.1,137.38231
T000429,1980-03-31,133.3,134.74754602698837,135.9,133.2,137.58165
T000429,1980-04-30,133.4,135.74754602698835,135.9,134.2,137.90948
T000429,1980-05-31,134.9,135.84754602698837,135.9,134.3,138.18277
T000429,1980-06-30,136.3,136.44754602698842,135.9,134.9,138.51115
T000429,1980-07-31,136.6,136.6475460269884,135.9,135.1,138.66031
T000429,1980-08-31,137.3,137.24754602698837,135.9,135.7,138.86487
T000429,1980-09-30,137.7,137.4475460269884,135.9,135.9,139.03822
T000430,1979-10-31,125.3,125.89712420398423,125.4,125.0,125.98484
T000430,1979-11-30,123.3,127.75726113485645,125.4,126.9,126.09459
T000430,1979-12-31,123.2,126.97511127688236,125.4,125.9,126.1594
T000430,1980-01-31,120.7,126.74012441301245,125.4,125.7,126.12456
T000430,1980-02-29,122.7,125.25512052851923,125.4,123.9,126.02129
T000430,1980-03-31,122.4,125.9335662504053,125.4,124.7,126.072266
T000430,1980-04-30,124.2,125.74535619721398,125.4,124.7,126.11199
T000430,1980-05-31,125.5,126.63207523047825,125.4,125.5,126.24364
T000430,1980-06-30,125.8,125.82872943904697,125.4,124.4,126.455154
T000430,1980-07-31,125.7,127.50782633196499,125.4,126.3,126.70443
T000430,1980-08-31,126.3,126.7715957455537,125.4,125.3,126.88327
T000430,1980-09-30,126.3,127.05736419913863,125.4,125.4,127.03331
T000431,1979-10-31,127.1,131.3,131.15960809758795,126.9,131.889
T000431,1979-11-30,122.3,131.2,131.3109637072378,126.8,132.1381
T000431,1979-12-31,119.3,131.7,131.4544935213179,127.3,132.33957
T000431,1980-01-31,117.0,132.0,131.590602170198,127.6,132.58163
T000431,1980-02-29,115.4,132.3,131.7196733629582,127.9,132.80618
T000431,1980-03-31,115.0,134.70000000000005,131.8420709691178,130.3,132.95615
T000431,1980-04-30,113.9,134.6,131.95814004443372,130.2,133.27762
T000431,1980-05-31,113.9,135.70000000000002,132.06820780366036,131.3,133.5191
T000431,1980-06-30,114.9,133.20000000000002,132.17258454301322,128.8,133.8218
T000431,1980-07-31,115.9,136.70000000000002,132.27156451493667,132.3,133.93155
T000431,1980-08-31,115.5,136.79999999999998,132.36542675764238,132.4,134.11346
T000431,1980-09-30,115.7,135.4,132.45443588175652,131.0,134.27713
T000432,1979-09-30,129.2,132.1986488053455,131.61716819469092,125.6,131.55421
T000432,1979-10-31,126.7,133.5532440374593,130.7841015455943,124.9,131.81146
T000432,1979-11-30,122.9,133.90635007335018,130.78595864381165,125.3,132.0086
T000432,1979-12-31,120.4,134.81387685886114,131.05982558351974,126.6,132.25174
T000432,1980-01-31,118.8,135.06596455328537,131.0528143536346,126.8,132.52348
T000432,1980-02-29,116.4,134.98338082914802,131.0867108198338,127.5,132.68962
T000432,1980-03-31,115.3,135.8010297392971,131.5860375998067,129.6,133.01279
T000432,1980-04-30,114.0,135.65352166175694,131.36994631774937,129.0,133.32912
T000432,1980-05-31,126.9,136.0873275809043,131.67458617279914,130.3,133.6975
T000432,1980-06-30,128.3,136.9129128376457,131.37272321164383,129.6,133.79753
T000432,1980-07-31,129.7,138.4761718055604,132.00551799742405,132.1,134.01686
T000432,1980-08-31,132.1,138.12039311363762,131.79740623406843,131.2,134.16106
T000433,1979-10-31,137.4,139.54419284750483,137.5,126.0,140.8738
T000433,1979-11-30,138.4,141.81404466592235,138.12486450468438,128.5,142.2214
T000433,1979-12-31,137.0,143.83870053318557,138.57476694805712,130.3,143.59396
T000433,1980-01-31,137.7,144.57839142289671,138.79971816974347,131.2,144.73253
T000433,1980-02-29,132.3,145.79319858053506,139.3745935140531,133.5,145.83911
T000433,1980-03-31,131.7,146.57160556076855,139.7495122168637,135.0,146.90125
T000433,1980-04-30,127.7,147.80584881585563,140.3493821413607,137.4,148.01056
T000433,1980-05-31,126.9,147.29037101557333,140.0494471791122,136.2,149.30376
T000433,1980-06-30,128.3,149.96096213727054,140.12443091967432,136.5,150.4332
T000433,1980-07-31,129.7,152.09818208489065,140.9492520658577,139.8,151.47438
T000433,1980-08-31,132.1,152.71805549907987,141.1742032875441,140.7,152.55145
T000433,1980-09-30,132.0,151.06950270939163,140.3743767215481,137.5,153.26846
T000434,1979-10-31,116.5,122.07633175904581,120.7763627795725,118.5,120.62691
T000434,1979-11-30,111.8,120.72822959335345,119.0711666459403,119.3,120.0455
T000434,1979-12-31,109.4,120.25440476419197,118.21399518443032,120.6,119.64541
T000434,1980-01-31,106.6,119.98039782602368,117.66817822907126,121.1,119.08194
T000434,1980-02-29,105.6,119.79378518662224,116.62344367370449,122.1,118.428185
T000434,1980-03-31,105.0,120.4704393735734,116.1037479082164,124.1,117.64082
T000434,1980-04-30,104.3,119.01413050218338,115.48538431936504,121.9,116.80191
T000434,1980-05-31,105.5,120.07639479984209,114.86637523536115,124.9,115.936195
T000434,1980-06-30,105.1,119.08996307599871,114.43581442519485,123.1,114.83254
T000434,1980-07-31,105.5,120.39369584225632,113.94966334771722,124.7,113.70534
T000434,1980-08-31,104.1,119.22708360634066,113.54200879367502,123.0,112.59211
T000434,1980-09-30,104.8,118.23777593788566,113.1887156306838,120.6,111.67097
T000435,1979-10-31,139.3,144.69798065591064,144.5,139.3,145.94565
T000435,1979-11-30,135.2,145.64182275124736,144.5,139.8,146.51204
T000435,1979-12-31,130.4,146.9703562916742,144.5,139.8,146.9444
T000435,1980-01-31,127.8,147.997240029278,144.5,140.8,147.49629
T000435,1980-02-29,123.2,148.0432090087466,144.5,140.4,147.98529
T000435,1980-03-31,121.5,149.09123673074686,144.5,141.5,148.42499
T000435,1980-04-30,120.7,150.10574558392352,144.5,142.7,149.08835
T000435,1980-05-31,123.0,151.4722684189041,144.5,143.5,149.52692
T000435,1980-06-30,123.4,149.94053840525183,144.5,134.0,150.16847
T000435,1980-07-31,122.6,154.03955586728284,144.5,143.1,150.41934
T000435,1980-08-31,123.1,154.40832196881775,144.5,145.5,150.85382
T000435,1980-09-30,123.4,154.4488279209769,144.5,144.5,151.31645
T000436,1979-10-31,102.9,109.3,109.3,111.1,109.9536
T000436,1979-11-30,91.8,109.3,109.3,109.5,109.908714
T000436,1979-12-31,91.5,109.3,109.3,109.3,109.97421
T000436,1980-01-31,88.8,109.3,109.3,109.4,110.05974
T000436,1980-02-29,92.2,109.3,109.3,106.7,110.11534
T000436,1980-03-31,98.6,109.3,109.3,110.4,110.124855
T000436,1980-04-30,98.0,109.3,109.3,110.4,110.19901
T000436,1980-05-31,98.0,109.3,109.3,111.4,110.08577
T000436,1980-06-30,101.5,109.3,109.3,109.3,110.11442
T000436,1980-07-31,104.1,109.3,109.3,111.8,110.14189
T000436,1980-08-31,100.6,109.3,109.3,111.6,110.1513
T000436,1980-09-30,100.0,109.3,109.3,109.3,110.11148
T000437,1986-12-31,83.0,84.83550220941764,83.21875682619466,90.0,82.25529
T000437,1987-01-31,112.0,117.72179091572563,113.98105143365089,128.0,115.43817
T000437,1987-02-28,110.0,118.35243006608961,115.42620676957851,123.0,117.13067
T000437,1987-03-31,105.0,112.76349275180843,110.73317738066834,116.0,112.547966
T000437,1987-04-30,106.0,116.54700656165144,111.86843498182355,123.0,113.098
T000437,1987-05-31,105.0,114.01487000930918,111.9235669146,121.0,111.87283
T000437,1987-06-30,106.0,115.91388391486221,109.67514395529842,120.0,113.00668
T000437,1987-07-31,109.0,116.63581892539933,109.98967712788966,118.0,114.94424
T000437,1987-08-31,114.0,122.05745940413321,115.2825230248942,123.0,119.31742
T000437,1987-09-30,118.0,121.17843863279823,117.15215626556531,123.0,119.33545
T000437,1987-10-31,120.0,121.1307388140982,117.38177022324282,120.0,120.78873
T000437,1987-11-30,102.0,105.27055282888243,100.99793784321632,100.0,104.718925
T000438,1985-12-31,214.0,216.48977802178652,217.47264946823287,231.9,216.91917
T000438,1986-01-31,208.6,214.60942012508565,215.23362225914835,231.1,215.84685
T000438,1986-02-28,208.3,213.27965149168145,214.1612153009608,230.1,215.21187
T000438,1986-03-31,207.3,212.0440717494987,212.18848168547632,229.6,214.85675
T000438,1986-04-30,206.9,210.95909151197105,210.91056550455656,229.2,214.30511
T000438,1986-05-31,206.2,210.51663411307769,209.0964314259856,229.6,213.88766
T000438,1986-06-30,206.1,209.92469548456077,207.69611775470133,229.8,213.78476
T000438,1986-07-31,208.2,209.1757696658662,205.97644262562716,228.8,213.63281
T000438,1986-08-31,209.7,208.8561179024852,204.50323127389646,227.5,213.49518
T000438,1986-09-30,210.8,208.09974909124657,202.83981414729615,226.1,213.6536
T000438,1986-10-31,211.6,207.36762001263955,201.32318628597326,220.3,213.55104
T000438,1986-11-30,212.7,207.90192796910813,199.6932753846614,218.2,213.8165
T000439,1986-12-31,116.0,120.52637838654104,122.71416484819825,118.0,122.64819
T000439,1987-01-31,123.0,119.15173623039922,121.39374473910765,119.0,121.74302
T000439,1987-02-28,117.0,119.14347102007972,118.98578852234111,113.0,121.20575
T000439,1987-03-31,113.0,113.38238544148459,114.81643554101487,99.0,120.78197
T000439,1987-04-30,112.0,113.94785312623678,114.62240736740796,99.0,120.89396
T000439,1987-05-31,103.0,108.46192848343605,114.52617353062108,99.0,121.24412
T000439,1987-06-30,103.0,122.25656410116433,118.79632969037483,115.0,122.59387
T000439,1987-07-31,122.0,124.5663756499138,118.77265666234749,115.0,123.88165
T000439,1987-08-31,120.0,124.34384483655577,118.49104746455961,114.0,124.66639
T000439,1987-09-30,105.0,129.41713943157578,121.72363858971696,126.0,125.09465
T000439,1987-10-31,113.0,129.5970619311414,121.99061816687474,127.0,125.13438
T000439,1987-11-30,110.0,128.45929684375378,121.9891856299191,127.0,124.58322
T000440,1986-12-31,101.0,99.68796195687632,101.41124174442986,104.0,100.8797
T000440,1987-01-31,100.0,105.32045342002347,104.65357878635986,110.0,106.76127
T000440,1987-02-28,99.0,106.10204672265556,105.23973492116951,110.0,107.30824
T000440,1987-03-31,101.0,104.65957524713671,104.2304069828421,108.0,106.542465
T000440,1987-04-30,100.0,106.01875024287943,105.39036471943606,113.0,105.65523
T000440,1987-05-31,99.0,107.09369657558467,106.06536639751383,116.0,106.320526
T000440,1987-06-30,105.0,107.46913437277337,106.26951065074053,114.0,107.34698
T000440,1987-07-31,101.0,108.38531174880467,106.78550886841401,114.0,108.89201
T000440,1987-08-31,104.0,111.7287418555495,108.86631780096862,116.0,111.22428
T000440,1987-09-30,104.0,109.90642991006337,107.60836440494862,113.0,110.49166
T000440,1987-10-31,105.0,107.9906178091689,106.43916433305783,109.0,107.29642
T000440,1987-11-30,99.0,103.64776952158431,103.48019951970296,102.0,104.58372
T000441,1986-12-31,122.0,110.68569206138287,109.5682767581501,105.0,113.916016
T000441,1987-01-31,137.0,140.88653147504044,140.48049273812387,136.0,138.54205
T000441,1987-02-28,146.0,138.77242819574263,137.36258943688145,129.0,141.47064
T000441,1987-03-31,119.0,120.31611192593694,118.96767388064227,116.0,122.372986
T000441,1987-04-30,105.0,111.77494698007554,110.71992935817362,109.0,109.5936
T000441,1987-05-31,100.0,108.65823123805279,107.42743417976365,106.0,105.822495
T000441,1987-06-30,104.0,111.4299824004105,110.07628403298013,108.0,108.86432
T000441,1987-07-31,112.0,114.63838772085762,113.25120212068425,111.0,112.74595
T000441,1987-08-31,115.0,124.95119493597315,123.72875628426365,122.0,121.49342
T000441,1987-09-30,125.0,127.92491172654356,126.34099815533767,124.0,127.41099
T000441,1987-10-31,130.0,135.3658641572763,133.86492801654725,131.0,132.72432
T000441,1987-11-30,118.0,128.21812603709742,126.3278963066489,121.0,126.27256
T000442,1986-12-31,4942.0,4948.681810007389,4941.098602892032,3917.0,5049.9307
T000442,1987-01-31,4954.0,5062.586221126201,5048.197205784065,3960.0,5091.464
T000442,1987-02-28,4972.0,5185.360934238337,5155.295808676097,4026.0,5134.3076
T000442,1987-03-31,4963.0,5297.272939180471,5262.39441156813,4089.0,5194.2373
T000442,1987-04-30,4965.0,5421.059221925624,5369.493014460162,4143.0,5241.147
T000442,1987-05-31,4938.0,5538.207064178784,5476.591617352195,4206.0,5275.602
T000442,1987-06-30,4890.0,5641.480509686664,5583.690220244227,4292.0,5333.784
T000442,1987-07-31,4924.0,5758.292152238393,5690.788823136259,4398.0,5368.9526
T000442,1987-08-31,4961.0,5869.819920181949,5797.887426028292,4494.0,5435.823
T000442,1987-09-30,4989.0,5982.108256726541,5904.986028920324,4609.0,5470.037
T000442,1987-10-31,4981.0,6094.896241759642,6012.084631812357,4728.0,5501.1006
T000442,1987-11-30,4987.0,6207.99679511114,6119.183234704389,4834.0,5530.4126
T000443,1986-12-31,16131.0,16558.147483938512,16321.620533782416,15199.0,16094.286
T000443,1987-01-31,16307.0,16564.502380572143,16345.942260867312,15343.0,16027.015
T000443,1987-02-28,16050.0,16695.27307482032,16342.787956018623,15383.0,15965.834
T000443,1987-03-31,15956.0,16736.70808057699,16343.285469999419,15443.0,15948.576
T000443,1987-04-30,15863.0,16760.822460776893,16364.559329197353,15594.0,15965.442
T000443,1987-05-31,15941.0,16883.776314410872,16443.353028263162,16150.0,16011.908
T000443,1987-06-30,16036.0,16952.16468950722,16396.85192279312,15916.0,16055.35
T000443,1987-07-31,16173.0,16996.559942150634,16412.786232902698,16004.0,16126.307
T000443,1987-08-31,16185.0,17138.8864183744,16483.689597545883,16509.0,16083.625
T000443,1987-09-30,16497.0,17203.28509734437,16510.28562257302,16728.0,16205.984
T000443,1987-10-31,16347.0,17300.337569928968,16490.50502312093,16664.0,16233.439
T000443,1987-11-30,16575.0,17395.10538831038,16438.909642059614,16307.0,16520.791
T000444,1985-12-31,152051.0,151819.80765328766,151769.7898069537,144598.0,153620.6
T000444,1986-01-31,152368.0,151518.2084645696,151138.64482810075,145694.0,153536.08
T000444,1986-02-28,152102.0,151231.81065700974,150646.91256853373,146402.0,153493.14
T000444,1986-03-31,152119.0,151019.28551216554,150234.9050105968,147420.0,153438.6
T000444,1986-04-30,151817.0,150887.1154961781,149724.1443360946,148560.0,153882.53
T000444,1986-05-31,152265.0,150787.76511708094,149264.273542127,149642.0,153780.94
T000444,1986-06-30,153551.0,150742.10862232736,148728.12402163737,150753.0,154107.23
T000444,1986-07-31,154389.0,150765.1945178343,148205.47672893543,152046.0,154517.03
T000444,1986-08-31,155382.0,150759.10486466842,147875.26059475227,152802.0,154894.47
T000444,1986-09-30,156563.0,150766.12764037732,147607.70287228812,153015.0,154988.36
T000444,1986-10-31,157887.0,150739.3503241029,147652.01321575185,152606.0,155351.34
T000444,1986-11-30,159377.0,150752.35229561647,147791.30763719603,152197.0,155650.47
T000445,1986-12-31,11994.0,12041.831358903799,12090.906110513582,11038.0,12187.352
T000445,1987-01-31,12016.0,12110.738311136154,12170.536903225331,11093.0,12240.818
T000445,1987-02-28,12083.0,12176.267641965023,12256.28957695351,11159.0,12301.203
T000445,1987-03-31,12135.0,12252.916375494076,12332.658531897687,11253.0,12367.957
T000445,1987-04-30,12237.0,12312.173369482714,12415.641268473517,11373.0,12453.619
T000445,1987-05-31,12537.0,12370.677001365508,12503.770531316512,11479.0,12520.272
T000445,1987-06-30,12520.0,12452.942227103862,12563.30477934234,11640.0,12605.045
T000445,1987-07-31,12675.0,12523.958152253268,12641.006921957072,11722.0,12694.588
T000445,1987-08-31,12771.0,12593.162685274652,12720.117453462188,11815.0,12785.094
T000445,1987-09-30,12908.0,12669.540164235357,12783.869384250851,11917.0,12845.314
T000445,1987-10-31,13002.0,12726.942490173726,12880.042104246579,11917.0,12912.789
T000445,1987-11-30,13082.0,12796.374861985156,12964.897716380892,11989.0,12975.631
T000446,1986-12-31,2673.0,2713.1557379088163,2718.1196742179773,2593.0,2704.182
T000446,1987-01-31,2619.0,2718.8304803674255,2717.2092995039557,2613.0,2693.2646
T000446,1987-02-28,2625.0,2726.453779181971,2721.7623007104653,2628.0,2688.643
T000446,1987-03-31,2626.0,2734.8185694921012,2728.0109845419865,2638.0,2685.1904
T000446,1987-04-30,2633.0,2744.3960935491755,2727.64363028254,2663.0,2688.4717
T000446,1987-05-31,2643.0,2757.546866263492,2734.8718185897405,2690.0,2681.3875
T000446,1987-06-30,2668.0,2767.1679166277163,2736.193313565154,2713.0,2689.9185
T000446,1987-07-31,2705.0,2779.87258037417,2739.8364543281846,2735.0,2690.141
T000446,1987-08-31,2737.0,2792.0974479008423,2744.3344198607438,2751.0,2689.147
T000446,1987-09-30,2767.0,2798.2819030761493,2745.703483830941,2757.0,2693.581
T000446,1987-10-31,2795.0,2801.5299540702276,2750.51030856576,2711.0,2699.8735
T000446,1987-11-30,2824.0,2818.226266035859,2752.623481668186,2706.0,2705.7568
T000447,1985-12-31,278.71,282.8607958959568,282.7280554763084,231.58,289.74567
T000447,1986-01-31,277.87,287.23683113721825,287.0661109526167,234.76,294.6799
T000447,1986-02-28,276.63,291.51842755061347,291.40416642892507,238.51,298.71155
T000447,1986-03-31,275.63,295.8480279660432,295.7422219052334,241.37,303.45795
T000447,1986-04-30,274.14,300.0392184542857,300.08027738154175,245.92,308.10272
T000447,1986-05-31,273.42,304.2286119299945,304.4183328578501,250.27,312.622
T000447,1986-06-30,273.28,308.3583023727898,308.75638833415843,255.29,317.03442
T000447,1986-07-31,274.91,312.50538328702316,313.09444381046677,259.81,321.04498
T000447,1986-08-31,275.58,316.61287258517154,317.4324992867751,264.74,326.06006
T000447,1986-09-30,277.68,320.63377123050077,321.77055476308345,270.63,330.30905
T000447,1986-10-31,276.8,324.7842173195314,326.1086102393918,274.38,334.24835
T000447,1986-11-30,275.48,328.8951582580712,330.44666571570014,278.39,337.98468
T000448,1986-12-31,139.22,140.96717912979562,140.95268143928013,116.95,141.40987
T000448,1987-01-31,137.52,140.86566245055587,140.83468851685015,120.07,140.46828
T000448,1987-02-28,134.64,140.77100172781672,140.71885844341358,122.49,139.50974
T000448,1987-03-31,131.23,140.6829240581568,140.60259013152347,125.1,137.77646
T000448,1987-04-30,129.83,140.61435726367944,140.48641061591212,129.75,136.62364
T000448,1987-05-31,128.02,140.54502715661056,140.37021310831705,133.39,133.81674
T000448,1987-06-30,127.43,140.4787445608695,140.25401924627428,136.65,133.26997
T000448,1987-07-31,126.51,140.41589148248224,140.13782464556635,139.65,131.69672
T000448,1987-08-31,125.76,140.35040625829285,140.02163019452743,141.49,130.16875
T000448,1987-09-30,125.88,140.27525480926232,139.90543571316243,141.12,128.42126
T000448,1987-10-31,126.12,140.2074068474843,139.78924123794212,141.22,126.62361
T000448,1987-11-30,125.66,140.14188340469605,139.67304676147677,141.06,124.23857
T000449,1986-12-31,181.8,181.66701660289147,182.93324728960027,158.16,181.15355
T000449,1987-01-31,179.1,179.64426294797445,181.16649457920056,161.8,179.73907
T000449,1987-02-28,175.44,178.24843515999044,179.39974186880085,164.75,178.81514
T000449,1987-03-31,172.76,176.33785135933448,177.63298915840113,167.73,177.18689
T000449,1987-04-30,171.35,174.81508671397694,175.86623644800142,173.07,176.50334
T000449,1987-05-31,168.76,173.74251284677007,174.0994837376017,176.84,173.7768
T000449,1987-06-30,168.33,172.60594877734667,172.332731027202,180.66,173.87411
T000449,1987-07-31,167.15,171.49208295818514,170.56597831680227,186.12,172.92503
T000449,1987-08-31,166.04,170.7062254677629,168.79922560640256,188.76,171.99902
T000449,1987-09-30,164.63,169.95657832961814,167.03247289600284,187.67,170.52965
T000449,1987-10-31,164.37,169.22068111612919,165.26572018560313,186.77,169.45355
T000449,1987-11-30,163.58,168.62427257352078,163.49896747520341,184.7,167.63458
T000450,1986-12-31,391.14,283.7432759085047,284.3959666435562,337.28,253.21005
T000450,1987-01-31,384.76,262.76258931606526,262.9539217007124,213.13,254.21991
T000450,1987-02-28,343.35,256.76661031749524,256.68305084737835,204.59,255.12573
T000450,1987-03-31,372.08,262.4557872052724,262.63902984423186,209.76,254.33627
T000450,1987-04-30,357.79,293.300287186591,294.25079859837774,375.69,253.72891
T000450,1987-05-31,175.92,261.0809261517795,261.1563029292164,215.5,252.85997
T000450,1987-06-30,242.03,248.53476459195988,248.2895457735707,153.4,250.96072
T000450,1987-07-31,222.44,265.03148323100027,265.2537934089751,232.68,250.37671
T000450,1987-08-31,205.53,261.0056195306633,261.07177875150006,217.01,247.19171
T000450,1987-09-30,295.39,278.99004378889583,279.5428645297492,306.83,244.67264
T000450,1987-10-31,252.87,285.5729293558877,286.28864438251964,344.66,243.44861
T000450,1987-11-30,136.88,263.634078566733,263.6968253421324,242.59,241.2764
T000451,1986-12-31,1005.0,997.4815775496952,885.107854052114,1453.0,880.9471
T000451,1987-01-31,953.0,994.5015440237796,744.56301039597,1784.0,872.3193
T000451,1987-02-28,986.0,977.6534697976076,761.4918837313237,1553.0,874.59937
T000451,1987-03-31,982.0,910.0059047511529,787.8519381830008,1571.0,864.7084
T000451,1987-04-30,1085.0,946.6874599305006,745.6045689988068,1415.0,866.26215
T000451,1987-05-31,1080.0,917.9260366756296,703.7222443051404,1526.0,883.75305
T000451,1987-06-30,1207.0,927.5170658122148,729.8932143337801,1290.0,896.7603
T000451,1987-07-31,1264.0,917.4267155331929,748.652626645039,1145.0,905.77563
T000451,1987-08-31,1304.0,908.7199724729555,723.7357220646792,1180.0,927.1957
T000451,1987-09-30,1431.0,862.8039273439255,772.0348152269129,1100.0,945.03107
T000451,1987-10-31,1381.0,868.3375472877435,762.4614080147512,1028.0,963.67303
T000451,1987-11-30,1283.0,847.8978960508284,803.3837512281842,940.0,986.90784
T000452,1986-12-31,28.25,21.564168589780998,22.035098649686528,39.59,19.66071
T000452,1987-01-31,31.72,21.517380368219186,19.530531140093693,41.11,18.73658
T000452,1987-02-28,29.66,22.58627484057577,16.927632122254543,42.3,18.34273
T000452,1987-03-31,32.89,22.76840052648236,17.31023849791359,45.1,17.947731
T000452,1987-04-30,34.74,23.246926600496217,17.45462782551871,43.24,17.739368
T000452,1987-05-31,35.09,23.205605841298386,16.160413287727074,39.3,17.5907
T000452,1987-06-30,38.05,22.669103376998706,18.155937342626903,37.25,17.587788
T000452,1987-07-31,39.36,23.006916279815115,17.981816720532223,32.33,17.72836
T000452,1987-08-31,47.48,21.77070405702956,21.310522765685427,30.4,17.57342
T000452,1987-09-30,58.6,21.45011489789298,22.165429091091895,29.94,17.50304
T000452,1987-10-31,44.68,21.55679024082014,22.520719593011826,25.78,17.593204
T000452,1987-11-30,48.34,20.48510452901706,24.983045447138103,19.87,17.838116
T000453,1986-12-31,37.0,40.35298980287945,41.524067234261345,63.0,42.287464
T000453,1987-01-31,30.0,40.804779536467926,42.26141267731332,59.0,43.80096
T000453,1987-02-28,30.0,40.511867383451225,42.79604000146208,57.0,45.408306
T000453,1987-03-31,26.0,40.084705767049016,42.52955996831152,59.0,46.776367
T000453,1987-04-30,31.0,39.80534707642555,42.706315709614344,58.0,47.515995
T000453,1987-05-31,29.0,40.952859542495915,42.9261192949391,56.0,48.04434
T000453,1987-06-30,25.0,40.44175074585691,43.34227181046098,54.0,48.737495
T000453,1987-07-31,28.0,40.912483950982526,42.74776012038908,57.0,49.211872
T000453,1987-08-31,37.0,40.25353384112873,42.3892129799983,58.0,49.59264
T000453,1987-09-30,42.0,40.300228070144684,43.984841684227696,49.0,49.80286
T000453,1987-10-31,38.0,39.50829537319492,44.71650365863102,47.0,49.848755
T000453,1987-11-30,40.0,38.330109104617094,45.971003902608906,41.0,49.981567
T000454,1985-12-31,133817.0,135480.4388736257,136091.6424717055,114558.0,136369.55
T000454,1986-01-31,130508.0,137797.2587963161,137662.77880524518,114646.0,135338.22
T000454,1986-02-28,129056.0,140257.4423271378,139233.91513878485,117146.0,134841.03
T000454,1986-03-31,127162.0,141211.24507286085,140805.05147232453,121497.0,133752.05
T000454,1986-04-30,125270.0,142708.24787918027,142376.1878058642,123199.0,132912.0
T000454,1986-05-31,123742.0,143828.97474174525,143947.32413940388,124442.0,131261.98
T000454,1986-06-30,123132.0,144440.6014370024,145518.46047294355,128154.0,130656.7
T000454,1986-07-31,121572.0,146613.04869024275,147089.59680648323,129335.0,129706.98
T000454,1986-08-31,121805.0,147769.55205248695,148660.7331400229,130988.0,127968.97
T000454,1986-09-30,122269.0,148217.6902248165,150231.86947356258,131813.0,126975.5
T000454,1986-10-31,123042.0,149484.20044289294,151803.00580710225,133598.0,125653.516
T000454,1986-11-30,123887.0,150372.19672388144,153374.14214064192,134783.0,124551.94
T000455,1979-12-31,1144.0,1179.2057485454302,1201.0198775162862,1027.0,1168.9214
T000455,1980-01-31,1179.0,1241.7426306444027,1252.3066573162218,1113.0,1193.1637
T000455,1980-02-29,1316.0,1372.1969894024867,1371.7827305911007,1217.0,1363.3623
T000455,1980-03-31,1330.0,1415.6178969246523,1396.2068517848375,1218.0,1392.2401
T000455,1980-04-30,1418.0,1434.5286892650975,1435.9394955388375,1303.0,1414.9906
T000455,1980-05-31,1373.0,1410.562184155592,1396.0623072852104,1199.0,1395.9673
T000455,1980-06-30,1429.0,1416.1970281147899,1432.6778950237688,1298.0,1412.8693
T000455,1980-07-31,1431.0,1427.978092101199,1446.792199334492,1315.0,1439.4648
T000455,1980-08-31,1389.0,1476.6910740718993,1460.4894762007068,1315.0,1439.9115
T000455,1980-09-30,1418.0,1481.9413922830804,1490.670062652366,1391.0,1456.2969
T000455,1980-10-31,1342.0,1397.1196236612852,1416.8071801515823,1294.0,1398.1965
T000455,1980-11-30,1243.0,1336.0970074503693,1366.2072046142098,1215.0,1360.8982
T000456,1980-08-31,5.63,5.048226108455036,5.012253911101936,4.08,4.163103
T000456,1980-09-30,3.37,4.671780902452706,4.572253911101937,3.64,4.1285458
T000456,1980-10-31,3.84,4.878534914772407,4.852253911101936,3.92,4.1632714
T000456,1980-11-30,4.74,5.092672998960669,5.142253911101937,4.21,4.0955677
T000456,1980-12-31,3.79,4.524099465081491,4.372253911101938,3.44,3.8382225
T000456,1981-01-31,4.05,4.863766771035285,4.8322539111019385,3.9,3.923124
T000456,1981-02-28,5.89,6.06737048561069,6.462253911101938,5.53,4.2164593
T000456,1981-03-31,8.58,6.237204138587587,6.692253911101935,5.76,5.107221
T000456,1981-04-30,9.61,6.237204138587587,6.692253911101937,5.76,4.54747
T000456,1981-05-31,4.18,7.618025578008449,8.562253911101939,7.63,4.490002
T000456,1981-06-30,4.14,4.664396830584145,4.562253911101937,3.63,3.8685472
T000456,1981-07-31,5.32,4.6717809024527055,4.572253911101938,3.64,3.798724
T000457,1980-10-31,4.45,6.5412725769953735,4.3748291481698,4.1,4.5952015
T000457,1980-11-30,4.9,4.497321223208309,4.0940028961218085,4.5,4.4232187
T000457,1980-12-31,4.34,5.449063902048303,3.7066325186329867,3.68,4.3149805
T000457,1981-01-31,3.55,3.8766115452330094,3.0760258525532285,3.25,3.8789692
T000457,1981-02-28,4.19,5.005695131150199,3.7209557987430126,3.75,3.9881048
T000457,1981-03-31,3.72,3.7660575941552716,2.7359468719971973,2.82,3.7624202
T000457,1981-04-30,3.57,5.188543444696558,4.147362439198621,4.18,4.1301584
T000457,1981-05-31,3.57,4.686119673198287,4.135020511823632,4.18,3.557558
T000457,1981-06-30,7.24,8.423483180112768,8.02494575845493,8.05,5.159816
T000457,1981-07-31,5.76,5.578316419043347,4.574147415356048,4.6,4.908994
T000457,1981-08-31,5.56,6.093030992960117,5.18280509583903,5.2,4.9850683
T000457,1981-09-30,4.44,5.05033155516027,3.704484403445318,3.72,4.946548
T000458,1980-08-31,18.19,18.638410772930133,18.650147386636252,23.59,18.425465
T000458,1980-09-30,18.34,18.638410772930133,18.551504179283455,21.59,17.678865
T000458,1980-10-31,18.94,18.638410772930133,18.50724506310571,21.3,17.596504
T000458,1980-11-30,21.21,18.638410772930133,18.48738693584684,20.57,17.979147
T000458,1980-12-31,20.41,18.638410772930133,18.478477015082813,20.36,17.756992
T000458,1981-01-31,20.71,18.638410772930133,18.474479322501516,19.49,17.583563
T000458,1981-02-28,22.0,18.638410772930133,18.472685642580245,19.32,17.62685
T000458,1981-03-31,23.87,18.638410772930133,18.471880856420594,20.15,17.220053
T000458,1981-04-30,24.1,18.638410772930133,18.471519765929983,19.45,16.884407
T000458,1981-05-31,23.48,18.638410772930133,18.47135775228096,19.22,16.496572
T000458,1981-06-30,23.06,18.638410772930133,18.47128506019088,19.36,16.359507
T000458,1981-07-31,23.22,18.638410772930133,18.47125244479093,18.87,16.51128
T000459,1981-12-31,82.0,78.5,78.21976276324197,95.9,79.25905
T000459,1982-01-31,78.8,78.5,78.15935283334522,95.4,80.99754
T000459,1982-02-28,78.1,78.5,78.14633043963214,93.3,82.64633
T000459,1982-03-31,75.4,78.5,78.14352323991665,90.7,83.87164
T000459,1982-04-30,73.4,78.5,78.14291810000026,88.3,84.56091
T000459,1982-05-31,78.7,78.5,78.14278765174025,89.1,84.70198
T000459,1982-06-30,82.7,78.5,78.14275953138646,86.3,84.87581
T000459,1982-07-31,83.9,78.5,78.1427534695632,88.1,85.46722
T000459,1982-08-31,84.5,78.5,78.14275216283352,86.5,85.93771
T000459,1982-09-30,83.1,78.5,78.14275188114559,82.3,86.491745
T000459,1982-10-31,80.8,78.5,78.14275182042293,79.8,87.357994
T000459,1982-11-30,80.4,78.5,78.14275180733313,78.5,88.1273
T000460,1981-12-31,77.7,74.53373511096747,78.45382942763247,96.1,81.16243
T000460,1982-01-31,73.5,71.95541596361613,77.84469097544942,101.0,82.95477
T000460,1982-02-28,68.1,73.96526298807899,78.14062409501943,98.2,85.43076
T000460,1982-03-31,62.9,73.69750433331113,77.99685314944116,93.8,86.99184
T000460,1982-04-30,65.1,72.15708903595296,78.06670029876497,92.6,86.768814
T000460,1982-05-31,69.7,72.78480190163005,78.03276698735048,90.7,86.804276
T000460,1982-06-30,66.8,73.08536085275028,78.04925255096619,86.9,87.75347
T000460,1982-07-31,70.5,72.36091065162049,78.04124349448456,87.4,88.47778
T000460,1982-08-31,73.5,72.4376155357101,78.04513447372076,84.9,88.887856
T000460,1982-09-30,74.9,72.72094058539761,78.04324414875535,75.4,89.67884
T000460,1982-10-31,74.6,72.44876380223077,78.04416251101274,72.6,90.054115
T000460,1982-11-30,70.6,72.37650998590539,78.04371635003447,77.2,90.97859
T000461,1981-12-31,103.2,107.65249323842204,102.36845442000833,97.7,102.59696
T000461,1982-01-31,102.0,111.10242051234832,102.16227334297413,99.9,103.56086
T000461,1982-02-28,105.8,111.44479703637023,102.22405458789824,101.2,104.36186
T000461,1982-03-31,104.7,111.79565331519302,102.08311988565738,101.3,104.60227
T000461,1982-04-30,105.2,110.98128469967784,101.54405733855906,100.4,104.604065
T000461,1982-05-31,103.7,110.33067730210453,101.77847379927262,101.5,104.62422
T000461,1982-06-30,103.6,110.569658602596,101.67540396727941,102.8,104.319115
T000461,1982-07-31,104.3,109.46936252930271,101.39214306225237,102.1,103.94887
T000461,1982-08-31,107.3,106.3667088318125,100.99296110011994,100.9,103.30061
T000461,1982-09-30,105.5,105.37724184777146,100.3539995144368,98.7,102.75084
T000461,1982-10-31,102.8,106.72400860860411,100.3755103126315,99.6,102.31977
T000461,1982-11-30,102.8,106.28105008285989,100.66582000921089,101.2,102.26059
T000462,1982-03-31,136.0,136.63973000247339,137.83459059784514,128.0,134.11182
T000462,1982-04-30,137.0,136.33333063667004,137.577889263178,129.0,132.69682
T000462,1982-05-31,132.0,134.29720727027748,135.7652654190363,127.0,131.55902
T000462,1982-06-30,128.0,133.69573265351323,134.50548942234315,125.0,131.35768
T000462,1982-07-31,134.0,134.3440944634791,135.5346747073869,127.0,131.01927
T000462,1982-08-31,110.0,117.65815954978518,119.09492590183365,111.0,116.15903
T000462,1982-09-30,79.0,85.1291861132781,86.1162616189476,77.0,87.61598
T000462,1982-10-31,127.0,133.05062746611185,135.70398927130202,130.0,126.85508
T000462,1982-11-30,129.0,133.82922029244696,135.31933767845908,129.0,130.61067
T000462,1982-12-31,135.0,139.83511335370798,142.46387169774184,137.0,132.32338
T000462,1983-01-31,129.0,138.1652716358327,140.4847505066539,133.0,132.50328
T000462,1983-02-28,133.0,138.7726850710299,141.55411886957233,135.0,132.50743
T000463,1982-05-31,173.5,177.1163290104161,175.2955681786947,158.3,177.96939
T000463,1982-06-30,176.8,176.17775698391634,175.2955681786947,166.1,179.05167
T000463,1982-07-31,177.4,176.1956988032438,175.2955681786947,161.7,179.76518
T000463,1982-08-31,177.3,175.97327528982407,175.2955681786947,160.8,180.25334
T000463,1982-09-30,176.7,176.7500122428693,175.2955681786947,163.0,180.25894
T000463,1982-10-31,177.3,176.73038893004605,175.2955681786947,172.6,180.45763
T000463,1982-11-30,179.7,176.37215454982552,175.2955681786947,178.3,180.86852
T000463,1982-12-31,177.6,176.38081723276161,175.2955681786947,177.9,181.2979
T000463,1983-01-31,177.0,176.24547008354665,175.2955681786947,175.5,181.40556
T000463,1983-02-28,179.2,176.52018367071014,175.2955681786947,175.6,181.08118
T000463,1983-03-31,178.5,176.55850226003545,175.2955681786947,175.4,180.90292
T000463,1983-04-30,181.7,176.42424712981253,175.2955681786947,177.5,180.57112
T000464,1982-05-31,169.2,167.34257974576818,167.62844645636272,139.9,167.35818
T000464,1982-06-30,171.6,168.62062881170152,169.49913780546257,143.1,166.06877
T000464,1982-07-31,171.8,169.2277869190399,171.19612257538446,147.5,164.43684
T000464,1982-08-31,170.5,169.8789841958968,173.1950640032709,151.8,163.21625
T000464,1982-09-30,166.0,170.3059245816219,174.35531853619563,154.7,161.27774
T000464,1982-10-31,155.0,170.67583561857174,176.09315541004287,161.2,159.76996
T000464,1982-11-30,165.4,170.94752890285667,176.1826955033062,161.9,157.57327
T000464,1982-12-31,165.9,171.16711095931902,176.75488580382972,163.6,155.51654
T000464,1983-01-31,162.8,171.33488177309968,177.0613192749714,163.3,153.20667
T000464,1983-02-28,164.2,171.46733146263233,177.16324449715972,165.0,151.04729
T000464,1983-03-31,164.5,171.56991154057772,176.4959463890393,163.7,148.82576
T000464,1983-04-30,163.6,171.65025193510834,177.14979864967825,166.8,146.83574
T000465,1981-05-31,170.0,166.14109404412903,165.57919305373144,156.0,158.41809
T000465,1981-06-30,166.0,176.6068857828173,175.57919305373144,166.0,168.0747
T000465,1981-07-31,167.0,165.32847329811617,163.57919305373147,154.0,161.79575
T000465,1981-08-31,251.0,253.23637902285475,245.57919305373147,236.0,237.32973
T000465,1981-09-30,152.0,158.15343285303885,155.57919305373142,146.0,149.89049
T000465,1981-10-31,128.0,130.78942992088537,130.57919305373144,121.0,128.80771
T000465,1981-11-30,151.0,149.8749726913214,149.57919305373144,140.0,145.91837
T000465,1981-12-31,150.0,151.18076019216483,150.57919305373144,141.0,145.9237
T000465,1982-01-31,153.0,161.41973617877125,161.57919305373144,152.0,158.11421
T000465,1982-02-28,167.0,159.61649120277335,157.57919305373144,148.0,154.52483
T000465,1982-03-31,154.0,156.01898023514764,154.57919305373142,145.0,151.77547
T000465,1982-04-30,148.0,142.6890765635533,141.57919305373144,132.0,141.98132
T000466,1981-12-31,1509.0,1723.101402034082,1718.0115312539092,1460.0,1728.7546
T000466,1982-01-31,1615.0,1711.536178360216,1715.2257505879802,1497.0,1688.6035
T000466,1982-02-28,1947.0,1850.9544333727586,1852.3991448179004,1602.0,1920.482
T000466,1982-03-31,1837.0,1929.3724834195432,1921.4104350658345,1793.0,1899.6714
T000466,1982-04-30,1654.0,1758.8181912131688,1712.7754096992483,1422.0,1804.373
T000466,1982-05-31,1914.0,1893.1299621146538,1882.187298487188,1761.0,1882.5486
T000466,1982-06-30,1765.0,1829.0279687602722,1825.320220177549,1574.0,1769.5786
T000466,1982-07-31,1400.0,1446.9703139378746,1457.095093232316,1239.0,1406.4359
T000466,1982-08-31,1802.0,1784.8448138500387,1788.6245870147263,1593.0,1761.8223
T000466,1982-09-30,1865.0,1915.4233673722933,1913.948438026856,1663.0,1873.2437
T000466,1982-10-31,1851.0,1836.0088692620602,1854.7256042427582,1675.0,1854.7888
T000466,1982-11-30,2089.0,1986.9412210197931,2001.2651694074973,1844.0,1989.1519
T000467,1981-12-31,1450.0,1548.0584389361281,1531.6935368920604,1291.0,1539.381
T000467,1982-01-31,1604.0,1633.900086964992,1613.831158943482,1408.0,1574.3059
T000467,1982-02-28,1819.0,1753.9048630638372,1732.5909089531938,1552.0,1752.0674
T000467,1982-03-31,1726.0,1774.4869149116926,1748.41918561551,1610.0,1747.6136
T000467,1982-04-30,1659.0,1605.605524859859,1574.7047806405146,1338.0,1650.5374
T000467,1982-05-31,1787.0,1789.2362413930136,1755.7026831687833,1698.0,1736.1008
T000467,1982-06-30,1814.0,1791.6846341286582,1754.690652084945,1519.0,1776.4211
T000467,1982-07-31,1366.0,1410.8119195704676,1370.7428104811381,1121.0,1295.7393
T000467,1982-08-31,1632.0,1650.548925414386,1609.0260653744824,1444.0,1609.362
T000467,1982-09-30,1891.0,1854.684459210484,1811.7018235987414,1627.0,1863.1626
T000467,1982-10-31,1829.0,1784.2992078649525,1739.8552054989946,1593.0,1770.4955
T000467,1982-11-30,1960.0,1892.811572433504,1847.4300612301029,1691.0,1873.1458
T000468,1981-12-31,117.0,131.80785497058014,131.86796689504376,127.0,126.395744
T000468,1982-01-31,129.0,131.5945163316497,131.88622896958958,130.0,128.22588
T000468,1982-02-28,134.0,143.83923142076887,144.25725312162524,136.0,147.67807
T000468,1982-03-31,147.0,157.32002418817814,157.3382033191305,155.0,160.77045
T000468,1982-04-30,149.0,157.16247975833215,157.23702608294064,153.0,161.32013
T000468,1982-05-31,151.0,155.03438740663802,155.0147619557633,153.0,159.7261
T000468,1982-06-30,143.0,150.50405543037402,150.45839783811135,147.0,154.85068
T000468,1982-07-31,107.0,112.94261954599773,113.20717889282508,105.0,115.27118
T000468,1982-08-31,151.0,157.1339995179769,156.8924988330768,155.0,161.28494
T000468,1982-09-30,149.0,158.79665076791025,158.57919497800515,155.0,162.11055
T000468,1982-10-31,142.0,151.21936559417662,151.10820237651328,146.0,156.58893
T000468,1982-11-30,140.0,134.03420418318404,134.10953590452357,130.0,139.5906
T000469,1982-02-28,2127.0,2056.761923176733,2063.3409593596166,2196.0,2020.164
T000469,1982-03-31,1957.0,1991.689065977478,1968.7927235590912,1995.0,1882.8109
T000469,1982-04-30,2106.0,2109.518516910047,2076.764468415631,2100.0,2051.4094
T000469,1982-05-31,1979.0,2015.4167573523116,1973.9850073835846,2127.0,1995.9626
T000469,1982-06-30,1801.0,1970.1822741360982,1917.1595785308775,2086.0,1995.881
T000469,1982-07-31,1784.0,1999.9274613408022,1930.8811377937855,2007.0,1998.1069
T000469,1982-08-31,1553.0,1839.2522976287478,1754.2403485073187,1784.0,1754.4119
T000469,1982-09-30,1434.0,1529.0460166180906,1426.3712346444552,1386.0,1298.4193
T000469,1982-10-31,2004.0,2081.055327231991,2006.2861822135178,2071.0,2021.2461
T000469,1982-11-30,2109.0,2177.5010815611604,2093.4632397394885,2126.0,2075.5889
T000469,1982-12-31,1999.0,2062.4285228660347,1966.1522807101544,1946.0,1973.9272
T000469,1983-01-31,2005.0,2087.297341821599,1986.8450097583307,1938.0,2003.3749
T000470,1981-07-31,98.5,104.81456419746593,101.94219124180994,99.1,95.81297
T000470,1981-08-31,105.2,104.92379734192818,101.34292040908231,100.3,95.53212
T000470,1981-09-30,102.0,105.92313075123153,101.82789801879021,103.7,94.7624
T000470,1981-10-31,111.1,110.01954037330792,104.69277128292885,113.4,95.03707
T000470,1981-11-30,112.2,110.34087076741116,105.3418708213714,109.1,96.22336
T000470,1981-12-31,95.1,97.6271681111326,93.20546971838758,92.3,94.73695
T000470,1982-01-31,75.8,78.64325442644962,74.46293866874699,77.5,92.39639
T000470,1982-02-28,102.5,107.93758997990246,101.25510461667385,110.3,99.96528
T000470,1982-03-31,94.9,101.49434102039804,95.50372618459339,102.0,103.14915
T000470,1982-04-30,104.7,101.97248891209489,96.62462964099348,97.9,106.31121
T000470,1982-05-31,92.5,93.80023771216524,88.14753523025612,89.3,106.5358
T000470,1982-06-30,105.0,98.1102780434086,91.60616023606683,97.7,109.27679
T000471,1981-05-31,114.0,183.91044984874475,171.16385244781162,78.0,164.76125
T000471,1981-06-30,155.0,177.57759859682642,137.57862047939759,191.0,165.45963
T000471,1981-07-31,238.0,177.57759859682642,135.57605654969475,208.0,171.96797
T000471,1981-08-31,265.0,177.57759859682642,147.2677501105842,157.0,180.06543
T000471,1981-09-30,211.0,177.57759859682642,139.30734112021602,165.0,180.6176
T000471,1981-10-31,202.0,177.57759859682642,134.32448976371813,215.0,178.71109
T000471,1981-11-30,207.0,177.57759859682642,136.49276348071805,229.0,178.97214
T000471,1981-12-31,153.0,177.57759859682642,134.2233328861155,184.0,176.91788
T000471,1982-01-31,121.0,177.57759859682642,130.9186505299018,168.0,173.27519
T000471,1982-02-28,146.0,177.57759859682642,130.0290560783633,223.0,170.02443
T000471,1982-03-31,134.0,177.57759859682642,128.5461533556422,103.0,167.43602
T000471,1982-04-30,114.0,177.57759859682642,126.33641003998719,140.0,166.57555
T000472,1982-03-31,131.0,130.1025853126126,130.4314982054891,123.0,129.57755
T000472,1982-04-30,132.0,132.87900579204677,133.33324792746896,128.0,129.69858
T000472,1982-05-31,135.0,130.78942563614544,131.3470206188794,127.0,128.54956
T000472,1982-06-30,126.0,127.40358268925137,127.89252945689289,123.0,125.30643
T000472,1982-07-31,123.0,125.55004957103179,126.22575252879702,122.0,122.94454
T000472,1982-08-31,100.0,103.55999261591168,103.9570171011707,99.0,103.916595
T000472,1982-09-30,111.0,116.57500575774066,117.08591688986183,113.0,115.319695
T000472,1982-10-31,124.0,129.0996955104584,130.08487892053117,128.0,124.97067
T000472,1982-11-30,132.0,136.44680947149504,136.99678178267655,133.0,133.27463
T000472,1982-12-31,136.0,141.55005947363435,141.96003498035148,136.0,137.3967
T000472,1983-01-31,137.0,139.63069891639554,140.63095234512463,138.0,136.15428
T000472,1983-02-28,126.0,132.3660699710516,133.04293757724304,129.0,129.81549
T000473,1982-03-31,112.0,113.3881624546796,112.93063345863632,100.0,112.413864
T000473,1982-04-30,115.0,116.43975966944527,115.32711007734571,103.0,113.502785
T000473,1982-05-31,114.0,117.30813906729783,116.791900375909,104.0,114.77936
T000473,1982-06-30,114.0,116.07867595750554,117.32500435432618,103.0,115.83533
T000473,1982-07-31,112.0,114.79885311915655,117.85810833274337,102.0,116.5083
T000473,1982-08-31,112.0,115.49503064259427,119.32289863130666,103.0,117.28613
T000473,1982-09-30,113.0,119.18179534450925,122.1852184100891,107.0,118.999016
T000473,1982-10-31,113.0,121.8671731596423,124.58169502879852,110.0,120.22484
T000473,1982-11-30,112.0,122.55553506722246,126.04648532736184,111.0,121.22677
T000473,1982-12-31,110.0,122.24921712225961,127.04543246585209,111.0,122.24259
T000473,1983-01-31,107.0,119.94942357845005,127.11269328419624,109.0,122.53969
T000473,1983-02-28,107.0,121.65673032333409,129.0433267428326,111.0,123.77235
T000474,1981-03-31,3.67,3.3262330030170233,3.364852003694837,3.3,3.1535678
T000474,1981-04-30,3.29,3.3032085395857393,3.3820113215966425,3.11,3.1617827
T000474,1981-05-31,3.38,3.2799581999036036,3.220852663210308,3.06,3.153606
T000474,1981-06-30,3.72,3.278458329499472,3.392432651918946,3.08,3.1369593
T000474,1981-07-31,3.51,3.3407575898371533,3.3570639878869306,3.08,3.097985
T000474,1981-08-31,3.88,2.725248917365093,2.7263266598228997,2.52,2.9007423
T000474,1981-09-30,3.67,3.2538303322858155,3.346642657564627,3.11,3.1042864
T000474,1981-10-31,3.71,3.6319679367460367,3.770747330629733,3.62,3.2264256
T000474,1981-11-30,3.93,3.5343678601869897,3.6801153351462763,3.59,3.2213886
T000474,1981-12-31,4.03,3.3966592433220058,3.6164319924034753,3.4,3.168899
T000474,1982-01-31,3.15,2.8933418718959274,2.9718006564354904,2.72,3.002504
T000474,1982-02-28,3.34,3.187130075522873,3.376115994661748,3.19,3.06468
T000475,1982-03-31,129.9,130.2734189600281,130.34464396582186,122.2,126.30889
T000475,1982-04-30,130.7,131.71375767908413,132.04464396582188,123.9,128.7336
T000475,1982-05-31,135.6,137.53632142620754,137.94464396582188,129.8,131.73283
T000475,1982-06-30,136.9,138.2322831618287,138.64464396582187,130.5,131.70276
T000475,1982-07-31,136.8,139.3692894626612,139.94464396582188,131.8,131.97572
T000475,1982-08-31,130.6,133.11378630668335,133.54464396582188,125.4,128.6037
T000475,1982-09-30,132.3,134.6005309674188,135.1446439658219,127.0,126.44443
T000475,1982-10-31,156.7,161.25243662002768,162.04464396582193,153.9,137.6159
T000475,1982-11-30,137.2,139.00137805820214,139.54464396582193,131.4,132.32802
T000475,1982-12-31,138.2,140.32914260160726,140.8446439658219,132.7,133.11084
T000475,1983-01-31,134.9,137.80540187147986,138.2446439658219,130.1,131.39078
T000475,1983-02-28,127.1,133.97505492073992,134.54464396582188,126.4,127.40464
T000476,1982-01-31,482.0,701.1202257938947,665.1269131120421,543.0,645.7116
T000476,1982-02-28,646.0,797.3504909690347,748.9469648117173,696.0,680.82556
T000476,1982-03-31,1095.0,1045.6542043871907,988.9696543279821,1021.0,839.92554
T000476,1982-04-30,1154.0,1198.6319508259928,1134.2911133452508,1160.0,1052.6371
T000476,1982-05-31,1295.0,1310.4317630100636,1235.24877534165,1210.0,1174.5692
T000476,1982-06-30,1353.0,1266.7261006393508,1189.014447568239,1376.0,1184.4762
T000476,1982-07-31,911.0,1173.5158328871794,1084.3838584873702,1108.0,1199.5947
T000476,1982-08-31,1275.0,1244.807866894039,1145.7877790016162,1100.0,1238.9775
T000476,1982-09-30,1206.0,1186.957524220411,1081.2648343708925,1038.0,1243.0317
T000476,1982-10-31,1032.0,1308.3764726344955,1197.784102461287,1266.0,1235.84
T000476,1982-11-30,1083.0,1103.3200849976195,984.9646336980311,1042.0,1153.6266
T000476,1982-12-31,852.0,937.3327634562022,808.8328121652917,776.0,997.4635
T000477,1982-01-31,237.0,259.0122908374368,259.0122908374368,211.0,247.01971
T000477,1982-02-28,247.0,271.0122908374368,271.0122908374368,223.0,247.9774
T000477,1982-03-31,249.0,258.0122908374368,258.0122908374368,210.0,252.64069
T000477,1982-04-30,269.0,276.0122908374368,276.0122908374368,228.0,256.56528
T000477,1982-05-31,280.0,284.0122908374368,284.0122908374368,236.0,269.35962
T000477,1982-06-30,275.0,292.0122908374368,292.0122908374368,244.0,277.09344
T000477,1982-07-31,276.0,276.0122908374368,276.0122908374368,228.0,267.2313
T000477,1982-08-31,292.0,272.01229083743675,272.01229083743675,224.0,265.03137
T000477,1982-09-30,288.0,302.0122908374368,302.0122908374368,254.0,275.1152
T000477,1982-10-31,292.0,289.0122908374368,289.0122908374368,241.0,273.95587
T000477,1982-11-30,302.0,305.0122908374368,305.0122908374368,257.0,284.69458
T000477,1982-12-31,308.0,356.0122908374368,356.0122908374368,308.0,307.78995
T000478,1982-05-31,278.7,237.76825737502756,237.76825737502756,201.8,244.64691
T000478,1982-06-30,246.8,237.76825737502756,237.76825737502756,188.8,243.91592
T000478,1982-07-31,273.7,237.76825737502756,237.76825737502756,197.0,247.8573
T000478,1982-08-31,252.0,237.76825737502756,237.76825737502756,189.8,242.9593
T000478,1982-09-30,262.5,237.76825737502756,237.76825737502756,189.7,242.14316
T000478,1982-10-31,233.9,237.76825737502756,237.76825737502756,169.0,237.20729
T000478,1982-11-30,262.8,237.76825737502756,237.76825737502756,199.6,235.75829
T000478,1982-12-31,267.1,237.76825737502756,237.76825737502756,217.2,226.23083
T000478,1983-01-31,274.8,237.76825737502756,237.76825737502756,246.3,215.08217
T000478,1983-02-28,246.6,237.76825737502756,237.76825737502756,203.4,204.4749
T000478,1983-03-31,291.0,237.76825737502756,237.76825737502756,242.5,196.8017
T000478,1983-04-30,266.0,237.76825737502756,237.76825737502756,242.2,183.82639
T000479,1982-01-31,159.4,158.87299235843074,160.39678139395122,140.2,172.04915
T000479,1982-02-28,165.2,171.84584816894895,170.80976383927674,153.4,171.37233
T000479,1982-03-31,166.9,181.33443440147101,178.52744002409256,163.0,171.53108
T000479,1982-04-30,160.9,179.73792783143634,177.16076819969808,161.3,171.81468
T000479,1982-05-31,161.3,175.98614958599657,174.18624717013364,157.6,171.6512
T000479,1982-06-30,171.0,183.72247529750288,180.53725153055498,165.5,171.93361
T000479,1982-07-31,167.2,169.78868978621418,168.96073725333125,151.1,171.62395
T000479,1982-08-31,158.7,171.98910939621368,170.8901562995352,153.5,171.41684
T000479,1982-09-30,187.2,196.07231922792792,190.58630906286723,178.0,172.21336
T000479,1982-10-31,181.2,192.4417118181784,187.7725729538198,174.5,172.52092
T000479,1982-11-30,178.2,196.20191958953617,190.74709398338422,178.2,172.1413
T000479,1982-12-31,175.5,193.87303714879866,188.81767493718027,175.8,171.75853
T000480,1982-01-31,223.6,225.2427062022587,230.1059352385849,189.5,234.7827
T000480,1982-02-28,241.9,243.1861527516249,245.4059352385849,204.8,243.00336
T000480,1982-03-31,241.1,232.56873766364944,232.80593523858488,192.2,229.13202
T000480,1982-04-30,263.5,286.77657073039074,281.00593523858487,240.4,262.12146
T000480,1982-05-31,249.0,244.79760186897198,245.90593523858487,205.3,244.18716
T000480,1982-06-30,251.6,252.9497559623258,252.4059352385849,211.8,247.44354
T000480,1982-07-31,248.6,257.1521058823482,254.80593523858488,214.2,237.08162
T000480,1982-08-31,263.8,261.35093092233706,259.9059352385849,219.3,244.45131
T000480,1982-09-30,270.2,265.9837116610302,262.4059352385849,221.8,242.6926
T000480,1982-10-31,297.3,281.64936430898877,281.4059352385849,240.8,274.5238
T000480,1982-11-30,296.6,296.6730458503572,293.6059352385849,253.0,275.77234
T000480,1982-12-31,381.1,371.667471533066,365.2059352385849,324.6,347.60864
T000481,1982-02-28,121.5,116.69250868804318,115.22422118520232,106.3,116.93374
T000481,1982-03-31,125.8,128.7143462910297,125.50481841462982,118.5,126.66487
T000481,1982-04-30,131.0,129.53499866169165,125.00503970279476,120.2,128.6889
T000481,1982-05-31,133.5,130.11891024338232,124.76451806293099,120.8,129.09973
T000481,1982-06-30,133.6,136.86302397120681,129.42270087733704,130.3,133.4224
T000481,1982-07-31,134.8,138.17957674986198,130.55528481360597,131.4,134.13545
T000481,1982-08-31,121.2,121.06577270521711,112.99611888264431,114.1,114.996445
T000481,1982-09-30,117.6,122.37848782314316,114.04619965789125,115.0,116.519135
T000481,1982-10-31,128.9,136.00743395442913,127.01344294176367,130.2,127.34609
T000481,1982-11-30,138.0,138.9754180714259,129.33943962175425,134.4,128.58998
T000481,1982-12-31,139.0,144.8839759774727,135.58944789243418,138.5,134.5592
T000481,1983-01-31,136.5,143.79057794565884,133.35113721172192,138.1,133.30594
T000482,1982-03-31,141.04,144.95241401906492,144.95241401906492,139.83,145.92737
T000482,1982-04-30,141.41,144.45748210026156,144.45748210026156,139.97,145.47849
T000482,1982-05-31,148.34,144.24525088934254,144.24525088934254,138.51,144.7958
T000482,1982-06-30,151.32,146.18987480574177,146.18987480574177,138.1,147.64107
T000482,1982-07-31,152.3,149.97477528533116,149.97477528533116,144.54,149.40475
T000482,1982-08-31,151.25,151.25742668864754,151.25742668864754,145.56,148.74574
T000482,1982-09-30,156.04,152.0362456367896,152.0362456367896,145.32,150.27155
T000482,1982-10-31,156.39,153.37479354468326,153.37479354468326,146.12,151.02708
T000482,1982-11-30,150.47,147.24076157762394,147.24076157762394,140.48,145.50986
T000482,1982-12-31,161.19,156.5897423975473,156.5897423975473,151.52,152.13077
T000482,1983-01-31,153.66,155.7796142283492,155.7796142283492,146.98,152.43236
T000482,1983-02-28,149.05,151.46293372610015,151.46293372610015,140.45,149.41496
T000483,1982-01-31,160.0,155.534543571653,152.7660633859193,137.0,159.82443
T000483,1982-02-28,167.0,155.534543571653,151.81966328196148,137.0,158.54555
T000483,1982-03-31,178.0,169.30396683069011,155.8051761489345,155.0,159.30249
T000483,1982-04-30,167.0,167.00906295418392,158.5436895981087,152.0,159.16068
T000483,1982-05-31,176.0,167.77403091301932,159.42779788929144,153.0,160.69911
T000483,1982-06-30,173.0,167.00906295418392,160.33199205538187,152.0,161.20244
T000483,1982-07-31,164.0,167.77403091301932,155.40541659319854,153.0,158.30168
T000483,1982-08-31,123.0,137.1753125596035,114.11853183213034,113.0,135.48201
T000483,1982-09-30,175.0,166.24409499534852,152.84243381329568,151.0,156.13147
T000483,1982-10-31,175.0,172.36383866603168,142.56632646460525,159.0,156.36237
T000483,1982-11-30,176.0,176.95364641904405,159.2123963470027,165.0,158.03091
T000483,1982-12-31,174.0,173.89377458370248,159.32712573952867,161.0,155.60324
T000484,1981-05-31,420.4,420.07293302278003,420.07293302278003,423.7,424.06802
T000484,1981-06-30,410.5,419.2614800633573,419.2614800633573,421.4,424.57993
T000484,1981-07-31,401.5,418.3794659770282,418.3794659770282,418.9,424.8715
T000484,1981-08-31,394.4,418.13250203285605,418.13250203285605,418.2,425.54227
T000484,1981-09-30,393.9,418.30890485012185,418.30890485012185,418.7,426.28818
T000484,1981-10-31,391.1,418.76755217501295,418.76755217501295,420.0,427.20288
T000484,1981-11-30,386.0,418.16778259630917,418.16778259630917,418.3,427.9599
T000484,1981-12-31,384.5,417.74441583487123,417.74441583487123,417.1,428.45322
T000484,1982-01-31,384.3,417.6385741445117,417.6385741445117,416.8,429.27737
T000484,1982-02-28,380.0,418.16778259630917,418.16778259630917,418.3,429.78247
T000484,1982-03-31,375.0,417.2857685099801,417.2857685099801,415.8,430.0665
T000484,1982-04-30,375.0,420.91966654565584,420.91966654565584,426.1,430.43582
T000485,1982-05-31,1.07,0.758226612441799,0.758226612441799,1.21,0.66807956
T000485,1982-06-30,0.96,0.8049562433588657,0.8049562433588657,0.25,0.7316075
T000485,1982-07-31,0.91,0.7854197646553975,0.7854197646553975,0.55,0.62405175
T000485,1982-08-31,1.11,0.7935874730802391,0.7935874730802391,0.89,0.66984016
T000485,1982-09-30,1.01,0.7901727604328987,0.7901727604328987,0.92,0.55986845
T000485,1982-10-31,0.81,0.7916003655648893,0.7916003655648893,1.04,0.65210533
T000485,1982-11-30,0.71,0.7910035199080598,0.7910035199080598,0.75,0.53219724
T000485,1982-12-31,0.58,0.7912530460060639,0.7912530460060639,1.09,0.62915087
T000485,1983-01-31,0.73,0.7911487254453416,0.7911487254453416,0.65,0.4783969
T000485,1983-02-28,0.48,0.7911923392375521,0.7911923392375521,1.11,0.58781195
T000485,1983-03-31,0.87,0.7911741054123329,0.7911741054123329,0.58,0.4205004
T000485,1983-04-30,0.89,0.7911817285142296,0.7911817285142296,0.87,0.5248097
T000486,1981-07-31,2702.0,2787.6363310633146,2766.6142169930818,1880.0,2783.1067
T000486,1981-08-31,3419.0,3167.617379045312,3380.4579726370844,2511.0,2867.5732
T000486,1981-09-30,3142.0,3069.0176051524995,3240.4827706405167,2362.0,2833.7292
T000486,1981-10-31,3415.0,3202.099836759245,3610.735404182409,2737.0,2812.143
T000486,1981-11-30,3613.0,3203.496699204925,3411.23268869548,2535.0,2927.3105
T000486,1981-12-31,3467.0,3603.43708889784,3862.919027743823,2988.0,3036.505
T000486,1982-01-31,3034.0,2989.8978813690433,3101.610060378221,2226.0,2808.8286
T000486,1982-02-28,3136.0,3321.275348707411,3596.246552502615,2721.0,2932.2183
T000486,1982-03-31,3282.0,3485.617454612335,3844.437770643481,2969.0,2974.4333
T000486,1982-04-30,3518.0,3425.7044431424215,3856.337183063816,2981.0,3005.9912
T000486,1982-05-31,4475.0,3733.902868728596,4112.3900957275255,3237.0,3157.0645
T000486,1982-06-30,2735.0,3129.9109231901734,3398.362261774366,2523.0,2942.0474
T000487,1981-07-31,3200.0,3175.406130896399,3146.8010240116746,2338.0,2974.539
T000487,1981-08-31,3882.0,3823.1787887980245,3723.796137007166,3098.0,2922.681
T000487,1981-09-30,3649.0,3745.0103529158955,3679.762299436458,3040.0,2852.06
T000487,1981-10-31,3866.0,3871.920295170453,3836.1583432220777,3246.0,2817.4485
T000487,1981-11-30,3529.0,3770.4040986785976,3660.0229929392435,3014.0,2823.2861
T000487,1981-12-31,3184.0,3703.229846647031,3560.567256357126,2883.0,2796.496
T000487,1982-01-31,2780.0,3331.725418226314,3325.973190678696,2574.0,2754.6257
T000487,1982-02-28,3348.0,3979.167793363292,3819.45585310905,3224.0,2841.2637
T000487,1982-03-31,3745.0,3992.4593931801246,3868.8041193520858,3289.0,2899.0889
T000487,1982-04-30,3275.0,4202.1119525714275,4108.712613702843,3605.0,2962.42
T000487,1982-05-31,4538.0,4574.740188665031,4319.771352403825,3883.0,3132.7812
T000487,1982-06-30,2863.0,3703.337693452034,3616.748359464582,2957.0,3186.2073
T000488,1982-12-31,151.0,150.10351199853645,150.20382488834417,149.9,150.24313
T000488,1983-01-31,157.6,156.27770081258694,156.18601080705102,156.8,154.34744
T000488,1983-02-28,158.5,154.81765898300438,154.7844156724935,153.4,155.0204
T000488,1983-03-31,156.3,154.7231116994166,155.08470832252203,154.3,155.68776
T000488,1983-04-30,158.6,155.56011328851957,155.95445020731353,154.5,157.38364
T000488,1983-05-31,163.0,157.99042365939,158.40263074031418,156.8,159.27463
T000488,1983-06-30,145.4,142.3726312408037,142.9541906852778,140.9,144.02908
T000488,1983-07-31,156.4,147.54115404085226,148.09495600748903,146.6,149.34514
T000488,1983-08-31,166.1,155.19857731348495,155.6598598767797,153.2,157.25296
T000488,1983-09-30,167.1,156.33100027483417,156.81305434814976,154.2,158.64178
T000488,1983-10-31,168.4,159.85043119446095,160.24113624033242,157.4,161.34244
T000488,1983-11-30,160.2,153.49209907474773,153.87056101380267,150.6,155.90753
T000489,1981-03-31,4.02,2.823541182227591,2.823541182227591,3.3,2.7032225
T000489,1981-04-30,3.46,2.823541182227591,2.823541182227591,2.94,2.7239292
T000489,1981-05-31,3.51,2.823541182227591,2.823541182227591,2.87,2.70682
T000489,1981-06-30,3.86,2.823541182227591,2.823541182227591,3.08,2.6855102
T000489,1981-07-31,3.5,2.823541182227591,2.823541182227591,3.0,2.660906
T000489,1981-08-31,3.49,2.823541182227591,2.823541182227591,2.84,2.6409395
T000489,1981-09-30,3.7,2.823541182227591,2.823541182227591,3.29,2.6535327
T000489,1981-10-31,3.7,2.823541182227591,2.823541182227591,3.32,2.6770325
T000489,1981-11-30,3.78,2.823541182227591,2.823541182227591,3.35,2.7009156
T000489,1981-12-31,3.54,2.823541182227591,2.823541182227591,3.53,2.732134
T000489,1982-01-31,3.36,2.823541182227591,2.823541182227591,3.07,2.7771187
T000489,1982-02-28,3.29,2.823541182227591,2.823541182227591,2.3,2.8221714
T000490,1975-12-31,118.0,117.52014686497972,120.43178576673029,114.0,119.97969
T000490,1976-01-31,125.0,124.61702004235056,124.82400319914633,119.0,125.47418
T000490,1976-02-29,138.0,133.51848381637737,131.8719408633871,130.0,136.35947
T000490,1976-03-31,130.0,123.74167720968477,121.14963110708844,118.0,127.22795
T000490,1976-04-30,130.0,123.34308965892735,117.57481555354423,116.0,126.73504
T000490,1976-05-31,135.0,126.37538762673526,121.57481555354423,120.0,127.93707
T000490,1976-06-30,137.0,126.46597315612016,122.0997540713923,120.0,127.88756
T000490,1976-07-31,134.0,122.49422345816292,116.57481555354423,115.0,125.79879
T000490,1976-08-31,141.0,128.27312670729438,121.52493851784807,121.0,129.18349
T000490,1976-09-30,143.0,128.85977452488078,121.52493851784807,121.0,129.59502
T000490,1976-10-31,146.0,128.97833230946898,124.0997540713923,122.0,129.6647
T000490,1976-11-30,154.0,134.2612940342136,128.04987703569614,127.0,133.33948
T000491,1975-12-31,119.0,121.36630801749041,122.1176834670953,120.0,121.65527
T000491,1976-01-31,132.0,135.66541846485316,134.31408912180495,132.0,130.7728
T000491,1976-02-29,153.0,148.13962135326867,148.10462566298148,148.0,144.513
T000491,1976-03-31,141.0,135.3279258182047,134.80727481403926,133.0,133.0798
T000491,1976-04-30,142.0,130.66239379605886,130.02961334288022,125.0,129.3516
T000491,1976-05-31,149.0,137.2876407071857,136.3780534504204,133.0,130.73859
T000491,1976-06-30,149.0,136.77930569748347,135.06423687847064,131.0,128.55609
T000491,1976-07-31,144.0,131.80783413929544,131.378555094371,127.0,128.34312
T000491,1976-08-31,159.0,146.90894629613925,144.39264673640503,140.0,134.69662
T000491,1976-09-30,156.0,137.05909755059164,135.77250249136847,131.0,125.91751
T000491,1976-10-31,156.0,134.6642066852349,134.01076006831642,130.0,122.298386
T000491,1976-11-30,164.0,138.01932380250517,136.87296871836026,131.0,123.56418
T000492,1975-12-31,96.0,97.06991523495618,96.43638359637907,97.0,96.764854
T000492,1976-01-31,106.0,102.3090953724117,102.30935478051452,100.0,101.20439
T000492,1976-02-29,109.0,106.71980016898233,107.00042521542372,104.0,109.289276
T000492,1976-03-31,114.0,109.0721291134842,108.88606913332399,108.0,110.85334
T000492,1976-04-30,114.0,115.33079435304376,114.9187811821571,113.0,117.38493
T000492,1976-05-31,115.0,115.54088430814983,115.16578624210047,115.0,119.54535
T000492,1976-06-30,99.0,102.32974287254281,102.06954855414148,101.0,101.76494
T000492,1976-07-31,95.0,98.9848445253506,98.5698391759395,97.0,99.2754
T000492,1976-08-31,106.0,110.31988972905008,109.69522918088423,110.0,111.062614
T000492,1976-09-30,110.0,112.41627189288415,111.67937701911985,110.0,112.80397
T000492,1976-10-31,117.0,119.95470557863504,118.98746202084884,119.0,119.57335
T000492,1976-11-30,138.0,129.22528502825318,128.42612439191225,124.0,128.07895
T000493,1975-12-31,108.0,109.36696606696007,105.10227413227197,108.0,105.05266
T000493,1976-01-31,112.0,109.86398183392657,105.21299099010137,107.0,106.1812
T000493,1976-02-29,114.0,109.46089476587808,105.81608909728814,106.0,110.07884
T000493,1976-03-31,118.0,113.67668709873789,109.8178763348247,111.0,113.83843
T000493,1976-04-30,120.0,118.93776672117889,114.02093179556523,115.0,119.01186
T000493,1976-05-31,120.0,118.21255799373716,114.79315408721016,116.0,115.293396
T000493,1976-06-30,107.0,106.13962045809315,101.50282028367683,103.0,103.38837
T000493,1976-07-31,107.0,109.65561010721004,105.5846362267674,107.0,106.95965
T000493,1976-08-31,119.0,118.16511014834629,114.07091922933465,116.0,114.180786
T000493,1976-09-30,124.0,122.43509073105008,117.74074548295567,120.0,119.08811
T000493,1976-10-31,127.0,126.87091015864343,122.95085968170858,124.0,123.69966
T000493,1976-11-30,122.0,115.93669969735711,110.80111113115021,111.0,116.686676
T000494,1973-05-31,150.0,150.98307951359627,150.82814982006408,141.0,152.58574
T000494,1973-06-30,156.0,154.31354783888085,153.58738394827589,145.0,153.57433
T000494,1973-07-31,157.0,152.21432357007913,151.3747939253267,144.0,152.69887
T000494,1973-08-31,158.0,156.04106067865462,154.46035375035726,146.0,158.01932
T000494,1973-09-30,158.0,155.89271897727588,154.0737697799143,146.0,158.139
T000494,1973-10-31,161.0,157.2002678966137,154.8906214139937,148.0,157.96623
T000494,1973-11-30,142.0,138.23658499771204,135.6463918702263,129.0,141.85606
T000494,1973-12-31,95.0,99.11801087636213,95.9836824964782,91.0,97.21355
T000494,1974-01-31,153.0,149.76432660380073,146.6205236833307,142.0,149.31299
T000494,1974-02-28,160.0,158.07390310131336,154.53223088445844,151.0,156.3898
T000494,1974-03-31,167.0,162.70839238996285,159.006808588441,156.0,162.50685
T000494,1974-04-30,167.0,163.52370025176648,159.454408803595,158.0,163.09296
T000495,1981-12-31,120.7,114.1,114.1,128.6,115.40456
T000495,1982-01-31,119.8,114.1,114.1,132.2,117.38956
T000495,1982-02-28,116.8,114.1,114.1,133.1,118.91869
T000495,1982-03-31,110.1,114.1,114.1,129.6,121.07494
T000495,1982-04-30,109.6,114.1,114.1,128.3,122.54582
T000495,1982-05-31,113.6,114.1,114.1,132.5,123.23253
T000495,1982-06-30,118.4,114.1,114.1,131.4,123.45352
T000495,1982-07-31,119.2,114.1,114.1,130.2,123.80167
T000495,1982-08-31,131.2,114.1,114.1,129.1,123.76764
T000495,1982-09-30,133.7,114.1,114.1,122.6,124.2272
T000495,1982-10-31,132.8,114.1,114.1,115.1,125.74933
T000495,1982-11-30,132.4,114.1,114.1,114.1,127.29998
T000496,1981-12-31,82.3,79.97926467201748,80.02442668182547,88.0,80.73092
T000496,1982-01-31,81.3,79.97926467201748,79.94736170668844,87.5,81.347046
T000496,1982-02-28,80.2,79.97926467201748,79.91353532318882,86.6,81.76202
T000496,1982-03-31,76.8,79.97926467201748,79.89868779720665,84.6,82.04329
T000496,1982-04-30,73.0,79.97926467201748,79.89217072369821,84.7,82.06479
T000496,1982-05-31,74.6,79.97926467201748,79.88931016314656,85.2,81.87884
T000496,1982-06-30,75.2,79.97926467201748,79.88805456787682,84.9,81.877
T000496,1982-07-31,77.4,79.97926467201748,79.88750344530735,85.0,82.1297
T000496,1982-08-31,79.3,79.97926467201748,79.88726153926173,83.3,82.15634
T000496,1982-09-30,80.7,79.97926467201748,79.88715535864394,80.9,82.25552
T000496,1982-10-31,79.5,79.97926467201748,79.88710875243547,80.6,82.46264
T000496,1982-11-30,74.7,79.97926467201748,79.88708829541879,80.2,82.93419
T000497,1981-12-31,82.2,81.5,81.5,95.6,83.94382
T000497,1982-01-31,78.6,81.5,81.5,96.5,85.69619
T000497,1982-02-28,76.1,81.5,81.5,96.6,87.248825
T000497,1982-03-31,72.1,81.5,81.5,94.2,88.461975
T000497,1982-04-30,69.0,81.5,81.5,93.0,88.27829
T000497,1982-05-31,71.4,81.5,81.5,91.7,88.04233
T000497,1982-06-30,73.1,81.5,81.5,89.0,88.47857
T000497,1982-07-31,75.8,81.5,81.5,90.1,89.47632
T000497,1982-08-31,76.8,81.5,81.5,89.6,90.5328
T000497,1982-09-30,77.9,81.5,81.5,85.3,91.74688
T000497,1982-10-31,77.3,81.5,81.5,80.4,92.83503
T000497,1982-11-30,74.2,81.5,81.5,81.5,93.491554
T000498,1981-12-31,73.2,74.13100305679077,71.6,74.8,72.92343
T000498,1982-01-31,72.1,76.80168564223706,71.6,76.9,73.332405
T000498,1982-02-28,72.6,78.70927257371861,71.6,79.1,73.63769
T000498,1982-03-31,71.5,77.28933037995843,71.6,77.3,73.76598
T000498,1982-04-30,68.8,73.5831028476752,71.6,73.4,73.6602
T000498,1982-05-31,71.3,72.76103272189751,71.6,75.5,73.6942
T000498,1982-06-30,72.5,73.52957958033404,71.6,78.1,74.07064
T000498,1982-07-31,72.6,74.84048814526876,71.6,77.9,74.09877
T000498,1982-08-31,73.9,72.54572716243163,71.6,76.8,74.25922
T000498,1982-09-30,73.3,70.51590258568254,71.6,73.8,74.48606
T000498,1982-10-31,74.9,69.65871123698705,71.6,71.2,74.61323
T000498,1982-11-30,74.8,70.35863472338075,71.6,71.6,75.12521
T000499,1981-12-31,78.7,76.48231770796082,76.48231770796082,95.6,77.66615
T000499,1982-01-31,73.9,76.48231770796082,76.48231770796082,96.1,79.019714
T000499,1982-02-28,71.1,76.48231770796082,76.48231770796082,94.9,80.12981
T000499,1982-03-31,66.4,76.48231770796082,76.48231770796082,91.0,80.41271
T000499,1982-04-30,63.0,76.48231770796082,76.48231770796082,88.4,80.711044
T000499,1982-05-31,63.8,76.48231770796082,76.48231770796082,88.7,80.89707
T000499,1982-06-30,65.8,76.48231770796082,76.48231770796082,87.5,81.53623
T000499,1982-07-31,67.7,76.48231770796082,76.48231770796082,86.9,82.473236
T000499,1982-08-31,70.3,76.48231770796082,76.48231770796082,86.7,83.078606
T000499,1982-09-30,73.5,76.48231770796082,76.48231770796082,82.0,83.58542
T000499,1982-10-31,72.2,76.48231770796082,76.48231770796082,78.4,84.08229
T000499,1982-11-30,69.3,76.48231770796082,76.48231770796082,76.8,84.6913
T000500,1981-11-30,78.7,80.39006691274126,76.8,95.6,75.57012
T000500,1981-12-31,73.9,83.32936011985716,76.8,96.1,76.11469
T000500,1982-01-31,71.1,83.55743498170351,76.8,94.9,76.51991
T000500,1982-02-28,66.4,81.22033657204645,76.8,91.0,76.39748
T000500,1982-03-31,63.0,78.98941181051366,76.8,88.4,76.23535
T000500,1982-04-30,63.8,79.11316442789787,76.8,88.7,76.19511
T000500,1982-05-31,65.8,78.43332084875857,76.8,87.5,76.49368
T000500,1982-06-30,67.7,78.50540409651887,76.8,86.9,76.41919
T000500,1982-07-31,70.3,78.26169040101703,76.8,86.7,76.422806
T000500,1982-08-31,73.5,74.09863967537676,76.8,82.0,76.71109
T000500,1982-09-30,72.2,71.1789101680355,76.8,78.4,76.97066
T000500,1982-10-31,69.3,70.03083461455083,76.8,76.8,77.33205
T000501,1981-12-31,86.9,83.62798506742222,83.20526954955182,104.4,85.74692
T000501,1982-01-31,83.5,83.62798506742222,83.51056223923071,106.4,88.11825
T000501,1982-02-28,82.0,83.62798506742222,83.66454921320022,107.9,90.981995
T000501,1982-03-31,79.2,83.62798506742222,83.74221890184303,103.1,93.29265
T000501,1982-04-30,76.9,83.62798506742222,83.78139481639192,99.3,94.182655
T000501,1982-05-31,80.9,83.62798506742222,83.80115480651882,99.2,94.68009
T000501,1982-06-30,78.6,83.62798506742222,83.81112157345487,92.8,95.374405
T000501,1982-07-31,78.1,83.62798506742222,83.81614872389976,90.6,96.58682
T000501,1982-08-31,80.8,83.62798506742222,83.81868437480418,89.5,97.54393
T000501,1982-09-30,80.7,83.62798506742222,83.81996333503812,84.8,98.1199
T000501,1982-10-31,80.0,83.62798506742222,83.82060843144204,81.4,98.594925
T000501,1982-11-30,77.1,83.62798506742222,83.82093381245022,82.6,98.92417
T000502,1981-12-31,70.9,67.1312357727501,67.1312357727501,86.6,68.38123
T000502,1982-01-31,69.6,67.1312357727501,67.1312357727501,91.3,68.64994
T000502,1982-02-28,67.1,67.1312357727501,67.1312357727501,97.8,69.19867
T000502,1982-03-31,61.6,67.1312357727501,67.1312357727501,90.1,69.3806
T000502,1982-04-30,55.4,67.1312357727501,67.1312357727501,87.9,69.626076
T000502,1982-05-31,55.7,67.1312357727501,67.1312357727501,88.1,70.001495
T000502,1982-06-30,60.1,67.1312357727501,67.1312357727501,84.4,70.592636
T000502,1982-07-31,60.6,67.1312357727501,67.1312357727501,84.5,71.672195
T000502,1982-08-31,62.6,67.1312357727501,67.1312357727501,81.8,72.561844
T000502,1982-09-30,61.7,67.1312357727501,67.1312357727501,76.6,73.36301
T000502,1982-10-31,59.3,67.1312357727501,67.1312357727501,72.3,74.399895
T000502,1982-11-30,57.8,67.1312357727501,67.1312357727501,68.4,75.49486
T000503,1981-12-31,96.4,96.22993740431065,91.9063500606384,97.4,93.66546
T000503,1982-01-31,93.8,98.92854130145335,91.64873386253485,102.4,93.81447
T000503,1982-02-28,90.6,101.01395474919266,91.57446976582072,106.2,94.22956
T000503,1982-03-31,85.7,100.995550761598,91.55306134468353,104.5,93.99732
T000503,1982-04-30,80.7,100.8186727699582,91.54688984976382,103.8,93.84509
T000503,1982-05-31,81.7,101.5624296427397,91.54511076716356,108.3,93.46431
T000503,1982-06-30,85.6,99.03133499287654,91.54459790359653,104.8,93.139244
T000503,1982-07-31,86.6,96.68255476265631,91.54445005827537,101.9,92.872894
T000503,1982-08-31,88.6,94.77745521802291,91.54440743828754,100.2,92.87204
T000503,1982-09-30,85.8,95.29036089649921,91.54439515204575,98.8,93.51374
T000503,1982-10-31,83.3,94.16354589924912,91.54439161023954,95.9,93.91861
T000503,1982-11-30,83.2,92.79548532637006,91.54439058922829,92.8,94.622604
T000504,1981-12-31,70.6,71.5806890995118,65.37352318043982,92.8,68.25708
T000504,1982-01-31,67.2,74.25794573921917,64.3997262689042,92.3,72.17192
T000504,1982-02-28,65.2,75.48761814491583,63.91001112779747,91.9,75.16368
T000504,1982-03-31,62.7,73.13440540284198,62.40558748002667,86.7,77.09651
T000504,1982-04-30,59.6,71.85939445817982,61.81064753544502,83.8,77.35438
T000504,1982-05-31,63.5,71.87525915532795,62.30833959115954,85.2,77.395386
T000504,1982-06-30,63.5,68.2591346428448,61.24583978365207,80.8,77.884254
T000504,1982-07-31,63.0,67.90870091026488,60.539728855728654,78.5,79.08564
T000504,1982-08-31,67.0,66.47464449895217,59.98930682560032,76.9,80.11039
T000504,1982-09-30,69.0,63.92038354165418,58.93485331873781,72.7,81.21408
T000504,1982-10-31,70.0,61.29372643529248,57.757031489195,68.0,82.45355
T000504,1982-11-30,69.8,61.45303607500819,57.06431422214389,66.4,84.025986
T000505,1981-12-31,97.1,91.25567958399114,91.25567958399114,113.3,94.22414
T000505,1982-01-31,91.8,91.82029189503648,91.82029189503648,114.1,95.56376
T000505,1982-02-28,91.1,91.54170990233217,91.54170990233217,113.8,97.19012
T000505,1982-03-31,88.4,91.67916338172127,91.67916338172127,111.0,99.02653
T000505,1982-04-30,85.1,91.6113432803114,91.6113432803114,107.2,100.07905
T000505,1982-05-31,85.6,91.64480599202803,91.64480599202803,108.9,101.09402
T000505,1982-06-30,87.8,91.62829535503174,91.62829535503174,110.0,102.209816
T000505,1982-07-31,86.1,91.63644176995267,91.63644176995267,107.1,103.24016
T000505,1982-08-31,89.7,91.63242229595666,91.63242229595666,108.9,103.912155
T000505,1982-09-30,91.4,91.63440552064645,91.63440552064645,99.7,104.46419
T000505,1982-10-31,93.1,91.63342698958141,91.63342698958141,92.3,104.638435
T000505,1982-11-30,90.7,91.63390980075766,91.63390980075766,92.4,105.23422
T000506,1981-12-31,66.9,63.21712796720093,67.47728243157508,102.2,62.239285
T000506,1982-01-31,59.9,62.91999052458241,65.93798029598453,100.6,63.85922
T000506,1982-02-28,56.1,64.16425356554747,70.18401020536359,107.3,65.6519
T000506,1982-03-31,51.1,62.84570616392779,67.60110215192566,100.2,66.71593
T000506,1982-04-30,45.7,62.52999763114561,66.98269978510446,98.5,68.49871
T000506,1982-05-31,48.1,61.91715165574491,64.36856938584651,95.2,68.17566
T000506,1982-06-30,46.3,60.580033163961566,58.31027335699373,88.0,67.51953
T000506,1982-07-31,46.9,59.93004500823355,56.39311094677518,84.5,66.97778
T000506,1982-08-31,47.1,59.37291230332382,52.76059027821577,81.5,66.2065
T000506,1982-09-30,43.6,57.29295020499418,46.81524101456539,70.3,66.398056
T000506,1982-10-31,39.8,55.51012554928305,40.73821544758721,60.7,66.40048
T000506,1982-11-30,37.3,55.82583408206523,43.044322276032084,62.4,67.98659
T000507,1981-12-31,108.1,113.61197626002638,102.33325614700016,110.3,104.42445
T000507,1982-01-31,104.5,120.57752757150465,102.1086503805716,124.1,104.65419
T000507,1982-02-28,106.5,119.59825220184464,101.88453758927365,126.3,104.87038
T000507,1982-03-31,101.7,121.01468369360724,101.66091669110165,128.5,104.93317
T000507,1982-04-30,96.5,120.36017956495729,101.43778660642582,127.2,104.61604
T000507,1982-05-31,101.0,117.74031016290915,101.21514625798598,129.5,103.84421
T000507,1982-06-30,99.1,115.88143316568593,100.99299457088637,127.7,103.555405
T000507,1982-07-31,95.6,120.8567096696141,100.77133047259046,135.9,103.69802
T000507,1982-08-31,93.0,116.78201793459672,100.5501528929158,129.0,103.71554
T000507,1982-09-30,91.0,111.64800359461252,100.3294607640288,119.5,103.951706
T000507,1982-10-31,86.0,106.71847506424363,100.10925302043958,107.9,104.60299
T000507,1982-11-30,80.4,104.36596220952113,99.8895285989969,103.1,106.32495
T000508,1981-12-31,73.2,76.32803253089793,71.02311655550575,86.2,71.27832
T000508,1982-01-31,70.9,81.8149362712752,72.5128798339432,94.0,75.15097
T000508,1982-02-28,67.3,83.4440163381134,72.16917179765908,94.1,78.52326
T000508,1982-03-31,63.4,81.22725115006133,70.67783329422073,89.2,81.0187
T000508,1982-04-30,60.5,80.28552690635766,70.55514446859189,88.5,81.81103
T000508,1982-05-31,63.4,79.87289876580019,70.292134003065,87.7,82.08858
T000508,1982-06-30,63.3,75.65353351170933,69.15260373950464,83.1,82.190544
T000508,1982-07-31,66.5,75.27898658952006,68.29421193530118,80.5,83.16221
T000508,1982-08-31,66.7,74.46860565981136,67.96057618294586,79.9,83.53598
T000508,1982-09-30,68.8,71.13288548503435,66.95186613513961,75.4,83.50112
T000508,1982-10-31,70.2,67.6898228899479,65.72990439973036,69.9,83.22308
T000508,1982-11-30,67.8,67.267779994009,65.48480918281658,69.1,84.11826
T000509,1981-12-31,83.1,75.20925543545358,75.20925543545358,112.8,80.34631
T000509,1982-01-31,79.4,75.20925543545358,75.20925543545358,113.5,85.553345
T000509,1982-02-28,77.2,75.20925543545358,75.20925543545358,113.0,94.115425
T000509,1982-03-31,73.3,75.20925543545358,75.20925543545358,106.1,100.58464
T000509,1982-04-30,67.1,75.20925543545358,75.20925543545358,101.8,102.70798
T000509,1982-05-31,71.5,75.20925543545358,75.20925543545358,102.4,102.77353
T000509,1982-06-30,74.5,75.20925543545358,75.20925543545358,95.8,103.35349
T000509,1982-07-31,74.5,75.20925543545358,75.20925543545358,94.9,104.80887
T000509,1982-08-31,77.3,75.20925543545358,75.20925543545358,90.5,105.749535
T000509,1982-09-30,78.9,75.20925543545358,75.20925543545358,81.4,106.26991
T000509,1982-10-31,78.6,75.20925543545358,75.20925543545358,73.5,106.39482
T000509,1982-11-30,78.6,75.20925543545358,75.20925543545358,74.4,105.63484
T000510,1981-12-31,82.4,79.35522492957674,75.92007931156385,83.0,76.80506
T000510,1982-01-31,88.1,84.39517314545252,75.9738958708732,85.6,76.8284
T000510,1982-02-28,86.7,82.76115931419636,75.98705577234381,83.7,77.070755
T000510,1982-03-31,81.8,82.2816258228361,75.99027379685036,82.9,77.06763
T000510,1982-04-30,77.9,82.34571784595627,75.99106070864813,82.7,77.00617
T000510,1982-05-31,80.3,82.96886373671181,75.99125313421115,84.5,77.03679
T000510,1982-06-30,86.1,80.82028757562617,75.9913001885283,82.3,77.20816
T000510,1982-07-31,92.1,80.8249680055318,75.99131169484133,82.2,77.35525
T000510,1982-08-31,96.9,79.86351872491151,75.9913145085096,81.5,77.52182
T000510,1982-09-30,96.8,77.47913659551017,75.99131519654313,77.8,78.06542
T000510,1982-10-31,99.8,76.78318736345913,75.99131536478973,74.8,78.79473
T000510,1982-11-30,102.6,76.80913400438477,75.9913154059315,75.7,79.156044
T000511,1981-12-31,102.6,110.7276183026127,101.07367615952943,114.2,104.74328
T000511,1982-01-31,99.6,111.50824917539235,100.94751000396667,115.4,106.57957
T000511,1982-02-28,97.9,113.03765287265874,100.82150133648008,117.0,107.73704
T000511,1982-03-31,91.8,111.99544414665716,100.6956499604837,112.6,108.51099
T000511,1982-04-30,88.7,110.62495319989193,100.56995567963698,110.5,108.12384
T000511,1982-05-31,94.5,107.74120833280323,100.44441829784441,111.1,107.13386
T000511,1982-06-30,95.7,103.3107472570437,100.31903761925531,106.9,105.917534
T000511,1982-07-31,101.6,103.69394667182233,100.19381344826346,106.2,105.530594
T000511,1982-08-31,102.1,100.50626404425293,100.06874558950676,105.2,105.38578
T000511,1982-09-30,101.7,98.77562371559675,99.94383384786704,99.7,105.92171
T000511,1982-10-31,99.1,100.44800629311968,99.81907802846965,99.4,106.910065
T000511,1982-11-30,92.1,100.80483399252051,99.6944779366832,101.2,107.89569
T000512,1982-03-31,4003.0,3995.933417734706,4033.0224824334273,3672.0,3992.6135
T000512,1982-04-30,4703.0,4610.381407690053,4648.02140220648,4260.0,4700.7744
T000512,1982-05-31,5097.0,5257.121189630757,5183.185755094169,4846.0,5092.743
T000512,1982-06-30,5217.0,5214.07347963505,5247.688789962903,4896.0,5618.807
T000512,1982-07-31,5339.0,5454.115430705415,5410.69999301952,5061.0,5560.7227
T000512,1982-08-31,5185.0,5294.226013592286,5267.070128758942,4931.0,5337.125
T000512,1982-09-30,5123.0,4905.657551989396,4938.161086393834,4602.0,5126.253
T000512,1982-10-31,5156.0,5036.774210929311,5023.250761352038,4692.0,5059.468
T000512,1982-11-30,5292.0,5334.242077761039,5361.033829112791,5036.0,5606.909
T000512,1982-12-31,5630.0,5287.2107461325595,5321.576387784637,5000.0,5735.366
T000512,1983-01-31,6836.0,6629.94061891609,6613.8550880479015,6297.0,6862.619
T000512,1983-02-28,4488.0,4529.809607268717,4555.146569449172,4243.0,4720.5537
T000513,1974-10-31,161.0,158.76650116299194,162.0,148.0,160.0377
T000513,1974-11-30,164.0,160.48552887377514,163.23570709799745,150.0,160.47983
T000513,1974-12-31,171.0,163.25283030843877,165.0892677449936,153.0,162.70273
T000513,1975-01-31,171.0,164.78142877220208,166.94282839198976,156.0,164.47299
T000513,1975-02-28,172.0,166.7311754138195,166.94282839198976,156.0,165.56644
T000513,1975-03-31,175.0,167.2166470122421,167.56068194098847,157.0,165.88518
T000513,1975-04-30,165.0,169.43567379651026,168.7963890389859,159.0,167.57507
T000513,1975-05-31,171.0,161.33843126180776,164.47141419599487,152.0,161.9259
T000513,1975-06-30,176.0,166.19438409715355,166.32497484299103,155.0,165.89554
T000513,1975-07-31,179.0,170.37040398179823,168.17853548998715,158.0,169.12022
T000513,1975-08-31,176.0,170.19123162918882,171.26780323498073,163.0,170.35492
T000513,1975-09-30,173.0,170.55833121236554,170.64994968598202,162.0,170.4569
T000514,1983-02-28,618.5,660.5,693.9219165338875,440.3,639.90796
T000514,1983-03-31,596.7,679.3300000000002,755.6449803739454,459.13,635.68005
T000514,1983-04-30,590.4,653.9200000000001,784.1616844035318,433.72,627.39075
T000514,1983-05-31,576.1,648.7,830.0681038488058,428.5,615.84314
T000514,1983-06-30,527.4,635.4100000000001,864.6463425827043,415.21,604.8478
T000514,1983-07-31,508.3,630.8000000000002,912.9095972447534,410.6,603.1609
T000514,1983-08-31,497.4,632.4000000000001,960.4331214531782,412.2,613.1152
T000514,1983-09-30,529.3,704.6000000000001,1050.9950317955345,484.4,629.5326
T000514,1983-10-31,536.4,712.0000000000002,1111.4599497651877,491.8,644.8362
T000514,1983-11-30,558.8,749.7000000000002,1177.5264662669995,529.5,659.1665
T000514,1983-12-31,571.1,819.1000000000001,1277.7388502411518,598.9,672.51935
T000514,1984-01-31,562.0,858.8000000000002,1354.1350004226188,638.6,681.79846
T000515,1983-02-28,1087.3,1063.94,1063.94,733.25,1050.4998
T000515,1983-03-31,1110.5,1097.63,1097.63,766.94,1056.9587
T000515,1983-04-30,1005.2,1083.7700000000002,1083.7700000000002,753.08,1045.1511
T000515,1983-05-31,943.9,1075.5600000000002,1075.5600000000002,744.87,1017.2511
T000515,1983-06-30,900.4,1071.5600000000002,1071.5600000000002,740.87,1012.47534
T000515,1983-07-31,889.1,1073.69,1073.69,743.0,990.61584
T000515,1983-08-31,952.2,1139.59,1139.59,808.9,1038.8433
T000515,1983-09-30,1099.8,1332.19,1332.19,1001.5,1167.5831
T000515,1983-10-31,1048.8,1350.39,1350.39,1019.7,1176.5917
T000515,1983-11-30,1067.2,1398.1900000000003,1398.1900000000003,1067.5,1193.7656
T000515,1983-12-31,1045.0,1490.0900000000001,1490.0900000000001,1159.4,1217.8103
T000515,1984-01-31,1032.6,1420.0900000000001,1420.0900000000001,1089.4,1198.5645
T000516,1983-02-28,4.58,5.286346237106918,5.230946180951677,4.82,5.233982
T000516,1983-03-31,5.19,5.287600472287059,5.263962805252787,4.88,5.288303
T000516,1983-04-30,4.0,4.668590972526505,4.651779357479343,3.94,4.634228
T000516,1983-05-31,4.83,4.898932671484054,4.870316506312459,4.44,4.7813544
T000516,1983-06-30,5.33,5.395820468602812,5.373747006261051,4.76,5.5266037
T000516,1983-07-31,5.39,5.816351469817704,5.792198875008194,4.82,5.68093
T000516,1983-08-31,5.64,5.469098182413565,5.437979626640696,5.02,5.4656706
T000516,1983-09-30,5.59,5.47387509133502,5.448484475558559,4.89,5.4657183
T000516,1983-10-31,4.74,5.117051262923368,5.095072971045215,4.47,5.040949
T000516,1983-11-30,5.33,5.512696150630113,5.496063081981624,4.85,5.4013286
T000516,1983-12-31,5.24,5.907892568971248,5.866381473279403,5.68,5.742938
T000516,1984-01-31,5.39,5.507126457637366,5.482389429517807,4.92,5.5643587
T000517,1982-12-31,394.9,359.7082740741919,401.1,429.4,393.04745
T000517,1983-01-31,450.5,376.0511544898922,401.1,407.1,387.38293
T000517,1983-02-28,403.4,389.9866565186318,401.1,421.2,381.94513
T000517,1983-03-31,433.4,380.13760807964655,401.1,411.7,377.95248
T000517,1983-04-30,377.5,374.0750847047355,401.1,363.3,371.0393
T000517,1983-05-31,227.9,365.01493684184584,401.1,361.9,367.56873
T000517,1983-06-30,345.4,325.4729543535434,401.1,280.0,364.76028
T000517,1983-07-31,285.4,312.1918722534617,401.1,220.7,365.62402
T000517,1983-08-31,317.6,376.0542621916925,401.1,304.3,367.93063
T000517,1983-09-30,285.7,371.5342180624309,401.1,321.7,372.3191
T000517,1983-10-31,344.2,387.0143744133088,401.1,301.8,375.56006
T000517,1983-11-30,372.0,427.2365239208799,401.1,401.1,378.8804
T000518,1974-12-31,158.0,158.1269096980064,155.8342813374485,155.0,152.0994
T000518,1975-01-31,162.0,162.93033473167165,158.8316003490849,159.0,157.99068
T000518,1975-02-28,167.0,164.56428741803182,161.70090823600756,158.0,163.0982
T000518,1975-03-31,172.0,169.59346113889376,167.58531889475435,166.0,168.1279
T000518,1975-04-30,171.0,172.06975647225028,167.78008431354462,167.0,170.41475
T000518,1975-05-31,171.0,170.33472850358402,168.53834020976635,165.0,167.82918
T000518,1975-06-30,155.0,156.01967578861468,152.6401602585559,149.0,150.86948
T000518,1975-07-31,142.0,152.10979847913697,149.6925356909264,145.0,147.18437
T000518,1975-08-31,165.0,171.46422806860576,168.22107363366004,166.0,168.91487
T000518,1975-09-30,168.0,174.4285651724521,170.7164851041787,169.0,170.79532
T000518,1975-10-31,171.0,180.33823184275116,177.35015360994961,173.0,178.44461
T000518,1975-11-30,159.0,169.15239144186023,165.24011239794473,161.0,167.76427
T000519,1974-12-31,195.0,192.4083276557984,192.83749598425985,175.0,193.50647
T000519,1975-01-31,200.0,196.22113418023272,195.8813606121121,182.0,196.11732
T000519,1975-02-28,205.0,200.03754007599466,199.80242849566008,182.0,199.81589
T000519,1975-03-31,208.0,200.46306824734035,200.20037180823618,185.0,202.8461
T000519,1975-04-30,216.0,202.93952472418115,202.26009684044018,191.0,203.7791
T000519,1975-05-31,216.0,199.78419687851107,199.25008637582104,191.0,201.23572
T000519,1975-06-30,210.0,198.2415236494538,197.2377319407239,188.0,199.98618
T000519,1975-07-31,169.0,150.41349815490133,149.74766559787605,139.0,149.25851
T000519,1975-08-31,217.0,198.00145455076904,197.74460205485238,189.0,199.8875
T000519,1975-09-30,213.0,198.3164877529523,197.74119805824486,190.0,199.37167
T000519,1975-10-31,220.0,206.395117187217,205.23979267248617,199.0,204.05309
T000519,1975-11-30,217.0,200.8949615484461,199.74062577259448,193.0,202.54118
T000520,1974-12-31,175.0,178.63509157605094,178.63509157605094,165.0,178.04733
T000520,1975-01-31,177.0,181.17514392070115,181.17514392070115,167.0,179.88939
T000520,1975-02-28,183.0,182.17815104388407,182.17815104388407,167.0,181.9259
T000520,1975-03-31,186.0,184.59305076156687,184.59305076156687,170.0,183.93605
T000520,1975-04-30,183.0,187.16974533500235,187.16974533500235,173.0,187.2871
T000520,1975-05-31,183.0,184.70010612687335,184.70010612687335,171.0,184.80225
T000520,1975-06-30,153.0,166.69710655141043,166.69710655141043,150.0,168.40411
T000520,1975-07-31,169.0,168.63550957905377,168.63550957905377,153.0,169.57484
T000520,1975-08-31,184.0,183.75641346969817,183.75641346969817,171.0,185.15291
T000520,1975-09-30,192.0,192.0025391841612,192.0025391841612,180.0,191.54796
T000520,1975-10-31,194.0,193.12459134357067,193.12459134357067,181.0,191.73505
T000520,1975-11-30,195.0,192.66837689146192,192.66837689146192,181.0,191.44525
T000521,1974-12-31,149.0,152.6137771241882,152.57912097754215,148.0,152.22127
T000521,1975-01-31,157.0,158.19167809598088,158.1257204206731,153.0,158.8963
T000521,1975-02-28,157.0,158.08652401907665,157.99618379643906,150.0,161.4958
T000521,1975-03-31,162.0,161.98499104710632,161.88671797221826,156.0,163.43555
T000521,1975-04-30,157.0,163.2990512339296,163.18229196212351,155.0,165.13298
T000521,1975-05-31,156.0,159.3170356868928,159.18195754409658,152.0,160.87344
T000521,1975-06-30,125.0,130.58738420809584,130.40463979737018,115.0,133.54024
T000521,1975-07-31,143.0,146.23122906553198,146.0475497330641,133.0,147.43277
T000521,1975-08-31,159.0,162.80975884323198,162.6352271994058,156.0,161.52884
T000521,1975-09-30,155.0,165.27707224457464,165.08843991242213,158.0,163.50597
T000521,1975-10-31,158.0,168.16460676629765,167.95883412605411,161.0,166.45201
T000521,1975-11-30,158.0,161.95501861911868,161.74052956189902,158.0,159.83583
T000522,1974-12-31,120.0,122.82904328284114,122.98268148090581,125.0,121.68309
T000522,1975-01-31,121.0,123.43139738275073,124.59061083146761,129.0,121.63188
T000522,1975-02-28,119.0,124.78646814252346,124.65608090678579,121.0,123.82347
T000522,1975-03-31,122.0,128.6826567074909,129.40814947525774,130.0,126.61389
T000522,1975-04-30,125.0,130.48143216101113,130.89467010289707,132.0,127.51748
T000522,1975-05-31,124.0,128.44076442208984,129.40523685880527,129.0,123.96406
T000522,1975-06-30,119.0,125.10384652793391,125.01745747534711,124.0,119.157616
T000522,1975-07-31,111.0,121.29341334698445,121.65905423626715,116.0,115.24176
T000522,1975-08-31,119.0,126.6754956915649,126.46995130941036,125.0,118.89108
T000522,1975-09-30,121.0,126.5791680809736,126.82925061021415,125.0,120.19882
T000522,1975-10-31,121.0,128.24393560405906,126.86019120603838,127.0,121.40129
T000522,1975-11-30,117.0,124.49602424172917,124.25195270873512,121.0,118.116554
T000523,1974-12-31,135.0,134.54809622852895,134.4419069391189,135.0,133.09985
T000523,1975-01-31,140.0,140.90021921968068,140.64593019643507,139.0,136.87859
T000523,1975-02-28,146.0,141.33156237456737,140.72572895803268,139.0,138.04129
T000523,1975-03-31,132.0,136.00505788909078,134.75631031944698,129.0,133.29091
T000523,1975-04-30,136.0,138.8763617615702,138.12572313805993,137.0,134.39127
T000523,1975-05-31,136.0,138.51763152757292,136.98857665241547,131.0,133.48181
T000523,1975-06-30,121.0,126.00193370358754,123.88385366371926,116.0,119.85269
T000523,1975-07-31,114.0,118.00778634804615,116.7919164328543,113.0,111.48244
T000523,1975-08-31,135.0,140.70619599215084,138.85668347924533,133.0,135.41289
T000523,1975-09-30,136.0,143.5936517621407,142.0468271589448,138.0,137.53897
T000523,1975-10-31,138.0,145.95415169053695,144.29000764753422,140.0,138.32033
T000523,1975-11-30,131.0,137.8018817225914,136.2530400194401,133.0,131.05142
T000524,1982-12-31,141.9,139.1285023095565,138.8941434347845,143.7,139.67175
T000524,1983-01-31,150.3,146.07010313054556,144.5946650178026,151.7,144.16193
T000524,1983-02-28,152.6,145.48303108162074,144.09323328225003,149.3,146.03079
T000524,1983-03-31,152.3,147.27067171032132,147.9692782334444,152.8,147.9281
T000524,1983-04-30,156.5,149.276880030503,150.4336834685823,153.5,150.16454
T000524,1983-05-31,162.4,152.82443368969655,154.24542389915388,156.5,153.54118
T000524,1983-06-30,141.1,134.82671996100132,136.07465979406106,138.0,137.8212
T000524,1983-07-31,154.5,141.0466309089786,141.92843573946794,144.8,143.5593
T000524,1983-08-31,165.3,148.610628375784,150.799188796122,151.0,150.29488
T000524,1983-09-30,165.7,148.56007846079726,151.5836088818294,150.9,150.30798
T000524,1983-10-31,164.4,150.52144658022178,153.62867786424692,152.4,151.27948
T000524,1983-11-30,151.6,140.21449528959562,143.16946205059006,141.7,142.47093
T000525,1981-12-31,162.0,162.4520898864696,162.4520898864696,150.0,161.19139
T000525,1982-01-31,166.0,165.4520898864696,165.4520898864696,153.0,163.21176
T000525,1982-02-28,166.0,167.83419165216748,167.83419165216748,155.0,165.95253
T000525,1982-03-31,173.0,178.36259871495906,178.36259871495906,164.0,176.57242
T000525,1982-04-30,175.0,178.74470048065697,178.74470048065697,164.0,176.96852
T000525,1982-05-31,174.0,183.50890401205277,183.50890401205277,168.0,180.15742
T000525,1982-06-30,150.0,164.74470048065697,164.74470048065697,150.0,160.36919
T000525,1982-07-31,159.0,170.50890401205277,170.50890401205277,155.0,166.21027
T000525,1982-08-31,164.0,176.74470048065697,176.74470048065697,162.0,170.9816
T000525,1982-09-30,174.0,188.50890401205277,188.50890401205277,173.0,185.35645
T000525,1982-10-31,174.0,190.50890401205277,190.50890401205277,175.0,184.66199
T000525,1982-11-30,174.0,192.74470048065697,192.74470048065697,178.0,186.55624
T000526,1982-12-31,159.7,165.31682646768493,166.82952383240794,151.1,167.72331
T000526,1983-01-31,161.5,169.01230855556608,170.21367840638786,157.1,168.13615
T000526,1983-02-28,165.0,170.20871941551397,170.8657844040107,155.6,167.68712
T000526,1983-03-31,160.4,168.37757797341732,168.38956224784894,147.8,167.5664
T000526,1983-04-30,164.9,169.88377986740196,170.5870106751818,156.7,168.9028
T000526,1983-05-31,168.3,171.30163801209574,171.97350640951763,160.7,169.31807
T000526,1983-06-30,167.0,164.51525876481733,167.6203093451825,155.9,169.31573
T000526,1983-07-31,166.5,166.92301815633166,168.99145807662896,157.4,169.63242
T000526,1983-08-31,171.3,173.08456767032155,173.95889414071985,166.4,171.97017
T000526,1983-09-30,169.6,173.9341525566002,174.3463012547999,165.7,172.23788
T000526,1983-10-31,172.6,175.8812666301725,176.16289977956276,169.3,172.18358
T000526,1983-11-30,172.3,175.95592372574433,176.07895224265135,167.2,172.20918
T000527,1982-12-31,2476.9,2459.7000000000007,2452.32742184958,2004.4,2463.582
T000527,1983-01-31,2576.4,2490.000000000001,2486.4566374137207,2034.7,2485.8848
T000527,1983-02-28,2596.1,2532.8000000000006,2525.461633213781,2077.5,2504.637
T000527,1983-03-31,2604.9,2594.4000000000005,2570.5494528531394,2139.1,2530.3477
T000527,1983-04-30,2681.3,2591.0000000000005,2594.2393257086615,2135.7,2556.1626
T000527,1983-05-31,2731.5,2631.4000000000005,2634.6867851318025,2176.1,2576.9614
T000527,1983-06-30,2789.7,2621.3000000000006,2654.2268934106505,2166.0,2610.0476
T000527,1983-07-31,2948.3,2682.100000000001,2696.3032642696085,2226.8,2642.2158
T000527,1983-08-31,2943.0,2694.2000000000007,2724.0245655884264,2238.9,2673.6611
T000527,1983-09-30,2948.5,2703.200000000001,2751.5901619805777,2247.9,2694.6724
T000527,1983-10-31,3007.5,2801.8000000000006,2809.004465486343,2346.5,2723.81
T000527,1983-11-30,3037.3,2868.3000000000006,2852.891770300694,2413.0,2752.3677
T000528,1982-12-31,2.04,2.578325457568921,2.79,3.39,2.7352579
T000528,1983-01-31,2.19,2.750476220931795,2.79,3.72,2.842771
T000528,1983-02-28,2.26,3.0189086024045704,2.79,4.45,2.939142
T000528,1983-03-31,2.29,3.1411982738853865,2.79,4.97,2.962401
T000528,1983-04-30,2.17,3.0889674843098707,2.79,4.29,2.901377
T000528,1983-05-31,2.08,2.5387502406943456,2.79,3.16,2.8492453
T000528,1983-06-30,2.92,2.7723495314086652,2.79,3.89,2.8765154
T000528,1983-07-31,1.02,3.3141625539893353,2.79,3.64,3.033605
T000528,1983-08-31,0.82,3.414631925409842,2.79,3.17,3.1313004
T000528,1983-09-30,1.12,3.536773235999184,2.79,3.4,3.1160412
T000528,1983-10-31,1.28,2.9136551384601317,2.79,3.35,2.9858806
T000528,1983-11-30,0.84,2.798492801714076,2.79,2.79,2.875423
T000529,1982-12-31,53.89,53.24937393871159,53.306059874648646,51.41,52.790943
T000529,1983-01-31,54.25,54.94846670225049,53.66386586987233,52.01,53.807995
T000529,1983-02-28,55.93,56.35172021993527,53.93834964358431,52.68,54.419674
T000529,1983-03-31,53.57,54.34649320022366,53.65390212327427,52.02,54.50499
T000529,1983-04-30,52.11,54.47367951105567,52.94297186072822,50.39,54.754784
T000529,1983-05-31,53.99,55.87697227325266,53.38759190019394,51.41,55.13917
T000529,1983-06-30,55.53,55.542759412694664,53.45730068142534,51.57,55.556053
T000529,1983-07-31,56.81,57.712605897701266,53.65341373519371,52.02,55.886494
T000529,1983-08-31,58.83,57.69228903475156,54.26353182531858,53.42,55.931854
T000529,1983-09-30,54.46,55.121088816876764,53.21325614359958,51.01,55.13053
T000529,1983-10-31,53.49,54.82131798314414,52.7687410555808,49.99,54.9655
T000529,1983-11-30,56.64,56.746755592354575,54.09357027935014,53.03,55.17289
T000530,1983-01-31,138.5,90.47065373807922,92.9245500565662,81.4,88.487305
T000530,1983-02-28,119.1,84.92021295985039,92.9245500565662,73.6,80.981255
T000530,1983-03-31,152.0,84.92021295985039,92.9245500565662,39.0,74.70008
T000530,1983-04-30,164.9,84.92021295985039,92.9245500565662,45.4,69.827194
T000530,1983-05-31,118.3,84.92021295985039,92.9245500565662,37.8,67.248055
T000530,1983-06-30,146.9,84.92021295985039,92.9245500565662,56.4,65.898254
T000530,1983-07-31,193.6,84.92021295985039,92.9245500565662,60.5,66.08143
T000530,1983-08-31,271.0,84.92021295985039,92.9245500565662,92.4,67.66966
T000530,1983-09-30,269.9,84.92021295985039,92.9245500565662,51.3,69.027565
T000530,1983-10-31,297.1,84.92021295985039,92.9245500565662,29.2,71.27712
T000530,1983-11-30,282.3,84.92021295985039,92.9245500565662,98.8,73.638176
T000530,1983-12-31,301.4,84.92021295985039,92.9245500565662,112.5,73.68948
T000531,1983-01-31,440.2,452.0632108779872,439.8292896812493,371.7,446.5645
T000531,1983-02-28,449.0,460.5869655349355,451.00126458711327,397.5,447.63464
T000531,1983-03-31,439.2,439.65630445996106,431.16884401778884,351.7,446.2782
T000531,1983-04-30,446.2,447.90007130627845,439.6560807679801,371.3,448.2738
T000531,1983-05-31,447.8,456.5801131851137,444.85234816605634,383.3,452.2749
T000531,1983-06-30,461.4,464.34977268901525,446.8875528969695,388.0,456.8318
T000531,1983-07-31,465.2,465.4484875786182,448.6629442579789,392.1,460.7413
T000531,1983-08-31,490.7,467.58072045423876,449.39908213937304,393.8,465.94876
T000531,1983-09-30,542.3,488.57299982735805,462.43305286288097,423.9,471.86884
T000531,1983-10-31,525.1,488.32582002860477,460.1813369903813,418.7,476.55737
T000531,1983-11-30,550.1,501.5346388117074,462.5196573195156,424.1,482.3716
T000531,1983-12-31,547.0,509.26540286765186,466.8931823795631,434.2,486.34305
T000532,1982-12-31,122.5,122.43303491484302,121.8,107.0,124.06565
T000532,1983-01-31,124.3,122.68518119424203,121.8,108.3,124.99917
T000532,1983-02-28,124.8,122.76355084233722,121.8,109.3,125.56739
T000532,1983-03-31,125.3,122.70008007896413,121.8,111.2,126.33211
T000532,1983-04-30,126.3,122.69345802367765,121.8,111.7,127.084076
T000532,1983-05-31,127.1,122.66519651295143,121.8,112.3,127.84466
T000532,1983-06-30,128.4,122.63050564265271,121.8,112.9,128.71324
T000532,1983-07-31,127.5,122.52068844302848,121.8,114.6,129.50829
T000532,1983-08-31,129.2,122.40311921149244,121.8,116.4,130.56308
T000532,1983-09-30,129.3,122.27188939667994,121.8,118.4,131.26736
T000532,1983-10-31,129.8,122.16676648658526,121.8,120.0,131.8938
T000532,1983-11-30,129.7,122.04839212388616,121.8,121.8,132.42847
T000533,1982-12-31,4246.0,4465.181122223762,4489.911094480716,4966.0,4485.103
T000533,1983-01-31,4378.0,4525.566558102862,4500.772927483129,4876.0,4466.472
T000533,1983-02-28,4308.0,4326.896871180617,4443.945467609814,4981.0,4448.0786
T000533,1983-03-31,4377.0,4320.505638858462,4442.67551096257,4902.0,4422.2524
T000533,1983-04-30,4268.0,4273.095831296123,4421.764780676114,4876.0,4385.647
T000533,1983-05-31,4301.0,4263.073985959072,4399.952813721196,4880.0,4351.959
T000533,1983-06-30,4251.0,4172.025019029542,4350.888480544454,4877.0,4324.124
T000533,1983-07-31,4264.0,4113.440808224628,4303.092565132614,4912.0,4295.539
T000533,1983-08-31,4332.0,4116.306620450967,4305.534551950444,4833.0,4263.0864
T000533,1983-09-30,4163.0,4061.228008473993,4272.021149132552,4924.0,4230.929
T000533,1983-10-31,4342.0,4146.500728582917,4276.956298265117,4557.0,4196.4507
T000533,1983-11-30,4417.0,4158.838290791173,4271.910794098027,4478.0,4157.3896
T000534,1982-12-31,79197.0,79356.06302532015,79436.37036531624,77283.0,79500.695
T000534,1983-01-31,79949.0,79463.30957559317,79623.28279627662,77350.0,79600.016
T000534,1983-02-28,80488.0,79558.98234572035,79835.10884543562,77778.0,79674.05
T000534,1983-03-31,80575.0,79752.68372203805,79899.48842125558,77860.0,79770.73
T000534,1983-04-30,80687.0,79851.24714196807,80002.5307568484,78063.0,79884.57
T000534,1983-05-31,81047.0,79951.5994889519,80100.55058088907,78264.0,79976.64
T000534,1983-06-30,81041.0,80156.83540730314,80124.22416028593,78306.0,80108.38
T000534,1983-07-31,81044.0,80280.17988605447,80185.22151697706,78476.0,80265.72
T000534,1983-08-31,81512.0,80329.59772945022,80206.83642084931,78508.0,80395.11
T000534,1983-09-30,81873.0,80473.34571190919,80211.40173724949,78479.0,80463.195
T000534,1983-10-31,82008.0,80711.09833182277,80310.17145859385,78938.0,80557.234
T000534,1983-11-30,82035.0,80899.00120379122,80381.52263297136,79266.0,80629.9
T000535,1984-12-31,114.0,114.61127866858804,115.7055670111129,115.0,115.25923
T000535,1985-01-31,110.0,115.40444910520796,116.26215415380584,122.0,115.5396
T000535,1985-02-28,105.0,114.56534855554236,115.69744435838906,124.0,115.42191
T000535,1985-03-31,106.0,114.03195398077055,115.4223173536275,123.0,115.42867
T000535,1985-04-30,100.0,114.23868542767084,115.6372979949987,124.0,115.037994
T000535,1985-05-31,101.0,114.42255995586798,115.5688976313109,123.0,114.964005
T000535,1985-06-30,96.0,114.2368412617096,115.48800136595217,124.0,114.73833
T000535,1985-07-31,98.0,114.14214757871112,115.40721331339104,118.0,114.48303
T000535,1985-08-31,94.0,114.19841284627412,115.40540124518226,118.0,114.34647
T000535,1985-09-30,102.0,114.23829073805817,115.33315066408649,121.0,114.15458
T000535,1985-10-31,100.0,114.19594592970607,115.29414003470909,117.0,113.923164
T000535,1985-11-30,95.0,114.17954461161516,115.23243999008741,114.0,113.51477
T000536,1982-12-31,86868.0,87444.083327039,87442.45927238201,85596.0,87618.8
T000536,1983-01-31,87708.0,87491.04447790363,87433.69960056878,85567.0,87737.96
T000536,1983-02-28,88247.0,87715.34861029021,87621.57945807993,86189.0,87846.87
T000536,1983-03-31,88339.0,87899.64973453345,87604.36217210222,86132.0,87948.34
T000536,1983-04-30,88314.0,88004.85874528463,87667.19016303842,86340.0,88102.65
T000536,1983-05-31,88842.0,88095.29574933222,87725.78934689239,86534.0,88198.35
T000536,1983-06-30,88818.0,88343.56028729395,87756.29716941429,86635.0,88359.89
T000536,1983-07-31,88722.0,88550.87507307477,87861.1111735242,86982.0,88526.74
T000536,1983-08-31,89182.0,88567.22128173843,87836.94656162566,86902.0,88702.45
T000536,1983-09-30,89450.0,88761.45499318182,87874.70376771713,87027.0,88808.55
T000536,1983-10-31,89932.0,88905.61416651438,87866.54821120137,87000.0,88932.19
T000536,1983-11-30,90103.0,89125.03080599992,87966.52929293158,87331.0,89075.07
T000537,1984-12-31,2481.0,2399.460032434567,2350.492604103826,2494.0,2395.2207
T000537,1985-01-31,2289.0,2447.8066660176,2370.5335923446323,2390.0,2394.871
T000537,1985-02-28,2365.0,2453.0028829859007,2352.709258638129,2334.0,2395.097
T000537,1985-03-31,2084.0,2465.081886600491,2353.9364994810594,2249.0,2392.752
T000537,1985-04-30,2266.0,2467.9686761268817,2341.802665698427,2221.0,2396.47
T000537,1985-05-31,2067.0,2463.067537865784,2338.939986135846,2254.0,2389.424
T000537,1985-06-30,2123.0,2461.568465115528,2324.031052627836,2252.0,2392.8418
T000537,1985-07-31,2051.0,2439.6027707777007,2295.490436908992,2382.0,2395.839
T000537,1985-08-31,1874.0,2426.2378032991014,2287.4956368627622,2481.0,2399.7253
T000537,1985-09-30,1677.0,2423.325407149587,2271.9966397772328,2485.0,2398.8186
T000537,1985-10-31,1724.0,2431.933816145896,2271.9731521570166,2421.0,2399.2827
T000537,1985-11-30,1526.0,2436.7854883926448,2241.4697980445544,2366.0,2395.2615
T000538,1974-12-31,6.07,6.426007246127571,6.33019951190535,5.3,6.4198346
T000538,1975-01-31,8.03,6.355748762167977,6.35726677934008,5.69,6.488843
T000538,1975-02-28,9.37,6.437912063975904,6.346770621127121,5.81,6.5331764
T000538,1975-03-31,8.06,6.356618647218286,6.350840826495916,5.7,6.5937586
T000538,1975-04-30,7.44,6.412565967151166,6.349262480265986,5.88,6.6300287
T000538,1975-05-31,7.49,6.387241763115461,6.349874532139494,6.11,6.664293
T000538,1975-06-30,8.56,6.385825402046428,6.3496371903644375,6.05,6.691263
T000538,1975-07-31,8.63,6.405294311318132,6.349729226874127,6.26,6.729357
T000538,1975-08-31,7.94,6.378412431836283,6.349693536911356,6.09,6.7565846
T000538,1975-09-30,9.5,6.403664830096496,6.349707376782586,6.19,6.780571
T000538,1975-10-31,8.21,6.3857714896529485,6.349702009950547,6.22,6.8046417
T000538,1975-11-30,8.97,6.394220713307828,6.349704091103302,6.4,6.8155546
T000539,1982-12-31,1109.0,1113.175826946179,1112.6566445702556,1086.0,1113.6327
T000539,1983-01-31,1104.0,1115.6958302189612,1114.9770268203872,1085.0,1114.7739
T000539,1983-02-28,1101.0,1117.3027744680362,1117.2828268255141,1089.0,1115.8064
T000539,1983-03-31,1102.0,1119.0676095081692,1119.5741362265155,1095.0,1117.084
T000539,1983-04-30,1098.0,1120.5620286401938,1121.851046088361,1093.0,1118.5662
T000539,1983-05-31,1099.0,1121.1290950591736,1124.1136469037306,1094.0,1119.408
T000539,1983-06-30,1105.0,1123.3714708352672,1126.3620285966103,1096.0,1121.4513
T000539,1983-07-31,1091.0,1126.6216754856873,1128.5962805258669,1098.0,1123.3271
T000539,1983-08-31,1096.0,1127.0354139615183,1130.8164914887984,1100.0,1125.1709
T000539,1983-09-30,1092.0,1128.2663566906608,1133.0227497246644,1105.0,1126.3354
T000539,1983-10-31,1090.0,1128.5191278773516,1135.2151429181922,1105.0,1127.9081
T000539,1983-11-30,1089.0,1131.8321325258175,1137.3937582030617,1111.0,1128.8364
T000540,1982-12-31,40707.0,39389.664848432425,39417.0,34886.0,39968.617
T000540,1983-01-31,41242.0,39853.066986832404,39417.0,35345.0,40164.156
T000540,1983-02-28,41979.0,40345.70214896234,39417.0,36450.0,40333.766
T000540,1983-03-31,41185.0,40440.342234125514,39417.0,36296.0,40538.402
T000540,1983-04-30,41723.0,40773.11175805364,39417.0,37141.0,40766.75
T000540,1983-05-31,41167.0,40788.225048133514,39417.0,36822.0,40932.008
T000540,1983-06-30,42767.0,41013.531244262056,39417.0,37342.0,41194.74
T000540,1983-07-31,42355.0,41518.058230541006,39417.0,37969.0,41466.562
T000540,1983-08-31,42529.0,41658.16947805367,39417.0,37746.0,41743.508
T000540,1983-09-30,42970.0,42021.826660446495,39417.0,39106.0,41932.043
T000540,1983-10-31,42976.0,41996.53123604518,39417.0,38713.0,42167.816
T000540,1983-11-30,42116.0,42167.32395367372,39417.0,39417.0,42349.402
T000541,1984-12-31,870.0,611.274096884362,420.7992615300572,529.0,597.62384
T000541,1985-01-31,761.0,580.3247155606125,405.1465325021643,674.0,573.33954
T000541,1985-02-28,652.0,591.054190713563,419.25932415719063,870.0,578.7292
T000541,1985-03-31,304.0,587.3345158078342,-7.788291856924058,478.0,580.8537
T000541,1985-04-30,696.0,588.624045929958,285.27963810098123,696.0,582.86615
T000541,1985-05-31,565.0,588.1769939756855,152.48843523740766,370.0,579.8113
T000541,1985-06-30,739.0,588.331977133031,295.5530074557271,696.0,581.49554
T000541,1985-07-31,348.0,588.2782478542946,318.8706061655656,761.0,581.2666
T000541,1985-08-31,739.0,588.2968746227963,103.62209614073737,304.0,580.986
T000541,1985-09-30,652.0,588.2904171286148,462.01801730812525,1000.0,581.3006
T000541,1985-10-31,565.0,588.2926558009374,78.53011649914771,283.0,578.3095
T000541,1985-11-30,435.0,588.2918797020936,239.8003774444429,522.0,581.48376
T000542,1981-12-31,2.93,3.025301321035222,3.0175065200901257,3.08,3.0215075
T000542,1982-01-31,2.74,2.928985378011763,2.9228237734695712,2.97,2.9015203
T000542,1982-02-28,2.65,2.79809684349961,2.7896398353677423,2.82,2.7383912
T000542,1982-03-31,2.51,2.554224973061246,2.5596505712908892,2.56,2.5338237
T000542,1982-04-30,2.14,2.007681458333577,2.0511146876533384,2.04,2.0151012
T000542,1982-05-31,1.87,1.753244360144836,1.8308973903698522,1.87,1.6671386
T000542,1982-06-30,1.87,1.7132431417748084,1.7755961946989711,1.82,1.5814545
T000542,1982-07-31,2.1,1.9778045308909478,2.0339438387341584,2.04,1.8202753
T000542,1982-08-31,2.23,2.0800386738342893,2.128890138606767,2.12,1.9122452
T000542,1982-09-30,2.43,2.290367118223486,2.335029636132909,2.3,2.1015
T000542,1982-10-31,2.68,2.5598539178695585,2.615844094040462,2.55,2.4033024
T000542,1982-11-30,3.03,2.98728201445134,3.0154353129521443,2.97,2.8047094
T000543,1979-12-31,243.0,240.8902428866892,241.1949987168236,243.0,236.80536
T000543,1980-01-31,238.0,237.7229780727533,238.27825342020054,248.0,232.28471
T000543,1980-02-29,232.0,235.7661250565013,236.54584943898186,249.0,228.76479
T000543,1980-03-31,224.0,234.73782374133157,235.70170144431648,247.0,224.46222
T000543,1980-04-30,219.0,230.50508161355452,231.3045295034379,257.0,221.59103
T000543,1980-05-31,215.0,226.9134988582218,227.49952822026148,265.0,217.05692
T000543,1980-06-30,215.0,227.53393016102424,228.13580686985154,258.0,214.59671
T000543,1980-07-31,217.0,225.2082641531507,225.5151469020795,262.0,211.91245
T000543,1980-08-31,217.0,223.50801964815537,223.48665759200964,264.0,208.97345
T000543,1980-09-30,219.0,223.25391249720357,222.93859492619526,261.0,206.45538
T000543,1980-10-31,218.0,224.16649993098466,223.57487357578532,254.0,203.83542
T000543,1980-11-30,219.0,225.6914946054015,224.80332288307756,245.0,201.43594
T000544,1974-12-31,58.0,57.342372806471,56.99313722613691,34.0,58.40204
T000544,1975-01-31,62.0,56.10257167862838,56.79107369631236,33.0,59.00938
T000544,1975-02-28,66.0,55.579454300115835,56.58972656274308,33.0,59.4446
T000544,1975-03-31,74.0,56.02969428513135,56.38909328551703,34.0,59.778824
T000544,1975-04-30,79.0,52.51076391945623,56.18917133372715,30.0,60.017387
T000544,1975-05-31,84.0,45.54710264351394,55.98995818543949,20.0,60.35968
T000544,1975-06-30,84.0,50.474010947865764,55.79145132766135,26.0,60.550945
T000544,1975-07-31,79.0,54.41607798627133,55.59364825630959,31.0,61.258392
T000544,1975-08-31,88.0,56.74382736111366,55.396546476179076,36.0,61.028168
T000544,1975-09-30,86.0,64.45275742959825,55.200143500911146,47.0,60.710014
T000544,1975-10-31,92.0,66.58404958777356,55.0044368529623,50.0,60.60823
T000544,1975-11-30,90.0,70.11262667324098,54.80942406357291,55.0,60.79766
T000545,1970-12-31,157.0,157.0,156.26829267476077,150.0,156.47682
T000545,1971-01-31,157.0,157.0,156.26829267476077,150.0,156.98933
T000545,1971-02-28,158.0,157.0,156.26829267476077,150.0,157.418
T000545,1971-03-31,160.0,159.0,157.53658534952154,152.0,157.88889
T000545,1971-04-30,160.0,160.0,158.17073168690195,153.0,158.3865
T000545,1971-05-31,160.0,160.0,158.17073168690195,153.0,158.67438
T000545,1971-06-30,161.0,160.0,158.17073168690195,153.0,158.98001
T000545,1971-07-31,162.0,160.0,158.17073168690195,153.0,159.37405
T000545,1971-08-31,162.0,159.99999999999997,158.17073168690195,153.0,159.82317
T000545,1971-09-30,164.0,161.0,158.80487802428235,154.0,160.26479
T000545,1971-10-31,165.0,162.0,159.43902436166275,155.0,160.70088
T000545,1971-11-30,165.0,162.0,159.43902436166275,155.0,161.08397
T000546,1971-05-31,15700.0,16554.931445897324,16620.0,16620.0,16669.596
T000546,1971-06-30,16000.0,17221.77962158586,17263.0,17263.0,17054.496
T000546,1971-07-31,24300.0,19711.23876310004,19621.0,19621.0,17872.129
T000546,1971-08-31,39500.0,42767.8541634188,42770.0,42770.0,42466.766
T000546,1971-09-30,15500.0,16824.550912776,16915.0,16915.0,16990.523
T000546,1971-10-31,33900.0,32380.510777697196,32604.0,32604.0,34115.746
T000546,1971-11-30,52000.0,50244.13878142547,50303.0,50303.0,46605.62
T000546,1971-12-31,33500.0,33609.04713734726,33622.0,33622.0,36215.895
T000546,1972-01-31,37300.0,32313.707946991402,32397.0,32397.0,31974.984
T000546,1972-02-29,29100.0,31922.06393053257,31917.0,31917.0,31465.84
T000546,1972-03-31,16900.0,17433.30996028919,17461.0,17461.0,18081.512
T000546,1972-04-30,32000.0,28274.819504122777,28253.0,28253.0,27713.283
T000547,1981-12-31,18.1,17.66062245451992,17.522548674443062,17.63,17.578154
T000547,1982-01-31,16.77,16.171138336736725,16.09353634541955,16.53,16.635462
T000547,1982-02-28,19.51,18.826491127538333,18.753821342865006,19.63,18.457558
T000547,1982-03-31,19.48,19.40525924362297,19.308995119910815,19.24,19.309958
T000547,1982-04-30,22.49,20.3131770333837,20.20930043433332,20.42,19.957525
T000547,1982-05-31,21.1,19.17879624362543,19.14602512722576,20.33,19.096733
T000547,1982-06-30,19.8,18.84534110623728,18.763828854279982,19.2,18.817207
T000547,1982-07-31,19.6,16.89320063277252,16.849090010745737,17.92,17.055223
T000547,1982-08-31,18.41,16.846566891407697,16.845030224545745,18.31,17.222755
T000547,1982-09-30,18.6,16.98943151918944,16.926681403513907,17.84,17.257963
T000547,1982-10-31,18.23,16.73191274091457,16.721518796737445,17.85,17.156239
T000547,1982-11-30,18.2,16.997275016929894,16.97357371502299,17.97,17.182661
T000548,1981-09-30,9.7,10.447667896130184,10.447667896130184,10.4,9.981873
T000548,1981-10-31,10.2,10.634936619572661,10.634936619572661,10.3,10.40374
T000548,1981-11-30,10.5,10.998358879900783,10.998358879900783,10.9,10.871744
T000548,1981-12-31,11.0,12.224653388474309,12.224653388474309,11.2,11.342699
T000548,1982-01-31,10.5,11.43636103820166,11.43636103820166,12.0,11.23463
T000548,1982-02-28,10.6,11.239706884658155,11.239706884658155,12.2,11.036826
T000548,1982-03-31,10.8,11.063642028151241,11.063642028151241,10.9,10.770703
T000548,1982-04-30,9.9,10.36250045261841,10.36250045261841,10.2,10.394726
T000548,1982-05-31,9.4,10.160102670608373,10.160102670608373,10.4,10.075952
T000548,1982-06-30,9.5,10.059515837971928,10.059515837971928,10.3,9.879802
T000548,1982-07-31,9.2,9.942340787529432,9.942340787529432,9.3,9.791646
T000548,1982-08-31,9.4,9.64083477542398,9.64083477542398,9.4,9.819904
T000549,1981-12-31,8.4,8.950826688748785,8.853699943256986,8.5,8.855059
T000549,1982-01-31,8.4,8.805554715592908,9.017040045394412,9.3,8.987017
T000549,1982-02-28,8.2,8.867472905850764,9.204820079440218,9.7,8.925455
T000549,1982-03-31,7.9,8.536604588402248,8.441479977302794,8.3,8.69415
T000549,1982-04-30,7.4,7.836965941793822,7.741479977302794,7.6,8.282513
T000549,1982-05-31,7.1,7.76296459825692,7.858520022697205,8.0,7.8470163
T000549,1982-06-30,6.6,7.685202078503709,7.85241003972011,8.1,7.4925866
T000549,1982-07-31,6.6,6.996283151049463,6.876849971628493,6.7,7.234028
T000549,1982-08-31,6.9,7.337026639484292,7.241479977302794,7.1,7.213717
T000549,1982-09-30,7.2,7.25925666263208,7.235369994325699,7.2,7.357185
T000549,1982-10-31,7.7,7.940743333086707,7.964630005674302,8.0,7.6980314
T000549,1982-11-30,8.7,9.129593329170127,8.79517992055978,8.3,8.21591
T000550,1981-09-30,13.0,12.312718311265048,11.87154181347485,13.4,12.336689
T000550,1981-10-31,12.9,12.67473114066885,11.843151683116112,14.0,13.032366
T000550,1981-11-30,12.8,12.704182223777229,11.814829446171258,13.8,14.020243
T000550,1981-12-31,12.9,12.704182223777229,11.786574940276974,13.6,14.211558
T000550,1982-01-31,11.8,12.704182223777229,11.75838800345823,12.1,13.989221
T000550,1982-02-28,13.6,12.704182223777229,11.730268474127346,12.8,13.42533
T000550,1982-03-31,12.5,12.704182223777229,11.702216191083076,12.2,12.996031
T000550,1982-04-30,13.4,12.704182223777229,11.674230993509676,11.8,12.80068
T000550,1982-05-31,11.4,12.704182223777229,11.64631272097598,12.3,12.696924
T000550,1982-06-30,10.6,12.704182223777229,11.618461213434486,12.2,12.775865
T000550,1982-07-31,11.0,12.704182223777229,11.59067631122044,11.7,12.9435215
T000550,1982-08-31,11.1,12.704182223777229,11.562957855050914,11.9,13.111371
T000551,1981-12-31,170.0,175.77736992584153,175.77736992584153,196.0,170.25728
T000551,1982-01-31,166.0,172.64172971950978,172.64172971950978,181.0,162.278
T000551,1982-02-28,171.0,176.72579049064308,176.72579049064308,201.0,161.80278
T000551,1982-03-31,145.0,167.05332563042532,167.05332563042532,174.0,158.17374
T000551,1982-04-30,150.0,170.28919034827751,170.28919034827751,179.0,154.53705
T000551,1982-05-31,162.0,171.74277575740317,171.74277575740317,177.0,151.73863
T000551,1982-06-30,151.0,164.16119937689496,164.16119937689496,155.0,146.0073
T000551,1982-07-31,144.0,159.8619608708207,159.8619608708207,132.0,136.9749
T000551,1982-08-31,168.0,171.7123983291543,171.7123983291543,175.0,139.97343
T000551,1982-09-30,172.0,158.55730960205523,158.55730960205523,135.0,142.86957
T000551,1982-10-31,172.0,173.4199969901832,173.4199969901832,182.0,147.17499
T000551,1982-11-30,168.0,170.90551276036697,170.90551276036697,184.0,154.8163
T000552,1981-12-31,55.19,32.97246838635443,33.721966039739016,46.04,47.31849
T000552,1982-01-31,48.09,34.79645648551063,30.404458204745602,34.37,42.53508
T000552,1982-02-28,44.04,34.25177582402195,34.51182723172087,30.81,35.5771
T000552,1982-03-31,44.83,36.227215770386884,32.01335398595282,30.54,32.54448
T000552,1982-04-30,40.99,33.932715387057996,34.0171934070323,31.42,31.681263
T000552,1982-05-31,49.44,38.425132404254,34.42410827677108,32.36,31.865997
T000552,1982-06-30,84.82,56.577808748664616,56.483950409797124,54.57,52.113815
T000552,1982-07-31,141.32,122.24080935424959,118.45467502139051,116.13,108.40914
T000552,1982-08-31,88.62,69.80395778523457,69.61502066619911,76.51,86.75268
T000552,1982-09-30,73.59,72.66623387945667,68.99263952789677,63.7,52.32643
T000552,1982-10-31,38.51,40.598910802278304,40.16059496573955,37.78,42.31368
T000552,1982-11-30,55.9,67.70992522502343,64.16263774599898,55.52,40.86833
T000553,1981-12-31,47.53,34.24263807799794,40.32,40.32,40.77649
T000553,1982-01-31,38.98,29.04403784533493,30.43,30.43,37.976074
T000553,1982-02-28,37.5,30.07815456870756,27.53,27.53,32.050056
T000553,1982-03-31,35.98,27.583542803771856,25.74,25.74,28.545803
T000553,1982-04-30,33.52,29.122082387482852,26.77,26.77,27.759163
T000553,1982-05-31,39.28,28.427365181067238,26.01,26.01,26.790836
T000553,1982-06-30,58.16,39.28676121352744,37.77,37.77,36.94673
T000553,1982-07-31,93.13,74.7867746337977,72.87,72.87,68.834946
T000553,1982-08-31,64.41,51.00486038915206,52.66,52.66,59.074326
T000553,1982-09-30,60.48,58.7281431464382,54.61,54.61,43.352097
T000553,1982-10-31,31.17,33.186603230730334,31.0,31.0,35.194115
T000553,1982-11-30,56.83,53.53446328761656,47.2,47.2,34.189842
T000554,1981-12-31,38.09,33.892514089429184,39.44116924677537,26.8,34.27957
T000554,1982-01-31,38.07,32.266339822690426,28.643836588795313,26.88,31.826725
T000554,1982-02-28,39.29,32.67974501305969,32.9989155493184,28.59,32.659256
T000554,1982-03-31,42.14,34.352950221347186,34.15708091929239,30.46,31.640907
T000554,1982-04-30,42.04,39.86090690130753,39.71937681630997,35.9,34.59931
T000554,1982-05-31,62.89,48.58074211178315,49.54518101438993,45.81,47.942974
T000554,1982-06-30,145.86,139.0482844263458,135.852867733049,132.15,117.968124
T000554,1982-07-31,105.1,108.8294021217748,109.6482770063829,105.99,110.95537
T000554,1982-08-31,62.55,52.384844054569164,52.577332558849356,48.96,52.015938
T000554,1982-09-30,55.32,44.669924997372,44.37607381660989,40.8,44.553673
T000554,1982-10-31,80.01,79.32704533925266,75.76547745398999,72.23,53.236984
T000554,1982-11-30,53.02,51.06237214914807,55.715294327815194,52.22,66.94273
T000555,1981-12-31,31.5,28.99875420524497,31.930726917538397,22.58,27.79039
T000555,1982-01-31,29.04,26.952058600470522,25.617771680715673,21.8,25.82153
T000555,1982-02-28,31.16,28.62561947172915,27.15551096509938,23.92,26.88477
T000555,1982-03-31,33.16,30.580782346134733,28.512052715765307,25.77,26.060226
T000555,1982-04-30,33.36,35.04470574496014,32.51385338116293,30.19,28.164936
T000555,1982-05-31,42.78,37.69406305293154,35.239434980623685,33.27,33.918705
T000555,1982-06-30,85.85,89.1405306038703,84.83907007746039,83.17,72.71924
T000555,1982-07-31,75.03,80.13383373514267,77.43451479783883,76.02,74.76526
T000555,1982-08-31,45.97,44.224914404916156,40.67878256780535,39.48,40.032673
T000555,1982-09-30,44.0,38.47223525117405,34.595952358412674,33.58,35.14617
T000555,1982-10-31,67.48,69.59787316289635,63.65100617600227,62.79,42.02965
T000555,1982-11-30,51.17,47.629072819633066,44.68969133736972,43.96,50.37
T000556,1982-11-30,1.64,1.405343792687243,1.66,1.46,1.5581386
T000556,1982-12-31,1.73,1.2864351061053734,1.66,1.4,1.577929
T000556,1983-01-31,1.74,1.1683950667276037,1.66,1.64,1.6108034
T000556,1983-02-28,1.59,1.2032668580622465,1.66,1.37,1.6214907
T000556,1983-03-31,1.1,0.8774959396220312,1.66,1.28,1.6246371
T000556,1983-04-30,1.23,1.3714584656484987,1.66,1.56,1.6640468
T000556,1983-05-31,1.38,1.0868775770940509,1.66,1.35,1.6889143
T000556,1983-06-30,0.95,1.2728172419472632,1.66,1.39,1.7215621
T000556,1983-07-31,0.86,0.9139043733652641,1.66,1.07,1.7113857
T000556,1983-08-31,1.06,1.6187645018653476,1.66,1.59,1.8376226
T000556,1983-09-30,0.93,1.6526362954239255,1.66,1.25,1.8640213
T000556,1983-10-31,0.78,1.5145044225486375,1.66,1.66,1.9686482
T000557,1982-11-30,0.06,0.06320788913398945,0.06664111522164165,0.1,0.0703809
T000557,1982-12-31,0.07,0.06320788913398945,0.06066036082075266,0.08,0.07389909
T000557,1983-01-31,0.09,0.06320788913398945,0.0630121273935034,0.08,0.078718126
T000557,1983-02-28,0.11,0.06320788913398945,0.06375931205668763,0.05,0.08053309
T000557,1983-03-31,0.0,0.06320788913398945,0.0630230700010378,0.04,0.08321032
T000557,1983-04-30,0.05,0.06320788913398945,0.06304679963584454,0.04,0.08627227
T000557,1983-05-31,0.07,0.06320788913398945,0.06320910949798383,0.07,0.089455515
T000557,1983-06-30,0.05,0.06320788913398945,0.06316072526787507,0.06,0.0882898
T000557,1983-07-31,0.05,0.06320788913398945,0.06313636201028527,0.03,0.08866581
T000557,1983-08-31,0.05,0.06320788913398945,0.06315388833774924,0.06,0.09366715
T000557,1983-09-30,0.04,0.06320788913398945,0.06315482936446863,0.04,0.09569773
T000557,1983-10-31,0.03,0.06320788913398945,0.06315056706422884,0.07,0.101855606
T000558,1982-11-30,0.23,0.19,0.19,0.13,0.18753773
T000558,1982-12-31,0.18,0.19,0.19,0.15,0.20688742
T000558,1983-01-31,0.26,0.19,0.19,0.22,0.20829421
T000558,1983-02-28,0.19,0.19,0.19,0.13,0.22855562
T000558,1983-03-31,0.15,0.19,0.19,0.18,0.23096341
T000558,1983-04-30,0.12,0.19,0.19,0.16,0.24559307
T000558,1983-05-31,0.09,0.19,0.19,0.11,0.26483274
T000558,1983-06-30,0.1,0.19,0.19,0.1,0.27259374
T000558,1983-07-31,0.08,0.19,0.19,0.06,0.29007345
T000558,1983-08-31,0.04,0.19,0.19,0.14,0.34451234
T000558,1983-09-30,0.03,0.19,0.19,0.16,0.37441063
T000558,1983-10-31,0.03,0.19,0.19,0.19,0.39456135
T000559,1982-11-30,0.37,0.3868796982283774,0.3868796982283774,0.43,0.37770212
T000559,1982-12-31,0.4,0.38163157751972837,0.38163157751972837,0.41,0.40028918
T000559,1983-01-31,0.39,0.4026240603543245,0.4026240603543245,0.49,0.4106245
T000559,1983-02-28,0.3,0.3658872153937812,0.3658872153937812,0.35,0.42786658
T000559,1983-03-31,0.22,0.3501428532678341,0.3501428532678341,0.29,0.43528688
T000559,1983-04-30,0.21,0.36851127574810577,0.36851127574810577,0.36,0.4535457
T000559,1983-05-31,0.23,0.38163157751972837,0.38163157751972837,0.41,0.47466552
T000559,1983-06-30,0.12,0.3658872153937813,0.3658872153937813,0.35,0.47917354
T000559,1983-07-31,0.11,0.3265263100789135,0.3265263100789135,0.2,0.48907351
T000559,1983-08-31,0.09,0.3501428532678341,0.3501428532678341,0.29,0.53571284
T000559,1983-09-30,0.08,0.3501428532678341,0.3501428532678341,0.29,0.576143
T000559,1983-10-31,0.03,0.3790075171654039,0.3790075171654039,0.4,0.60361
T000560,1982-10-31,0.06,0.10005311339659403,0.059776077472004745,0.07,0.07591778
T000560,1982-11-30,0.06,0.12559541503640803,0.06896701157864797,0.05,0.078774095
T000560,1982-12-31,0.05,0.18348075561524507,0.07535729927769567,0.09,0.07996708
T000560,1983-01-31,0.04,0.24036819940381532,0.07487602428964463,0.09,0.08287412
T000560,1983-02-28,0.03,0.2741688109451967,0.07118081880103672,0.08,0.07764417
T000560,1983-03-31,0.04,0.2906381863388631,0.06891260460220905,0.09,0.0802961
T000560,1983-04-30,0.04,0.2976857589396465,0.06931151296513338,0.09,0.0780682
T000560,1983-05-31,0.03,0.3003793690512514,0.07077876851431945,0.08,0.07879448
T000560,1983-06-30,0.02,0.3012879165468478,0.07156992337604068,0.05,0.07988006
T000560,1983-07-31,0.02,0.3015435218942053,0.07133681114599201,0.09,0.08003968
T000560,1983-08-31,0.02,0.3015912143590971,0.070760900030906,0.06,0.08124697
T000560,1983-09-30,0.01,0.30158628328011444,0.07049068858946954,0.06,0.084779084
T000561,1982-11-30,0.01,0.025690845511043538,0.03,0.02,0.027983904
T000561,1982-12-31,0.02,0.027322738289591426,0.03,0.01,0.027817488
T000561,1983-01-31,0.02,0.031633019053646454,0.03,0.02,0.02885592
T000561,1983-02-28,0.02,0.031633019053646454,0.03,0.01,0.029733598
T000561,1983-03-31,0.01,0.031633019053646454,0.03,0.01,0.026916742
T000561,1983-04-30,0.02,0.031633019053646454,0.03,0.02,0.030226707
T000561,1983-05-31,0.02,0.031633019053646454,0.03,0.01,0.0295223
T000561,1983-06-30,0.02,0.031633019053646454,0.03,0.02,0.029296458
T000561,1983-07-31,0.01,0.031633019053646454,0.03,0.02,0.025620759
T000561,1983-08-31,0.01,0.031633019053646454,0.03,0.02,0.031935394
T000561,1983-09-30,0.01,0.031633019053646454,0.03,0.02,0.03155291
T000561,1983-10-31,0.0,0.031633019053646454,0.03,0.03,0.035798192
T000562,1982-11-30,18.0,8.80751592366039,20.879347301896804,20.0,24.630463
T000562,1982-12-31,21.0,11.702342659236296,18.245538632714464,25.0,24.031128
T000562,1983-01-31,12.0,20.567830799073647,15.16232515152613,25.0,24.702026
T000562,1983-02-28,22.0,12.445067496869388,18.226900547789327,26.0,24.1828
T000562,1983-03-31,19.0,16.32678545412946,18.89232530802425,21.0,22.535858
T000562,1983-04-30,19.0,18.386011020638108,17.454072707493374,26.0,24.093414
T000562,1983-05-31,16.0,3.679280567601447,13.973296165860967,12.0,23.915497
T000562,1983-06-30,8.0,5.642566932130366,14.454399510029996,14.0,23.009003
T000562,1983-07-31,9.0,5.3989619446993675,15.40713460335589,18.0,22.144989
T000562,1983-08-31,18.0,14.995237395934208,14.048664827286638,20.0,23.925537
T000562,1983-09-30,10.0,6.487203782282327,13.438727094935501,9.0,23.31015
T000562,1983-10-31,9.0,16.906518142849606,16.145460245900008,26.0,23.99881
T000563,1982-11-30,87.0,90.0,90.0,124.0,94.597534
T000563,1982-12-31,64.0,90.0,90.0,104.0,95.14447
T000563,1983-01-31,79.0,90.0,90.0,104.0,96.32538
T000563,1983-02-28,43.0,90.0,90.0,114.0,95.75177
T000563,1983-03-31,40.0,90.0,90.0,85.0,93.86365
T000563,1983-04-30,47.0,90.0,90.0,91.0,97.84717
T000563,1983-05-31,42.0,90.0,90.0,94.0,98.1416
T000563,1983-06-30,24.0,90.0,90.0,83.0,96.819885
T000563,1983-07-31,12.0,90.0,90.0,70.0,96.340576
T000563,1983-08-31,10.0,90.0,90.0,80.0,100.94879
T000563,1983-09-30,18.0,90.0,90.0,54.0,106.23779
T000563,1983-10-31,19.0,90.0,90.0,90.0,107.230896
T000564,1982-11-30,216.0,198.53897126043466,172.0,197.0,195.0553
T000564,1982-12-31,195.0,138.89282711499723,172.0,183.0,191.5365
T000564,1983-01-31,220.0,143.9923013443903,172.0,217.0,195.28467
T000564,1983-02-28,148.0,140.87658278046052,172.0,188.0,198.02893
T000564,1983-03-31,144.0,77.03090131380144,172.0,174.0,187.07825
T000564,1983-04-30,116.0,116.67115704351309,172.0,188.0,195.61133
T000564,1983-05-31,107.0,118.87663156971993,172.0,232.0,195.82434
T000564,1983-06-30,94.0,105.92326815038462,172.0,197.0,195.14514
T000564,1983-07-31,57.0,39.568237089322466,172.0,124.0,194.70532
T000564,1983-08-31,58.0,108.87909177642067,172.0,183.0,199.06555
T000564,1983-09-30,37.0,185.21954568971785,172.0,184.0,194.90845
T000564,1983-10-31,46.0,142.45124660054924,172.0,172.0,198.2229
T000565,1982-11-30,191.0,278.4765661205212,269.58268794446565,193.0,244.53958
T000565,1982-12-31,258.0,234.3390431262955,246.8733628089375,162.0,253.81918
T000565,1983-01-31,230.0,316.2207228007924,272.86763950464064,255.0,265.67697
T000565,1983-02-28,220.0,224.81125901413895,248.05769135882434,173.0,269.44
T000565,1983-03-31,149.0,211.84800501890595,240.62156547018097,168.0,279.0325
T000565,1983-04-30,169.0,238.10868218070755,249.41480524914365,201.0,296.33984
T000565,1983-05-31,222.0,158.40517550559068,231.13023876507108,127.0,313.1899
T000565,1983-06-30,147.0,193.5782827785168,238.51150790939306,167.0,340.85364
T000565,1983-07-31,123.0,139.4932707454238,222.82710342848998,117.0,365.3264
T000565,1983-08-31,274.0,441.03611429839606,307.6984273157953,422.0,426.61423
T000565,1983-09-30,204.0,208.11031368816487,237.04117291591248,192.0,440.1726
T000565,1983-10-31,211.0,264.634200922661,250.7441057333016,251.0,450.08496
T000566,1982-11-30,5576.0,4720.4296303304845,4733.922923946906,5484.0,4571.5273
T000566,1982-12-31,4661.0,4728.209649969901,4733.922923946906,4252.0,4611.543
T000566,1983-01-31,4579.0,4728.209649969901,4733.922923946906,5740.0,4586.561
T000566,1983-02-28,5617.0,4728.209649969901,4733.922923946906,4825.0,4478.9287
T000566,1983-03-31,3948.0,4728.209649969901,4733.922923946906,5127.0,4386.7964
T000566,1983-04-30,4209.0,4728.209649969901,4733.922923946906,4242.0,4316.638
T000566,1983-05-31,3992.0,4728.209649969901,4733.922923946906,4826.0,4283.195
T000566,1983-06-30,3382.0,4728.209649969901,4733.922923946906,3287.0,4246.0024
T000566,1983-07-31,4062.0,4728.209649969901,4733.922923946906,4675.0,4294.3545
T000566,1983-08-31,4591.0,4728.209649969901,4733.922923946906,5293.0,4446.5986
T000566,1983-09-30,4396.0,4728.209649969901,4733.922923946906,4933.0,4660.6484
T000566,1983-10-31,4170.0,4728.209649969901,4733.922923946906,4598.0,4823.8784
T000567,1982-11-30,0.82,5.26740042000643,4.183298998274628,0.78,1.2564869
T000567,1982-12-31,1.12,0.5362194027417161,0.59,0.59,1.2423277
T000567,1983-01-31,1.59,1.2513329148413592,1.35,1.35,1.6071472
T000567,1983-02-28,2.86,2.321075819598525,2.29,2.29,3.201663
T000567,1983-03-31,4.71,4.950009562510004,4.83,4.83,5.263359
T000567,1983-04-30,7.78,9.007703503309848,8.84,8.84,7.3966837
T000567,1983-05-31,5.28,6.134215804677667,6.47,6.47,6.060529
T000567,1983-06-30,4.03,4.132366911440649,4.22,4.22,4.1959248
T000567,1983-07-31,4.21,5.339651204349349,5.27,5.27,3.6891055
T000567,1983-08-31,58.24,79.17089158438266,81.22,81.22,69.6134
T000567,1983-09-30,20.03,7.441305134768941,4.289999999999999,4.29,8.492314
T000567,1983-10-31,0.98,0.8054075621026175,0.9100000000000003,0.91,1.3292112
T000568,1971-12-31,115000.0,124017.36104890276,122383.99010635036,115123.0,117913.63
T000568,1972-01-31,114000.0,131061.09916101728,125019.40194163458,118593.0,125601.11
T000568,1972-02-29,122000.0,123760.41103258223,118117.74248560476,112430.0,116675.78
T000568,1972-03-31,138000.0,155833.15553711116,149986.9855608728,144953.0,140154.4
T000568,1972-04-30,144000.0,153740.66920769727,146218.3723540072,141763.0,151023.08
T000568,1972-05-31,239000.0,226960.26724047266,219178.26574298122,215235.0,224055.06
T000568,1972-06-30,174000.0,193246.6229810857,185459.02136842368,181969.0,180769.72
T000568,1972-07-31,206000.0,206203.83935406696,197604.8735241174,194516.0,205301.62
T000568,1972-08-31,181000.0,179405.08207218625,170737.83416340023,168004.0,170593.42
T000568,1972-09-30,151000.0,164630.73365115895,155587.60351390878,153168.0,159472.5
T000568,1972-10-31,149000.0,154550.56511414977,145218.49096638625,143077.0,148062.62
T000568,1972-11-30,179000.0,179176.67325030128,170358.34505663923,168463.0,160219.86
T000569,1984-12-31,94704.0,94955.39873570285,95500.79614172482,92665.0,94875.85
T000569,1985-01-31,95340.0,95233.68148119192,95597.01510093544,92798.0,95127.74
T000569,1985-02-28,95771.0,95631.92229004418,95011.90707967173,93112.0,95448.33
T000569,1985-03-31,95826.0,95730.93404388466,95209.94700596873,93474.0,95548.516
T000569,1985-04-30,96193.0,95948.66780564266,95128.18382190952,93582.0,95909.61
T000569,1985-05-31,99135.0,98386.5799646757,97755.07706149957,96114.0,98134.48
T000569,1985-06-30,99314.0,99210.1375490923,98992.53939843155,97185.0,98906.41
T000569,1985-07-31,99073.0,98642.95973365469,98592.52774997642,96690.0,98519.086
T000569,1985-08-31,97684.0,97177.004671665,96639.12518647838,94975.0,97326.04
T000569,1985-09-30,98451.0,97726.46049804562,97251.51300804463,95530.0,97547.45
T000569,1985-10-31,98819.0,97656.36434600971,97679.72264013244,95637.0,97710.93
T000569,1985-11-30,98503.0,97527.85151016814,97570.86986504127,95517.0,97474.45
T000570,1984-12-31,86856.0,87050.91964628652,86971.54720496818,84491.0,86870.35
T000570,1985-01-31,87231.0,87344.19487270308,87048.74413986516,84764.0,87302.85
T000570,1985-02-28,88215.0,88099.38741111814,87667.86381556763,85588.0,88357.62
T000570,1985-03-31,89258.0,88743.2152573628,88295.3475396129,86584.0,89250.336
T000570,1985-04-30,90042.0,89310.06449997918,88854.20027309017,87278.0,90003.17
T000570,1985-05-31,91682.0,90635.3108712027,90088.77764743904,88460.0,91555.13
T000570,1985-06-30,92372.0,91698.69140223501,91112.69733967479,89608.0,92867.54
T000570,1985-07-31,92315.0,91477.32813914867,90845.25235959038,89367.0,92857.234
T000570,1985-08-31,91247.0,90111.3125676721,89432.54641515687,87949.0,91466.86
T000570,1985-09-30,92230.0,90883.54326435203,90135.34776019045,88697.0,92356.586
T000570,1985-10-31,92473.0,90591.1436231882,89740.33565280368,88542.0,92339.61
T000570,1985-11-30,92623.0,90444.14609749122,89550.74106196822,88494.0,92150.73
T000571,1982-12-31,2672.0,2830.4489300859573,2830.4489300859573,2853.0,2762.4346
T000571,1983-01-31,2709.0,2861.9386661235226,2861.9386661235226,2802.0,2765.2068
T000571,1983-02-28,2804.0,2991.948573108431,2991.948573108431,2897.0,2895.6665
T000571,1983-03-31,3140.0,3241.0788094245786,3241.0788094245786,3273.0,3123.2458
T000571,1983-04-30,3478.0,3487.5299173963253,3487.5299173963253,3415.0,3393.7034
T000571,1983-05-31,3820.0,3857.8881367024487,3857.8881367024487,3780.0,3788.1611
T000571,1983-06-30,3790.0,4014.5188412922735,4014.5188412922735,3931.0,3944.7515
T000571,1983-07-31,3682.0,3861.005189243198,3861.005189243198,3842.0,3755.1316
T000571,1983-08-31,3326.0,3504.68342795947,3504.68342795947,3396.0,3409.7488
T000571,1983-09-30,3408.0,3513.5651980056537,3513.5651980056537,3447.0,3357.3293
T000571,1983-10-31,3181.0,3192.1784791871182,3192.1784791871182,3081.0,3082.3826
T000571,1983-11-30,2914.0,2943.827500147151,2943.827500147151,2850.0,2838.3845
T000572,1982-12-31,84184.0,84565.64110161725,84029.52518536882,81638.0,84365.47
T000572,1983-01-31,84522.0,84771.3178108935,84213.90443146408,81963.0,84811.305
T000572,1983-02-28,85411.0,85567.33326636173,84817.77357292682,82691.0,85711.85
T000572,1983-03-31,86116.0,86119.78910482785,85183.74145281532,83311.0,86069.195
T000572,1983-04-30,86564.0,86562.35516749934,85545.69764759015,83863.0,86484.54
T000572,1983-05-31,87862.0,87442.58366462249,86558.76252726001,84680.0,87460.55
T000572,1983-06-30,88582.0,88436.34117759056,87404.08294905085,85677.0,88319.55
T000572,1983-07-31,88633.0,88370.26708393735,87347.33241394538,85525.0,88430.26
T000572,1983-08-31,87921.0,87369.35490790244,86366.20234071567,84553.0,87585.23
T000572,1983-09-30,88822.0,88108.23703206517,87133.66011865674,85250.0,88389.84
T000572,1983-10-31,89292.0,88234.74299099231,87097.81802768697,85460.0,88462.71
T000572,1983-11-30,89710.0,88445.4126799953,87190.81354448157,85645.0,88384.71
T000573,1982-12-31,7848.0,8193.094927470956,8255.638444224123,8174.0,7565.091
T000573,1983-01-31,8109.0,8111.997049412582,8178.372421777526,8033.0,7601.044
T000573,1983-02-28,7556.0,7782.683775501282,7854.722434884554,7525.0,7194.1543
T000573,1983-03-31,6568.0,7183.598852625831,7260.9031653869715,6890.0,6672.492
T000573,1983-04-30,6151.0,6788.19637266562,6852.403356888439,6304.0,6265.539
T000573,1983-05-31,7453.0,7946.139317298664,8026.645965147122,7655.0,7228.9634
T000573,1983-06-30,6941.0,7761.683234021878,7837.4691530633245,7577.0,7166.9746
T000573,1983-07-31,6757.0,7393.942261709572,7479.288371070345,7323.0,6807.6333
T000573,1983-08-31,6437.0,7249.4256980944965,7316.11500170623,7026.0,6647.479
T000573,1983-09-30,6221.0,7008.446057585791,7082.474493086481,6833.0,6391.871
T000573,1983-10-31,6346.0,7232.198489888449,7299.600350835405,7095.0,6450.4014
T000573,1983-11-30,5880.0,7231.010411998261,7298.481256275739,7022.0,6475.04
T000574,1982-12-31,95516.0,96141.06394672811,96039.2569071463,93484.0,96144.766
T000574,1983-01-31,96145.0,95949.55871917849,96150.64777218593,93455.0,96316.9
T000574,1983-02-28,96539.0,96225.19619490528,96133.62777823565,93712.0,96474.35
T000574,1983-03-31,96760.0,96867.38239691709,96365.66285339693,94439.0,96614.26
T000574,1983-04-30,97158.0,97149.95565548146,96271.28688028043,94557.0,96756.47
T000574,1983-05-31,97641.0,97033.42119353364,96529.48309736152,94643.0,96874.85
T000574,1983-06-30,97305.0,97690.70878167935,96811.11046473306,95333.0,97051.38
T000574,1983-07-31,97697.0,97867.64067069076,96837.59758487379,95487.0,97258.74
T000574,1983-08-31,97868.0,97678.44391839732,96739.07971214864,95203.0,97409.24
T000574,1983-09-30,98102.0,97850.68658440224,96737.11852688264,95342.0,97541.75
T000574,1983-10-31,98998.0,98108.50351076366,97142.43600471878,95899.0,97714.336
T000574,1983-11-30,98926.0,98204.70044486638,97048.11986820017,95910.0,97852.164
T000575,1982-12-31,2283.0,2784.4722288762714,2612.6855882757814,2785.0,2673.107
T000575,1983-01-31,2182.0,2907.4196033413973,2621.873777991887,2515.0,2690.149
T000575,1983-02-28,1923.0,2858.3041011128603,2626.391849834911,2294.0,2713.0562
T000575,1983-03-31,1816.0,2858.3041011128603,2628.6135032627835,2035.0,2719.7883
T000575,1983-04-30,1836.0,2858.3041011128603,2629.705948032381,1998.0,2731.3184
T000575,1983-05-31,1737.0,2858.3041011128603,2630.2431315370845,2215.0,2732.6226
T000575,1983-06-30,1834.0,2858.3041011128603,2630.507278637017,2317.0,2748.6797
T000575,1983-07-31,1808.0,2858.3041011128603,2630.6371666357954,2387.0,2728.745
T000575,1983-08-31,1866.0,2858.3041011128603,2630.7010359428255,2314.0,2722.2227
T000575,1983-09-30,1862.0,2858.3041011128603,2630.7324421421577,2330.0,2695.3247
T000575,1983-10-31,1933.0,2858.3041011128603,2630.7478853871585,2556.0,2673.281
T000575,1983-11-30,1838.0,2858.3041011128603,2630.7554792323617,2594.0,2659.5625
T000576,1982-12-31,7.4,7.805768879538989,7.920666665338626,7.8,7.872368
T000576,1983-01-31,7.6,7.702900734880816,7.862670911845344,7.6,7.8130326
T000576,1983-02-28,7.4,7.774924891533906,7.857036239549454,7.5,7.777769
T000576,1983-03-31,7.1,7.724496460469783,7.837798369072277,7.5,7.759245
T000576,1983-04-30,7.1,7.759804429042573,7.832038781340248,7.3,7.6882105
T000576,1983-05-31,7.1,7.735083202971671,7.824847528143211,7.5,7.6444387
T000576,1983-06-30,6.9,7.752392015773766,7.821556591530781,7.8,7.5947957
T000576,1983-07-31,7.0,7.740273077992982,7.818631577657104,7.9,7.558061
T000576,1983-08-31,6.8,7.748758273055969,7.816997634515571,7.8,7.5000734
T000576,1983-09-30,6.8,7.742817279170258,7.815746414474686,7.9,7.45249
T000576,1983-10-31,6.7,7.746976925246518,7.814977013229675,8.1,7.3892183
T000576,1983-11-30,6.4,7.744064507591728,7.814427118551262,7.9,7.3444157
T000577,1982-12-31,5.6,6.081826999247866,6.179570557541898,5.8,6.121743
T000577,1983-01-31,5.8,5.968999448589605,6.131208814124153,5.7,6.0822034
T000577,1983-02-28,5.4,5.968999448589605,6.079865099049666,5.6,6.070858
T000577,1983-03-31,5.0,5.968999448589605,6.108070920079366,5.4,6.0317583
T000577,1983-04-30,5.3,5.968999448589605,6.012132103837684,5.6,5.971066
T000577,1983-05-31,5.0,5.968999448589605,5.910643157736445,6.0,5.9185066
T000577,1983-06-30,5.1,5.968999448589605,5.87961264848644,6.1,5.866189
T000577,1983-07-31,5.2,5.968999448589605,5.9784781422437385,5.9,5.8141613
T000577,1983-08-31,4.9,5.968999448589605,5.863623960761785,6.1,5.7534256
T000577,1983-09-30,5.3,5.968999448589605,5.772837606007449,6.3,5.701821
T000577,1983-10-31,4.9,5.968999448589605,5.717055821183823,6.5,5.6314692
T000577,1983-11-30,4.7,5.968999448589605,5.842816971948208,6.2,5.5766172
T000578,1982-12-31,6.9,7.620928408406904,7.6,7.5,7.5134416
T000578,1983-01-31,7.2,7.594141792834035,7.6,7.5,7.4739184
T000578,1983-02-28,7.2,7.598087756389746,7.6,7.3,7.465202
T000578,1983-03-31,7.0,7.590789539986358,7.6,7.4,7.4438763
T000578,1983-04-30,6.6,7.591367007719537,7.6,6.8,7.4041963
T000578,1983-05-31,7.2,7.589341684514048,7.6,7.1,7.3681693
T000578,1983-06-30,6.9,7.589355271499046,7.6,7.6,7.3298845
T000578,1983-07-31,7.1,7.588782359318354,7.6,7.7,7.302217
T000578,1983-08-31,7.0,7.588743763918952,7.6,7.5,7.24895
T000578,1983-09-30,6.8,7.588578557522635,7.6,7.6,7.216659
T000578,1983-10-31,7.1,7.588555380978448,7.6,7.7,7.1658516
T000578,1983-11-30,6.7,7.588506849110346,7.6,7.6,7.1056757
T000579,1982-12-31,18.7,19.807455479216358,18.92758779275311,19.9,18.67687
T000579,1983-01-31,18.5,19.373515857251434,18.92758779275311,19.2,18.588839
T000579,1983-02-28,18.8,19.288911501888528,18.92758779275311,19.1,18.525023
T000579,1983-03-31,17.8,19.184805678362995,18.92758779275311,19.2,18.497196
T000579,1983-04-30,17.9,19.386375393132973,18.92758779275311,18.5,18.421515
T000579,1983-05-31,18.6,18.42697087616557,18.92758779275311,18.4,18.316244
T000579,1983-06-30,17.4,18.44031181236199,18.92758779275311,18.1,18.19397
T000579,1983-07-31,17.5,19.697963035534972,18.92758779275311,19.7,18.146706
T000579,1983-08-31,18.1,18.890469987144847,18.92758779275311,18.6,18.066975
T000579,1983-09-30,17.3,19.157768428956874,18.92758779275311,19.0,17.989172
T000579,1983-10-31,17.1,18.94334279260064,18.92758779275311,19.0,17.938385
T000579,1983-11-30,15.4,19.399056211279554,18.92758779275311,18.9,17.885607
T000580,1982-12-31,6.7,7.087995126894106,7.087995126894106,7.1,7.0816374
T000580,1983-01-31,6.7,6.991182717601882,6.991182717601882,6.8,7.017418
T000580,1983-02-28,6.6,6.973278574602335,6.973278574602335,6.8,6.973386
T000580,1983-03-31,6.3,6.939993052046879,6.939993052046879,6.7,6.9409723
T000580,1983-04-30,6.2,6.929471788301316,6.929471788301316,6.6,6.86246
T000580,1983-05-31,6.3,6.917391926301079,6.917391926301079,6.8,6.8091655
T000580,1983-06-30,6.1,6.91229860272231,6.91229860272231,7.1,6.7514277
T000580,1983-07-31,6.1,6.907728930278665,6.907728930278665,7.1,6.7052083
T000580,1983-08-31,6.1,6.905449417843397,6.905449417843397,7.1,6.646685
T000580,1983-09-30,6.1,6.903669385483569,6.903669385483569,7.3,6.5876193
T000580,1983-10-31,6.0,6.902687804634878,6.902687804634878,7.4,6.5327783
T000580,1983-11-30,5.6,6.901980787795653,6.901980787795653,7.1,6.481586
T000581,1982-12-31,12.5,13.642012727531755,13.642012727531755,13.2,13.378117
T000581,1983-01-31,13.1,13.631993089359336,13.631993089359336,13.7,13.217199
T000581,1983-02-28,12.7,13.652033371047269,13.652033371047269,12.5,13.210522
T000581,1983-03-31,12.3,13.643044430114685,13.643044430114685,13.0,13.157294
T000581,1983-04-30,12.9,13.65360767645452,13.65360767645452,12.2,13.189464
T000581,1983-05-31,13.2,13.64731194284452,13.64731194284452,13.3,13.020733
T000581,1983-06-30,13.2,13.653251323670588,13.653251323670588,12.9,12.939855
T000581,1983-07-31,14.5,13.649189828108778,13.649189828108778,13.6,12.885282
T000581,1983-08-31,13.1,13.65265375227138,13.65265375227138,12.7,12.859492
T000581,1983-09-30,13.9,13.650121294055268,13.650121294055268,13.5,12.783611
T000581,1983-10-31,13.8,13.652180550408913,13.652180550408913,13.6,12.626328
T000581,1983-11-30,12.5,13.650625482474213,13.650625482474213,13.6,12.595716
T000582,1982-12-31,3.8,4.299306994210297,4.299306994210297,4.1,4.3053308
T000582,1983-01-31,4.1,4.22095206837369,4.22095206837369,4.1,4.281281
T000582,1983-02-28,3.7,4.206968283603207,4.206968283603207,4.1,4.265854
T000582,1983-03-31,3.6,4.184071793079665,4.184071793079665,3.9,4.2226005
T000582,1983-04-30,3.6,4.176391691720148,4.176391691720148,4.0,4.184979
T000582,1983-05-31,3.4,4.169067900344565,4.169067900344565,4.4,4.1466823
T000582,1983-06-30,3.4,4.165774948219059,4.165774948219059,4.5,4.08404
T000582,1983-07-31,3.5,4.163284989053735,4.163284989053735,4.2,4.0308137
T000582,1983-08-31,3.4,4.161987632506263,4.161987632506263,4.6,3.986377
T000582,1983-09-30,3.7,4.161109767188015,4.161109767188015,4.4,3.9244428
T000582,1983-10-31,3.4,4.160616802095498,4.160616802095498,4.6,3.8582354
T000582,1983-11-30,3.3,4.160301034637861,4.160301034637861,4.3,3.797735
T000583,1982-05-31,4.5,4.5462807912569945,4.5462807912569945,4.7,4.527211
T000583,1982-06-30,4.6,4.5462807912569945,4.5462807912569945,4.6,4.5034757
T000583,1982-07-31,4.7,4.5462807912569945,4.5462807912569945,4.6,4.4899316
T000583,1982-08-31,4.4,4.5462807912569945,4.5462807912569945,4.8,4.4795165
T000583,1982-09-30,4.3,4.5462807912569945,4.5462807912569945,4.6,4.445778
T000583,1982-10-31,4.2,4.5462807912569945,4.5462807912569945,4.4,4.4205723
T000583,1982-11-30,4.0,4.5462807912569945,4.5462807912569945,4.8,4.397966
T000583,1982-12-31,4.2,4.5462807912569945,4.5462807912569945,5.0,4.382223
T000583,1983-01-31,4.2,4.5462807912569945,4.5462807912569945,4.5,4.35315
T000583,1983-02-28,4.1,4.5462807912569945,4.5462807912569945,4.5,4.3282638
T000583,1983-03-31,4.3,4.5462807912569945,4.5462807912569945,4.7,4.2996736
T000583,1983-04-30,3.9,4.5462807912569945,4.5462807912569945,4.5,4.279636
T000584,1982-05-31,8.4,9.72089396971716,10.065822178505083,9.4,9.653996
T000584,1982-06-30,8.7,9.684857421522299,10.117147348539522,9.3,9.595823
T000584,1982-07-31,8.3,9.686324389299731,10.004065950898422,9.1,9.518895
T000584,1982-08-31,7.8,9.672177570104628,9.969589807499617,9.0,9.48449
T000584,1982-09-30,7.9,9.670056884374125,10.00059965502894,9.0,9.388562
T000584,1982-10-31,7.7,9.663987105454138,9.927989015684492,9.3,9.320803
T000584,1982-11-30,8.2,9.661976180698893,9.888841254277015,9.6,9.250515
T000584,1982-12-31,8.4,9.659161144196169,9.876317316825723,9.8,9.195163
T000584,1983-01-31,7.9,9.657817190450317,9.867187874176482,9.8,9.111386
T000584,1983-02-28,8.3,9.656432898291428,9.882029022395146,9.7,9.012738
T000584,1983-03-31,7.9,9.655629848648296,9.840684319602184,9.8,8.944843
T000584,1983-04-30,7.3,9.65492191127125,9.8542027434866,9.7,8.853958
T000585,1982-12-31,7.4,8.115934064722879,8.115934064722879,8.1,8.070379
T000585,1983-01-31,7.6,8.054624641694968,8.054624641694968,8.0,8.015326
T000585,1983-02-28,7.4,8.044708322466956,8.044708322466956,7.7,7.980139
T000585,1983-03-31,7.0,8.022265433823469,8.022265433823469,7.6,7.944581
T000585,1983-04-30,7.1,8.013498306809588,8.013498306809588,7.6,7.86396
T000585,1983-05-31,6.9,8.004016479224672,8.004016479224672,7.8,7.800168
T000585,1983-06-30,6.8,7.998819324203208,7.998819324203208,8.0,7.741439
T000585,1983-07-31,7.0,7.994445287078818,7.994445287078818,8.2,7.7019224
T000585,1983-08-31,6.9,7.991671767722941,7.991671767722941,8.0,7.6263843
T000585,1983-09-30,7.1,7.989561293515479,7.989561293515479,8.1,7.567295
T000585,1983-10-31,6.9,7.988136339522736,7.988136339522736,8.3,7.514055
T000585,1983-11-30,6.3,7.987096654664338,7.987096654664338,8.1,7.451602
T000586,1982-12-31,14.9,14.094642318976872,13.9,15.4,13.823775
T000586,1983-01-31,15.2,14.094642318976872,13.9,15.5,13.599438
T000586,1983-02-28,14.2,14.094642318976872,13.9,16.0,13.492613
T000586,1983-03-31,12.0,14.094642318976872,13.9,15.3,13.367605
T000586,1983-04-30,13.0,14.094642318976872,13.9,14.1,13.250382
T000586,1983-05-31,12.6,14.094642318976872,13.9,17.0,13.157199
T000586,1983-06-30,12.1,14.094642318976872,13.9,17.7,13.098754
T000586,1983-07-31,11.5,14.094642318976872,13.9,17.1,13.007051
T000586,1983-08-31,10.4,14.094642318976872,13.9,15.8,12.837638
T000586,1983-09-30,12.2,14.094642318976872,13.9,14.9,12.681831
T000586,1983-10-31,11.3,14.094642318976872,13.9,15.4,12.549043
T000586,1983-11-30,10.5,14.094642318976872,13.9,13.9,12.401072
T000587,1982-12-31,6.9,8.592635163910817,8.592635163910817,8.1,8.513261
T000587,1983-01-31,7.1,8.69120713051465,8.69120713051465,8.0,8.533435
T000587,1983-02-28,6.6,8.752564870440047,8.752564870440047,7.3,8.494305
T000587,1983-03-31,6.7,8.805575978565194,8.805575978565194,7.6,8.500326
T000587,1983-04-30,6.2,8.842753318024263,8.842753318024263,7.3,8.419846
T000587,1983-05-31,6.3,8.872441179063756,8.872441179063756,7.6,8.374797
T000587,1983-06-30,6.7,8.89428130462677,8.89428130462677,7.8,8.289666
T000587,1983-07-31,7.0,8.911195042305597,8.911195042305597,8.2,8.247818
T000587,1983-08-31,7.2,8.92387665128888,8.92387665128888,8.0,8.160058
T000587,1983-09-30,7.0,8.93358010800392,8.93358010800392,8.2,8.022517
T000587,1983-10-31,6.8,8.940910590356923,8.940910590356923,8.3,7.926035
T000587,1983-11-30,5.8,8.946493005972878,8.946493005972878,8.5,7.816912
T000588,1982-12-31,6.5,8.235947525525003,8.235947525525003,8.2,8.312606
T000588,1983-01-31,7.0,8.464521921079497,8.464521921079497,8.0,8.411245
T000588,1983-02-28,6.1,8.475265371423143,8.475265371423143,7.4,8.334958
T000588,1983-03-31,6.0,8.567912814382318,8.567912814382318,7.7,8.361919
T000588,1983-04-30,5.7,8.586871790779968,8.586871790779968,7.4,8.245466
T000588,1983-05-31,5.6,8.626739085391478,8.626739085391478,7.5,8.164526
T000588,1983-06-30,6.1,8.640601308269726,8.640601308269726,7.3,7.9842987
T000588,1983-07-31,6.5,8.658660740919512,8.658660740919512,7.7,7.8594513
T000588,1983-08-31,6.6,8.667038585770086,8.667038585770086,7.4,7.6916113
T000588,1983-09-30,6.3,8.67555189785327,8.67555189785327,8.1,7.4779553
T000588,1983-10-31,6.3,8.680234594257703,8.680234594257703,7.7,7.2760296
T000588,1983-11-30,5.7,8.684364046614284,8.684364046614284,8.3,7.1165576
T000589,1976-12-31,610.0,607.1556945510599,602.5380265213828,615.0,602.702
T000589,1977-01-31,612.0,605.2880838633231,602.0764069722762,613.0,602.6207
T000589,1977-02-28,610.0,605.2880838633231,601.6151410815261,614.0,601.9146
T000589,1977-03-31,608.0,605.2880838633231,601.1542285781858,605.0,602.3341
T000589,1977-04-30,608.0,605.2880838633231,600.6936691915163,604.0,601.7576
T000589,1977-05-31,629.0,605.2880838633231,600.233462650986,600.0,600.1948
T000589,1977-06-30,631.0,605.2880838633231,599.7736086862707,599.0,597.4596
T000589,1977-07-31,634.0,605.2880838633231,599.3141070272532,602.0,596.71313
T000589,1977-08-31,633.0,605.2880838633231,598.854957404023,606.0,594.69086
T000589,1977-09-30,639.0,605.2880838633231,598.3961595468769,610.0,587.00586
T000589,1977-10-31,643.0,605.2880838633231,597.937713186318,609.0,587.63666
T000589,1977-11-30,646.0,605.2880838633231,597.4796180530558,603.0,594.7009
T000590,1976-12-31,197.0,190.17443997982562,189.88363028594972,183.0,189.53009
T000590,1977-01-31,198.0,191.05930273172555,189.76726057189944,182.0,189.43983
T000590,1977-02-28,197.0,190.13044582208053,189.65089085784916,182.0,189.80981
T000590,1977-03-31,195.0,189.87376597076758,189.53452114379888,185.0,189.892
T000590,1977-04-30,193.0,190.14718228705806,189.4181514297486,186.0,190.34967
T000590,1977-05-31,192.0,189.85865224963277,189.30178171569833,188.0,190.82936
T000590,1977-06-30,193.0,189.64993249255656,189.18541200164805,190.0,191.46794
T000590,1977-07-31,192.0,189.6882745285901,189.06904228759777,192.0,191.8844
T000590,1977-08-31,190.0,189.5817305941206,188.9526725735475,188.0,192.17645
T000590,1977-09-30,191.0,189.4572338980366,188.8363028594972,191.0,192.58513
T000590,1977-10-31,186.0,189.42850149372103,188.71993314544693,193.0,192.50386
T000590,1977-11-30,187.0,189.37375353807832,188.60356343139665,190.0,192.45673
T000591,1976-12-31,624.0,623.3647189126494,622.3024210092124,604.0,623.8592
T000591,1977-01-31,628.0,623.9564259100935,621.6125337501999,604.0,624.2413
T000591,1977-02-28,630.0,624.5233844541451,622.1926565590722,606.0,624.9258
T000591,1977-03-31,631.0,624.9037887090136,623.455319474868,610.0,625.2752
T000591,1977-04-30,629.0,625.1976787116118,622.8706148938436,610.0,626.1313
T000591,1977-05-31,628.0,625.4116259998852,622.2321139161113,611.0,626.9094
T000591,1977-06-30,628.0,625.5712342452914,622.00158496773,613.0,627.5436
T000591,1977-07-31,631.0,625.6890992578457,621.4451016604221,613.0,628.7982
T000591,1977-08-31,631.0,625.776505892377,620.4627736175785,613.0,629.5446
T000591,1977-09-30,634.0,625.8412119281982,620.7941395072344,616.0,629.4182
T000591,1977-10-31,635.0,625.889147714563,622.5931221380761,622.0,629.9812
T000591,1977-11-30,638.0,625.9246490296397,622.036626722162,622.0,630.3296
T000592,1976-05-31,674.0,673.1312337694785,673.9906576767221,645.0,677.776
T000592,1976-06-30,682.0,673.2455370327108,675.9813153534441,646.0,678.9382
T000592,1976-07-31,687.0,673.6323844151954,677.971973030166,650.0,680.0499
T000592,1976-08-31,687.0,673.6677468452002,679.962630706888,651.0,680.9053
T000592,1976-09-30,692.0,674.4611005571396,681.95328838361,660.0,682.0264
T000592,1976-10-31,693.0,674.6815906868594,683.943946060332,662.0,682.7455
T000592,1976-11-30,697.0,674.5229969572028,685.934603737054,660.0,682.27405
T000592,1976-12-31,694.0,674.7885891930214,687.925261413776,663.0,683.60223
T000592,1977-01-31,696.0,674.8328796594457,689.9159190904979,664.0,683.42334
T000592,1977-02-28,701.0,675.6883062082667,691.9065767672199,673.0,682.71204
T000592,1977-03-31,703.0,675.7348551568961,693.8972344439419,674.0,682.3581
T000592,1977-04-30,707.0,675.5748145847089,695.8878921206639,672.0,681.847
T000593,1979-12-31,205.0,192.06323604311027,192.06323604311027,374.0,198.26758
T000593,1980-01-31,220.0,179.72817445860113,179.72817445860113,345.0,186.58539
T000593,1980-02-29,190.0,181.3776673097059,181.3776673097059,359.0,177.94295
T000593,1980-03-31,163.0,176.55108670787482,176.55108670787482,350.0,169.59561
T000593,1980-04-30,159.0,172.80060455420204,172.80060455420204,343.0,161.84613
T000593,1980-05-31,161.0,167.87104914539754,167.87104914539754,331.0,155.89879
T000593,1980-06-30,167.0,161.68225647648373,161.68225647648373,314.0,150.77966
T000593,1980-07-31,162.0,154.47942486509143,154.47942486509143,293.0,144.53351
T000593,1980-08-31,157.0,147.751327786117,147.751327786117,273.0,139.27533
T000593,1980-09-30,151.0,141.15308496273337,141.15308496273337,253.0,137.02493
T000593,1980-10-31,137.0,133.11856308844852,133.11856308844852,228.0,133.22108
T000593,1980-11-30,148.0,126.08448249283325,126.08448249283325,206.0,132.44159
T000594,1979-12-31,655.0,651.9460367427542,653.178645353494,394.0,651.29706
T000594,1980-01-31,669.0,671.9306354257842,676.6553384002509,404.0,667.332
T000594,1980-02-29,717.0,690.4092255062733,699.2191582452599,407.0,680.01324
T000594,1980-03-31,746.0,707.4952974749189,716.649795039574,430.0,692.675
T000594,1980-04-30,761.0,723.2937893536894,731.5719921897763,459.0,703.669
T000594,1980-05-31,771.0,737.9017311967064,746.4950062358716,480.0,714.048
T000594,1980-06-30,774.0,751.4088410225319,759.0834789697885,506.0,722.08057
T000594,1980-07-31,775.0,763.8980758379159,770.3286105110651,530.0,729.91144
T000594,1980-08-31,781.0,775.4461411372419,780.3244594900415,557.0,739.6753
T000594,1980-09-30,791.0,786.1239620068782,788.8657988446714,584.0,745.36444
T000594,1980-10-31,806.0,795.997118727831,797.4104110704861,605.0,750.03516
T000594,1980-11-30,821.0,805.1262495520508,803.5143810206737,632.0,753.82904
T000595,1979-12-31,636.0,648.2181418848044,615.8042198689573,671.0,624.7257
T000595,1980-01-31,633.0,643.4294181635194,601.8610574778428,658.0,606.4572
T000595,1980-02-29,629.0,597.2617363178185,567.6791059824129,626.0,575.9879
T000595,1980-03-31,595.0,575.120038035673,556.3772644621474,615.0,554.5802
T000595,1980-04-30,560.0,538.03050809086,524.8093554255624,586.0,517.15985
T000595,1980-05-31,534.0,495.38259270765786,491.9543844055984,553.0,473.2316
T000595,1980-06-30,551.0,488.91151538515317,489.07514795656283,551.0,460.464
T000595,1980-07-31,606.0,538.2276869935341,537.1327119529006,598.0,505.1667
T000595,1980-08-31,597.0,529.5510069246903,536.0061110812552,583.0,493.70993
T000595,1980-09-30,608.0,551.5272524644655,569.2658942192177,586.0,502.8576
T000595,1980-10-31,608.0,577.4486156856622,613.8924260772617,599.0,516.6412
T000595,1980-11-30,610.0,582.7541640720314,616.5637337058814,590.0,513.22186
T000596,1979-12-31,580.0,571.6346885398973,570.3651858190307,596.0,553.4718
T000596,1980-01-31,574.0,565.7986885084086,565.101078125883,593.0,540.4632
T000596,1980-02-29,564.0,540.014426855806,540.0433055171644,570.0,514.0148
T000596,1980-03-31,542.0,515.8015693617485,517.0096954778678,558.0,489.6359
T000596,1980-04-30,506.0,484.81790012707233,487.0944951431658,532.0,459.04724
T000596,1980-05-31,481.0,450.7404915673826,454.129130424414,504.0,426.3763
T000596,1980-06-30,494.0,440.7538679168039,445.1621450267161,497.0,413.68594
T000596,1980-07-31,517.0,456.2781839171309,461.67359641053224,517.0,420.93423
T000596,1980-08-31,519.0,463.26047568608413,469.33816106759764,514.0,427.74664
T000596,1980-09-30,535.0,490.2428648405515,496.7921590429678,532.0,442.54922
T000596,1980-10-31,548.0,512.981945745096,520.0626579071875,541.0,451.0602
T000596,1980-11-30,563.0,517.5373301045347,525.2408790760852,538.0,451.66812
T000597,1979-12-31,252.0,279.07710523254593,274.39755451406205,220.0,275.86316
T000597,1980-01-31,264.0,296.57247840346076,285.00878325459536,232.0,293.89493
T000597,1980-02-29,284.0,328.15642590192874,309.7427221033065,258.0,326.90048
T000597,1980-03-31,303.0,352.82200689801635,329.9504608706876,278.0,356.89014
T000597,1980-04-30,306.0,364.8162632292881,338.2732651021122,287.0,374.86182
T000597,1980-05-31,322.0,387.27035780188754,358.2346892469594,303.0,399.4703
T000597,1980-06-30,319.0,396.7796631066441,365.5422646480836,313.0,410.02643
T000597,1980-07-31,301.0,369.08561774194527,336.05177717000623,286.0,395.63434
T000597,1980-08-31,290.0,348.69256239905377,313.3180405814698,277.0,376.50952
T000597,1980-09-30,272.0,332.82114274805275,295.4235881990037,268.0,363.68585
T000597,1980-10-31,256.0,318.75695752239636,279.75875355625715,266.0,357.14066
T000597,1980-11-30,249.0,310.35652056127685,269.80240107808146,267.0,355.57
T000598,1971-12-31,73.0,94.40768293938056,92.2642301546486,75.0,87.88349
T000598,1972-01-31,82.0,54.061868064061336,56.876932673550655,58.0,74.78926
T000598,1972-02-29,107.0,68.72011339214393,68.59300954187432,66.0,79.135735
T000598,1972-03-31,72.0,112.50054927599915,111.82344756611164,126.0,104.24623
T000598,1972-04-30,119.0,141.26172945749482,138.58176589156193,164.0,122.6671
T000598,1972-05-31,152.0,128.14332565004577,130.68332383408207,116.0,143.94589
T000598,1972-06-30,188.0,109.99470549994369,110.3366087288365,111.0,117.201355
T000598,1972-07-31,119.0,110.3873973221431,111.04676829589776,112.0,116.70126
T000598,1972-08-31,174.0,125.91754134611898,126.3438581181491,127.0,122.93087
T000598,1972-09-30,137.0,142.89162273133562,142.91619260136147,147.0,135.31052
T000598,1972-10-31,120.0,127.50896456130052,128.29489670363245,125.0,124.03052
T000598,1972-11-30,357.0,339.2635313009639,341.33602011863155,324.0,348.56946
T000599,1971-12-31,25235.0,26941.237871771093,27071.165789953557,26444.0,23456.113
T000599,1972-01-31,16005.0,25801.477757835353,24971.71733339846,23196.0,21282.14
T000599,1972-02-29,14398.0,11769.555298317126,10787.950835105972,9792.0,8904.598
T000599,1972-03-31,47915.0,50063.95615382716,47664.403671742395,51280.0,47321.156
T000599,1972-04-30,30105.0,32102.859463662582,33147.56776401728,29647.0,30189.352
T000599,1972-05-31,32349.0,36440.56588955079,34882.568329910166,33545.0,32831.457
T000599,1972-06-30,29448.0,27464.45994792806,27663.607477423793,27848.0,25026.164
T000599,1972-07-31,33906.0,36215.05104081744,34917.79711632659,34723.0,32932.105
T000599,1972-08-31,57159.0,58102.721587037966,56997.179349028615,55081.0,55033.023
T000599,1972-09-30,50765.0,55702.87871053832,53073.950541706865,51978.0,52277.363
T000599,1972-10-31,16138.0,18951.449424031474,17034.22555902621,17077.0,15270.857
T000599,1972-11-30,26345.0,26055.18027402673,24904.94081772557,24435.0,22872.627
T000600,1972-12-31,233.0,202.27182762298688,215.80781780918144,202.0,190.86768
T000600,1973-01-31,92.0,168.31170381290872,168.8620122346515,167.0,164.1785
T000600,1973-02-28,44.0,34.92049891880367,40.89456052954223,25.0,29.682846
T000600,1973-03-31,279.0,195.83248023818106,161.81328525190352,201.0,193.29726
T000600,1973-04-30,124.0,174.6642671902397,198.78917876567905,170.0,180.96288
T000600,1973-05-31,162.0,193.57659990419893,168.98280297097014,167.0,177.57472
T000600,1973-06-30,172.0,162.72956621811545,163.97863234826062,176.0,167.66006
T000600,1973-07-31,230.0,193.81059808496505,189.8726295171775,180.0,190.64537
T000600,1973-08-31,204.0,201.7088011064479,190.17916562149267,187.0,188.02829
T000600,1973-09-30,210.0,226.06447601187665,241.29683362694522,239.0,219.0461
T000600,1973-10-31,150.0,170.84253887441108,151.8648761659793,165.0,162.86273
T000600,1973-11-30,118.0,90.14649196960188,84.15671279864827,65.0,90.67673
T000601,1971-12-31,4129.0,3695.3713768712687,4254.787956938156,4510.0,5903.1504
T000601,1972-01-31,5155.0,5877.1970554150475,5435.180509068944,5812.0,6518.592
T000601,1972-02-29,7906.0,6713.402498496043,6679.411884972963,6500.0,6630.672
T000601,1972-03-31,8051.0,8999.343594299364,8519.680191122003,8704.0,9113.658
T000601,1972-04-30,9925.0,10468.296772319049,10225.516798112538,10105.0,10414.77
T000601,1972-05-31,11376.0,9868.036328975395,9777.862281079755,9581.0,9797.532
T000601,1972-06-30,7996.0,10151.987561941773,9549.353250552553,9888.0,10860.363
T000601,1972-07-31,9647.0,9534.19951412473,9430.95578351301,9245.0,9612.251
T000601,1972-08-31,10527.0,10826.242538806624,10574.119966966879,10314.0,10216.74
T000601,1972-09-30,9405.0,9665.780696313395,9277.758003834066,9407.0,10168.585
T000601,1972-10-31,11077.0,10924.917315429786,10837.047859607974,10656.0,10596.385
T000601,1972-11-30,19920.0,18848.159759214905,19201.7034761862,17190.0,13263.086
T000602,1970-12-31,11.0,14.582772919546638,14.582772919546638,11.0,17.152815
T000602,1971-01-31,6.0,18.31949854601527,18.31949854601527,15.0,16.503584
T000602,1971-02-28,17.0,17.278812693135183,17.278812693135183,18.0,16.957323
T000602,1971-03-31,25.0,17.568645865983964,17.568645865983964,19.0,16.971
T000602,1971-04-30,6.0,17.487926724995248,17.487926724995248,9.0,16.39951
T000602,1971-05-31,14.0,17.510407173516423,17.510407173516423,12.0,17.117865
T000602,1971-06-30,12.0,17.50414632188293,17.50414632188293,15.0,16.780424
T000602,1971-07-31,11.0,17.50588998207457,17.50588998207457,13.0,16.853743
T000602,1971-08-31,12.0,17.505404369087408,17.505404369087408,21.0,17.090279
T000602,1971-09-30,13.0,17.505539613313566,17.505539613313566,28.0,17.120937
T000602,1971-10-31,9.0,17.50550194751551,17.50550194751551,8.0,16.748186
T000602,1971-11-30,24.0,17.505512437518547,17.505512437518547,28.0,17.312725
T000603,1971-12-31,628.0,644.7581495857412,644.7581495857412,780.0,644.26245
T000603,1972-01-31,610.0,644.7581495857412,644.7581495857412,610.0,642.8709
T000603,1972-02-29,393.0,644.7581495857412,644.7581495857412,653.0,640.56055
T000603,1972-03-31,799.0,644.7581495857412,644.7581495857412,724.0,640.80585
T000603,1972-04-30,707.0,644.7581495857412,644.7581495857412,775.0,640.68365
T000603,1972-05-31,551.0,644.7581495857412,644.7581495857412,541.0,642.10815
T000603,1972-06-30,570.0,644.7581495857412,644.7581495857412,650.0,642.34393
T000603,1972-07-31,507.0,644.7581495857412,644.7581495857412,587.0,642.0023
T000603,1972-08-31,637.0,644.7581495857412,644.7581495857412,632.0,642.793
T000603,1972-09-30,548.0,644.7581495857412,644.7581495857412,581.0,642.78595
T000603,1972-10-31,488.0,644.7581495857412,644.7581495857412,594.0,641.5668
T000603,1972-11-30,661.0,644.7581495857412,644.7581495857412,693.0,641.0029
T000604,1971-12-31,3014.0,4444.794952877061,4444.794952877061,4027.0,4695.6533
T000604,1972-01-31,3208.0,4493.088883767026,4493.088883767026,3987.0,4729.5376
T000604,1972-02-29,3563.0,4475.710224686729,4475.710224686729,4165.0,4770.377
T000604,1972-03-31,3118.0,4481.963966841562,4481.963966841562,4303.0,4827.728
T000604,1972-04-30,3417.0,4479.713546325316,4479.713546325316,4516.0,4875.8945
T000604,1972-05-31,2969.0,4480.523364251057,4480.523364251057,4322.0,4915.662
T000604,1972-06-30,3618.0,4480.231949794018,4480.231949794018,4716.0,4952.0557
T000604,1972-07-31,3802.0,4480.33681581769,4480.33681581769,4281.0,4965.6846
T000604,1972-08-31,3591.0,4480.2990795878795,4480.2990795878795,4392.0,4957.886
T000604,1972-09-30,3703.0,4480.3126590389775,4480.3126590389775,4466.0,4948.269
T000604,1972-10-31,3386.0,4480.307772448742,4480.307772448742,4283.0,4921.9214
T000604,1972-11-30,3642.0,4480.309530897148,4480.309530897148,4579.0,4888.1396
T000605,1971-12-31,4200.0,4441.357817659567,4293.073170174357,4185.0,4273.2466
T000605,1972-01-31,3800.0,3999.013522093344,4039.7395854248066,3744.0,4174.703
T000605,1972-02-29,4200.0,4504.7432118335855,4422.8962529694045,4209.0,4376.2417
T000605,1972-03-31,4034.0,4268.540286825708,4272.870110047563,4042.0,4402.5107
T000605,1972-04-30,4100.0,4337.890453832425,4283.323725069606,4071.0,4312.4355
T000605,1972-05-31,4100.0,4473.249280740461,4349.224668066894,4142.0,4259.7593
T000605,1972-06-30,4000.0,4325.857866556705,4289.696399810546,4092.0,4431.216
T000605,1972-07-31,4400.0,4702.85863942515,4589.238884804528,4399.0,4487.704
T000605,1972-08-31,4200.0,4519.527222125997,4388.46358734215,4206.0,4285.702
T000605,1972-09-30,3565.0,4168.242595188873,4053.224026502746,3878.0,4241.258
T000605,1972-10-31,4113.0,4329.557997377049,4232.192157152988,4064.0,4254.4644
T000605,1972-11-30,7754.0,8010.317997514507,7827.47148132809,7666.0,7955.785
T000606,1971-12-31,10126.0,9857.824742544099,9553.403893767805,9474.0,10401.385
T000606,1972-01-31,9928.0,10760.57327620095,10265.723860219125,10863.0,10493.151
T000606,1972-02-29,10975.0,10194.636004281367,9770.718522971192,9490.0,10322.238
T000606,1972-03-31,9127.0,9603.825511745863,9030.61107112952,9046.0,9467.558
T000606,1972-04-30,8802.0,8680.064519486805,8193.141382217691,7852.0,8719.889
T000606,1972-05-31,8146.0,7633.549976993643,7076.531882196507,7089.0,7290.672
T000606,1972-06-30,5732.0,6452.193099733909,5884.946731808713,6537.0,5828.9004
T000606,1972-07-31,5156.0,5373.904288258423,4901.65366409891,5374.0,5115.7417
T000606,1972-08-31,5697.0,5070.789712406109,4449.244893152574,4084.0,5376.692
T000606,1972-09-30,7762.0,7051.473311843437,6626.313040067336,6718.0,6843.662
T000606,1972-10-31,8282.0,8041.437318065577,7425.327426986309,7842.0,7955.769
T000606,1972-11-30,8710.0,11464.862137010248,10827.871309690854,11529.0,10268.282
T000607,1971-12-31,2004.0,1459.7103213653209,1428.5080288031588,1552.0,1755.4917
T000607,1972-01-31,1928.0,1954.3473872537106,1757.6506983763604,1735.0,1881.8354
T000607,1972-02-29,2895.0,2042.8505430741188,1833.9019434480683,1761.0,2008.1223
T000607,1972-03-31,2004.0,2620.922255082445,2708.5448498601136,2914.0,2539.4458
T000607,1972-04-30,3348.0,3133.3747203377134,3340.023708012857,3823.0,3043.892
T000607,1972-05-31,4967.0,5248.090475115967,5011.848945248484,4723.0,5314.099
T000607,1972-06-30,5136.0,4006.5699330657326,4221.125848166816,4561.0,4149.7656
T000607,1972-07-31,4154.0,3878.383744344528,3794.8885916141026,3734.0,4071.1128
T000607,1972-08-31,3214.0,2600.588544198058,2567.7783888553126,2644.0,2720.438
T000607,1972-09-30,2722.0,2861.816942075081,2844.025283233409,2900.0,2973.57
T000607,1972-10-31,3646.0,3186.1840358169065,3266.560032924019,3415.0,3158.4636
T000607,1972-11-30,4853.0,4419.503465053342,4445.830031624276,4490.0,4405.46
T000608,1971-12-31,4879.0,5495.73399051317,5922.696260391725,5655.0,4856.4116
T000608,1972-01-31,6713.0,6922.90149226709,7060.016033622215,7209.0,6298.733
T000608,1972-02-29,10923.0,7457.541479358304,7816.915697832972,7734.0,8143.231
T000608,1972-03-31,8136.0,12863.930575962291,12628.85400782192,12675.0,10925.194
T000608,1972-04-30,13688.0,11335.782641724621,13579.68214041193,13554.0,11771.515
T000608,1972-05-31,9418.0,11243.166468521533,9433.706833789753,9448.0,10848.613
T000608,1972-06-30,12963.0,13830.03636145839,13901.954734186362,13894.0,12614.162
T000608,1972-07-31,13295.0,13611.42942747679,13842.57286362973,13847.0,13676.653
T000608,1972-08-31,11205.0,9652.095983378362,9737.463883265209,9735.0,9096.371
T000608,1972-09-30,8764.0,10791.75670897559,10769.628747741917,10771.0,9549.002
T000608,1972-10-31,6693.0,6982.327390107754,6792.763158215265,6792.0,6886.1943
T000608,1972-11-30,10643.0,10304.584096306278,10256.57527110122,10257.0,9225.73
T000609,1971-12-31,25913.0,23302.923310645638,25557.86391195388,25286.0,25635.72
T000609,1972-01-31,25113.0,28928.669760054327,29791.83732470405,29872.0,29063.72
T000609,1972-02-29,40036.0,31746.764821508605,33717.637026571196,33694.0,32340.703
T000609,1972-03-31,35895.0,40193.02581378857,41520.03030964143,41527.0,39870.93
T000609,1972-04-30,45774.0,48861.332972360695,50685.05510551626,50683.0,48418.453
T000609,1972-05-31,41027.0,38620.50277285728,39553.39402491852,39554.0,40188.688
T000609,1972-06-30,44492.0,49924.844005672036,51227.178679778954,51227.0,48715.676
T000609,1972-07-31,63242.0,61656.06812043174,62671.94731390055,62672.0,63183.83
T000609,1972-08-31,32323.0,30001.54785275165,31883.015535194256,31883.0,29242.293
T000609,1972-09-30,33567.0,33150.83179808316,33837.99541924221,33838.0,35166.85
T000609,1972-10-31,32227.0,28791.863722188587,29974.001350697108,29974.0,30952.17
T000609,1972-11-30,43259.0,31184.668040665314,32521.99960172907,32522.0,32052.81
T000610,1971-12-31,1032.0,1137.9165046922642,1115.0194088360427,1168.0,1196.5857
T000610,1972-01-31,1245.0,1318.0751773503457,1289.4749029272675,1303.0,1264.4421
T000610,1972-02-29,2046.0,1706.1146311006223,1681.2316261051592,1653.0,1728.5547
T000610,1972-03-31,1452.0,1959.4181465790764,1938.3454647096678,1930.0,1945.2504
T000610,1972-04-30,2182.0,2227.882697333299,2209.888137075446,2263.0,2206.6257
T000610,1972-05-31,1846.0,2087.4599446274706,2069.386310583055,2083.0,2086.965
T000610,1972-06-30,1830.0,2328.6415892854975,2306.1239203197156,2300.0,2332.7935
T000610,1972-07-31,2383.0,2503.1489506273415,2478.1562123103,2467.0,2520.5986
T000610,1972-08-31,1505.0,1831.8859299028943,1814.348910274242,1847.0,1798.898
T000610,1972-09-30,1443.0,1648.019069139853,1617.5884363507653,1554.0,1697.4358
T000610,1972-10-31,1254.0,1393.629327926296,1369.3452945794102,1359.0,1411.0336
T000610,1972-11-30,1799.0,1844.8042441900357,1832.8115936185245,1903.0,1722.3129
T000611,1971-12-31,6203.0,6791.605805485077,6226.225517410261,7097.0,6176.0454
T000611,1972-01-31,4720.0,5710.346446955343,5269.964306479278,6007.0,6123.146
T000611,1972-02-29,5223.0,4779.674308998445,835.1932778039409,952.0,6038.42
T000611,1972-03-31,1238.0,8578.836369106608,10660.119242222358,12151.0,6132.871
T000611,1972-04-30,10912.0,5284.881125303132,4367.218631205901,4978.0,6109.4526
T000611,1972-05-31,5227.0,5769.131804953107,4115.432422456183,4691.0,6091.8384
T000611,1972-06-30,7000.0,6393.158145654844,5628.781586544206,6416.0,6082.066
T000611,1972-07-31,4882.0,5889.276752143585,4590.053812468717,5232.0,6131.8984
T000611,1972-08-31,6476.0,6280.420365757377,5748.9722158080085,6553.0,6168.945
T000611,1972-09-30,8830.0,6725.295871550179,7195.646286289835,8202.0,6174.8965
T000611,1972-10-31,6767.0,6119.973658497,4987.472462516181,5685.0,6189.8887
T000611,1972-11-30,14228.0,5312.7591776542795,3247.7789017123832,3702.0,6230.192
T000612,1971-12-31,4487.0,4630.12631611597,4282.150342844301,4542.0,4726.1274
T000612,1972-01-31,4958.0,5263.076906487377,5341.77297461786,5239.0,5634.15
T000612,1972-02-29,7476.0,5008.976646017174,4851.35232538916,4892.0,5552.5156
T000612,1972-03-31,6650.0,7754.678651391157,7798.076536243232,7782.0,7297.485
T000612,1972-04-30,9810.0,9778.125108114687,9695.64157925258,9702.0,10417.658
T000612,1972-05-31,5902.0,5655.80731100074,5730.514814994321,5728.0,6288.92
T000612,1972-06-30,8915.0,8451.490124625283,8397.00536710185,8398.0,8104.996
T000612,1972-07-31,9916.0,9594.54111365392,9532.393386632542,9532.0,9783.818
T000612,1972-08-31,9004.0,7407.173449965321,7442.844411900159,7443.0,8009.543
T000612,1972-09-30,9685.0,10770.286235045549,10693.0615365516,10693.0,10636.011
T000612,1972-10-31,9818.0,10092.149593646382,10031.975661717144,10032.0,10100.235
T000612,1972-11-30,9578.0,9309.32636398535,9247.00962601896,9247.0,9160.482
T000613,1971-12-31,31.0,23.938726131909227,22.138172424750167,19.0,23.926159
T000613,1972-01-31,9.0,23.194264935303945,21.09200398045589,23.0,22.785744
T000613,1972-02-29,23.0,32.374937845103965,30.03285838249062,36.0,25.742147
T000613,1972-03-31,30.0,29.821919682150202,27.724243889100016,28.0,27.696224
T000613,1972-04-30,30.0,31.130550898299482,28.898623686448552,32.0,26.67499
T000613,1972-05-31,20.0,28.427390812428467,26.202245336423214,29.0,25.801744
T000613,1972-06-30,32.0,41.093338909720316,38.82750481165451,42.0,35.530342
T000613,1972-07-31,39.0,59.06530175178994,56.56966216083941,60.0,52.890472
T000613,1972-08-31,52.0,47.69504870080998,45.068788186313824,53.0,39.353233
T000613,1972-09-30,25.0,26.45882273894039,24.584778895529062,22.0,26.650333
T000613,1972-10-31,26.0,23.533015930247934,21.45128321174285,20.0,23.658676
T000613,1972-11-30,51.0,58.64866736669723,56.503099475400326,59.0,53.93007
T000614,1978-12-31,28.4,27.8612477940305,27.827585806297314,26.9,27.569391
T000614,1979-01-31,25.5,26.431397812725834,26.378881095375174,26.6,26.109028
T000614,1979-02-28,26.6,28.38248945931476,28.323501444871134,27.6,28.01245
T000614,1979-03-31,26.2,28.302260848315065,28.250232097971587,27.1,28.510244
T000614,1979-04-30,29.3,31.638584724938056,31.595155015282128,29.8,31.472494
T000614,1979-05-31,28.8,30.761529501236026,30.726531457368505,29.1,31.597937
T000614,1979-06-30,31.2,33.322041806765306,33.304858995557666,32.6,33.127533
T000614,1979-07-31,31.9,32.9004473328911,32.88340402088564,31.6,33.266666
T000614,1979-08-31,28.5,31.73703856279478,31.731640997775816,31.1,32.755245
T000614,1979-09-30,32.2,32.88314260945809,32.897150329081995,33.2,33.187798
T000614,1979-10-31,31.7,32.93677809860379,32.97184196827973,33.6,33.105827
T000614,1979-11-30,31.8,32.9845463126054,33.00426237800504,34.0,32.828842
T000615,1968-12-31,54.6,55.25049751337067,55.21756933619064,55.6,55.135036
T000615,1969-01-31,54.28,55.117000023976566,55.03369487043116,56.1,55.04451
T000615,1969-02-28,54.09,55.094077401219295,55.09395665982848,56.18,54.95537
T000615,1969-03-31,53.96,55.20372013641592,55.15691469976546,55.81,54.85278
T000615,1969-04-30,54.12,55.2221893798251,55.19303364113827,55.71,54.750793
T000615,1969-05-31,53.95,55.18239129524817,55.15137224538266,55.83,54.682327
T000615,1969-06-30,53.92,55.07341225452678,55.00179639561637,56.05,54.619106
T000615,1969-07-31,54.1,55.26462670468566,55.1565587771518,55.49,54.55419
T000615,1969-08-31,54.18,55.21204241251787,55.059145395367906,55.58,54.496777
T000615,1969-09-30,54.36,55.289282770822965,55.18321627465578,55.45,54.44342
T000615,1969-10-31,54.29,55.45942574194192,55.34949115042468,55.07,54.417282
T000615,1969-11-30,54.29,55.37095133306477,55.267772230146804,55.25,54.400105
T000616,1971-12-31,41.0,36.343568335031364,38.11086392188254,35.0,32.039066
T000616,1972-01-31,18.0,18.881333411958146,17.96774743404704,17.0,18.501091
T000616,1972-02-29,29.0,26.91098191884933,26.301053057807135,26.0,25.223694
T000616,1972-03-31,37.0,41.03643283896251,41.09365350961046,41.0,35.40353
T000616,1972-04-30,21.0,27.295145425419136,28.029134332420487,28.0,24.669865
T000616,1972-05-31,36.0,36.14636831755446,35.0090632943615,35.0,36.2211
T000616,1972-06-30,43.0,42.695501414213346,43.00281946754426,43.0,39.625084
T000616,1972-07-31,58.0,43.80835934118751,42.00087709798623,42.0,44.00043
T000616,1972-08-31,35.0,42.868529976750594,43.000272853248134,43.0,41.22593
T000616,1972-09-30,38.0,30.7983691143386,29.000084880932558,29.0,33.197968
T000616,1972-10-31,28.0,18.968886426505737,19.000026405303075,19.0,18.302542
T000616,1972-11-30,37.0,47.83354390672148,49.00000821433047,49.0,41.624447
