unique_id,Meta-Regr,MetaARIMA,No-PCA,Reg-Chain,No-SH,MonteCarlo,MO-Regr,AutoARIMA
T000000,0.3794878045963163,0.3794878045963163,0.3676093310556581,0.3939643847430974,0.3794878045963163,0.46968883498697256,0.3794878045963163,0.38404616628726357
T000001,0.2972640487527352,0.33621818939248366,0.29076923833787055,0.29076923833787055,0.33621818939248366,0.32464930709447687,0.30164080646238245,0.29811318008960686
T000002,0.5981759457306374,0.6720509511253949,0.573918631585558,0.6723888270152627,0.6720509511253949,0.5715699369827822,0.6720509511253949,0.6720509511253949
T000003,1.067164010779532,1.226192199295583,1.067164010779532,1.2309394477662614,1.226192199295583,1.2663677404958014,1.226192199295583,1.2762335285195028
T000004,0.48660963581438904,0.5260829793554291,0.48660963581438904,0.5260829793554291,0.5260829793554291,0.5390653352227859,0.5260829793554291,0.5377524462308548
T000005,0.8188091430733696,0.8188091430733696,0.919287677840776,0.9078100797953338,0.8188091430733696,0.8296318068554162,0.8188091430733696,1.2467192060773973
T000006,0.9597398232554594,0.9364382463441171,0.9265098165284731,0.9364382463441171,0.9364382463441171,0.9774061184728933,0.8850514225581467,0.8850514225581467
T000007,0.8212706408441718,0.8212706408441718,0.8076463385398206,0.7922686217766973,0.8212706408441718,0.8212706408441718,0.8212706408441718,0.8180977075068411
T000008,1.1021611162394194,0.9109762685389864,1.1021611162394194,0.9109762685389864,0.9109762685389864,0.8367147653546736,0.8997621925959406,0.8657155068055828
T000009,0.5612036428822503,0.5630623870898972,0.5581021773414051,0.5616299042860476,0.5630623870898972,0.5630623870898972,0.5605838808529506,0.4938746820115962
T000010,0.47951499192845803,0.47951499192845803,0.4747630583009186,0.5012109106869358,0.47951499192845803,0.47951499192845803,0.5012109106869358,0.5136302799499802
T000011,0.6995937045120108,0.7097397515362858,0.888838103501302,0.7437501535340663,0.7097397515362858,0.7437501535340663,0.7097397515362858,0.4063628422842682
T000012,0.6174206515405444,0.6174206515405444,0.6795126390798021,0.6328431678692797,0.6174206515405444,0.6748167191051073,0.6174206515405444,0.5625586012848133
T000013,0.718617831430558,0.718617831430558,0.728948737725141,0.7337454840375227,0.718617831430558,0.723452629782167,0.718617831430558,0.6460207072881596
T000014,0.6558470251844793,0.6639630099180448,0.7930111456232651,0.6558470251844793,0.6639630099180448,0.9838752472695389,0.6639630099180448,0.6531541076255891
T000015,0.4826402993601887,0.4826402993601887,0.5249748317591896,0.5170409690313307,0.4826402993601887,0.4826402993601887,0.4826402993601887,0.44334721099926877
T000016,1.0427922112295556,1.0093181353404022,1.1512179450490208,1.0093181353404022,1.0093181353404022,1.0503980580867955,1.0093181353404022,1.1993990710168858
T000017,1.01457970111744,0.7533760109232842,0.7222617574346482,0.737946163842212,0.7533760109232842,1.08267322993924,0.7532572524784908,0.7532572524784908
T000018,0.6143985509473986,0.6143985509473986,1.3878437705211613,0.6304737422604304,0.6143985509473986,0.6143985509473986,0.6143985509473986,0.6143985509473986
T000019,0.5378020265003897,0.5378020265003897,0.8656320587616045,0.6048517676348796,0.5378020265003897,0.5484711658495199,0.5378020265003897,0.5378020265003897
T000020,0.6317148292218598,0.6305263615883037,0.42601278859402336,0.6305263615883037,0.6305263615883037,0.6308453253167887,0.6305263615883037,0.6317148292218598
T000021,0.39174753765207593,0.39174753765207593,0.5772256362385254,0.3891086097778863,0.39174753765207593,0.39174753765207593,0.39174753765207593,0.39174753765207593
T000022,0.8835629195293845,0.8822566031046725,0.9992981965582489,0.862397908380291,0.8822566031046725,0.862397908380291,0.8822566031046725,0.8835629195293845
T000023,0.5883513658959257,0.5883513658959257,0.3850721283082502,0.5883513658959257,0.5883513658959257,0.6716856891655298,0.5883513658959257,0.5883513658959257
T000024,0.6322366596281527,0.6674601384272755,0.9852682117932139,0.6674601384272755,0.6674601384272755,0.6433057224399106,0.6674601384272755,0.6322366596281527
T000025,0.48961647922142165,0.48961647922142165,0.4681727969948243,0.48961647922142165,0.48961647922142165,0.9265958256645036,0.459356404424026,0.459356404424026
T000026,0.6428720802259771,0.6428720802259771,0.6396176595023365,0.6428720802259771,0.6428720802259771,0.6428720802259771,0.6428720802259771,0.6573179298786799
T000027,0.35102487246499775,0.3854670267507258,0.6751198334007632,0.3854670267507258,0.3854670267507258,0.39216657208979216,0.35102487246499775,0.35102487246499775
T000028,0.48244962576051786,0.48244962576051786,0.5183610861407651,0.6304452850215785,0.48244962576051786,0.44815150163708156,0.48244962576051786,0.49766874357612656
T000029,0.6618548138792845,0.5943533194864371,0.5945109980336417,0.5945109980336417,0.5943533194864371,0.5943533194864371,0.6028762076880632,0.6028762076880632
T000030,0.3772788656313302,0.3772788656313302,0.4909093451376734,0.3780346972684664,0.3772788656313302,0.3772788656313302,0.3772788656313302,0.3772788656313302
T000031,0.4641553909968214,0.4641553909968214,0.7128558782397841,0.4598600676648886,0.4641553909968214,0.4641553909968214,0.4641553909968214,0.4641553909968214
T000032,0.4458471131769993,0.4458471131769993,0.5902934634057391,0.4458471131769993,0.4458471131769993,0.3861521791616667,0.39941823993575054,0.3861521791616667
T000033,0.5873192363973241,0.5873192363973241,0.626048260722077,0.5726605367107492,0.5873192363973241,0.5776107942031703,0.5873192363973241,0.5873192363973241
T000034,0.5463900707321098,0.5463900707321098,0.47205270927137455,0.5413205812394146,0.5463900707321098,0.5474360174318588,0.5413205812394146,0.5413205812394146
T000035,0.7322575397971286,0.7322575397971286,0.6113433047040062,0.750097589096514,0.7322575397971286,0.7322575397971286,0.7322575397971286,0.7322575397971286
T000036,0.6433735825734068,0.5989522469242397,1.2807034254211436,0.5901780589941185,0.5989522469242397,0.69044910745744,0.6433735825734068,0.6433735825734068
T000037,0.7826051495998514,0.4208924235666839,0.7501361974155795,0.37375942799581,0.4208924235666839,0.4208924235666839,0.4208924235666839,0.4555431172896957
T000038,0.4793961521980974,0.3816735902917759,0.47884931864483027,0.49795652357548814,0.5377169082851074,0.39791602143692567,0.44113950585691336,0.39879778958401624
T000039,0.7632625926492661,0.547487623643196,0.5404698150299326,0.5404698150299326,0.547487623643196,0.5126963748295118,0.5113602554243556,0.5113602554243556
T000040,0.5525566317698561,0.6338001834550315,0.5463761501202216,0.6338001834550315,0.6338001834550315,0.6346770515420564,0.6338001834550315,0.7458373734191387
T000041,0.374259368271892,0.3490262901089715,0.4674067282156407,0.374259368271892,0.3490262901089715,0.3490262901089715,0.3490262901089715,0.36779364432420086
T000042,0.8061389611598323,0.822838036004609,1.159847294139833,0.8070786981614273,0.822838036004609,0.822838036004609,0.822838036004609,0.8184733614153382
T000043,0.6049293495537351,0.7137535590217113,0.6059988541221212,0.7137535590217113,0.7137535590217113,0.6035844984121739,0.7137535590217113,0.6035844984121739
T000044,0.8085029880244448,0.8091414426185881,0.9618152477645635,0.8091414426185881,0.8091414426185881,0.8091414426185881,0.8085029880244448,0.8085029880244448
T000045,0.7874210921283771,0.792656930303286,0.6831556456560468,0.792656930303286,0.792656930303286,0.6366472637143259,0.792656930303286,0.771976801316678
T000046,0.537730681332147,0.5336942889865769,0.5155350684264157,0.5336942889865769,0.5336942889865769,0.5233621533806992,0.5336942889865769,0.537730681332147
T000047,0.7978795344545793,0.7978795344545793,0.8271730335536915,0.7817458102372747,0.7978795344545793,0.8127999105070753,0.7929928785912841,0.8062677943140314
T000048,0.7000456833037519,0.7000456833037519,0.5358851838608655,0.7000456833037519,0.7000456833037519,0.5046772730334439,0.7000456833037519,0.47878887318938135
T000049,0.5424138904139987,0.5283330191253083,0.862276479240686,0.5228199498742369,0.5283330191253083,0.5401461198288752,0.5228199498742369,0.5424138904139987
T000050,0.41298436437797414,0.41465306152910864,0.7191055031055582,0.41465306152910864,0.41465306152910864,0.41465306152910864,0.41298436437797414,0.41298436437797414
T000051,0.6777858744120274,0.4182986948119325,0.6356998348048133,0.6051347349008137,0.4182986948119325,0.6908733798381275,0.4146207167508295,0.5948078629072396
T000052,0.5112649709600713,0.5112649709600713,0.49127616868293106,0.5130496192131186,0.5112649709600713,0.5112649709600713,0.4922496430336668,0.4996268452311326
T000053,0.6066533023181322,0.6066533023181322,0.8526007982497033,0.5872929726175607,0.6066533023181322,0.6066533023181322,0.6066533023181322,0.6090769029876619
T000054,0.4001168224299066,0.4001168224299066,0.41860498440838356,0.3995093416723573,0.4001168224299066,0.4001168224299066,0.4001168224299066,0.4001168224299066
T000055,1.2742770471724054,0.8804560875775593,1.226523799717971,0.8221099217518915,0.8804560875775593,0.8804560875775593,0.8284736468726572,0.816406800645302
T000056,0.6593768533232527,0.5974300024083304,0.5609978759873355,0.5974300024083304,0.5974300024083304,0.6258475342310273,0.5974300024083304,0.5974300024083304
T000057,0.6658593776954211,0.620117828970302,0.6092261753296752,0.6023514981711175,0.620117828970302,0.620117828970302,0.620117828970302,0.6784286036235796
T000058,0.5032394726232751,0.4944643868679423,0.5340439056635439,0.5032394726232751,0.4944643868679423,0.5219815209089221,0.47250958690117545,0.4970709657958981
T000059,0.7076815726062076,0.6451558825185387,0.8937008201865958,0.6451558825185387,0.6451558825185387,0.675415139443709,0.6451558825185387,0.7076815726062076
T000060,0.8875976576991081,0.7180680207302198,0.8474950895383895,0.8174017793704556,0.7180680207302198,0.8875976576991081,0.7180680207302198,0.9440333755856714
T000061,0.6712831386072494,0.660612778946852,0.7190805358983536,0.660612778946852,0.660612778946852,0.6784925588693339,0.6712831386072494,0.6712831386072494
T000062,0.5077663957910766,0.4784757085845242,0.5090963590766466,0.47366194183871557,0.4784757085845242,0.4784757085845242,0.46374541657637147,0.3724653500287107
T000063,0.5787908769913972,0.5746986847403147,0.47395832678763816,0.5746986847403147,0.6022382287863474,0.577146715945395,0.5746986847403147,0.6173808416950886
T000064,0.5761560235295059,0.5805455129387068,0.5763038811722412,0.5761560235295059,0.5805455129387068,0.5853877146273356,0.5761560235295059,0.5807158231468779
T000065,0.8151577268883891,0.7791595703180421,0.7591128162918012,0.7591128162918012,0.7791595703180421,0.8376977262784975,0.7591128162918012,0.5596035911265581
T000066,0.659387536592474,0.5034815177040494,0.68145974204184,0.5034815177040494,0.5034815177040494,0.4986405910817057,0.5034815177040494,0.5044240633221962
T000067,0.39965711173113855,0.38657447189969013,0.5452052038891172,0.3847005035049331,0.38657447189969013,0.39884812124879854,0.38657447189969013,0.39965711173113855
T000068,0.9082396747233188,0.9082396747233188,0.9257178326330834,0.837552094667588,0.9082396747233188,0.9082396747233188,0.9082396747233188,0.8741068776988469
T000069,0.7745621638201843,0.780944771082464,0.7809077439903717,0.8008899381046412,0.8939358383112983,0.780944771082464,0.7898918065343474,0.801431035722929
T000070,0.677760060918561,0.6696805338703046,0.6267931583176981,0.653429190329309,0.6696805338703046,0.6696805338703046,0.653429190329309,0.6707191476325892
T000071,1.116056247501751,0.8832439527346024,1.3203158522660874,0.8756314538821244,0.8832439527346024,0.8832439527346024,0.8694352595326234,0.8694352595326234
T000072,0.9667654821089701,0.9667715186162916,0.9548664505282654,0.957358476709245,0.9667715186162916,0.9550785050743793,0.9550785050743793,0.724868182935679
T000073,0.8244806815994674,0.8244806815994674,0.7829436795745467,0.7829436795745467,0.8244806815994674,0.856968074825002,0.8244806815994674,0.8617704273002892
T000074,0.36221393126109735,0.38454501663147367,0.5703962714992142,0.38454501663147367,0.38454501663147367,0.389504075409652,0.38454501663147367,0.3663930656389633
T000075,1.1560338118686715,1.411257981016447,1.101821830320694,1.273383215438491,1.411257981016447,1.5388982158109281,1.411257981016447,2.074967167868207
T000076,0.6217718490090839,0.6217718490090839,0.6217718490090839,0.6981711848201912,0.6217718490090839,0.6217718490090839,0.6199822475051003,0.6457346130743441
T000077,0.6467622703283,0.6467622703283,0.654087656701434,0.6921495042780385,0.6467622703283,0.6467622703283,0.6547619047619048,0.646497915928029
T000078,0.8015694073229335,0.8015694073229335,0.7930174486617607,0.7963220381942675,0.8015694073229335,0.839334997839076,0.8015694073229335,0.8015694073229335
T000079,0.7659167060594346,0.6542019759990382,0.7659580564745604,0.6542019759990382,0.6542019759990382,0.7108304217997449,0.6542019759990382,0.6217086519262176
T000080,0.9910422402701494,0.9514446962231747,0.5260699921388818,0.9659569736748558,0.9514446962231747,0.9514446962231747,0.9514446962231747,0.9140480997621281
T000081,0.378585285812069,0.3792615504417167,0.3894139633692743,0.43710027133242824,0.3792615504417167,0.3854316556782225,0.3689354083530343,0.5083002088788964
T000082,0.6408660103117687,0.6408660103117687,0.8308166858725063,0.6603388332911188,0.6408660103117687,0.6483136994351022,0.6435332191744112,0.6435332191744112
T000083,0.876079015133788,1.2251256520500229,0.9108387630887521,1.2251256520500229,1.2251256520500229,1.0885655097833629,1.2251256520500229,1.2251256520500229
T000084,1.1426922299750792,1.2657519324377857,1.1426922299750792,1.2808897359102487,1.2657519324377857,1.2657519324377857,1.2657519324377857,1.1777168295399338
T000085,0.6163195877688905,0.5080875845069628,0.6163195877688905,0.5080875845069628,0.5080875845069628,0.5080875845069628,0.5158637668635759,0.5158637668635759
T000086,0.9270157057641824,0.9133976014530104,0.8068961625000891,1.0392672134792051,0.9133976014530104,1.0468919427422847,1.0520360107799303,1.0520360107799303
T000087,0.5472110444943397,0.6147471922464706,0.6004512136595636,0.6147471922464706,0.6147471922464706,0.6682652589519088,0.6147471922464706,0.6682652589519088
T000088,0.5355297633365687,0.5144880478645514,0.7362629879779281,0.5120046003122318,0.5144880478645514,0.5093895262212089,0.5144880478645514,0.5355297633365687
T000089,0.7600799429677747,0.7600799429677747,0.9377877916985079,0.9517020475413328,0.7600799429677747,0.80668092189089,0.7600799429677747,0.80668092189089
T000090,0.5948273763078465,0.532738670505045,0.7263750919313547,0.5821152050053884,0.532738670505045,0.5684099138981783,0.5821152050053884,0.5948273763078465
T000091,0.8128667698920945,0.8128667698920945,0.8261735287469362,0.8089209706155827,0.8128667698920945,0.7998931637003001,0.8089209706155827,0.8089209706155827
T000092,0.6630221491684072,0.6630221491684072,0.638641609429067,0.7204146397675055,0.6630221491684072,0.6817357955241546,0.6405694820516605,0.788276970449997
T000093,0.6672249648541241,0.5063310413398975,0.4999419532972778,0.6634920394340271,0.5063310413398975,0.5800974063632641,0.5063310413398975,0.9254460285992435
T000094,0.8262954835006712,0.730647817215559,0.722697391886413,0.71324956448646,0.730647817215559,0.7863118570103819,0.8344854465425323,1.284310838410317
T000095,0.41820624337042345,0.5211503369642433,0.5026427065625634,0.39638279406546817,0.5211503369642433,0.5156868525169814,0.5211503369642433,0.8408343581329701
T000096,1.1458184440092132,1.095864660011618,1.2280782406761848,1.2064313772640156,1.095864660011618,1.0813093266014182,1.147806767318211,1.1931336071137195
T000097,0.6912485016115055,0.5544769871120379,0.594751480343028,0.5544769871120379,0.5544769871120379,0.5544769871120379,0.5544769871120379,0.7568169812121378
T000098,0.5305740366074797,0.45866053251854144,0.7642954012454961,0.43126953864002165,0.45866053251854144,0.5377130750968173,0.544555335929371,0.5649629523505612
T000099,0.5021277186320013,0.5021277186320013,0.3750672228242786,0.5949260419445083,0.5021277186320013,0.5949260419445083,0.5021277186320013,0.5021277186320013
T000100,0.31366779936045974,0.3872058333838197,0.4794429146526149,0.3184459481983075,0.3872058333838197,0.3572208484974326,0.3872058333838197,1.3395932136657074
T000101,0.38872744348224525,0.38872744348224525,0.4430854868142834,0.5761474003652617,0.38872744348224525,0.5886819599610342,0.38872744348224525,0.401761717837578
T000102,1.1956084359133141,0.7646405451678587,1.1533925192122956,0.7796261866421768,0.7646405451678587,0.7400575422614065,0.7974122676937738,0.7896441538883755
T000103,1.5443179243956697,1.4867827329684205,1.5409987172531858,1.5055167739000408,1.5219548078981242,1.535992135993691,1.4867827329684205,1.5390459212729364
T000104,0.5011426180031711,0.5011426180031711,0.5839244351103575,0.5681973140674151,0.5011426180031711,0.6469240556206317,0.6910803778460062,1.2985567497850499
T000105,0.4685645692139857,0.4199951598974267,0.5658627295370569,0.45362950603508084,0.4199951598974267,0.43566120465410596,0.42111327906850066,0.4199951598974267
T000106,0.8883676053472437,0.8579008157828539,0.8042059445661347,0.7488599588403956,0.8699118030401767,1.1733323390916999,0.8579008157828539,0.9835109601319889
T000107,0.6993872817497909,0.6993872817497909,0.7456234642431806,0.6472441525091176,0.6993872817497909,0.6993872817497909,0.6709698686261297,0.6709698686261297
T000108,0.7661603991234176,0.8190277513303047,0.7588290779739049,0.7524951478122576,0.8190277513303047,0.8190277513303047,0.8190277513303047,0.735972792392161
T000109,0.8496161796997116,0.6996050977423018,0.6511833201329751,0.7670280304689039,0.6996050977423018,0.6996050977423018,0.6854056333077873,0.6854056333077873
T000110,0.8684521651696143,0.8336407150398288,0.9384356333935026,0.8311050031668021,0.8336407150398288,0.8336407150398288,0.8311050031668021,0.8319112627986348
T000111,0.6490330499446415,0.7013235678971005,0.7130254376925065,0.6915557487413013,0.7013235678971005,0.6779759878107232,0.7013235678971005,0.6725255151228287
T000112,0.6885284517997744,0.6885284517997744,0.7593979026861298,0.6885284517997744,0.6885284517997744,0.7607677431494616,0.6885284517997744,0.9468579865594928
T000113,0.5651881893839639,0.6938949251015447,0.5753393231371494,0.607018618224835,0.6938949251015447,0.6938949251015447,0.6639320886462303,0.7113954532526765
T000114,0.5909998045286137,0.5909998045286137,0.5735879458929718,0.5909998045286137,0.5909998045286137,0.4837650275679961,0.5909998045286137,1.643826361260224
T000115,0.9160918447178867,0.8414659141099468,0.886555982712281,0.9254875516953341,0.8414659141099468,0.8985120767798552,0.8343345105683786,0.8639181582235119
T000116,1.0236583522227283,0.5914918782097309,0.5436840839542014,1.0118068430189056,0.5914918782097309,0.5873989265384464,1.0118068430189056,0.8197791163111209
T000117,0.8276339247129815,0.6615134084004203,0.78011896928938,0.6674177624147514,0.6615134084004203,0.6615134084004203,0.691272737855227,0.7842401915356891
T000118,0.7909118935181101,0.7288372035140095,0.7266278764064625,0.7266278764064625,0.7288372035140095,0.7288372035140095,0.7288372035140095,0.8315584791917395
T000119,0.5694988120193996,0.5652794899762599,0.5694988120193996,0.5466869905592348,0.5652794899762599,0.6020128571799337,0.5652794899762599,0.5500210314475427
T000120,0.7441402079068771,0.7441402079068771,0.7441402079068771,0.7919048084307926,0.7441402079068771,0.7030654939444669,0.7396668068568113,0.7441402079068771
T000121,0.6560282391533496,0.6560282391533496,0.6597930070339851,0.6290842539279643,0.6560282391533496,0.6591649378161508,0.6560282391533496,0.6594235649886107
T000122,0.7258808935692816,0.7258808935692816,0.7258808935692816,0.8025207518765235,0.7258808935692816,0.627343341400277,0.627343341400277,0.6719100034277201
T000123,0.5785579618100214,0.4255259043136815,0.8313758938146567,0.41207967987168675,0.4255259043136815,0.4255259043136815,0.4255259043136815,0.4407994270471946
T000124,0.5845098222520924,0.3775627632815725,0.6564050856990578,0.38914010669983234,0.3775627632815725,0.37666731489492156,0.3775627632815725,0.3826270730432041
T000125,0.4629210825388255,0.5017609567853134,0.5037977745244532,0.47824224130333287,0.5017609567853134,0.5017609567853134,0.5017609567853134,0.5092170028795131
T000126,0.3969018252664181,0.3476071775666423,0.35087847672809935,0.3495262556069569,0.3476071775666423,0.3518001082938686,0.3476071775666423,0.3524883346772052
T000127,0.5734054179264703,0.5734054179264703,0.48097138905992115,0.6726715095130458,0.5734054179264703,0.5734054179264703,0.5925939630834678,0.6418263466976923
T000128,0.5716358941415901,0.23743177474498212,0.5028786762544442,0.25404561895107236,11.925019036990026,0.32000538356242003,0.23743177474498212,0.23743177474498212
T000129,0.7769016838632706,0.5664566535277471,0.5349979294143111,0.5361451825870653,0.5664566535277471,0.5232924715184154,0.5664566535277471,0.5244053827916462
T000130,0.4830498239761172,0.4830498239761172,0.586070854382016,0.4830498239761172,0.4830498239761172,0.4236687885793541,0.4830498239761172,0.4830498239761172
T000131,0.8996316562470793,0.6220668454481647,0.9157761548499649,0.6223103884121498,0.6220668454481647,0.7050024251402907,0.6223103884121498,0.6220668454481647
T000132,1.0280438734258965,0.8996728859564043,0.8901596983323669,0.9013477939215894,0.8996728859564043,0.8996728859564043,0.8996728859564043,0.8996728859564043
T000133,0.836290696557837,0.6284335233412635,0.6763647486309047,0.6393598632601676,0.6284335233412635,0.6284335233412635,0.6393598632601676,0.6444365625543899
T000134,0.6356759966504941,0.6356759966504941,0.7006946935150453,0.6166312887492275,0.6356759966504941,0.6094108799510847,0.6166312887492275,0.6121483931466664
T000135,0.8437595270067345,0.9108278118693147,0.9077872336169478,0.9108278118693147,0.9108278118693147,0.907287851045273,0.9108278118693147,0.9108278118693147
T000136,0.46056513350748957,0.6641381087699575,0.6563568810580171,0.6965363966218182,0.6641381087699575,0.6641381087699575,0.6641381087699575,0.6623212141577055
T000137,0.6961499322765122,0.6109747827090679,0.6961499322765122,0.61972640220526,0.6109747827090679,0.6109747827090679,0.6341508052708638,0.6341508052708638
T000138,0.6771934092317113,0.6401475285144589,0.6771934092317113,0.6085805679498328,0.6401475285144589,0.6401475285144589,0.6401475285144589,0.6401475285144589
T000139,0.5628538912929842,0.5566832101969749,0.5628538912929842,0.6399923637247804,0.5566832101969749,0.6091681651069795,0.6013966662310023,0.6013966662310023
T000140,0.648497963659819,0.648497963659819,0.6847500766766508,0.694899144320292,0.648497963659819,0.6850139832137113,0.648497963659819,0.648497963659819
T000141,1.2926899057608527,1.365684700673153,0.7134415191966196,0.8729166276886292,1.365684700673153,1.365684700673153,1.365684700673153,0.8859469872253127
T000142,1.3671148537520517,1.3109601696950777,1.3671148537520517,1.2086116022272544,1.3109601696950777,1.3109601696950777,1.2086116022272544,1.2759539037288132
T000143,1.1718382876119968,1.0960475086042984,1.1487636195058581,1.2012893886370148,1.0960475086042984,1.2432678245533078,1.0960475086042984,0.7287527406050821
T000144,1.0229319461897992,1.0229319461897992,1.1663483046872773,1.042040135854937,1.0229319461897992,1.0244057351498368,1.0440417547522973,1.0281436532606798
T000145,0.9915025426441552,0.9478631067341948,0.7450450544991194,0.9478631067341948,0.9478631067341948,0.9958909656018049,0.9975840117780018,0.9975840117780018
T000146,0.6250097699745104,0.5684294672645721,0.5237636555271414,0.5684294672645721,0.5684294672645721,0.9492919134424339,0.5684294672645721,0.6250097699745104
T000147,0.4878288739625907,0.6023772505220085,0.5266050450886947,0.6023772505220085,0.6023772505220085,1.2288944219625546,0.6023772505220085,0.3684750201589622
T000148,1.2737169035262235,1.1792039380737256,0.8115887466676437,0.8137651716066976,1.1792039380737256,1.1792039380737256,1.2737169035262235,1.1668595394578072
T000149,0.4637127062602533,0.4099222304731801,0.5203744473994841,0.4191634848492133,0.4099222304731801,0.4099222304731801,0.44322662095285237,0.43814448008970186
T000150,0.7738373406780348,0.7749835896511914,0.808696321466877,0.7700823203039178,0.7749835896511914,0.7749835896511914,0.7669979828063282,0.8236693439060833
T000151,1.174222621266855,1.0466793102037502,1.1693446379779933,0.6391380858055352,1.0466793102037502,0.6929933223037469,1.0466793102037502,0.7363467533086554
T000152,1.1546486845914554,1.1546486845914554,1.1546486845914554,1.1430897107797215,1.1546486845914554,1.1546486845914554,1.1587760837486105,0.65787644981277
T000153,0.7794584505807893,0.6021275839827634,0.7914490939889127,0.6021275839827634,0.6021275839827634,0.6021275839827634,0.7795835732976257,0.5627507169103546
T000154,0.49579951746761775,0.49579951746761775,0.5794828966730537,0.36940939873109435,0.49579951746761775,0.49579951746761775,0.37718312444431956,0.3415975247711034
T000155,0.6490661835119993,0.6490661835119993,0.8602615057069399,0.49585059095620887,0.6490661835119993,0.42630941521153437,0.7100447488926884,0.506529661717223
T000156,0.8017376579551405,0.5032103269016266,0.7732062110210565,0.5032103269016266,0.5032103269016266,0.4516855073066206,0.5032103269016266,0.4351429697727589
T000157,0.6513978921539093,0.5183486060295271,0.530954546525972,0.44751913621722783,0.5183486060295271,0.5183486060295271,0.4874775031522532,0.5182871667317622
T000158,0.42774893435791006,0.4381343321417848,0.4586426627296157,0.4381343321417848,0.4381343321417848,0.4404975165765263,0.4381343321417848,0.43640062528071444
T000159,1.2591596812892365,0.9497487078759497,1.2544299500286158,0.9497487078759497,0.9497487078759497,0.801306139958808,0.9497487078759497,0.8956515499914106
T000160,0.9068834836736362,0.49143195752919394,0.8601655549685336,0.49143195752919394,0.49143195752919394,0.5256865704745691,0.49143195752919394,0.49143195752919394
T000161,0.9622922692958684,0.9622922692958684,0.9102500208933506,0.6446960660466353,0.9622922692958684,0.6314555723786108,0.6446960660466353,0.6446960660466353
T000162,0.8002000060629573,0.6968963034729649,1.0743331154234865,0.7058998881979821,0.6968963034729649,0.7132210634263076,0.6968963034729649,0.6991462060528804
T000163,0.7206398760040781,0.5305472107997768,0.7736436328000758,0.5998277056659881,0.5305472107997768,0.497667459842947,0.5595415527697365,0.5595415527697365
T000164,0.7820972768878519,1.073249557399608,0.7820972768878519,1.073249557399608,1.073249557399608,1.090286125996774,1.073249557399608,1.073249557399608
T000165,0.7469876089769751,0.7326926375050022,0.7179113377996919,0.7326926375050022,0.7326926375050022,0.7222689459261007,0.7326926375050022,0.7326926375050022
T000166,0.9623424438996528,1.0162023942975114,0.9891721957213765,0.9978676181243952,1.0162023942975114,1.0162023942975114,1.0412185724013763,1.0412185724013763
T000167,0.9297222574977536,0.8375560182805539,0.9297222574977536,0.8234529037919538,0.8375560182805539,0.8020766759931549,0.7998826133442313,0.8032898872276932
T000168,0.5229373723958838,0.541600796687446,0.5356937165752779,0.5276196362778754,0.541600796687446,0.541600796687446,0.541600796687446,0.5325353187449409
T000169,0.7736906007979908,0.5313237872983693,0.6699731481635629,0.5313237872983693,0.5313237872983693,0.5210928034295872,0.5313237872983693,0.5204161862838439
T000170,0.5974004899099796,0.6083021651230476,0.5803459936834292,0.6523466588099747,0.6083021651230476,0.6420412264349045,0.5974004899099796,0.6171173703368058
T000171,0.9550111619450264,0.7914402420679555,0.7098094760282553,0.9814196953133688,0.7914402420679555,0.7749353030467128,0.8628827763254477,0.97279170993252
T000172,1.1577700069271237,0.8493752059434777,0.7545658359360529,0.9199366573441808,0.8493752059434777,0.6894345484157122,0.8493752059434777,0.7350397318413374
T000173,0.5783878410111996,0.5783878410111996,0.7332357917895825,0.5783878410111996,0.5783878410111996,0.5946634359676445,0.5783878410111996,0.5612183691859327
T000174,0.9384882333100253,1.035341370870993,0.867912608600291,0.9633768701469938,1.0200641619384796,0.9727446927236347,1.0452582490505529,0.9420088455627023
T000175,0.5628199088540341,0.718177061401328,0.6882605315778202,0.7371079596487164,0.718177061401328,0.8392188715860694,0.7296377361576016,0.7371079596487164
T000176,0.6948756014214948,0.6948756014214948,0.7077509618592309,0.6913771260473991,0.6948756014214948,0.6896237093946754,0.6948756014214948,0.6926611514421787
T000177,1.0529599275823853,0.7768320676205035,0.5939050583810254,0.7768320676205035,0.7768320676205035,0.7768320676205035,0.7768320676205035,0.598105226982525
T000178,0.7658760733148575,0.7658760733148575,0.6299541567209266,0.7790024603533993,0.7658760733148575,0.7632608010354441,0.7395702134957879,0.7658760733148575
T000179,0.9553552647564518,0.940312785119991,0.7262595000036995,0.940312785119991,0.940312785119991,0.940312785119991,0.9553552647564518,0.9553552647564518
T000180,0.6569318733179244,0.6569318733179244,0.9808242255408937,0.6738442809866408,0.6569318733179244,0.6300951086956522,0.6569318733179244,0.6300951086956522
T000181,0.6549739151321409,0.6611600593074717,0.6033148462592492,0.6611600593074717,0.6611600593074717,0.6611600593074717,0.6611600593074717,0.6549739151321409
T000182,0.9779108664518905,1.3206587450714065,1.5015874153137123,1.3071184908702167,1.0403718820304215,0.9984487682103368,1.3206587450714065,0.9779108664518905
T000183,1.1058741801776293,1.1463268979304768,1.3133664971184347,1.1463268979304768,1.1463268979304768,1.1038584037399461,1.1463268979304768,1.1058741801776293
T000184,1.3540823530246502,1.3540823530246502,1.104287856922005,1.221668377634635,1.1152733003005342,1.3540823530246502,1.3540823530246502,1.3540823530246502
T000185,0.9597578229967135,0.9597578229967135,0.7322042339317304,0.981274198681739,0.9597578229967135,0.9597578229967135,0.9597578229967135,0.9597578229967135
T000186,0.7640039981902957,0.7640039981902957,1.0343671537330847,0.7756080009774864,0.7640039981902957,0.7640039981902957,0.7756080009774864,0.6988632995616084
T000187,0.8640841072894815,0.8640841072894815,0.6385959515742876,0.7897978531865688,0.8640841072894815,0.8640841072894815,0.7897978531865688,0.8640841072894815
T000188,1.1261373450050198,1.052337930892896,1.2537257984273154,1.052337930892896,1.052337930892896,0.927007368518063,0.927007368518063,0.927007368518063
T000189,0.5595094150893126,0.5595094150893126,0.5369519878154202,0.5595094150893126,0.5595094150893126,0.584137318607712,0.5595094150893126,0.5595094150893126
T000190,1.0216224315609619,1.0216224315609619,0.980375038682961,1.0216224315609619,1.0216224315609619,0.9508482668087256,0.9773640424058749,1.063790439303309
T000191,0.8841740537856215,0.9303441482658918,1.0644360848070888,0.9962878648721772,0.9303441482658918,0.9517198213436251,0.9657149919541576,1.236656602392455
T000192,0.7362023418126037,0.8442164387394001,0.8271880117422798,0.843704336463201,0.8442164387394001,0.7962229813664647,0.8442164387394001,0.9106564832745799
T000193,0.8314033245441038,0.7395190956111217,0.7866023057956811,0.8588743447899818,0.7395190956111217,0.913434785918917,0.7738139622871484,0.6707395971092766
T000194,0.5144154560737981,0.44478414126300053,0.6780204475318071,0.6313751199419414,0.44478414126300053,0.5055394329265946,0.44478414126300053,0.44478414126300053
T000195,0.6141738700445682,0.5944352079426936,0.5951200525247761,0.5944352079426936,0.5944352079426936,0.6248862526342871,0.5944352079426936,0.5944352079426936
T000196,0.5420221828773399,0.5420221828773399,0.42407790328335837,0.5412718048904368,0.5420221828773399,0.5139758985593336,0.5420221828773399,0.5009977194982896
T000197,0.6220660345439316,0.6220660345439316,0.9154679500327417,0.6220660345439316,0.6220660345439316,0.5992296168950558,0.6220660345439316,0.6357900956008019
T000198,0.5920462933274911,0.5920462933274911,0.460159670039819,0.5739866224233822,0.5920462933274911,0.5920462933274911,0.5375602901241755,0.5920462933274911
T000199,0.6071476778557233,0.6071476778557233,0.5308777971875221,0.6071476778557233,0.6071476778557233,0.5905313130461264,0.6071476778557233,0.6071476778557233
T000200,0.5388496360178485,0.5388496360178485,0.4547229707117643,0.532282131977207,0.5388496360178485,0.5388496360178485,0.5388496360178485,0.5388496360178485
T000201,0.7492619374384728,0.7488300930902517,0.6977149600909788,0.7488300930902517,0.7488300930902517,0.7488300930902517,0.7492619374384728,0.7492619374384728
T000202,0.8862225608517376,0.8862225608517376,0.5735779634859323,0.8278377118629555,0.8862225608517376,0.8862225608517376,0.8862225608517376,0.8862225608517376
T000203,0.5825883001876877,0.5713394458591395,0.6116425159705154,0.5713394458591395,0.5713394458591395,0.5851524029237756,0.5827097421910611,0.5825883001876877
T000204,0.5927821969758197,0.6993085457955374,0.7907957915538393,0.5862060316055498,0.6993085457955374,0.6993085457955374,0.6993085457955374,0.5927821969758197
T000205,0.6176261968217118,0.6176261968217118,0.6278708610220962,0.6176261968217118,0.6176261968217118,0.6162254383116469,0.6176261968217118,0.6177630032689813
T000206,1.5014375647701965,1.307264019973035,1.3005035623700687,1.313244795497921,1.307264019973035,1.3521787871917295,1.307264019973035,1.74434770312554
T000207,0.47331638015767996,0.4737498597569045,0.7650257431808942,0.47331638015767996,0.4737498597569045,0.619517425313382,0.47331638015767996,0.47478095011577154
T000208,0.7775751615984287,0.7775751615984287,1.0122259188618186,0.7775751615984287,0.7775751615984287,0.7775751615984287,0.7775751615984287,0.7744089561313795
T000209,1.172997049879811,1.1395189817594,1.0400521746550206,1.0400521746550206,1.1395189817594,1.1395189817594,1.1395189817594,1.1208560910684897
T000210,1.3930656769572773,1.2301098830918906,1.4536831399364083,1.6259668541409176,1.2301098830918906,1.2124484210871935,1.281307129959829,1.7526176149368677
T000211,0.6684460474019117,0.6684460474019117,0.6331244527983594,0.6684460474019117,0.6684460474019117,0.5378676391685514,0.6684460474019117,0.6488502837926049
T000212,0.28307184401440255,0.2787963258496422,0.38153607555301655,0.2787963258496422,0.2787963258496422,0.27903307006693967,0.28307184401440255,0.28307184401440255
T000213,0.7228713889114954,0.7494481563201794,0.9385667895988176,0.7680221915547424,0.7494481563201794,0.7494481563201794,0.7494481563201794,1.7492277974916854
T000214,1.008891936585552,1.0219980734890124,0.9923222186780571,1.0148673261137462,1.0219980734890124,1.0219980734890124,1.0219980734890124,1.043782208126399
T000215,0.5542116703429294,0.5542116703429294,0.7337583652587085,0.49830008477796445,0.5542116703429294,0.5913935942725422,0.5542116703429294,0.5190195087334266
T000216,0.9979433036017348,0.9979433036017348,0.9979433036017348,0.9979433036017348,0.9979433036017348,1.0326596170848077,0.9775554633868815,0.9867650199227209
T000217,0.6906202794131124,0.6906202794131124,0.9053033338687124,0.7022755532898207,0.6906202794131124,0.6906202794131124,0.7380755457301379,0.6906202794131124
T000218,0.5691124808293528,0.5691124808293528,0.5448696293815241,0.5691124808293528,0.5691124808293528,0.5391901353223509,0.5691124808293528,0.5770263716782277
T000219,0.6014241719010291,0.6096225068233072,0.6872024395919822,0.606192993657313,0.6096225068233072,0.6096225068233072,0.6096225068233072,0.6014241719010291
T000220,1.1776688026933344,1.2215201014346269,1.1534647356770868,1.1315823762091273,1.2215201014346269,1.2215201014346269,1.2215201014346269,1.1042172464607616
T000221,0.7138888399011828,0.7138888399011828,0.7149573528430588,0.7138888399011828,0.7138888399011828,0.7138888399011828,0.7138888399011828,0.7109410530886952
T000222,0.4085100338420704,0.4771967200728357,0.4500880926818798,0.3728114438904635,0.4771967200728357,0.4111444493039102,0.4060756167834737,0.44827401032025577
T000223,0.9350021137135045,0.6698684330949228,0.868587222914004,0.6698684330949228,0.6698684330949228,0.6406001608411461,0.6698684330949228,0.645401876879173
T000224,0.6644606883923774,0.6644606883923774,1.095877376102749,0.6644606883923774,0.6644606883923774,0.6644606883923774,0.6644606883923774,0.6374528862435167
T000225,0.8964268923125963,0.6214755701039638,0.6242547861733474,0.6214755701039638,0.6214755701039638,0.619774032529766,0.6214755701039638,0.7861876031558035
T000226,0.8463503049287573,0.781887365758802,0.7993240365719934,0.7964000281795462,0.781887365758802,0.7953438969051083,0.7953429449399362,0.8159298031208518
T000227,0.8379446090548232,0.8379446090548232,1.3370717564912815,0.9471179164258953,0.8379446090548232,0.8379446090548232,0.8379446090548232,0.8431120060090269
T000228,0.40923222997897224,0.3908917298611761,0.4246264619876342,0.3484251567740008,0.3908917298611761,0.3484251567740008,0.3908917298611761,0.35355233457890584
T000229,0.8928001387858344,0.8928001387858344,0.8154819393760401,0.7528424167742058,0.8928001387858344,0.8645034199353263,0.8928001387858344,0.5272523275864296
T000230,0.5939284717280926,0.6247044838398338,0.5690257868537985,0.6247044838398338,0.6247044838398338,0.5006285723075563,0.6247044838398338,0.5930772782431623
T000231,0.6509772220206923,0.6509772220206923,0.6322551757412794,0.6964449464531947,0.6509772220206923,0.6509772220206923,0.6509772220206923,0.5057886099844165
T000232,0.6265953390852078,0.49543321370741145,0.6411130725917031,0.559366914108437,0.49543321370741145,0.49543321370741145,0.5106641451030285,0.4926220874735045
T000233,0.6397430757278179,0.41698268736869293,0.7365884724547508,0.41698268736869293,0.41698268736869293,0.5970033524245765,0.41698268736869293,0.41698268736869293
T000234,0.5086963257787692,0.5086963257787692,0.5015182767279555,0.4855587808641504,0.5086963257787692,0.5086963257787692,0.4855587808641504,0.625906206746481
T000235,0.9394939497548307,0.9630737731434714,0.9348683832474414,0.9941388110261494,0.9630737731434714,0.9630737731434714,0.9630737731434714,0.9311930435168054
T000236,0.6091566028941405,0.7394862513109035,0.7394862513109035,0.6996421972630481,0.7394862513109035,0.7524299306371657,0.7394862513109035,0.7394862513109035
T000237,0.9830093053677716,0.7839594730876505,0.8318846313269469,0.7839594730876505,0.7839594730876505,0.8383987696033774,0.797598486713134,0.7853727435430546
T000238,0.596191805069669,0.6674822618299185,0.6017844321628862,0.6674822618299185,0.6674822618299185,0.618308543496632,0.6674822618299185,0.5540470937575005
T000239,0.4390835144950315,0.5487347242833079,0.5391089131459535,0.47225418616632214,0.5487347242833079,0.5487347242833079,0.5487347242833079,0.4390835144950315
T000240,0.8551559783066341,0.8551559783066341,0.7750962040697013,0.8086754172399495,0.8551559783066341,0.8196699029952259,0.8551559783066341,0.8243647304364101
T000241,0.6219174707107805,0.6219174707107805,0.7461228451608934,0.749089008835285,0.6219174707107805,0.6219174707107805,0.6219174707107805,0.7487270458717238
T000242,0.9391879786216429,0.8908616650459061,0.8747548730139736,0.885898710787482,0.8908616650459061,0.8908616650459061,0.8908616650459061,0.8342316684351099
T000243,0.924424750266258,0.396137205613555,0.48751492953261594,0.4326083934417746,0.396137205613555,0.886961729150271,0.396137205613555,0.49572205165456174
T000244,0.7720837961761225,0.7720837961761225,0.5166961647486561,0.7720837961761225,0.7720837961761225,0.6861747142610846,0.7720837961761225,0.6515850699263744
T000245,1.2152053157372857,1.0536379660005553,0.8957633370532543,1.2694572954205066,1.0536379660005553,1.0536379660005553,1.2280954825847288,1.0247017333752013
T000246,1.0207936863957114,0.6090268227875825,0.5237946275315595,0.43110628307380827,0.6090268227875825,0.6090268227875825,0.43110628307380827,0.40165001368360675
T000247,1.0001545582413276,1.0001545582413276,1.0247582823598427,1.0083327766671006,1.0001545582413276,1.0001545582413276,1.0040459529550405,1.1436654220950568
T000248,1.044320442024007,0.46633290990669535,0.5683367424705453,0.46633290990669535,0.46633290990669535,0.41491464985499177,0.46633290990669535,0.41491464985499177
T000249,0.5082849019549663,0.44415723015795083,0.6629238123877649,0.44327023409667776,0.44415723015795083,0.44415723015795083,0.44415723015795083,0.4501849199470952
T000250,0.8837464566220914,0.7701441148659489,0.738643945249449,1.0058908164803757,0.7701441148659489,0.6785159704032047,0.7616516989551602,1.0058908164803757
T000251,1.0752752396424714,0.9572141385605405,1.1948215088666008,0.9572141385605405,0.9603653543937892,1.041323956471303,0.9572141385605405,1.0752752396424714
T000252,0.9698763511425108,0.5844089260364393,0.7899004674345713,0.5844089260364393,0.5844089260364393,0.5599797757325357,0.6248722479016963,0.5844089260364393
T000253,0.951675762222551,0.951675762222551,0.9535318254349522,0.955649177915003,0.951675762222551,0.951675762222551,0.955649177915003,0.9349441961281282
T000254,0.9617964032457555,0.6453647491450303,0.6432513256917312,0.6417802240176567,0.6453647491450303,0.6590109484336463,0.6453647491450303,0.7666916549248205
T000255,0.43925959478264015,0.47560651906451246,0.5037768599183714,0.48404433727353785,0.47560651906451246,0.4426751693347672,0.47560651906451246,0.47560651906451246
T000256,0.6828075578101127,0.6259093363852578,0.6190288688941177,0.6259093363852578,0.6259093363852578,0.6190288688941177,0.6015866505565053,0.6197699973355756
T000257,0.6378715991208075,0.4311721663134869,0.2945187725157701,0.3862765256362028,0.4311721663134869,0.3862765256362028,0.4311721663134869,0.4538044841020614
T000258,0.7131451194576065,0.6504452708417161,0.7367370138134189,0.6504452708417161,0.6504452708417161,0.7275968697386859,0.6504452708417161,0.6436615221999386
T000259,0.8979960508350611,0.8979960508350611,0.8735360541792324,0.8401737413114487,0.8979960508350611,0.8979960508350611,0.8979960508350611,0.7806618209577244
T000260,1.3624283875934373,1.3750281743170416,1.3412856962602888,1.359528782108695,0.0,1.3624283875934373,1.3750281743170416,1.371644273600073
T000261,0.7807491057870082,0.8260029351998321,0.8260029351998321,0.7882047826221391,0.8260029351998321,0.7807491057870082,0.8260029351998321,0.7965496351447654
T000262,0.5978443941430764,0.5978443941430764,0.6009356575897782,0.5978443941430764,0.5978443941430764,0.5909545185193646,0.5978443941430764,0.5656683769023977
T000263,1.0626840377436455,1.043663056604079,1.075957765106714,1.0313633496929833,1.043663056604079,1.039667987680159,1.043663056604079,1.2093347005294985
T000264,0.5984001162620913,0.5692591749232289,0.585052035836542,0.5692591749232289,0.5692591749232289,0.5423550099078934,0.5556353710280152,0.6093353533344235
T000265,1.0072992700729926,1.0072992700729926,1.1328570035611911,1.0267699360160523,1.0072992700729926,1.0072992700729926,1.0072992700729926,1.0072992700729926
T000266,0.5419166841774935,0.520211532494152,0.75390017156442,0.520211532494152,0.520211532494152,0.5311678834690656,0.5419166841774935,0.5419166841774935
T000267,0.539908042215708,0.539908042215708,0.5416788604460384,0.553330333658647,0.539908042215708,0.539908042215708,0.539908042215708,0.7433148248903036
T000268,0.8382765044669621,0.8297627046416294,0.744547070181658,0.8297627046416294,0.8297627046416294,0.6806925977484243,0.6943768732313526,0.6604270905163525
T000269,2.114132789970484,2.114132789970484,2.114132789970484,1.7427361425922228,2.114132789970484,2.114132789970484,2.114132789970484,2.187367923565826
T000270,1.0170137972445976,1.0036803473898048,0.9213814366938329,1.0036803473898048,1.0036803473898048,0.7635072908348638,1.0036803473898048,0.9677878001287757
T000271,0.5509676176236901,0.47816813825911514,0.47816813825911514,0.47816813825911514,0.47816813825911514,0.5678071340848216,0.47816813825911514,0.6460569074068295
T000272,0.631325384362699,0.631325384362699,0.646264163659984,0.631325384362699,0.631325384362699,0.6841056331018714,0.631325384362699,0.5195323151841047
T000273,0.6630425584363647,0.6630425584363647,0.6440804140560901,0.6656756782639542,0.6630425584363647,0.6630425584363647,0.6656756782639542,0.6180370484162597
T000274,0.7838695183559796,0.6594792764774152,0.7450407688948367,0.6933869179004364,0.6594792764774152,0.7252352642957905,0.6594792764774152,0.6563772048846676
T000275,0.4598507071858108,0.19895776925340822,0.20240060701173263,0.30968055444908066,0.19895776925340822,0.16533176801877358,0.19895776925340822,0.8177343554438071
T000276,1.3295985049109427,1.0448954710672662,1.5836492980141046,1.0072364241243916,1.0448954710672662,1.0448954710672662,1.017148296293234,1.0448954710672662
T000277,0.5110517186246031,0.524866635113663,0.5494334077915094,0.4144387966419579,0.524866635113663,0.524866635113663,0.524866635113663,0.4739618686522762
T000278,0.3686531703099089,0.3209155235121694,0.3554420883343197,0.3209155235121694,0.3209155235121694,0.38167199274241825,0.3686531703099089,0.3679610965947853
T000279,0.3203529551754784,0.32608573749598174,0.3441586609646967,0.326955498061901,0.32608573749598174,0.32608573749598174,0.3303907630831631,0.3887221054738316
T000280,0.4699801548338355,0.4889430138784936,0.4699801548338355,0.46712455957148674,0.4889430138784936,0.6353969912387771,0.4889430138784936,0.7985722454438379
T000281,0.5367440853720471,0.56500558062369,0.6563590648086172,0.7502480046656078,0.56500558062369,0.9275894859358305,0.5372294525214573,0.9009843003862509
T000282,0.574220613047834,0.6255019778879672,0.6255019778879672,0.5796610750506388,0.6255019778879672,0.6255019778879672,0.5796610750506388,0.6482468510277541
T000283,0.6939582082628016,0.5052790330354429,0.5912178309779846,0.7229678800293212,0.5052790330354429,0.3323041166985326,0.46342939002664363,0.5067887552489083
T000284,0.6701659113928479,0.8200069372368927,0.8547724413305933,0.6415348280847333,0.8535421468111292,0.8200069372368927,0.6701659113928479,0.5932499852237565
T000285,0.4627536952833136,0.6724544961126269,0.4383385756264677,0.7662270287722532,0.6724544961126269,0.6724544961126269,0.4383385756264677,0.46315274969563147
T000286,0.6144291101771769,0.79335093447259,0.8006133291651832,0.757454102235623,0.79335093447259,0.6216849667745206,0.6144291101771769,0.6424614779432285
T000287,0.4814590429860078,0.5010146405126875,0.6462119867510884,0.5010146405126875,0.5010146405126875,0.4849624695473054,0.49183797583334976,0.48480319091171203
T000288,0.647549903009057,0.705477316084175,0.647549903009057,0.6217763223211934,98654.40644615747,0.705477316084175,0.6033573243554505,0.6488912401336225
T000289,0.6834443962465783,0.6510318178973634,0.7963717263399182,0.589653967403186,0.6510318178973634,0.6510318178973634,0.6510318178973634,0.6832041899864834
T000290,0.5622216638646171,0.5344205337900817,0.5373013944114611,0.48293723044787995,3.433581149977002,0.4432549521202148,0.48293723044787995,0.5650566342865126
T000291,0.2740957391777486,0.2664719677195521,0.3508077029568522,0.2664719677195521,0.2664719677195521,0.27253200843460296,0.2664719677195521,0.2740957391777486
T000292,0.5580257613505015,0.38439433743793516,0.38757887945720726,0.38439433743793516,0.38439433743793516,0.3644577434975383,0.38439433743793516,0.4958383031223248
T000293,0.5785558768115443,0.46728130385546157,0.5687179560827034,0.46728130385546157,0.46728130385546157,0.46728130385546157,0.46728130385546157,0.5193764819541867
T000294,0.4799679598449711,0.5114087695989716,0.5047211264751301,0.5015785413668851,0.5114087695989716,0.5164088011992438,0.5114087695989716,0.48737155923369846
T000295,0.3184166104079232,0.28129423338283777,0.32368035976952514,0.3681911426996108,0.28129423338283777,0.28129423338283777,0.3681911426996108,0.40589522783034276
T000296,0.44001533164471784,0.4369074191478783,0.42223213593818365,0.4331651273955743,0.4369074191478783,0.4303417466485198,0.4408031055874274,0.4331651273955743
T000297,0.46908170542668565,0.4247566646053364,0.4978603729623866,0.4870303785192367,0.4247566646053364,0.5017968863312626,0.4247566646053364,0.5667826189564278
T000298,0.29526759705808264,0.3254989679728575,0.3082753228835125,0.3254989679728575,0.3227324545010892,0.30345306278598266,0.30345306278598266,0.3053722482715431
T000299,0.2524049168550054,0.40297511826102483,0.1889014257196235,0.25499025919744234,0.40297511826102483,0.40297511826102483,0.25499025919744234,0.26580265466458336
T000300,0.2620458647614824,0.2620458647614824,0.49708378793180236,0.3601752844471035,0.2620458647614824,0.27327755793757447,0.2620458647614824,0.3037692063703065
T000301,0.5334319239807499,0.5270302365383785,0.7314293639097339,0.5614973958868894,0.5315847941423022,0.5270302365383785,0.5270302365383785,0.5340556635314286
T000302,0.2885895013021903,0.32259767138784656,0.37595281913086503,0.2741893554910645,147.10792100524924,0.2820408157321649,0.27569110289337323,0.26132920767129747
T000303,0.8813531965221876,0.7787441650967764,0.7150114791758907,0.7308580790389588,0.7904036796370804,0.9062030041833152,0.7787441650967764,0.8722725543960805
T000304,0.8311302483619719,0.8311302483619719,0.6233571825792986,0.8311302483619719,0.8311302483619719,0.9543174410541165,0.8311302483619719,0.8349359576652443
T000305,0.526093787252988,0.5295091201173308,0.6449966864738219,0.5115447638522398,0.5295091201173308,0.5295091201173308,0.5005002655954586,0.5483299423852445
T000306,0.36860219188566395,0.37219187339358945,0.5713467620363335,0.37219187339358945,0.37219187339358945,0.4058401092960068,0.37219187339358945,0.4439592659781143
T000307,0.46581671272336655,0.5798676248276388,0.46581671272336655,0.4719842666509083,0.5798676248276388,0.5798676248276388,0.4840424184238275,0.8392118064022002
T000308,1.0308046384881653,1.022286084966215,0.951006037583165,0.9221373875021848,1.022286084966215,1.022286084966215,1.022286084966215,0.7615828350691047
T000309,0.1672195048218204,0.13227769306383313,0.12607080383895983,0.16430798695744092,0.13227769306383313,0.13227769306383313,0.17360428388365898,0.21077592504129386
T000310,0.4210390070778742,0.4415997657085466,0.4639413637242522,0.4210390070778742,0.4415997657085466,0.4415997657085466,0.4102040689692208,0.4913537792256839
T000311,1.2266136895942705,1.2129991417596275,1.2319181061147144,1.2097495586016465,1.2129991417596275,1.1411460959966697,1.2129991417596275,1.2196002619578912
T000312,1.0314485459712752,0.8766851739271738,1.0364554757785454,0.5613009303128412,0.8766851739271738,0.8766851739271738,0.7249099719668506,0.7240269692688908
T000313,0.46338203938000394,0.44343030048427745,0.36269653824830583,0.40161497252071604,0.44343030048427745,0.44343030048427745,0.44343030048427745,0.3419926750076308
T000314,0.9265439420054291,0.980527428470123,0.8539727964208184,0.9272445973261627,0.980527428470123,0.980527428470123,0.980527428470123,0.8954266744473579
T000315,0.3409333762337458,0.3356735699313295,0.33628806677666734,0.3346241621515732,0.3356735699313295,0.3356735699313295,0.3356735699313295,0.3593323404996902
T000316,0.6436230675594666,0.6398029003529182,0.919855961708043,0.699489904254479,0.6398029003529182,0.6029554549168348,0.682634724312594,0.7031458191436833
T000317,0.7941941179662358,0.923919705277447,0.7941941179662358,0.8508005489716735,29.11945300569741,0.8685265942568142,0.8256993490158403,0.7274638636179106
T000318,0.5895026556001833,0.5724082960623548,0.5942045446014154,0.5677494015339984,0.5724082960623548,0.5724082960623548,0.5721828663228131,0.5725280437826984
T000319,0.7508713873189767,0.8278538261055595,1.0305731545756225,0.823116377042344,0.8278538261055595,0.8769548223519861,0.9694804248057035,0.7474789169451144
T000320,0.5242170397031337,0.5027622743430444,0.5079146426000801,0.4818055929081533,0.5027622743430444,0.5027622743430444,0.47178992157862737,0.4980482835516267
T000321,0.3435578716637632,0.3491499720428831,0.2705037329498791,0.3491499720428831,0.3821706491524049,0.3491499720428831,0.3506574858320019,0.3435578716637632
T000322,0.34049709926179206,0.3261450923503593,0.26167103172478984,0.3229557642718155,0.3261450923503593,0.3261450923503593,0.32538710312009456,0.32722359241748833
T000323,0.5238119051404769,0.4232125105405603,0.5525223744328926,0.6863592913271749,0.4232125105405603,0.4232125105405603,0.4232125105405603,0.4363320021581324
T000324,0.4964013621752475,0.48448570111667744,0.5579744252442002,0.5001416697626688,0.48448570111667744,0.5161393158705161,0.5001416697626688,0.5119049213954485
T000325,0.6144853080263164,0.7319922287073882,0.6467800919510946,0.6144853080263164,0.7319922287073882,0.7319922287073882,0.6144853080263164,0.5015691077279094
T000326,0.5036332586656768,0.701446975032674,0.6418634467680088,0.5507216964707922,0.701446975032674,0.5121996866289056,0.5507216964707922,0.5046109470805942
T000327,0.43679995916140657,0.17424356362386986,0.1631318581155794,0.13265493372133352,0.17424356362386986,0.13265493372133352,0.14974688712296105,0.1434634795816981
T000328,0.6508561358066056,0.6356939920396961,0.5727961105377066,0.6310159966566056,0.6356939920396961,0.69549984966844,0.6430325490060372,0.7460214714932641
T000329,0.4546142764242056,0.38889279219936185,0.3619747842612852,0.37307075895957753,0.38889279219936185,0.38889279219936185,0.4564194103104675,0.5065573971861138
T000330,0.5729654204423199,0.7310669287786484,0.6353695180766088,0.7775462099429712,3.796323192730414,0.7310669287786484,0.7310669287786484,0.5568646306935564
T000331,0.451560505490838,0.451560505490838,0.415880238292586,0.3841745992592734,2.8300400850316976,0.4035920493833431,0.451560505490838,0.443317618785831
T000332,0.4156057732737195,0.44126976747896474,0.3267711780542449,0.5229162708782074,0.44126976747896474,0.44126976747896474,0.315247948594861,0.49861860590813845
T000333,0.3555530409090868,0.34873535819020773,0.22700915476970485,0.34458064322135923,0.34873535819020773,0.34873535819020773,0.34458064322135923,0.34163317181165875
T000334,0.5080775758827567,0.43478773869638665,0.4295459542172585,0.3683201307407414,0.43478773869638665,0.7779950463081744,0.3726752489928014,0.5119111423037622
T000335,0.2894582694699318,0.3040470280526423,0.22486203126280865,0.28043626870616434,0.31283183140804277,0.2820602330834324,0.28570681122987546,0.2785757315149569
T000336,0.39431422121338366,0.24280429372365492,0.4103308137395525,0.21657513238728202,0.2767425542031618,0.17459132899221508,0.21657513238728202,0.30043308656961
T000337,0.33879642465279963,0.3377636579858137,0.3347447375917999,0.3377636579858137,0.3377636579858137,0.3377636579858137,0.3384584070699058,0.338099119192954
T000338,0.600070397809167,0.43693473173613184,0.6229278355218061,0.5679436070551229,0.4356896042776652,0.4366360876862202,0.6103256818709055,0.2431996364263438
T000339,0.8553423588602963,0.8477828969355555,0.8189729827855732,0.7515882438989492,0.8477828969355555,0.8477828969355555,0.7662233630906756,0.7440386164412112
T000340,0.39812373418365893,0.5059968289646278,0.5038095638530462,0.46471976297735057,0.5059968289646278,0.5059968289646278,0.4093289010340214,0.3727429870214518
T000341,0.25666855165211644,0.2532624992997746,0.2365906768324586,0.2282354063137265,0.2532624992997746,0.2532624992997746,0.2561880654574437,0.25666855165211644
T000342,0.3552309969263847,0.3771953982410906,0.34671948326478147,0.35418281518285,0.3771953982410906,0.3771953982410906,0.35418281518285,0.33944245130254425
T000343,0.8701605453476862,0.7480361703421924,1.0121157487909849,0.9300278946604729,0.7480361703421924,0.7480361703421924,0.6645205243150561,0.5179346312202685
T000344,0.6167311414357032,0.6244561241519658,0.537497860924198,0.7124736518802565,0.6247569833797457,0.6302055173078238,0.6248522846553691,0.6003290636553735
T000345,0.4633419648436985,0.5555572071669722,0.5466175960225533,0.4633419648436985,0.5555572071669722,0.5555572071669722,0.4633419648436985,0.6100154023874197
T000346,0.2863912799779619,0.4169258696508669,0.2863912799779619,0.2554943537334534,0.4169258696508669,0.21699024566494318,0.2646629082475914,0.2239851994746388
T000347,0.4190989406418356,0.44357532189631316,0.47612285764540835,0.45977428329661835,0.44357532189631316,0.5962464391351502,0.4199869322191357,0.46121879713601316
T000348,0.3519262552455218,0.3000263326531247,0.29741692324024993,0.3140766500586486,0.3000263326531247,0.223642983141445,0.41819771152939783,0.33259297892855677
T000349,0.37705916557622193,0.34799424977663707,0.3508524672023982,0.35997158461879963,1.5783255862448153,0.34799424977663707,0.3410152390953176,0.3464372764064059
T000350,1.0023952335656336,1.0093527544450036,1.1079526453978972,1.0056160528762004,1.0093527544450036,1.2833316323225206,1.0145489151753924,1.2932132830324987
T000351,0.3109118110758072,0.2894782534917629,0.631265938760075,0.3648023107803653,0.2894782534917629,0.37477519415737987,0.2894782534917629,0.43870313867361616
T000352,0.43660511888633824,0.40778989174507774,0.5003209299851679,0.40778989174507774,0.396988893509952,0.4248973934904417,0.43783813256818044,0.396988893509952
T000353,0.8164222194640169,0.7512018823980618,0.7512018823980618,0.715861687845454,0.7512018823980618,0.7512018823980618,0.8164222194640169,0.881579547658455
T000354,0.6417227516263576,0.5909422130614953,0.7619112838264817,0.6608582081311984,0.5909422130614953,0.5909422130614953,0.874608031510986,0.608956270003381
T000355,0.5301117712872194,0.5301117712872194,0.5557244952832583,0.49327613868401515,0.5301117712872194,0.5301117712872194,0.5301117712872194,0.4540633869349902
T000356,0.4513776404276931,0.5224302541619715,0.5251749547087287,0.43473453681260615,1.41252615677048,0.5224302541619715,0.4950075435760581,0.3890298546989635
T000357,0.5025863868709879,0.48578900480368337,0.29562788092305553,0.48578900480368337,0.48578900480368337,0.5649066519724943,0.48578900480368337,0.5025863868709879
T000358,0.3173942376171447,0.30778278213627536,0.3173942376171447,0.3027103599595128,0.30778278213627536,0.4722010450787183,0.30778278213627536,0.2944322777105313
T000359,0.39392031667400174,0.40503096830853164,0.45113886886313,0.40503096830853164,0.40503096830853164,0.42102534755481724,0.40503096830853164,0.3791434650611868
T000360,0.5430730615456247,0.5488133037889269,0.5582405748548527,0.5398179134847626,0.5488133037889269,0.5309994474791363,0.5488133037889269,0.538074201448987
T000361,0.18620678454389955,0.1858879286500048,0.18723092492572035,0.1858879286500048,0.1858879286500048,0.15061389257313038,0.18620678454389955,0.14480380202347243
T000362,0.2722283062478859,0.2592256735266784,0.26591787585038434,0.1753475665246745,0.2592256735266784,0.2592256735266784,0.2592256735266784,0.29040520658947305
T000363,0.33366999155686944,0.1577632885537554,0.33033660595049014,0.1577632885537554,0.1577632885537554,0.21703436349981065,0.1577632885537554,0.21561320447064486
T000364,0.49926278685251696,0.49926278685251696,0.47720956640300677,0.49926278685251696,0.49926278685251696,0.49926278685251696,0.49926278685251696,0.5596646112237647
T000365,0.1328228497383785,0.1328228497383785,0.20394324416664672,0.1328228497383785,0.1328228497383785,0.13968390875833436,0.1328228497383785,0.1328228497383785
T000366,0.20146112763439794,0.24393903795662825,0.24941782865640913,0.24393903795662825,0.24393903795662825,0.24692601181575063,0.2450630448426126,0.24110457653447548
T000367,0.2807814760105143,0.2805461176409185,0.34596580452556525,0.27979245651578055,0.2805461176409185,0.2805461176409185,0.27979245651578055,0.2807814760105143
T000368,0.5140160135609363,0.45546615581701366,0.5118356026231242,0.5140160135609363,0.45546615581701366,0.4633375467282974,0.45546615581701366,0.433248861328083
T000369,0.6674215881328545,0.49817056943145827,0.6507820751701643,0.6942578607172935,0.49817056943145827,0.4646793479465808,0.6942578607172935,0.4621392287249046
T000370,0.45872383186681825,0.4689008300012297,0.49484549492753743,0.478680997383258,0.4689008300012297,0.5317528314662403,0.49970761171063394,0.5023970889386673
T000371,0.32555337384018346,0.2562985500962557,0.2879769164285684,0.29039624798846286,0.2562985500962557,0.2562985500962557,0.3030929940576163,0.31746821087453797
T000372,0.2557252380008267,0.24503127793558865,0.28490652861235943,0.19816061495586892,0.24503127793558865,0.24503127793558865,0.14998329503874197,0.15266792621606418
T000373,0.6314606887118628,0.7875431547972408,0.5855246435876589,0.5627336911178803,0.7875431547972408,0.7875431547972408,0.562533378024104,0.5627336911178803
T000374,0.5332675565489144,0.6364771647390987,0.5893358416216637,0.5597470361129706,0.6364771647390987,0.6364771647390987,0.6364771647390987,0.5237085041265925
T000375,0.3691944264119292,0.6156200597533172,0.5590932371010078,0.3800641378573174,0.6156200597533172,0.3670023136965231,0.38594497489314894,0.3736409958468296
T000376,0.3412269160956613,0.3653099014850204,0.4388658578186512,0.3653099014850204,0.3653099014850204,0.37249437562427073,0.3412269160956613,0.33705460320798225
T000377,0.5601988949412321,0.5601988949412321,0.4270566321491991,0.32207315611131665,0.5601988949412321,0.5601988949412321,0.4535739851978149,0.455282565557319
T000378,0.7498385872887784,0.3524805588657225,0.35970349966408904,0.4180061440261556,0.3524805588657225,0.3524805588657225,0.7011218860918323,0.46560472746116893
T000379,0.8188486233700527,0.9428163804768395,0.8060846521982413,0.9124710335792888,0.9428163804768395,0.9298002862723148,0.9428163804768395,0.9316869887063485
T000380,0.7102865881697994,0.6565857963330395,0.855607943481077,0.6862196455079437,0.6565857963330395,0.8947195340449624,0.6924784076738152,0.8500486588793412
T000381,0.5714780404915465,0.5714780404915465,0.31411326106799825,0.2753274017231355,0.5714780404915465,0.5714780404915465,0.5714780404915465,0.23865125336357373
T000382,0.6407507699878081,0.39028449924202263,0.4167718388735381,0.6407507699878081,0.39028449924202263,0.815273297266805,0.6407507699878081,0.3044729211894896
T000383,0.3246380797710075,0.3524923898728528,0.3156708380868576,0.35196978225899345,0.3524923898728528,0.33104907977614484,0.3524923898728528,0.22100023369933414
T000384,0.2133937930112157,0.23203118393864058,0.28361671528044835,0.23203118393864058,0.23203118393864058,0.2042780925980965,0.21067650240190372,0.21233418919378513
T000385,0.6744786690011524,0.40769778022178854,0.5137746721581506,0.6744786690011524,0.4047147601949307,0.4025089716779462,0.40921639074090216,0.4666992190876442
T000386,0.4787262796347724,0.6232895696222506,0.6232895696222506,0.503538578452679,0.6232895696222506,0.6232895696222506,0.6232895696222506,0.4787262796347724
T000387,0.2166027667660103,0.20597046938927455,0.21238844478851113,0.20898181523798534,0.20597046938927455,0.23588588999551363,0.20597046938927455,0.20820034657436898
T000388,0.8638857739710751,0.8357846096277489,0.8357846096277489,0.7697598690914608,0.8357846096277489,0.8357846096277489,0.8357846096277489,0.7367138659325768
T000389,1.02993074225745,1.02993074225745,1.02993074225745,1.003988554823393,1.02993074225745,1.02993074225745,0.9342801072198714,0.7193435023666531
T000390,0.8406883916618635,0.8108988900042454,0.8406883916618635,0.8108988900042454,0.8108988900042454,0.8200354312592417,0.8108988900042454,0.8108988900042454
T000391,0.8719748439936785,0.8719748439936785,0.5987255222363534,0.6764174896833741,0.815167672686892,0.8744731176418703,0.8230057836601451,0.8064100384247895
T000392,0.5823558347315432,0.608681163969973,0.5823558347315432,0.6037914507964597,0.608681163969973,0.6137007954863163,0.6037914507964597,0.6715358334904823
T000393,0.5414962088172236,0.5566653811857645,0.5414962088172236,0.5355864031591944,0.5566653811857645,0.5566653811857645,0.5369377925465095,0.6524984955101939
T000394,0.9011904184335745,0.9205774112966132,0.9011904184335745,0.9360884226978671,0.9205774112966132,0.8466440360761921,0.8851652796399205,0.8512309332464708
T000395,0.9567965055836464,1.0082800240218466,0.9519331528462425,0.9532972628985718,1.0082800240218466,0.8150049726984231,0.9567965055836464,0.7506160416356593
T000396,0.42018254988899856,0.4734354041207256,0.4359119583492617,0.4734354041207256,0.4734354041207256,0.42018254988899856,0.4734354041207256,0.3773532084668728
T000397,1.238057546956249,1.238057546956249,1.2257327220029077,1.1534056921134772,1.238057546956249,1.238057546956249,1.088548270749414,0.9781504056525745
T000398,0.730402018821018,0.7385085921515486,0.730402018821018,0.7614967048591287,0.7385085921515486,0.6419602884198466,0.730402018821018,0.4750887503868195
T000399,0.7063856470460345,0.7063856470460345,0.7063856470460345,0.559746331015333,0.7063856470460345,0.7063856470460345,0.559746331015333,0.4880389620103995
T000400,0.5990251158569836,0.5990251158569836,0.6869570186982574,0.5990251158569836,0.5380560746146087,0.5434665944247091,0.5990251158569836,0.5709323907077473
T000401,0.2567654516100651,0.3052098199274673,0.22440528319775888,0.5242200723708026,0.3052098199274673,0.3052098199274673,0.5761474951229141,0.5183850528300592
T000402,0.5532429560851657,0.5075651129527409,0.7006751871187573,0.4563939877342535,0.5075651129527409,0.5079151165741896,0.5075651129527409,0.5125859959728805
T000403,0.7040909139957847,0.833306499776671,0.7040909139957847,0.8358964149150586,1.0000418130529674,0.833306499776671,0.8977630282818524,0.9884401173517388
T000404,0.8450198321117356,0.4439763750341799,0.44440123412765,0.442273250624095,0.4439763750341799,0.4439763750341799,0.4439763750341799,0.43894888299544965
T000405,0.2377789277765844,0.30927952999799296,0.44683631539758273,0.30927952999799296,0.30927952999799296,0.30927952999799296,0.3042457642585072,0.40569210042892523
T000406,0.2237349016282657,0.18646872448158683,0.21667275801627614,0.2128491080454706,0.18646872448158683,0.18646872448158683,0.2237349016282657,0.15370013430503343
T000407,0.7456226831410951,0.7685258554123064,0.775377270627339,0.7456226831410951,0.7685258554123064,0.765260022456908,0.7456226831410951,0.77516443854222
T000408,0.3193956619554494,0.3489741728023088,0.41658285912172693,0.3296598712359384,0.3489741728023088,0.3489741728023088,0.390927131906491,0.2862779554542804
T000409,0.44396194846551523,0.45963013866613267,0.44018320445391423,0.45505547737779006,0.45963013866613267,0.45963013866613267,0.45505547737779006,0.3886306932082237
T000410,0.34345115431457046,0.2978026905733483,0.28744000308073253,0.34483700271732187,0.2978026905733483,0.33365296197450595,0.34483700271732187,0.33476714573974775
T000411,0.9188308457397951,0.9188308457397951,0.9428418353118203,0.9292990215754742,0.9188308457397951,0.9188308457397951,0.9188308457397951,0.8942936868361543
T000412,0.36529718985559084,0.36529718985559084,0.3485257747254765,0.36529718985559084,0.36529718985559084,0.36529718985559084,0.43408730131308737,0.2939637762166281
T000413,0.794065270493435,0.5834947997737678,1.0633674515552,0.5757735098575952,0.5834947997737678,0.5834947997737678,0.5195478458689938,0.794065270493435
T000414,0.5724275336365897,0.5783725453951701,0.6000787118815357,0.5432438749454356,0.5783725453951701,0.5783725453951701,0.5724275336365897,0.573700494471578
T000415,0.5054818908040437,0.5129031870906895,0.5385632300999427,0.49719203453531297,0.5129031870906895,0.5129031870906895,0.3854515294434544,0.3962257621202907
T000416,0.5777745686943039,0.588722638408167,0.6470975282086898,0.588722638408167,0.588722638408167,0.5598880881625583,0.5880529788949022,0.6022132594877448
T000417,0.41614667333456695,0.37238944387005557,0.4129133129588161,0.37238944387005557,0.37238944387005557,0.39722022761098386,0.3703419640742911,0.3703419640742911
T000418,1.4779318791484723,1.6342622466246413,1.8764416182678407,1.5980619270878094,1.7452189507926898,1.5294452484646741,1.6342622466246413,1.6365735669742794
T000419,0.7815909550475577,0.6308785646333426,0.7815909550475577,0.6371446093072306,0.6308785646333426,0.6448528805996186,0.6599579028410543,0.6565498035833746
T000420,0.3664747868528053,0.18786063092226943,0.2998434446300649,0.18786063092226943,0.18786063092226943,0.20765080894544605,0.18786063092226943,0.18275332510345135
T000421,0.6676513854087817,0.6676513854087817,0.5904786089795062,0.643533108028885,0.9649210620516357,0.6676513854087817,0.6491761048166234,0.5402921385062898
T000422,0.7808198970369647,0.8797882352648729,0.783619277155572,0.7807753312972864,0.8797882352648729,0.8797882352648729,0.7808198970369647,0.6980367869869378
T000423,0.6469919902275759,0.6375447407289138,0.5067786009289517,0.5902539244575844,0.6375447407289138,0.6375447407289138,0.6375447407289138,0.5946317247604502
T000424,0.6249412560665895,0.6249412560665895,0.4626229603982658,0.6054213639116993,0.6249412560665895,0.6249412560665895,0.6483394974525579,0.5149992688062099
T000425,0.7888605701774494,0.6682272601849495,0.5852700425010563,0.7888605701774494,0.6682272601849495,0.6992262350009392,0.7888605701774494,0.7643692615708427
T000426,0.851495177665059,0.7949175349339229,0.851495177665059,0.6634718496896019,0.7949175349339229,0.8064402030115955,0.796181067846045,0.7646181762266863
T000427,0.5216185025449611,0.4887357984297071,0.42836984468540784,0.5299664687792759,0.5159933762339501,0.4295991330393219,0.5373476191718901,0.38072173510438634
T000428,0.681576717349924,0.6007454460740813,0.6321966397083313,0.6805721820877276,0.6007454460740813,0.5424494579355399,0.5954629078900706,0.5075185593684775
T000429,0.5174628899564137,0.5174628899564137,0.37977476105339364,0.5174628899564137,0.5174628899564137,0.5174628899564137,0.34305360595836515,0.35341625964812046
T000430,0.9993369127919378,1.0203081097266142,1.0203081097266142,0.9769353135955394,1.0203081097266142,1.1584656935621684,0.9993369127919378,1.0868410633469368
T000431,2.5107035619017295,2.5015590913055323,2.595751389600793,2.439198091432411,2.5015590913055323,2.5015590913055323,2.5107035619017295,2.277500787296529
T000432,2.641474965743883,2.6454928765448598,2.5339885648293494,2.5406697793803645,2.6454928765448598,2.6454928765448598,2.6454928765448598,2.5229533830739594
T000433,0.7788963413193104,0.5735631872884372,0.7485018130047426,0.6407418889431002,0.5735631872884372,0.558628859207517,0.5735631872884372,0.5293754553077962
T000434,0.6661473586234911,0.6911129505049601,0.6661473586234911,0.7446815165913082,0.672964059955837,0.74859977307526,0.672964059955837,0.7522108213639229
T000435,1.527145292104022,1.723440123154244,1.7264592333194535,1.8426106384173504,8.733690665476992,1.723440123154244,1.724317097086396,2.0287990522642216
T000436,0.5935511228531084,0.47234511778328975,0.5935511228531084,0.5639030592494422,0.47234511778328975,0.49032160729211133,0.477563066749737,0.4615425359381166
T000437,1.9090679304015783,1.9090679304015783,1.9492764712006796,1.4148188138856865,1.9090679304015783,1.9090679304015783,1.9090679304015783,1.7870231995577288
T000438,0.8275761580203586,0.7767741627524059,0.7619246115925531,0.7957588403829623,0.7767741627524059,0.7275966921083759,0.7653861486020694,0.8753334827543964
T000439,1.3386106180137365,1.3455473066932708,1.3455473066932708,1.1025205221068275,1.3455473066932708,1.1135835710087008,1.110274746079621,0.8242833445443439
T000440,0.3535580770584877,0.3493735999093128,0.3019963738454829,0.3493735999093128,0.3493735999093128,0.3493735999093128,0.3493735999093128,0.3535580770584877
T000441,0.5703092187583365,0.5703092187583365,0.4572160678597548,0.499435258271326,0.5703092187583365,0.5703092187583365,0.5930032755594926,0.6550858189578413
T000442,0.573709847723123,0.5002705567860223,0.46012134277789934,0.5660203555076501,0.5002705567860223,0.5002705567860223,0.5225318801938909,0.4927312375068144
T000443,0.6646432899152447,0.5689142042350137,0.62041946204616,0.7208331415758786,0.5689142042350137,0.4081469513273273,0.5374214809474314,0.5773937686671363
T000444,0.1602295254967684,0.1520626256657206,0.16329515130515934,0.1496103349457753,0.1520626256657206,0.1496103349457753,0.18544835349447517,0.1699277954239191
T000445,0.3475078536051794,0.3449988830992603,0.3092015480536691,0.34086720306686646,0.3449988830992603,0.3449988830992603,0.3449988830992603,0.3528164834871283
T000446,0.18315172739115315,0.1582295902261369,0.18882033675429682,0.15842669680794763,0.1582295902261369,0.13361445556672172,0.1582295902261369,0.18243863792479145
T000447,0.4785087599904249,0.5368595974354444,0.37647223621675685,0.47788274649818374,0.5368595974354444,0.4677309704423462,0.46845057790789013,0.48193369564704697
T000448,0.6494278320437246,0.759372005668778,0.6362422490840977,0.767430954785527,0.759372005668778,0.9693825527873124,0.7477663924948823,0.8305511256106332
T000449,1.1719154869823767,1.1613567758287577,0.9803487114493868,1.0883153196288202,1.1613567758287577,1.165675688870411,1.1613567758287577,1.1419831804337142
T000450,0.7679740420781271,0.7679740420781271,1.0422083112208058,0.7516232297337049,0.7679740420781271,0.553591849976945,0.7679740420781271,0.8598892198543323
T000451,0.47972287935113206,0.49693946573520353,0.5295047737817846,0.49693946573520353,0.49693946573520353,0.49693946573520353,0.47960210630771005,0.47972287935113206
T000452,0.5434936448834755,0.48942494659698044,0.5193754560903856,0.5045746217818267,0.48942494659698044,0.6101213774444361,0.4541755234203423,0.5480467252845771
T000453,0.5527582870092832,0.5791702148070236,0.5077940917084767,0.5890142259744758,0.5791702148070236,0.5791702148070236,0.5890142259744758,0.5810449063978571
T000454,1.1453498020723991,1.2679699522662549,1.1453498020723991,1.1691262227638128,2.186591789771699,1.2679699522662549,1.2679699522662549,1.3191946551728841
T000455,0.8645957475574739,0.9050857754593715,1.1173416887383725,0.8953160452978207,0.9050857754593715,0.8629911553270371,0.9050857754593715,0.8696689934138806
T000456,0.6119401097394574,0.6111612777585672,0.6119401097394574,0.6181614499767281,0.6111612777585672,0.6597631148919506,0.6119401097394574,0.5722353606969117
T000457,0.6781885243852327,0.6885114434908819,0.684197485285111,0.6842950123003199,0.6885114434908819,0.6885114434908819,0.684197485285111,0.7460178738749462
T000458,1.6715371882767815,1.611064643541188,1.5933892302226056,1.672032790211377,1.611064643541188,1.611064643541188,1.611064643541188,1.5580254898390165
T000459,0.7269999982126741,0.546870322300497,0.7269999982126741,0.7822700418733942,0.546870322300497,0.546870322300497,0.7841800387444847,0.5575481406508728
T000460,0.7247671892966608,0.8091726807614893,0.7236960704600246,0.8302152149460765,0.8091726807614893,0.822359283599512,0.8284146868646385,0.8262076966470727
T000461,0.7960110800227699,0.41907291316310186,0.6658093048890258,0.41907291316310186,0.3945738106636077,0.6206089961247997,0.41907291316310186,0.6288080008990496
T000462,0.8522868459839158,0.582719509635044,0.8275369775078407,0.8154227840719384,0.582719509635044,0.7157947054614214,0.8605916078959747,0.6180865014796508
T000463,0.5633129213022929,0.5273070859828765,0.5633129213022929,0.5847204867861034,0.5273070859828765,0.42722009450024584,0.5273070859828765,0.43046947483601017
T000464,0.9323821512169714,0.9404129465046182,0.9323821512169714,0.9404129465046182,0.9404129465046182,0.9404129465046182,0.9323821512169714,0.7391115252958417
T000465,0.9053969832064249,0.8326361069737622,0.9203708368628843,1.4694171030669285,0.8326361069737622,0.8326361069737622,0.9053969832064249,0.8152985648248157
T000466,0.43336794557320024,0.43336794557320024,0.38401882977825735,0.4463260773750961,0.43336794557320024,0.4137308411512893,0.43336794557320024,0.43386070139205896
T000467,0.3971185191078818,0.4850947596007739,0.3971185191078818,0.45296614782152317,0.4850947596007739,0.4850947596007739,0.45296614782152317,0.49081364829396323
T000468,0.5814241321516198,0.46203050492675385,0.5766506829365319,0.4687353128153527,0.46203050492675385,0.43714145885177147,0.46203050492675385,5.826429483818959
T000469,0.8759853155927666,0.8759853155927666,0.8759853155927666,0.8775149395227074,0.8759853155927666,0.8731435604790105,0.6691885144494831,0.691108638801077
T000470,0.6430605131631019,0.5802345948656223,0.582980043720272,0.5764189443508776,0.5802345948656223,0.566871137531871,0.5802345948656223,0.6942662108031052
T000471,0.9035894437823526,0.6811625782476907,0.8033054151368748,0.6811625782476907,0.682183661169637,0.6811625782476907,0.6811625782476907,0.6397012147589272
T000472,0.5031455803065752,0.437215690538005,0.4829191267932864,0.37667796710854895,0.40142101083869813,0.4407258440466483,0.37667796710854895,0.44389746937196595
T000473,0.24844032408195546,0.24844032408195546,0.36552067188044085,0.29351612554313905,0.24844032408195546,0.24844032408195546,0.24844032408195546,0.24191975651147526
T000474,0.7962388383871655,0.7962388383871655,0.692016105074461,0.8501543556025425,0.7962388383871655,0.7962388383871655,0.7962388383871655,0.6153644652278608
T000475,0.6080478884779975,0.6080478884779975,0.5585011405513489,0.598066326295485,0.6080478884779975,0.6080478884779975,0.6080478884779975,0.6833689720660204
T000476,1.0346911804062484,0.8597887263617968,0.7125322745119809,0.7125322745119809,0.8597887263617968,0.8597887263617968,0.8597887263617968,0.6902506604174392
T000477,0.9995956281455661,1.2696645261089123,1.003796633021612,1.2568472274702236,1.2696645261089123,1.2696645261089123,1.2696645261089123,0.9518292587097736
T000478,0.2500652360465813,0.12136071318489627,0.2524863828846552,0.1347105747849559,0.12136071318489627,0.1278366081751389,0.258526293299148,0.13110397640267873
T000479,0.7858387875816952,0.7858387875816952,0.7807959884242546,3.9544517526839127,0.7858387875816952,0.7858387875816952,0.9019124293568592,0.9019124293568592
T000480,0.5926841727532396,0.5923864893368694,0.5923864893368694,0.4854839117429391,0.5923864893368694,0.5923864893368694,0.48953667950260005,0.14021768477171107
T000481,0.12944780941420855,0.7031950313855431,0.12062898744219407,0.12393754677038002,0.6280589479950489,0.6183869747391068,0.15381464760100103,0.6129385779101187
T000482,0.6247594836293534,0.6100116633243591,0.623465735036137,0.15637491223308905,0.6100116633243591,0.6100116633243591,0.6100116633243591,0.1465944973641398
T000483,0.3747149304634914,0.2775119218570606,0.3635092763372541,0.26837716916519305,0.2775119218570606,0.2775119218570606,0.27474753273372526,0.5188225928906378
T000484,0.7929491759892072,0.6223086700691528,0.7929491759892072,0.7265953777748853,0.6314933972689761,0.6314933972689761,0.6223086700691528,0.6425265124523195
T000485,1.16537801786455,1.16537801786455,1.183936183752932,1.0587049085910811,1.16537801786455,1.16537801786455,1.16537801786455,0.920340119733295
T000486,0.19056250678301073,0.1795044676971802,0.3124596725457863,0.8297732871685326,0.1733043261601989,0.19056250678301073,0.1795044676971802,0.19056250678301073
T000487,0.3908668526073927,0.41474724354821857,0.47165642831872856,0.3928758201255888,0.41474724354821857,0.41474724354821857,0.4371825393079087,0.32363085847164563
T000488,0.5992330507412518,0.8434704609214523,0.7321884107036163,0.587335882661766,0.8434704609214523,0.6022412705853684,0.6496726401825531,0.6118836771190183
T000489,0.7413708231360164,0.7066149601610078,0.7012581258315868,0.7355206333152007,0.7066149601610078,0.9188758515219885,0.7181560539263557,0.7356105352142415
T000490,0.6631689056882883,0.6373472376282903,0.6719142854077843,0.6284411249000611,0.6373472376282903,0.637793965389007,0.6373472376282903,0.7312379502367102
T000491,0.6146696957748873,0.6185076979894213,0.5283662579548161,0.6185076979894213,0.6185076979894213,0.6425417093516529,0.6146696957748873,0.612579981937228
T000492,1.0046534746077231,0.9417557128408112,0.9266024766416399,1.2573262151185594,0.9417557128408112,0.9417557128408112,1.2573262151185594,1.2349426911699914
T000493,0.9286814297697764,0.9492086771381963,0.9250845186042693,0.9286814297697764,0.9492086771381963,0.6127199364373986,0.9286814297697764,0.9250845186042693
T000494,0.4868849645639117,0.4331514303776811,0.5554842807586119,0.4592462790173457,0.4331514303776811,0.5024402794530729,0.4711959394525169,0.46011957034382983
T000495,0.7412612553354377,0.7412612553354377,0.7412612553354377,0.7568739809331925,0.7412612553354377,0.5753721581882647,0.7605928334523006,0.7017716700467413
T000496,0.7389982617982789,0.7413350450714207,0.7279325970385057,0.7413350450714207,0.7413350450714207,0.9009427699829963,0.7413350450714207,0.771303714373613
T000497,0.5203975448002921,0.46649805064137445,0.489328463529002,0.7163994811545575,0.46649805064137445,0.46649805064137445,0.46649805064137445,0.5049641400350199
T000498,0.802127072261127,0.8105290497533328,0.8373190212119754,0.8373190212119754,0.8105290497533328,0.831033349616453,0.8105290497533328,0.8084990271044652
T000499,1.0747410416257597,1.0996175892201487,1.5768669545773466,1.1342216022480702,2.3594244749479305,1.0911503374257352,1.0911503374257352,1.569662651177992
T000500,1.1467405644810205,1.1568886835212635,1.1425361333507735,0.9912171871235036,1.1568886835212635,0.9614600570845647,1.1470610670629404,1.2687581516261657
T000501,0.9028431121029633,1.0277820725031885,1.1779996680893885,1.0373073598323403,1.0277820725031885,1.0277820725031885,0.940586580625334,1.3674212500797684
T000502,0.5665161110634099,0.6076453414849001,0.556242836164698,0.5373694544407033,0.6076453414849001,0.6076453414849001,0.5916304952779026,0.6799805882601173
T000503,0.684937288144592,0.5129067593335617,0.7896723891446371,1.13641536051986,0.5129067593335617,0.5129067593335617,0.5129067593335617,0.842956522261822
T000504,0.851114026357931,0.8373249724055913,0.8495036777294716,0.8674679614708141,0.8373249724055913,0.8373249724055913,0.8674679614708141,0.8323614367680635
T000505,0.9121684193121692,0.9121684193121692,0.9698354601954343,0.9121684193121692,0.9121684193121692,0.9121684193121692,0.9121684193121692,0.7865440581716152
T000506,0.3803761278820848,0.35488650117033393,0.3207269662482305,0.3803761278820848,0.35488650117033393,0.34349596547564365,0.3894364608456611,0.4191251238836071
T000507,0.8459006802946315,0.8032823203548147,0.7766460015599254,0.8459006802946315,0.8032823203548147,0.8032823203548147,0.8032823203548147,0.8056440971721932
T000508,0.9536920780690595,0.865942661611052,0.893530002307792,0.9218111573448524,0.865942661611052,0.865942661611052,0.865942661611052,0.8860099079025167
T000509,1.4411330341499677,1.4654972980936334,1.3951958867014347,1.4545427708677234,1.4654972980936334,1.4654972980936334,1.4654972980936334,1.3955099726861997
T000510,0.7085873895407636,0.6957539982507301,1.378086512302141,0.6985051866783983,0.6957539982507301,0.6957539982507301,0.6985051866783983,0.7656391067944216
T000511,1.0569034731103961,0.9740442524819793,0.8734501739408522,0.9972510621409797,0.9740442524819793,0.9740442524819793,0.9912672618927459,1.0485999794026333
T000512,1.3471771724955857,2.0158324590190184,0.8277002653938887,1.7102263769598363,2.0158324590190184,2.0158324590190184,1.2231782196006733,1.3592785743223676
T000513,1.2501124396274979,1.2501124396274979,1.2501124396274979,1.2501124396274979,1.2501124396274979,0.9403437058261097,1.242102548251261,1.2839396439983577
T000514,0.612270777441044,0.6022355852969068,0.5923304373839428,0.6350113088413932,0.4995256234114213,0.4995256234114213,0.6350113088413932,0.7273890118735232
T000515,0.8224142969649247,0.8088476744419263,1.0031059433415457,0.801384409193984,0.8088476744419263,0.8088476744419263,0.801384409193984,0.8192527794259713
T000516,0.5056046439487931,0.5803064400751692,0.5322417533661002,0.5803064400751692,0.5803064400751692,0.5803064400751692,0.4883505965940719,0.7170124399319285
T000517,0.8823378645498666,0.6892666873734371,0.8823378645498666,1.0318611794292738,0.6892666873734371,0.6892666873734371,1.0159873088985563,0.7142916883517313
T000518,0.7725982343077225,0.7854615131862098,0.7966137183262033,0.7854615131862098,0.7854615131862098,0.7854615131862098,0.7854615131862098,0.7234594417713478
T000519,0.4788068607443327,0.4931567363204734,0.4788068607443327,0.5576662851151407,0.4931567363204734,0.560731382634055,0.4788068607443327,0.6127849896284007
T000520,1.1572216042493066,1.131547053616141,1.175381744956076,1.11908440736248,1.131547053616141,1.131547053616141,1.1572216042493066,1.1283917830265626
T000521,1.0332605975350504,1.0308187163198193,1.0725708716969382,0.9944567994283434,1.0308187163198193,1.3633233558581157,1.0332605975350504,0.8809589932989413
T000522,1.2986712140885635,1.220084132558079,1.258601741722505,1.2986712140885635,1.220084132558079,1.0984837971208552,1.2986712140885635,1.0920198208453082
T000523,0.5334247477879619,0.5829442316648178,0.5366282734617034,1.0354588944627854,0.5829442316648178,0.9943374855998073,1.019298950813193,0.5414210653852218
T000524,0.6155176541650321,0.5445667511479798,0.6137271095095983,0.5445667511479798,0.5445667511479798,0.5445667511479798,0.5601290380808784,0.4761113052977507
T000525,0.5093967256532886,0.5023009507961523,0.5179559121463607,0.5023815947559214,0.5023009507961523,0.5023009507961523,0.5044222373125118,0.7113671354019971
T000526,0.712564645704173,0.6939706622974569,0.6837339188334344,0.5923926592379473,0.6939706622974569,0.45908887355690936,0.712564645704173,0.6837339188334344
T000527,0.8249201105983771,0.8477696078631971,0.8249201105983771,0.9039397043736078,0.8477696078631971,0.651343652013503,0.8249201105983771,0.5849751668906108
T000528,0.5367102200318846,0.49357273269278357,0.49341617472101473,0.5304863471180716,0.49357273269278357,0.49357273269278357,0.5369436155584332,0.5340156398473722
T000529,0.817545599875499,0.8352718178994454,0.817545599875499,0.7878785776124418,0.8352718178994454,0.7117957995280868,0.817545599875499,0.9072833259005035
T000530,1.1752125714468586,1.2141328733391894,1.203978053600829,1.203978053600829,1.2141328733391894,1.2138683240953843,1.2141328733391894,1.1894334728981575
T000531,1.0625709748570151,1.998691975510715,2.0176841635403537,0.9887493634162127,1.998691975510715,0.5693898225530132,1.998691975510715,2.475903038974673
T000532,2.011606555267444,1.7901720630889608,1.9628776989481334,1.7988212237624328,1.7901720630889608,1.7901720630889608,1.7742217687115953,2.1108953607536445
T000533,6.788210671167654,6.771748137861938,6.771748137861938,6.665623638837938,6.771748137861938,6.771748137861938,6.665623638837938,6.885219701653908
T000534,0.5479419419426985,0.5560458279671749,0.4965011386674983,0.5170818256146096,0.5560458279671749,0.4719221413360478,0.5334959327545519,0.4459462025409329
T000535,0.7854059044515629,0.8227314932430903,0.5231850985694799,0.8227314932430903,0.8227314932430903,0.8227314932430903,0.7758544103564093,0.8430701597851404
T000536,0.42989918133061905,0.4593425461233447,0.4620507064186461,0.4593425461233447,0.4593425461233447,0.35534630146821505,0.42989918133061905,0.37815473028558344
T000537,0.4860750002327284,0.47986808978610923,0.47754158160179394,0.47986808978610923,0.47986808978610923,0.47986808978610923,0.4860750002327284,0.2952815890682175
T000538,1.2065548323849953,0.9501120288837582,1.199392832832449,0.6513096248250473,0.9501120288837582,0.9501120288837582,0.7184784216990013,0.9501120288837582
T000539,1.8845409396476787,1.8869805408486555,1.8674130083798959,1.9654113852469244,1.8869805408486555,1.8869805408486555,1.8869805408486555,1.9432569471166659
T000540,2.014582185358016,2.01811033644873,2.01811033644873,4.27191810685946,2.01811033644873,2.01811033644873,2.01811033644873,2.2366792170343626
T000541,0.9901503660829581,0.9255444581732685,0.9901503660829581,1.0725984911796071,0.9255444581732685,0.9255444581732685,0.9499607313516663,1.024473470461395
T000542,1.1845836581044114,1.0678261542499208,1.1731860677273507,1.2838827008981317,1.0678261542499208,1.008301671432211,1.0678261542499208,1.0272514461126192
T000543,0.7182786318466243,0.8403955431588863,0.7975400822857004,0.9512371646509281,0.8403955431588863,0.811158898222544,0.8543831019446866,0.8403955431588863
T000544,0.6610668883467423,0.6610668883467423,0.6520221139775438,0.6676952989164208,0.6610668883467423,0.6611335118922617,0.6610668883467423,0.6525566153098362
T000545,1.0643230479032928,0.9273678302041256,1.0024910605883293,0.9225945997828842,0.9273678302041256,0.9273678302041256,0.9225945997828842,0.9150572095675965
T000546,1.7397152471276431,1.7016207769854212,1.9058306581084448,1.8518936981284442,1.7016207769854212,1.265935370622135,2.0999561263532773,1.6004399510200502
T000547,5.523045913663418,4.378029100651326,4.771435002938486,4.378029100651326,4.378029100651326,4.172382230931179,4.378029100651326,4.331479003573542
T000548,1.204764533350116,1.204764533350116,1.204764533350116,1.2026314391779265,1.204764533350116,1.204764533350116,1.204764533350116,1.229113554856413
T000549,1.175330680926451,1.261279256036058,1.4531432764179,1.1264957945088991,1.261279256036058,1.261279256036058,1.5063797520397009,1.2434056484832732
T000550,0.7502490334422004,0.7502490334422004,0.7745741425457187,0.6709491006846077,0.7502490334422004,0.7502490334422004,0.7502490334422004,0.6864319170318134
T000551,1.8435829668486037,1.7884400395477555,1.809165397598244,1.8340663575677332,1.7884400395477555,1.7884400395477555,1.7884400395477555,1.853628050674908
T000552,1.529331247235939,1.5260833070517883,1.430278429482493,1.5070385984388182,1.5260833070517883,1.5260833070517883,1.5070385984388182,1.8373468516402103
T000553,0.4091644310927657,0.49585403469950673,0.48706073589297944,0.4091644310927657,0.49585403469950673,0.49585403469950673,0.4919070122067236,0.4957745402024464
T000554,0.49291115711631345,0.5190485769694902,0.5082899349429574,0.49291115711631345,0.5190485769694902,0.5045615744986015,0.5156098233757144,0.41501682455855476
T000555,0.8979452698687825,0.7961583105921755,0.7890671887218317,0.7798641551059114,0.7961583105921755,0.7961583105921755,0.7961583105921755,0.896254482873967
T000556,0.9679386861725019,0.8396262719187506,0.8234616262427166,0.8179636913747863,0.8396262719187506,0.6968385540758556,0.9448019422584739,0.9854953909768095
T000557,0.42208394729375837,0.42208394729375837,0.4215413511363419,0.3207803436722284,0.42208394729375837,0.42208394729375837,0.333677653961179,0.4167537946052049
T000558,0.3354253128726231,0.757562007578226,0.33094455442783205,0.2738505974090766,0.757562007578226,0.46139741925336236,0.27785010906759716,0.3456217140427072
T000559,0.4798273709374071,0.3449245112550152,0.465769540102363,0.3449245112550152,0.3449245112550152,0.3449245112550152,0.3449245112550152,0.5870737445953339
T000560,0.5305188587848375,0.5150914334252235,0.5506101353559782,0.526687595577825,0.7826656065752685,0.5150914334252235,0.5357773436443243,0.545454984691374
T000561,0.6195629480348099,0.6237431584750985,0.45506457803644845,0.6033965680740344,0.6237431584750985,0.6033965680740344,0.6272247194652778,0.436736149098928
T000562,0.9455353343326602,0.9440313553128872,0.9201361588692383,0.9517752630636508,0.9440313553128872,0.7338823057771121,0.9455353343326602,0.8514362991967068
T000563,1.1951986259704355,1.1727440959431714,1.194332171595781,1.1648428179111094,1.1727440959431714,1.1727440959431714,1.1727440959431714,1.4369611584347424
T000564,0.8029649978958954,0.9133651896592605,0.7924752017260001,0.8375073354832991,0.9133651896592605,0.9133651896592605,0.8029649978958954,0.6234402374865576
T000565,0.7727645173622899,0.7982309682736313,0.5598001544370912,0.7727645173622899,0.7982309682736313,0.7982309682736313,0.7816277364252147,0.7816932723364387
T000566,0.7719611042027237,0.7515464745077031,0.7364458772099984,0.5698600455565405,0.7515464745077031,0.7515464745077031,1.0842846612925743,0.7391456045008549
T000567,0.6454357794376756,0.656022757475462,0.6371144893735965,0.6048983113939406,0.656022757475462,0.656022757475462,0.8391413162430319,0.5373377732458574
T000568,1.2517930529816592,1.4383755032701733,1.2666730773361758,1.2517930529816592,1.4383755032701733,2.1966378088156526,1.2517930529816592,1.0521480523640518
T000569,1.3674903522340434,1.7903834075497191,1.4481905829401025,1.7903834075497191,1.7903834075497191,2.0873615454829366,1.3750695612597748,1.3552053568457516
T000570,0.21123473836707643,0.4021480863650426,0.2003078718543538,0.4021480863650426,0.4021480863650426,0.16142047647812857,0.4021480863650426,0.19239195475542856
T000571,1.2483938384799715,1.2369458718264736,1.2479345333606653,1.3115390147918302,1.2369458718264736,1.0633183318087975,1.3159598243590631,1.229593587237526
T000572,0.9633449365205524,1.0001696367572332,0.8308345264483379,1.0904631500250626,1.0293212997683614,1.1194761458112612,1.0904631500250626,1.0523998403371893
T000573,0.9774081808594052,1.202269138702614,0.9600627023393742,1.205768666340698,1.205768666340698,1.2467012151919936,1.202269138702614,1.2031335724901053
T000574,0.24812696928585246,0.36901359266253186,0.16225971887606808,0.4563311841005243,0.36901359266253186,0.4324048956773983,0.36901359266253186,0.4324048956773983
T000575,1.2917819640266215,1.1815097915761938,1.05307562452276,1.1815097915761938,1.1519064133277834,1.1815097915761938,1.181302972197574,1.1861398877180318
T000576,0.6504862563291117,0.600523857348725,0.5066238397544143,0.6064469888511742,0.600523857348725,0.6415708046051632,0.6897447553608642,0.6321112566074939
T000577,0.6944831326373597,0.5850997880542046,0.6745145111325674,0.6820088616261223,0.5850997880542046,0.5850997880542046,0.5850997880542046,0.5850997880542046
T000578,0.8525145782766177,0.8697277870276684,1.1703766786929435,0.899053195168847,0.8697277870276684,0.8033276291341952,0.8869991071159045,0.8323690425162169
T000579,1.0057092056753907,1.0057092056753907,1.1324235975347696,0.8562281813577466,1.0057092056753907,1.0057092056753907,1.0057092056753907,0.7942945075210113
T000580,1.061676882925152,0.48425145690182897,0.9492252741125893,0.977825090631021,0.48425145690182897,1.4633487662530147,0.48425145690182897,1.0124150383752724
T000581,0.48606738419777556,0.33426946197963225,0.34054887774928594,0.46455334547239985,0.33426946197963225,0.33426946197963225,0.33426946197963225,0.4695188996455939
T000582,0.4745831378192448,0.28979998731771933,0.3034254471949297,0.4220652187858301,0.28979998731771933,0.28979998731771933,0.28979998731771933,0.279810110806504
T000583,2.47659889561037,2.1734282355007655,2.4060323201217533,2.177998575160518,2.1734282355007655,2.1734282355007655,2.1734282355007655,2.1734282355007655
T000584,1.509825882164333,1.8505289171690507,1.5007548253219618,1.7144145784723257,1.8505289171690507,1.724046335783912,1.5606656392195708,1.9705145468596466
T000585,0.5453418842158012,0.4866506139258492,0.4604439987896459,0.33466460815937127,0.4870736975327468,0.5106885533070261,0.3313988173260525,0.5060801822551075
T000586,0.27051072395329845,0.2992124106017139,0.31434730240846614,0.29593967188842096,0.2992124106017139,0.2992124106017139,0.2992124106017139,0.31527592059287124
T000587,1.2814185605402166,1.2814185605402166,1.2516501265813005,1.1681977007699744,1.2814185605402166,1.2814185605402166,1.1943385437052547,0.8888703502239342
T000588,0.5823484214825205,0.2657829557614239,0.2687144235919908,0.32142086096939887,0.2657829557614239,0.2657829557614239,0.26630844924967945,0.32765929962086293
T000589,0.7626716678630274,0.7626716678630274,0.7596876084221249,0.7691071581935276,0.7626716678630274,0.7626716678630274,0.7626716678630274,0.7049827451927315
T000590,0.8852208602516111,0.45085129385491474,0.5296047185355266,0.4129183561995455,0.45085129385491474,0.45085129385491474,0.4129183561995455,0.42328032406165494
T000591,1.0819725824166817,0.7592007223414924,0.8999693747966468,0.6715011541580109,0.7592007223414924,0.7592007223414924,1.027761378651601,0.6594778275349578
T000592,0.6983589018634807,0.8272764670617558,0.6703848427791249,0.7005732458950293,0.8272764670617558,0.8272764670617558,0.5552250055279443,0.7565252518269409
T000593,0.4143053297057733,0.44628110473667254,0.44896028986243636,0.4096328465421373,0.44628110473667254,0.44628110473667254,0.31888110429198724,0.2752967111433282
T000594,0.35332701116266724,0.35332701116266724,0.3857983947542118,0.46524862492737606,0.35332701116266724,0.35332701116266724,0.3895601256297724,0.6857212721968816
T000595,0.9902999668630218,0.953965618205553,1.0227706844639006,0.8015836940419135,0.953965618205553,0.953965618205553,0.9185338491684043,0.9058030105914201
T000596,0.6321998908002396,0.6321998908002396,0.7500666728610039,0.8615576552780433,0.6321998908002396,0.6321998908002396,0.6321998908002396,0.8969390311897919
T000597,0.2270808500711966,0.6491396776539221,0.34968245178764545,0.7198125964816138,0.7198125964816138,0.5863048292539823,0.6862036526669979,0.6223234524395248
T000598,0.8522520381493983,0.8522520381493983,0.7789782041632004,0.7847626296931565,0.8522520381493983,0.8522520381493983,0.8028149322042674,0.5369858176877161
T000599,1.056949569709037,1.1036326586536116,1.057986524192287,1.1036326586536116,1.1036326586536116,1.0253460085720179,1.0521808006044784,1.0234263670267267
T000600,1.0116884592231519,0.8638854031842521,0.8682271046864206,1.0381477647111816,0.8638854031842521,1.0652352813412085,1.0337578971704398,0.9366142665154183
T000601,0.8171485905616654,0.8171485905616654,0.818021159980274,0.7995084977633394,0.8171485905616654,0.860326527147149,0.8037954834343937,0.8621341714767408
T000602,4.950115569348642,4.930293804518281,4.945010677864183,3.998883206846721,4.930293804518281,4.930293804518281,4.0456696111609896,3.792203723688855
T000603,0.40628561421730414,0.2405333164373696,0.42615308692952925,0.26253666549670046,0.2405333164373696,0.2405333164373696,0.24745442735477446,0.3489093646639289
T000604,1.213266350176049,1.3671617434847103,1.2164967666878699,0.9197686812074459,1.3671617434847103,1.3671617434847103,0.9197686812074459,1.2374526346891512
T000605,1.3085850526777114,1.3189918933461962,1.2819639215292853,1.2654020029631021,1.3189918933461962,0.6795245981971592,1.3189918933461962,0.7844207131784429
T000606,0.3182684061386954,0.42673358006994366,0.566125309477649,0.2138883638775304,0.42673358006994366,0.3182684061386954,0.30439979081310004,0.2088641214719698
T000607,1.5911572550235884,1.6313036201414768,2.033857617323201,1.5597964622443325,1.6313036201414768,1.6313036201414768,2.3085549596184736,1.998708347002752
T000608,2.068726916291421,1.7926731774648226,1.483248402768138,1.4913178733598054,1.7926731774648226,1.7926731774648226,1.706096593266051,1.8835872339410962
T000609,0.6444857882717231,0.8322156650047106,0.6592366534860725,0.6647242067564507,0.8322156650047106,0.8500979369933814,0.8322156650047106,0.6901340088835867
T000610,0.6925824240189506,0.7925932654651894,0.6795429286767228,0.7083527752974074,0.7925932654651894,1.0105443667443204,0.7925932654651894,0.866601503472912
T000611,1.0718566894997934,0.8999723889155756,1.3235163902981277,0.8999723889155756,0.8999723889155756,0.8999723889155756,1.0307947558867863,0.8091285526204176
T000612,0.7237741731037256,0.741108772238555,0.7204540249745641,0.7204540249745641,0.741108772238555,0.8177189290063336,0.7216832141158638,0.6772211058928028
T000613,1.427313335293447,1.3071809306026503,1.4606090049594926,1.1891055937131887,1.3071809306026503,1.1357819606665789,1.156011731365602,1.2025600913418835
T000614,0.6800802308257594,0.6800802308257594,0.628277175448159,0.6800802308257594,0.6800802308257594,0.5883894727945129,0.5990668522238773,0.5992391217689824
T000615,1.4881797733962652,1.7312104805993147,1.8971086924061629,1.6409549475378793,1.7312104805993147,1.3342776680588022,1.7310571644007164,1.3693310101421199
T000616,0.7526999368644509,0.7526999368644509,1.0699184648495783,0.6536523959120052,0.7526999368644509,0.9283125859586624,0.7526999368644509,0.9469995932227997
T000617,0.9112067921083133,0.8354147069499005,0.86193873279254,0.8096999802838539,0.8354147069499005,1.1995725138803184,0.8354147069499005,0.7813577844963776
T000618,0.24909425482621214,0.3107215136209274,0.24914837668984066,0.2804761802528835,0.3107215136209274,0.3107215136209274,0.28804419350637445,0.29511678104085876
T000619,0.3755351690321378,0.4233261344690696,0.3974953635664381,0.43196602405946843,0.4233261344690696,0.4233261344690696,0.43105647728570456,0.34478141783459715
T000620,0.8076475057475868,0.8076475057475868,0.9043677810406112,0.8165552896793394,0.8076475057475868,0.7078637496371203,0.8165552896793394,0.764223735008984
T000621,0.4932387358327705,0.4718063320187602,0.4718063320187602,0.4809240435305735,0.4718063320187602,0.4718063320187602,0.4442697784903383,0.3950474010499482
T000622,0.6472375160524098,0.6472375160524098,0.48390965689059684,0.4588021900648131,0.6472375160524098,0.5215701438103612,0.4600074640936378,0.5798103760579836
T000623,0.7034027327434986,0.6337145322423191,0.6337145322423191,0.6055080662098371,0.6337145322423191,0.6337145322423191,0.7034027327434986,0.6326231964211931
T000624,0.9531480795938172,0.9531480795938172,0.9195126928215844,1.3710481401718821,0.9531480795938172,0.9531480795938172,0.9531480795938172,1.0779262698902967
T000625,0.9134840681546706,0.9151323798817499,0.914205760137041,0.9053764383621004,0.9151323798817499,0.9151323798817499,0.914205760137041,1.0811862439359707
T000626,0.46972122359200047,0.6389562300115074,0.34202688538290144,0.7185786023648357,0.6389562300115074,0.6389562300115074,0.41756333799229656,0.655006456156826
T000627,0.6240387250985043,0.6306342585647596,0.6336368492782133,0.6217026141039402,0.6306342585647596,0.9990229774922842,0.6240387250985043,0.976180915650711
T000628,0.7820782341882823,0.7651031354501527,0.7820782341882823,0.7831703810076143,0.7651031354501527,0.7651031354501527,0.7651031354501527,0.7826668828529428
T000629,0.6988545066529596,0.6799999879243407,0.6988545066529596,0.7089799588252744,0.6799999879243407,0.6822652115417691,0.6799999879243407,0.6962762609241665
T000630,0.5169641487382813,0.49927734927234874,0.4557010177362001,0.4253445678152195,0.49927734927234874,0.4147734337074063,0.45235027595034405,0.45235027595034405
T000631,0.797128666669438,0.8241673104878748,0.7009838593624712,0.7157227024940971,0.8241673104878748,0.641612550538435,0.7941132775245153,0.6361408315109445
T000632,0.2940430586002239,0.3265752087709851,0.3806513925060237,0.36652167888534487,0.3265752087709851,0.4731662230396085,0.3265752087709851,0.38215247153761495
T000633,0.8334347148986413,0.8489940509451274,0.8496810594325873,0.8609843586375677,0.8489940509451274,0.8006597766269286,0.8609843586375677,0.9947978964698061
T000634,0.8696767490984201,0.6936387422688935,0.7650181462423329,0.7617558966234743,0.6936387422688935,0.6936387422688935,0.6936387422688935,0.9894508010614148
T000635,0.7066447656012643,0.7126492777558174,0.6845035091493558,0.6975704561830587,0.7126492777558174,0.8111280151872666,0.7081629310044119,0.7269718682340824
T000636,1.0735272125547504,1.1946871325744215,1.1946871325744215,1.1559666623386733,1.1946871325744215,0.7232300005320235,1.214569064869851,0.9020410628187704
T000637,1.0871623859931627,0.6979452820163948,1.088676891792186,0.6979452820163948,0.6979452820163948,0.6979452820163948,0.704492470334944,0.7440444495605978
T000638,1.0097976561124635,1.0090182765336655,1.0069047334857135,1.0090182765336655,1.0090182765336655,1.0090182765336655,1.0090182765336655,1.0051708139166846
T000639,0.6467782625212328,0.6467782625212328,0.6467782625212328,0.5656248994246996,0.6467782625212328,0.6467782625212328,0.6467782625212328,0.6728815794777819
T000640,0.6841021213216542,0.7078359825053203,0.668373776163233,0.6754386143979987,0.7078359825053203,0.7327063290284886,0.6677868714315477,0.6531808802811822
T000641,0.2793299660394448,0.25523835165139935,0.2758220655967606,0.23969874043830558,4.594318538604111,0.25523835165139935,0.2547189555401691,0.33862036950563373
T000642,0.7921415101169913,0.795820919318366,0.931433832181338,0.9628481619788047,0.795820919318366,0.795820919318366,0.7917703384265472,0.9672532463981776
T000643,1.5112555603545546,0.6131720706272117,1.2824384816891967,0.5735592824608483,0.6131720706272117,0.6131720706272117,1.4902845062926962,0.7324622611841771
T000644,0.8875933228785282,0.8805668570974596,0.8875933228785282,0.836756638628734,0.8805668570974596,0.623161664041325,0.8875933228785282,0.8254531083272452
T000645,0.38686053793706476,0.3777536659640594,0.5170486709651756,0.4397514263193322,0.3777536659640594,0.3777536659640594,0.41868592982759606,0.4290692207136739
T000646,0.7262406947536607,0.7064000063755295,0.5441776856053088,0.7064000063755295,0.7064000063755295,0.4165717771890728,0.7215600004496651,0.31912678545546086
T000647,0.9337898743011658,0.962384721007965,0.8537551340702616,0.9356625796037975,0.962384721007965,0.7964939818906988,0.9356625796037975,0.8783263642402379
T000648,0.8159234172066511,0.8631482038141938,1.0262329608087009,0.83525691775877,0.8631482038141938,1.1607792207792238,0.8159234172066511,0.8073479919670808
T000649,0.8126531357922151,0.8126531357922151,0.877877179188574,0.8480013431367028,0.8126531357922151,0.8126531357922151,0.8716585571206033,0.9328805928257713
T000650,0.9062005354651553,0.9838365137531597,0.9838365137531597,0.8959341519043253,0.9838365137531597,0.9355504788190828,0.9838365137531597,0.8935028369255025
T000651,0.954572214968333,0.954572214968333,0.9811812910683564,0.9729730629546801,0.954572214968333,1.2789732805351866,1.7686223422125213,1.5643252951664528
T000652,1.1924770454609193,1.4547859643060466,1.313286937493144,1.282856032559768,1.4547859643060466,0.7754778739758065,1.4089289476236295,0.9759886290760234
T000653,0.994029949180286,0.967934342635766,0.8170879788425564,0.967934342635766,0.967934342635766,0.6770728410148926,0.9909227549915047,0.7154955782285652
T000654,0.9301154689228482,0.9301154689228482,0.8343929505948895,0.9039390887278871,0.9301154689228482,0.7635781378757944,0.9004701467890992,0.6532087617667457
T000655,0.6765059475472966,0.6205473179839186,0.6819987797737274,0.7542836708690338,0.6205473179839186,0.6205473179839186,0.6174836445399654,0.6217257231469641
T000656,0.27565514630564325,0.22912803366818355,0.3104172603548689,0.400455235758828,0.22912803366818355,0.22912803366818355,0.22912803366818355,0.7096547910589207
T000657,0.2963909499520261,0.2359821270500261,0.1426673496382808,0.21228416647738277,0.2359821270500261,0.2359821270500261,0.356632318042248,0.3324861200604372
T000658,0.34132747468882174,0.3179263385757828,0.17574156892414133,0.3179263385757828,0.33295981378207684,0.42550128631107,0.4343578915784431,0.33295981378207684
T000659,0.198898941392829,0.10140532267480168,0.1910289643734441,0.07818725872413619,0.09703237854292376,0.10140532267480168,0.10223635817574678,0.09703237854292376
T000660,0.5632622876938781,0.5642573442116495,0.5733567518899281,0.5733567518899281,0.5642573442116495,0.6564409435846579,0.5642573442116495,0.7214515082041176
T000661,0.4959873703610454,0.4246493415934395,0.4818403576949548,0.4959873703610454,0.4246493415934395,0.4246493415934395,0.47915562365569286,0.5872125485186158
T000662,0.48458365426422395,0.48458365426422395,0.4590876285071734,0.4665066530523936,0.48458365426422395,0.48458365426422395,0.4665066530523936,0.7350082249140122
T000663,0.5391765317067767,0.5399985610398211,0.6109689552950192,0.5428822280150871,0.5399985610398211,0.5399985610398211,0.5399985610398211,0.6183062168624268
T000664,0.5886871684785485,0.6582391654477948,0.5542688214540139,0.5699269494583914,0.6582391654477948,0.6582391654477948,0.5699269494583914,0.6495145204178033
T000665,0.6590325542439155,0.761850824520258,0.6590325542439155,0.7596866849267433,0.761850824520258,3.4644888037440915,0.8650534029424476,0.660617715103259
T000666,0.5745821902958326,0.5994471282238465,0.605328093775845,0.5353860247464368,0.5994471282238465,0.7573563857809974,0.5745821902958326,0.6246043785550276
T000667,0.43349899332721104,0.5330370481153811,0.42712240344388797,0.6032215626116915,0.5330370481153811,0.5330370481153811,0.45441907625271705,0.43110585964033254
T000668,0.7101632608146008,0.6816569257484614,0.6871737021295726,0.7235472470045581,0.6816569257484614,0.6816569257484614,0.6908216931864567,0.6818554590872987
T000669,0.5791949340756968,0.6589800557803477,0.5791949340756968,0.6477278058649071,0.6589800557803477,0.6589800557803477,0.644486929511229,0.6006844178751718
T000670,0.9627011180449613,0.9796617112803958,1.0162684839086609,0.9627011180449613,0.9796617112803958,0.9747331625306715,0.9985833467147696,1.0259774137896376
T000671,1.1495771709934075,1.131627064506718,0.8086402949938096,1.0557048900633184,1.131627064506718,1.131627064506718,1.1495771709934075,1.1440205020546168
T000672,0.3424894982284611,0.3419706995412984,0.34056362557236153,0.3419706995412984,0.3419706995412984,0.3419706995412984,0.34484666881819787,0.8044587729295698
T000673,0.9830200154480425,0.7088399533786115,0.7772788243127771,0.7088399533786115,0.7088399533786115,0.7088399533786115,0.7088399533786115,0.9501863640126422
T000674,0.9202702999114057,0.9202702999114057,0.9202702999114057,0.5540843243835835,0.9202702999114057,0.9202702999114057,0.5662110574373195,0.9019912912002804
T000675,0.29112521359521254,0.29112521359521254,0.2379698846123383,0.29112521359521254,0.29112521359521254,0.29112521359521254,0.29112521359521254,0.2613662746543585
T000676,0.3366395401367751,0.2619915993805868,0.2858324292150405,0.30875661679472055,0.2619915993805868,0.2619915993805868,0.3366395401367751,0.34209790783137284
T000677,0.6244793742626056,0.7065776827036644,0.7078944670910569,0.44048438209035384,0.7065776827036644,0.7065776827036644,0.6789541153784447,0.4312246176461911
T000678,1.0349866435809176,1.0349866435809176,1.0349866435809176,1.0295115799653887,1.0349866435809176,0.9560850111283471,1.0349866435809176,0.9160145927926516
T000679,0.8247366615942697,0.824302747008205,0.9484570021437443,0.824302747008205,0.824302747008205,0.824302747008205,0.824302747008205,1.0180419033214596
T000680,0.3546237796437563,0.45984862196840537,0.3549651674411323,0.37215654207010246,0.45984862196840537,0.45984862196840537,0.45984862196840537,0.45507703992937976
T000681,3.2636895376134154,3.7111395837253194,3.228109331652694,2.457720078474971,3.7111395837253194,2.677039355857078,2.795498526971019,2.810683565139401
T000682,0.5869848995049112,0.5869848995049112,0.5821679015753999,0.5899608623695475,0.5869848995049112,1.2364309790993993,0.5869848995049112,0.6112432296493445
T000683,1.6332607366898249,1.2030999332062102,1.0763828847329038,1.0767068644386835,1.2030999332062102,1.7520240546081722,1.7520240546081722,1.0878791340100273
T000684,0.5517908346861109,0.5517908346861109,0.5516941845196889,0.5761283860993494,0.5517908346861109,0.5517908346861109,0.5688567824724394,0.5138830005292155
T000685,0.5101673109905094,0.6706974501204809,0.7454184835426656,0.6489547912146947,0.6706974501204809,0.6706974501204809,0.5653140396944528,1.1095766184578837
T000686,0.7458000546738641,0.8719531758128038,0.5772642567410528,0.7458000546738641,0.8719531758128038,0.43487517558328787,0.8719531758128038,0.5119596557382917
T000687,0.7478245834402424,0.872939964584298,0.5778579118564492,0.7478245834402424,0.872939964584298,0.43499474387331116,0.872939964584298,0.5124483115088228
T000688,0.4414008334013941,0.527601676111028,0.41539933795050693,0.42046133133138447,0.527601676111028,0.5009762713617105,0.43052292001699805,0.3667515106391064
T000689,0.7540229244109907,0.7540229244109907,0.8407185505987488,0.7954613821745972,0.7540229244109907,0.7540229244109907,0.7490534109473572,0.6708502359024039
T000690,0.4001644579612012,0.4312728481498541,0.6456130783076954,0.4220053011168179,0.4312728481498541,0.4312728481498541,0.2785723407138078,0.5111206566958074
T000691,0.4708710463211622,0.4708710463211622,0.7402971683428566,0.48068627136014774,0.4708710463211622,0.48596711526626635,0.4490300190694734,0.9098044336017865
T000692,0.9797979889119864,0.7253337025994433,1.1735743092931454,1.1161066582427894,0.7253337025994433,0.6996595537890473,1.1325597860949712,0.7546124602366336
T000693,0.5114694615205594,0.6165227236862915,0.5365290884155296,0.5206888304655714,0.6165227236862915,0.6165227236862915,0.5145354782169688,0.5064748209586892
T000694,0.7806045167837714,0.4815794816422291,1.1590860906567704,1.1590860906567704,0.4815794816422291,0.4815794816422291,1.1590860906567704,0.5128639242531284
T000695,0.6938709869831672,0.5495154724638553,0.5488391904426725,0.554612882694417,0.5495154724638553,0.5495154724638553,0.5548659676544389,0.8316722746409487
T000696,5.863387937968992,6.357008159573625,4.958331769891129,6.357008159573625,6.357008159573625,6.357008159573625,9.807918739062409,5.0506991561988315
T000697,0.6883621542906845,0.6883621542906845,0.5117120512776483,0.673545845962362,2.3055059792068624,0.7017982484228326,0.6883621542906845,0.7814440377341753
T000698,0.972598502833259,0.972598502833259,1.0688936042926194,0.972598502833259,0.972598502833259,0.972598502833259,0.972598502833259,1.1767930792773595
T000699,0.557953357157142,0.552017612329889,0.765568946328278,0.557953357157142,0.552017612329889,0.552017612329889,0.552017612329889,0.7439906438815858
T000700,0.6017141233996707,0.637366061238359,0.6262645529638639,0.5967955442135551,3.0100452313611856,0.4624804690853091,0.6017141233996707,0.5288633750629538
T000701,0.45549121790667346,0.5938611397323537,0.7499204847877109,0.6700746892693017,0.5938611397323537,0.7937745093726523,0.7508101233406311,0.7629054725652686
T000702,0.7125218677616939,0.44189961358776836,0.7535270344459124,0.4496771893751304,0.44189961358776836,0.4209708290791707,0.7906226562403786,0.4196380509963159
T000703,1.0155788700723765,0.8738074878533638,0.9750899657438,0.8861632947606004,0.8738074878533638,0.8738074878533638,0.8905165215622737,0.8445857395592844
T000704,0.9989497836986747,0.8117492580440152,0.9963749378389115,0.8117492580440152,0.8117492580440152,0.8117492580440152,0.8117492580440152,0.839191938554848
T000705,0.5996797491187518,0.5516266130608048,0.5996797491187518,0.6047407672768726,0.5516266130608048,0.5516266130608048,0.5947106712197786,0.5353929090720662
T000706,0.5442265265892661,0.5442265265892661,0.503927512205741,0.650363946132743,0.5442265265892661,0.5442265265892661,0.525878300453148,0.6708390366750367
T000707,0.7197446367514071,0.7197446367514071,1.3789630000872386,1.3719595175442865,0.7197446367514071,0.7197446367514071,1.3103785279334712,1.3103785279334712
T000708,0.9337591904983953,0.9260521841642605,0.6435852209736582,0.9522117579493892,0.9260521841642605,0.8202525067359481,0.9098611156798605,0.7397495231808529
T000709,0.9986981371574799,1.0184117338774543,1.027153673106067,1.017783919382516,1.0184117338774543,1.0184117338774543,1.0257423118640245,0.905299271166552
T000710,0.3445438880084043,0.34203432594038374,0.3419223678414539,0.35083167777453556,0.34203432594038374,0.34203432594038374,0.4482688147322888,0.44969088403091134
T000711,1.2857516029981115,1.3384990488684418,1.3414901643597865,1.1949399957867155,1.3384990488684418,1.3384990488684418,1.3255497907475462,1.2438148356330612
T000712,1.00695243585562,1.0024689633124264,1.0024689633124264,1.0024689633124264,1.0024689633124264,1.0024689633124264,0.9966277731305361,1.115572037950853
T000713,0.8772023092025661,0.8391045516104865,0.7587454749935991,0.8772023092025661,0.8391045516104865,0.8391045516104865,0.7453314022966794,1.1286293119155622
T000714,0.9696153807929735,0.9464241373685568,0.8739325561771701,0.9696153807929735,0.9464241373685568,0.959308601003032,0.9464241373685568,1.0691973005817619
T000715,0.8531233386909236,0.8751927888672707,0.8631525960304758,0.9870323514134216,0.8751927888672707,0.8751927888672707,0.9019916409635903,1.0979635068869285
T000716,0.3469927793787833,0.34573457059044854,0.34586007597854024,0.31693970440113234,0.34573457059044854,0.34573457059044854,0.34665466651147603,0.3280375699440448
T000717,0.5186343905944529,0.5302479910452035,0.49621876896299855,0.5186343905944529,0.5302479910452035,0.5302479910452035,0.6749104311265011,0.5020594302176399
T000718,1.2048841096828902,0.5319514122608715,1.2048841096828902,0.3731352606498828,0.5319514122608715,0.5319514122608715,0.5319514122608715,0.9792201624909854
T000719,0.5785776431507713,0.4467067325842882,0.7443986091086388,0.4467067325842882,0.4467067325842882,0.5211308753701926,0.5268052881830331,0.5843878639983329
T000720,0.5244720402755011,0.56637543018852,0.5111787335592525,0.39649057942250704,0.56637543018852,0.39649057942250704,0.564740754100814,0.5374400663901827
T000721,0.8143765006530551,0.8477892135070141,0.8471582115029467,0.8477892135070141,0.8477892135070141,0.9918791335332804,0.8477892135070141,0.8972289788799396
T000722,1.2205320693951176,1.1438326999217232,1.2205320693951176,1.0396552821987457,1.1438326999217232,1.1438326999217232,1.2205320693951176,0.6436759367512742
T000723,0.7478305238006175,0.791310140793545,0.791310140793545,0.7325098014191399,0.791310140793545,0.45881158330287,0.710040442490565,0.792615569611263
T000724,1.1718287746342853,1.057456246759212,0.9995075494031604,0.9952007547129637,1.4921425619132809,1.057456246759212,1.055273069717616,1.2151115705063458
T000725,0.5218595190741252,0.45548429828359654,0.5218595190741252,0.49515882912087467,0.45548429828359654,0.5743508446303801,0.47538801081357546,0.6271133732713878
T000726,0.30154853202341636,0.30154853202341636,0.2285101007862328,0.2284584562439876,0.30154853202341636,0.30154853202341636,0.2284584562439876,0.23468631508404958
T000727,0.30863333840304746,0.30316604112240414,0.5785892715216172,0.30316604112240414,0.30316604112240414,0.30316604112240414,0.30863333840304746,0.30502302190275665
T000728,0.5737475872674831,0.3405315076674262,0.42949369038295276,0.42561849261421614,0.3843850874152752,0.3166224571609575,0.48857467099644913,0.4634743879082813
T000729,0.8179061807990058,0.8310762561915115,0.7444573114788356,0.7381009837559921,0.8310762561915115,0.8310762561915115,0.8179061807990058,0.6890155663424651
T000730,0.8848369259343153,0.8848369259343153,0.8272558007731974,0.8159754726408884,0.8848369259343153,0.8848369259343153,0.832776685149027,0.8156041961549625
T000731,2.007113793920891,2.099595767012616,1.9757307924061083,2.0535368633561855,2.099595767012616,2.099595767012616,2.0564993537077254,2.442541118692832
T000732,0.7002327680208166,0.6076550900632687,0.9193195854789254,0.5966722208675099,0.6076550900632687,0.7252755827113857,0.6401145581262019,0.9297937534168296
T000733,0.5871776595162388,0.606727958465285,0.5650750086724222,0.5216833500585948,0.606727958465285,0.606727958465285,0.5145539915449779,0.5216833500585948
T000734,5.664758378552589,5.663671136934413,5.628784792976027,5.728634980960065,5.663671136934413,5.663671136934413,5.664758378552589,5.410571738506988
T000735,0.5964430980339303,0.6167291242672388,0.5924012525632182,0.4536118018933785,0.6167291242672388,0.6167291242672388,0.6030295707509404,0.4536118018933785
T000736,0.8261114361353595,0.8540365290331013,0.8207964842246976,0.872123111234844,0.8540365290331013,0.8546319270694336,0.8540365290331013,0.8595512175194409
T000737,1.224125467706156,1.198802687441815,1.2805422417761336,1.2504846265144658,1.198802687441815,1.198802687441815,1.198802687441815,1.2183923568109403
T000738,1.2461475025389948,1.4659467012170155,1.252214357989121,1.5259018137523879,1.4659467012170155,1.5284903783821226,1.5332823478544928,1.4659467012170155
T000739,1.242167193089356,1.2297546317038914,1.3159320224900226,1.2297546317038914,1.2297546317038914,0.8083676990853348,1.2297546317038914,0.8931150299532866
T000740,1.7323791549123906,1.7232352748640645,1.9069774296977209,1.743527291716503,1.7232352748640645,1.6296307526260398,1.8737613998652713,1.4706964073015465
T000741,0.30534318657598236,0.32413366370252483,0.38309801395222237,0.32413366370252483,0.32413366370252483,0.32413366370252483,0.4359947316898342,0.35599423602367686
T000742,2.7129924070522753,3.033362130003123,2.7416892277498763,3.033362130003123,3.033362130003123,3.033362130003123,3.1363827663827886,2.844084097946892
T000743,1.4354470373831407,1.6736134059873746,1.4236545756693069,1.7296735854325087,1.6736134059873746,1.6736134059873746,1.6736134059873746,1.739578624598655
T000744,0.6390041720218782,0.6824227016722338,0.5846755291694208,0.6199153321013612,0.6824227016722338,0.6824227016722338,0.6375058222035054,0.6052682710715036
T000745,0.4214974581606958,0.4190041980450324,0.5093040177777651,0.48724593374258934,0.4190041980450324,0.4190041980450324,0.4006485061604483,0.5927931121367103
T000746,0.623574800764695,0.623574800764695,0.44816127026592584,0.623574800764695,0.623574800764695,0.623574800764695,0.44816127026592584,0.45853060079946856
T000747,0.19106944296060707,0.19106944296060707,0.6274708619442473,0.5594429157167531,0.19106944296060707,0.19106944296060707,0.5594429157167531,0.19829769825529034
T000748,0.15077933694733733,0.2081811880617751,0.14235855029419084,0.1814244599397456,0.2081811880617751,0.19376156464850527,0.13105680124075045,0.1802184513287238
T000749,0.5115290059006269,0.39297654484855926,0.38969479119356804,0.394889249255926,0.39297654484855926,0.39297654484855926,0.623805525181712,0.6358205300845166
T000750,0.9200339259055276,0.9168253013469025,0.9165573356223229,0.9168253013469025,0.9168253013469025,1.124851556274659,0.9168253013469025,0.8932117926659005
T000751,0.2657372035738419,0.3929849975145016,0.25583659869165754,0.2309524797960285,0.3929849975145016,0.2309524797960285,0.2657372035738419,0.19296333323071146
T000752,0.9346565198010257,1.1091191502212037,0.967030375377276,1.0176520732862437,1.1091191502212037,1.1091191502212037,0.9954069926376166,0.8243823359158675
T000753,0.4916076932224864,0.42667554213241454,0.40186880157106725,0.42667554213241454,0.42667554213241454,0.42667554213241454,0.42667554213241454,0.4715767216694307
T000754,0.6086725705658855,0.6086725705658855,0.6085768912997837,0.5093426399578621,0.6086725705658855,0.6045880780676911,0.6086725705658855,0.6083707792804219
T000755,0.2812097018825411,0.33884588034240154,0.29379765544813274,0.27285426110821104,0.6235765273295298,0.3424469267703282,0.3344596684786792,0.5051220362199141
T000756,0.8442923425048742,0.7001536734568495,0.8121615870747709,0.5513454472599987,0.7001536734568495,0.5091462851495945,0.7001536734568495,0.9232926222479944
T000757,0.7611228301731698,0.6304555667983108,0.7556006161726474,0.6304555667983108,0.6304555667983108,0.546390299390164,0.6304555667983108,0.7907798460617308
T000758,0.6261963907740342,1.041613372090531,0.5165141947424435,0.6261963907740342,1.041613372090531,0.8992197159823158,0.970219326027693,0.832455658874913
T000759,0.36923959515360444,0.3485052924625137,0.4071134109491124,0.5176070788583844,0.3485052924625137,0.3485052924625137,0.5569570086130236,0.7553345349587002
T000760,1.6475087413345675,1.6475087413345675,1.572926241228245,0.873683917918161,1.6475087413345675,0.8266158137206101,1.6475087413345675,1.3927485242855155
T000761,0.6861723471184918,0.7698500401677358,0.7698500401677358,0.6667859751653671,0.7698500401677358,1.3272804818882822,0.6416546453538179,0.9076262174225851
T000762,0.537672250036666,0.7024174379463514,0.6827371538165653,0.5941286114107288,0.7024174379463514,0.7507768237953488,0.5941286114107288,0.8267285926453579
T000763,0.8105524446235128,0.8682205015767088,0.8569346151695183,0.8056764831763684,0.8682205015767088,0.8682205015767088,0.8682205015767088,0.891346739065962
T000764,0.6556058827349126,0.686414880238974,0.651310575247247,0.5038764459483052,0.686414880238974,0.686414880238974,0.686414880238974,0.5206975970295643
T000765,1.103876970933454,1.103876970933454,0.8120189919959866,1.11275522795383,1.103876970933454,1.103876970933454,1.1076702124655915,0.6470141439321431
T000766,0.6202151786366641,0.6226844178551537,0.6059865967624954,0.6226844178551537,0.6226844178551537,0.5962184361150243,0.6167295808892006,0.5781652211026989
T000767,0.4671717884508603,0.5348950021421028,0.46852352830998495,0.5390310848963586,0.5348950021421028,0.5894649356520766,0.5348950021421028,0.5277551784951818
T000768,0.7130437977520291,0.7407322035035636,0.8296302046068725,0.7669903187854439,0.7407322035035636,0.7407322035035636,0.6963556037189222,0.5828422015786227
T000769,0.5313562966182692,0.5258452056952986,0.5171191509413723,0.5258452056952986,0.5258452056952986,0.5258452056952986,0.5313562966182692,0.4807794164147751
T000770,1.5952724901521373,1.6557495029538658,1.6557495029538658,1.433740084992792,1.6557495029538658,1.6557495029538658,1.419195289573395,1.4152799171516823
T000771,0.43818739967736364,0.46685309729078445,0.4683708011928299,0.23062609311408175,0.46685309729078445,0.46685309729078445,0.42564383517459903,0.4850691053301371
T000772,0.2607461273044318,0.2607461273044318,0.20388713860382535,0.2607461273044318,0.2607461273044318,0.2607461273044318,0.2383064792878835,0.4809170747562271
T000773,1.0663694523335465,1.0679682679145306,0.8509055247440905,0.8633033123529896,1.0679682679145306,1.0679682679145306,1.0679682679145306,1.0663694523335465
T000774,0.5352298585061623,0.5411530890773409,0.7187748253998439,0.5074467597057883,0.5411530890773409,0.734754070108053,0.5411530890773409,1.369769795435277
T000775,0.7947390630642555,0.5616231483346735,0.5084824641601187,0.5616231483346735,0.6472370918143718,0.5669969399065242,0.5616231483346735,0.5476924705543774
T000776,0.3329942179689993,0.3329942179689993,0.34174080169218096,0.20515115890807248,0.3329942179689993,0.23311548134789514,0.34607568430612745,0.3174724827704117
T000777,0.7680872340534162,0.7680872340534162,0.762962215520972,0.7486327729983892,0.7680872340534162,0.7680872340534162,0.7680872340534162,0.9887995549265276
T000778,0.7616282865289812,0.8387480432930972,0.8213432614379447,0.973791210820014,0.8387480432930972,0.7322973222691039,0.7616282865289812,0.7364168681533263
T000779,0.4685921817686089,0.46563622563541696,0.4686339613181591,0.6207925030982655,0.46563622563541696,0.46563622563541696,0.6147681319037743,0.6842807359822618
T000780,0.08244663789130899,0.08554971335389333,0.05522530135166786,0.17520670402491428,0.08554971335389333,0.20106220988545623,0.13328534368732392,0.06013003515277449
T000781,0.9091747355964996,0.9091747355964996,0.848962320429612,0.8670807050550978,0.9091747355964996,1.1411414538118494,0.8670807050550978,0.6181351754801739
T000782,1.0987202945647758,1.0290902626863616,1.0386117029416073,1.0618164374167987,1.0290902626863616,1.5480409598811193,1.0760566406800738,1.182436292257061
T000783,0.9456465954733174,0.9456465954733174,0.9540697364052934,0.9403061642385325,0.9456465954733174,0.9456465954733174,0.9456465954733174,0.9686976803791902
T000784,1.2276785788307214,1.330342475828663,1.2276785788307214,1.3302893046067918,1.330342475828663,1.330342475828663,1.330342475828663,1.3534436714127283
T000785,0.7640022199695458,1.0402376273667338,0.8252723304614212,0.5781079292303178,1.0402376273667338,1.0402376273667338,0.7249333890709189,0.7948406946277815
T000786,0.46881693117789025,0.46881693117789025,0.46881693117789025,0.5537195667112335,0.46881693117789025,0.46881693117789025,0.5382756852806326,0.5604649008373347
T000787,0.8002519971130246,0.9285164266561027,1.09737311176876,1.1990948078826091,0.9285164266561027,0.9285164266561027,0.9208763554037979,0.9754168605756885
T000788,1.0934857408375391,1.2391444543145822,1.1352220098821533,1.1588976852304254,1.2391444543145822,1.2391444543145822,1.2391444543145822,1.4962293934032218
T000789,1.2042137990844173,1.301508054602594,1.191767154758452,1.3279332569696063,1.301508054602594,1.226070824840729,1.2253532417412574,1.8145171627101806
T000790,1.6499598552709964,1.8344800611143215,1.6499598552709964,1.7230524112419,1.8344800611143215,1.8344800611143215,1.8125365899197003,1.7666314636992304
T000791,1.5675319071141336,1.6671602583860536,1.5675319071141336,1.632434733176206,1.6684894978282032,1.6671602583860536,1.6822709367144746,1.6691982677377835
T000792,0.2611885392137869,0.2448267498252868,0.26795567715581764,0.2428145715083841,0.2448267498252868,0.2407982931363083,0.2448267498252868,0.2448267498252868
T000793,1.6996659706718744,1.6996659706718744,1.7740646818351222,1.6996659706718744,1.6996659706718744,2.2581945668890033,1.6996659706718744,1.8328915304824507
T000794,0.3667393571533125,0.35635623943152145,0.387871904268969,0.4048116722790995,0.35635623943152145,0.35635623943152145,0.3667393571533125,0.4048116722790995
T000795,0.7125761001564831,0.7784235818207971,0.6916745805161783,0.772659106423801,0.7784235818207971,0.6882047198032778,0.7784235818207971,0.6836754316313772
T000796,1.1012617818171309,1.1070230224436777,1.238168175304869,1.1012617818171309,1.1070230224436777,1.1070230224436777,1.1012617818171309,0.9387735257031583
T000797,0.7818352796581186,0.7257348923687444,0.6984378398863202,0.6984378398863202,0.7257348923687444,0.7257348923687444,0.7818352796581186,0.7954361405285465
T000798,1.329045665602073,1.3272744567131984,1.329045665602073,1.3031907527980555,1.3272744567131984,1.4271599844198652,1.329045665602073,1.5557877133619704
T000799,0.710832692975938,0.7675092522891168,0.7906723220239305,0.5613806078840726,0.7675092522891168,0.6491478337542366,0.710832692975938,0.5146542245923773
T000800,0.7598581143490561,0.7276104240122009,0.7760419866720195,0.799774577671793,0.7276104240122009,0.7276104240122009,0.7276104240122009,0.8684486587784082
T000801,0.7355318805712929,0.7727368137997757,0.9829881055371273,0.7355318805712929,0.7727368137997757,0.7890552275724416,0.7301902689077155,0.8207085961222269
T000802,2.0304708429098204,1.7564307709423463,1.0153210825370442,1.784722230965418,1.7564307709423463,1.7564307709423463,1.7564307709423463,1.818087335518971
T000803,1.0985849402202124,1.0985849402202124,1.1850780834196541,1.2452897717321385,1.0985849402202124,1.2357273917911071,1.2452897717321385,1.0323411436067493
T000804,1.0071222658634116,1.0661864155055225,1.217361969958435,1.2455847702866703,1.0661864155055225,0.9722090855152953,1.0661864155055225,1.1769590319474978
T000805,3.3044593219030896,2.8649091687832624,3.1093433430205906,2.916105645203806,2.8649091687832624,3.9731334625558206,3.3044593219030896,3.879827791628634
T000806,0.9098072811018821,0.8811562996862635,0.8861806775007601,0.8976943102442169,0.8811562996862635,0.9028660389400749,0.9098072811018821,0.9993071636946719
T000807,0.6502343810287547,0.6495023372799522,0.6806837833959141,0.7467148571376546,0.6495023372799522,0.6939097410815346,0.5441903898727847,0.631219242457237
T000808,0.09896771458369677,0.16124520733614955,0.26946975913817434,0.16124520733614955,0.16124520733614955,0.32744342371472357,0.18647787482912048,0.2940947253380767
T000809,0.29792385607187033,0.14563385761947745,0.3820761226749706,0.31519191318652773,0.14563385761947745,0.47144378427514794,0.6038474977170324,0.49389897837548136
T000810,0.5230295157499842,0.4906524445411587,0.47349610493903255,0.5107350861093796,0.4906524445411587,0.5901434955569906,0.5220895729098575,0.5706649215232062
T000811,0.8942855107132257,1.0784101978452738,1.171427950120594,0.5671647371569353,1.0784101978452738,0.7432806494421992,0.5671647371569353,1.0986041174901984
T000812,0.26234233300836135,0.2281844126004875,0.29756346291314023,0.31003027369736075,0.2281844126004875,0.31168702544187454,0.31003027369736075,0.2263198888668002
T000813,1.354388437973142,1.390457766076213,1.354388437973142,1.3985337763430565,1.390457766076213,1.390457766076213,1.354388437973142,1.6853840561108113
T000814,0.11767762170299885,0.21622222260106072,0.22119487845083513,0.12218255362444772,0.21622222260106072,0.4690850934052647,0.2310421942011756,0.6142502638314562
T000815,0.051327129112881814,0.051327129112881814,0.26214751963853616,0.08281838607343486,0.051327129112881814,0.051327129112881814,0.051327129112881814,0.051664490188701714
T000816,0.16964052293781576,0.05051299288366674,0.23341499337428798,0.23341499337428798,0.05051299288366674,0.05051299288366674,0.23341499337428798,0.09811227024340423
T000817,0.05067386463463141,0.152896662477339,0.1976024368816623,0.044916807502796884,0.152896662477339,0.15106315773244158,0.21616808602533327,0.30063631892684733
T000818,0.4356826524509871,0.45634856697348036,0.42498986171427117,0.42498986171427117,0.45119004795604,0.45119004795604,0.46946117944904325,0.4356826524509871
T000819,0.3565484834651034,0.33560175666140407,0.28624069987727463,0.35310681327417137,0.33560175666140407,0.5581744904262724,0.33560175666140407,0.4502997818610906
T000820,0.5090047851967588,0.5698583528742187,0.5249147401631422,0.5937471005598055,0.5698583528742187,0.5698583528742187,0.5698583528742187,1.1106416154314063
T000821,0.32168752805997775,0.3385378307960298,0.30095412713075376,0.3374097067924407,4.6812798102025965,0.24796181208224477,0.3387702415934661,0.1482043216303276
T000822,0.3299791120520468,0.31712575264485954,0.40221167747889996,0.31712575264485954,0.31712575264485954,0.3825895015733056,0.31712575264485954,0.27850314537479687
T000823,0.563068534712284,0.6870043910976075,0.563068534712284,0.4441995257565245,0.6870043910976075,0.6870043910976075,0.6870043910976075,0.6058972092125892
T000824,0.3495905488733194,0.3362813260670809,0.3306892487855366,0.28966953862989286,0.3362813260670809,0.3362813260670809,0.30583150746301957,0.5591273169754131
T000825,0.5213255413130189,0.7085881367749945,0.6152321134201756,0.618898568867906,0.7085881367749945,0.7085881367749945,0.618898568867906,1.0572752432295236
T000826,0.4028361661274407,0.39554496750282425,0.23566595919580838,0.24050267087750013,0.39554496750282425,0.23993050423664058,0.2352696780193335,0.3620472840849662
T000827,0.36714663579641105,0.45935361325429147,0.29970145162062234,0.45935361325429147,0.45935361325429147,0.19188165634895507,0.2765670073137747,0.3057069247561375
T000828,0.3800169313803204,0.1223570919785116,0.3901407123186888,0.11109511377867082,0.1223570919785116,0.1223570919785116,0.11997414072967252,0.11997414072967252
T000829,0.5560794650253568,0.5560794650253568,0.5510611851644591,0.5140802590886884,0.5560794650253568,0.6226920912430993,0.5560794650253568,0.6873618955401594
T000830,0.13317301522930064,0.13317301522930064,0.3067565568976505,0.18051560887216272,0.13317301522930064,0.17404645422108225,0.19435441030671405,0.35478024473544884
T000831,0.2904267856697519,0.2872189680528878,0.2904267856697519,0.2904267856697519,0.2872189680528878,0.5536008192900456,0.31394123934531726,0.39801251682929095
T000832,0.10664923291165591,0.10652176445269163,0.1304720776451316,0.1308173955979546,0.10652176445269163,0.09493011954944505,0.1287326538666011,0.1283523843147774
T000833,0.33004744910692996,0.33004744910692996,0.2995609522987241,0.6071807753123883,0.33004744910692996,0.33004744910692996,0.2841143481762742,0.3515638593458419
T000834,0.2514929978493723,0.2420525618974544,0.24270427012417253,0.20864363661722707,0.2420525618974544,0.2420525618974544,0.20864363661722707,0.21079270661375485
T000835,0.2505713697744566,0.25195930184609283,0.22945460677818288,0.2455501341627309,0.25195930184609283,0.25195930184609283,0.2455501341627309,0.21155487890250654
T000836,0.34632947568637346,0.45033785562158113,0.359759687468491,0.5695081925550904,0.45033785562158113,0.45033785562158113,0.3414225532765255,0.3009344645272347
T000837,0.7235940455321758,0.7527291007245573,0.7029153791495083,0.7558322768505733,0.7527291007245573,0.6790072846687563,0.624775820797809,0.796259925132898
T000838,1.0342833617916791,0.9128756643441546,0.9601579111065089,0.8733327067553837,0.8682721016844103,0.8826874856858571,0.8867252437162164,0.9408180571097754
T000839,1.080265412994697,1.0299590230235254,1.1511943590770959,1.0299590230235254,1.0389762165300083,1.2060466740972375,1.1444697624988298,1.1185474740492094
T000840,0.2522061679610705,0.5404881221538284,0.20082844736648187,0.5404881221538284,0.5404881221538284,0.5692736952791301,0.32311567887773734,0.7217143855913334
T000841,0.6419128129169647,0.6453953769805431,0.651910255695743,0.5546681987708136,0.6453953769805431,0.6453953769805431,0.5873898571376402,0.2704031465093412
T000842,1.0927460133058688,1.1754511269702093,1.2133244080326513,1.2133244080326513,1.1754511269702093,1.1754511269702093,1.2131876717848507,0.7273542088292241
T000843,0.21982869105466143,0.23467872746955407,0.22441392857677767,0.22441392857677767,0.23467872746955407,0.23467872746955407,0.22511188641716798,0.2481753761073269
T000844,0.459941885982377,0.4657814883099398,0.459941885982377,0.466003059106311,0.4657814883099398,0.4657814883099398,0.4657814883099398,0.3087529257035213
T000845,0.7069711629177343,0.7069711629177343,0.7069711629177343,0.9062745628339689,0.7069711629177343,0.7069711629177343,0.6428813456401561,0.9978125336819548
T000846,0.459157619624205,0.459157619624205,0.5273801626204221,0.5923781605092886,0.459157619624205,0.459157619624205,0.4642164123180153,0.2872550704291211
T000847,0.6328905066833669,0.4745116985409046,0.5274390056136296,0.4942532057045926,0.4745116985409046,0.4745116985409046,0.6747342675964219,0.41970698303301174
T000848,1.194412856408592,1.1457235129984864,1.1777739192900085,0.871647913507239,1.1457235129984864,1.1457235129984864,1.227128352706114,0.8296609484249738
T000849,1.8304978511503704,1.8304978511503704,1.9310276590464035,1.8765690154853483,1.8304978511503704,1.8304978511503704,1.904545588636721,1.127695590034847
T000850,0.14263270137126552,0.14263270137126552,0.3005775352345909,0.5915687670057568,0.14263270137126552,0.14263270137126552,0.2500348859564737,0.721649185969122
T000851,1.1870636413362226,1.0953032776744838,1.1537623093533236,1.1695696627721046,1.0953032776744838,1.0953032776744838,1.0953862653082274,0.7899331309418187
T000852,1.2535377107484558,1.243750879769824,1.3425081067159275,1.243750879769824,1.243750879769824,1.24328223122017,1.243750879769824,1.322552920582721
T000853,0.4627034058382632,0.16645469694972168,0.47317144532667177,0.22898824294983833,0.16645469694972168,1.6358609657876835,0.16645469694972168,0.05126517705874597
T000854,0.35329863524394056,0.4872968501729217,0.38784721211980966,0.5238014382762984,0.4872968501729217,0.38846324172849855,0.30746998487998967,0.3771851714545413
T000855,1.0597607763291643,1.9359873122148672,1.6067148898117858,2.0576586335840603,1.6775837279892511,1.2419321389230586,1.0588814330237777,1.9561334893727838
T000856,0.2132441518653501,0.2132441518653501,0.21418856198345468,0.1937071607858024,0.2132441518653501,0.2132441518653501,0.1937071607858024,0.43695316613238316
T000857,0.4521383512090391,0.4544267143366828,0.4521383512090391,0.5217515846854851,0.4544267143366828,0.4544267143366828,0.49502395162759855,0.367866949239316
T000858,0.20989717839570665,0.18950289222392533,0.20989717839570665,0.19105609269817128,0.18950289222392533,0.31981355788501226,0.18950289222392533,0.26941007510260545
T000859,0.3867793650406276,0.3863984400220849,0.3803982252633598,0.3563233375208894,0.3863984400220849,0.3863984400220849,0.3466381033691312,0.36751705181099986
T000860,0.4310820049028192,0.4310820049028192,0.4310820049028192,0.4539588170368591,0.4310820049028192,0.4310820049028192,0.870943739937883,0.30521225369197547
T000861,0.37173691982862317,0.3513588946120438,0.34882342229138885,0.27459902215629844,0.3513588946120438,0.3513588946120438,0.3447060883649927,0.7905099429021462
T000862,0.5201806353305861,0.3522764877021903,0.506277874165284,0.3522764877021903,0.3522764877021903,0.3522764877021903,0.35589145202832284,0.3485895558706311
T000863,0.27659806488854466,0.15574196166128723,0.26298319985355806,0.1615881336438705,0.15574196166128723,0.15574196166128723,0.1568383128153014,0.16069613821138212
T000864,0.4827959259887622,0.47078069361324854,0.4827959259887622,0.4827959259887622,0.47078069361324854,0.5653186971236392,0.47196445102790024,0.5855571776447847
T000865,0.4694658271462969,0.5605016692476272,0.5086657049510076,0.5759679084154974,0.5605016692476272,0.56515584879084,0.5605016692476272,0.5605016692476272
T000866,0.2913952512110172,0.18108133827016434,0.4213250956645601,0.2033106246858222,0.19517764773393484,0.17792018828018,0.19067976864546335,0.17756760862959584
T000867,0.2695369646116584,0.20649789599501325,0.20263271959326795,0.37553132735871286,0.20263271959326795,0.44599363558034594,0.20649789599501325,0.3907683915928869
T000868,0.6000676140149819,0.6000676140149819,0.6106215068673858,0.8584270594494486,0.6000676140149819,0.6000676140149819,0.6106215068673858,0.8114057438782707
T000869,0.5597056772667469,0.5774588124955335,0.5252313158003761,0.6072896877455048,0.5774588124955335,0.5646930100879732,0.6072896877455048,0.5464178847001036
T000870,0.5575632719610556,0.5469100415086582,0.7209699448572651,0.5446110257692807,0.5469100415086582,0.5469100415086582,0.5469100415086582,0.5846945582316121
T000871,0.49779975058777565,0.5560588531797965,0.49779975058777565,0.5589652152640064,0.5560588531797965,0.5560588531797965,0.5560588531797965,0.4482623989889131
T000872,0.5712876487704989,0.5811258359490532,0.5555088203224489,0.5373789646775777,0.5811258359490532,0.5373789646775777,0.5811258359490532,0.5712876487704989
T000873,0.25527040700935344,0.2644557689115036,0.28126014109011654,0.27736939061770316,0.2644557689115036,0.2644557689115036,0.24529801036855156,0.28050188638878354
T000874,0.4181369390089653,0.3673265629241682,0.4585899316732317,0.45282045453315417,0.3673265629241682,0.3673265629241682,0.3643174422654332,0.3971288446987525
T000875,0.5329241158609209,0.7979071291559758,0.489861281861997,0.8045262575207878,0.7979071291559758,0.5915726251941933,0.6798397609867188,0.7514185215621022
T000876,0.5577233204320642,0.33611097452190764,0.5577233204320642,0.4821450114540141,0.33611097452190764,0.33611097452190764,0.5961146766843334,0.842653584700223
T000877,0.8421473635741104,0.9346368859289735,0.8154525852102114,0.9346368859289735,0.9371493033491302,0.8805217705193444,0.8650091176337904,0.7806237249843672
T000878,0.32090303642548834,0.3667536746827793,0.7668751026928421,0.3514275705326683,0.3667536746827793,0.3523678917714616,0.3667536746827793,0.3667536746827793
T000879,0.2104387350696512,0.21227969678629519,0.4210470674994455,0.21227969678629519,0.21227969678629519,0.32062366070899523,0.21227969678629519,0.41109724237359685
T000880,0.8217509894296706,0.855290010328401,0.811602310683581,0.8287967545947817,0.855290010328401,0.8170497594613111,0.820237564723565,0.8640494786479902
T000881,0.44570315189074233,0.5256506077950797,0.44570315189074233,0.6263575579593408,0.5256506077950797,0.5256506077950797,0.563018516929951,0.7421548117154811
T000882,0.32161551847611974,0.32161551847611974,0.15848588763199897,0.1538063336555654,0.32161551847611974,0.9466209009322968,0.8432340875509428,0.7762989818282561
T000883,0.8999863458290093,0.8438740448525851,0.954960403334326,0.9284187928096308,0.8438740448525851,0.8438740448525851,0.9284187928096308,0.7773952954675847
T000884,1.2240977804791762,1.1358038597606885,1.2879793631599228,1.1318908819781652,1.1358038597606885,1.2459288600003438,1.1360329468594785,1.1847308622220054
T000885,0.45254027153403176,0.4154921708201786,0.4410152810666926,0.4090563561837365,0.4154921708201786,0.4766807582377883,0.4548975081867502,0.42190187695835707
T000886,0.1641676490348568,0.16237354529492537,0.18460433424975853,0.1688205759106165,0.16237354529492537,0.16237354529492537,0.1729268861756666,0.08555624209027786
T000887,0.5403109313294137,0.4575744083733319,0.530738692745321,0.5759346602489,0.4575744083733319,0.4575744083733319,0.4575744083733319,0.20377092155676546
T000888,2.576507121620569,2.296668133412738,2.3231073417409562,2.3286920804908204,2.296668133412738,2.4459542450794056,2.296668133412738,2.3637420872058326
T000889,0.35113664150017315,0.15793318955739524,0.31764440042154746,0.15793318955739524,0.12904311064221033,0.15793318955739524,0.15870979737680058,0.2535138485047293
T000890,0.5264685813434835,0.4096142010549588,0.4963560222042424,0.4096142010549588,0.4096142010549588,0.4096142010549588,0.4096142010549588,0.42902494331065766
T000891,0.7096544334440583,0.7442864421570798,0.7649618295903059,0.713229414459062,0.7442864421570798,1.367042388141841,0.7442864421570798,1.1939730167054856
T000892,0.18252103816335724,0.17880128199826265,0.18252103816335724,0.19257732494034124,0.17880128199826265,0.17880128199826265,0.14991785452363895,0.1299482798709817
T000893,0.2509761941356268,0.33175797846649113,0.3001734734715812,0.2642138802283526,0.33175797846649113,0.9189077283525033,0.3001734734715812,0.5690957774556837
T000894,0.5483365094007334,0.5957278334808234,0.4709377646019241,0.5957278334808234,0.5957278334808234,0.5957278334808234,0.5957278334808234,0.5999864649521449
T000895,0.1496452400991165,0.1487391801371923,0.1487391801371923,0.14271886877211468,0.1487391801371923,0.1487391801371923,0.1646383446829909,0.5230332221810547
T000896,0.26090345153898703,0.47973739149261513,0.31993927690636964,0.44609299424270066,0.47973739149261513,0.47973739149261513,0.47973739149261513,0.4420821446361455
T000897,0.3062863680315423,0.34417230045689473,0.33981980017772606,0.34417230045689473,0.34417230045689473,0.34417230045689473,0.34417230045689473,0.23706938564613977
T000898,0.19182073141649225,0.22251322327881246,0.19660895712162252,0.18948374323268483,1.3884795518748896,0.5522291443553919,0.20089076148370844,0.21834370274268475
T000899,0.4037973429418571,0.3785552257931032,0.4041184819648319,0.4056314511139505,0.3785552257931032,0.3785552257931032,0.3792632518472639,0.629326242010446
T000900,0.6689034163741123,0.6129874406286728,0.5744736500734597,0.596188016049451,0.6129874406286728,0.6129874406286728,0.6056160179599961,0.7880182072596077
T000901,0.4447104362081343,0.16443571602693885,0.4406629082953682,0.4397596924402296,0.16443571602693885,0.17151829350677275,0.5251908558434245,0.1589206804529152
T000902,0.2869261295439735,0.2971144081225064,0.295154430860765,0.295154430860765,0.2971144081225064,0.3240959415844214,0.3082512317584777,0.812462255717303
T000903,0.9651513376938478,0.9765752083922177,0.9313740293796157,1.045140235659587,0.9765752083922177,0.9765752083922177,0.9158005954247376,1.4787398862296552
T000904,0.25426597964694203,0.24948400503201845,0.1605022653990488,0.20239787837678894,0.24948400503201845,0.24948400503201845,0.2212066431351974,0.40323798738919475
T000905,0.2500777028518672,0.36751175835571925,0.24713956665219475,0.22537951634686162,0.36751175835571925,0.36751175835571925,0.3188434592362235,0.4339101570046385
T000906,0.3974369647765844,0.27211053113969874,0.49922610584893384,0.46906336881172106,0.27211053113969874,0.1894009467692214,0.46906336881172106,0.19453505382059533
T000907,0.3066401887791184,0.3323497860736667,0.31669566895000967,0.320689797836829,0.3323497860736667,0.3323497860736667,0.32023820736796166,0.39729995479963304
T000908,0.5150296233886201,0.5472380883396706,0.5251965838642719,0.5112206560413172,0.5472380883396706,0.5472380883396706,0.5472380883396706,0.682620060429332
T000909,0.5319975072170989,0.5213135956670669,0.5372902583473502,0.5213135956670669,0.5213135956670669,0.5213135956670669,0.5372902583473502,0.9345205235250537
T000910,0.2754028716284398,0.3120699633889572,0.2754028716284398,0.26484536968022593,0.3120699633889572,0.3120699633889572,0.26484536968022593,0.3225913484548884
T000911,0.1653110134951642,0.1653110134951642,0.10565990653987326,0.16530019375587685,0.1653110134951642,0.41119059188038715,0.1653110134951642,0.18887235159250737
T000912,0.11361535417781317,0.11476772330424483,0.08745434774798848,0.12372120230249035,0.11476772330424483,0.11476772330424483,0.12372120230249035,0.08054422311194165
T000913,0.18905091635704133,0.18905091635704133,0.16608801288701266,0.19516680539799733,0.18905091635704133,0.18905091635704133,0.19516680539799733,0.29921462914973235
T000914,0.3393335981627601,0.2026818535393629,0.3490323685429454,0.2222455838628873,0.2026818535393629,0.21057473546412783,0.19747806926169761,0.20199072311418426
T000915,0.2577374986792813,0.19159436515579845,0.17594453483047232,0.1992425825454764,0.19159436515579845,0.19159436515579845,0.18233440380271781,0.2104641958839684
T000916,0.3545882859610892,0.6038693820883809,0.40399063665100915,0.36306984985048946,0.6038693820883809,0.7219334626426218,0.3539358844600199,0.7080654560557772
T000917,0.1459292498045052,0.13274138368257615,0.12946918600613513,0.14243412284269605,0.13274138368257615,0.09927198957961182,0.13274138368257615,0.08448030899669354
T000918,0.1023331555760681,0.08155611658676899,0.12870572262595004,0.08963947518125688,0.08155611658676899,0.08155611658676899,0.1023331555760681,0.1299317357545848
T000919,0.08627068224219807,0.3409908917705842,0.09266304443342555,0.08404882935131869,0.3409908917705842,0.5303529058249731,0.08753420938245235,0.2629252390767569
T000920,0.1981441232475749,0.23141068640495718,0.21450732547507304,0.16222854868561284,0.23141068640495718,0.2799445180710724,0.1682269298988931,0.36684259378858136
T000921,0.15627535192383138,0.16344889900256215,0.16344889900256215,0.25407030590980817,0.16344889900256215,0.16344889900256215,0.25407030590980817,0.20063780485755545
T000922,0.440936958403154,0.440936958403154,0.25903335303335817,0.15925810175752525,0.440936958403154,0.440936958403154,0.4220718529474149,0.5888771788638523
T000923,0.393895545880504,0.5790391730869434,0.37536554699965924,0.3869028913418716,31.302437135805707,0.6257451126519543,0.37536554699965924,0.38412448258749055
T000924,0.15137393360490745,0.3776141141502523,0.17958034148283544,0.22778456920775014,0.3776141141502523,0.3354182061724448,0.19413950798798227,0.3776141141502523
T000925,0.38487528665259374,0.3663271358748,0.39838754322261566,0.38984647554603,0.3663271358748,0.45099177856792816,0.40440978826032825,0.609689672566123
T000926,0.5995952661896528,0.6735067209035229,0.6972678521182297,0.6735067209035229,0.6735067209035229,0.7703002049315536,0.7614984214262772,0.6458435474498846
T000927,1.1418623945050035,1.1374336607179094,1.1975048227535598,1.1374336607179094,1.1374336607179094,1.3486659558046716,1.1577124896145443,1.1826641576307446
T000928,0.4305058589628159,0.40616633296546706,0.37863657091545283,0.35485403497053497,0.40616633296546706,0.40616633296546706,0.3240008752346546,0.34958367447518063
T000929,0.29268515888897595,0.30863849197400306,0.29649084696609457,0.29268515888897595,0.30863849197400306,0.30863849197400306,0.30752479973085833,0.44481974280897296
T000930,0.6746932985512042,1.0539726512909322,0.6808958488168271,0.6884815011128966,0.5563689675093935,0.5563689675093935,0.6774965398709664,0.7081726494604
T000931,0.9338498481617548,0.9338498481617548,0.9990647692828311,1.5057875543389068,0.9338498481617548,0.9338498481617548,1.5057875543389068,1.068054305355251
T000932,1.2100969113184923,1.3592011224457088,1.137675222898797,1.0247461578773456,39.299785244769915,1.3592011224457088,1.3698618724198457,1.7362234873018558
T000933,0.9528447510734896,0.7810681330088424,0.7789365325116246,0.7281992383054902,0.7810681330088424,0.7810681330088424,0.7810681330088424,1.0044949585833551
T000934,0.8190476819423338,0.8190476819423338,0.8190476819423338,0.9018193268394221,0.8190476819423338,0.8190476819423338,1.210675481089908,1.6435143653838058
T000935,0.27203539164555457,0.32992440372332726,0.2746840271108412,0.32908693508109516,0.32992440372332726,0.32347829586012944,0.33045041298846994,0.3298493201736949
T000936,0.3117233437201392,0.3149938923969831,0.35683921667301877,0.3149938923969831,0.3149938923969831,0.36752485974019816,0.3589221915041527,0.2345593518002848
T000937,0.7124652968531571,0.7076762677324646,0.7103382702861802,0.8334956535264274,0.6859188040427571,0.7076762677324646,0.8334956535264274,0.846361449591186
T000938,2.161793040226949,2.140496705843028,2.1144842195938236,2.1378020762130454,2.140496705843028,2.146063287295573,2.1378020762130454,2.052995388616061
T000939,0.6434425915071104,0.6434425915071104,0.6656715162149074,0.7773548874412404,0.6434425915071104,0.3782930073951524,0.794773667318366,0.5201647583382938
T000940,0.27733997733726545,0.31184900837461843,0.2984767329151293,0.2714724088677635,0.31184900837461843,0.23929559801337866,0.2608906851319265,0.27386535490095065
T000941,0.4986588373926396,0.5301096676934587,0.5151570183879332,0.5197328053327858,0.5301096676934587,0.454559910512007,0.5301096676934587,0.37804593618144
T000942,0.9843440897081096,0.8662147678598521,1.0785388239686742,0.8662147678598521,0.8662147678598521,0.8662147678598521,0.8662147678598521,0.49868067338293937
T000943,0.34981106147981095,0.37726352813065445,0.36878839529157253,0.3699077842188423,0.37726352813065445,0.3699077842188423,0.3371506802178598,0.36014807556976386
T000944,0.4037973429418571,0.3785552257931032,0.4041184819648319,0.4056314511139505,0.3785552257931032,0.3785552257931032,0.3792632518472639,0.629326242010446
T000945,0.6689034163741123,0.6129874406286728,0.5744736500734597,0.596188016049451,0.6129874406286728,0.6129874406286728,0.6056160179599961,0.7880182072596077
T000946,0.9669988900752545,1.305055397301119,0.8343009453381307,1.305055397301119,1.305055397301119,1.1131179576203432,1.305055397301119,1.3003762993940866
T000947,0.4794180523262385,0.3008194998057518,0.5022694829209271,0.3164725662503306,0.3008194998057518,0.3008194998057518,0.4003700295989204,0.27154657152716155
T000948,0.4461886443652815,0.24737841648539827,0.5040657201999303,0.279472496287486,0.24737841648539827,0.24737841648539827,0.23899842648078515,0.3729817867252181
T000949,0.6008853676873123,0.9366925604674304,0.49642970191810737,0.3812988257421399,0.9366925604674304,0.9366925604674304,0.6010190089994685,0.9539141513254241
T000950,0.9806107638657728,1.0049044782117142,0.9825399927210753,0.9806107638657728,1.0049044782117142,1.0049044782117142,0.9806107638657728,0.8244777098468237
T000951,1.3439271248452511,1.3971277163954696,1.4082927264726968,1.4843095553858947,1.3971277163954696,1.3971277163954696,1.5405608387134675,1.9887100864040066
T000952,0.7504317071090545,0.7551348820048955,0.7416671507584262,0.7551348820048955,0.7551348820048955,0.8107896242401399,0.7551348820048955,0.806228380512747
T000953,1.2255799739054267,0.9558175162547932,0.8470795835184428,1.867932569614595,0.9558175162547932,1.0172850363789727,0.9558175162547932,0.9558175162547932
T000954,0.21927218547480862,0.2536178974001749,0.2512161947815134,0.21827208055045763,0.2536178974001749,0.2536178974001749,0.21827208055045763,0.4760133067014533
T000955,0.4447104362081343,0.16443571602693885,0.4406629082953682,0.4397596924402296,0.16443571602693885,0.17151829350677275,0.5251908558434245,0.1589206804529152
T000956,0.6117062887003072,0.6269963853901644,0.6054329925955214,0.6106778355990723,0.6269963853901644,1.0103212612866779,0.6054329925955214,1.0873231008206632
T000957,1.7661852197305274,1.5310452534891565,1.7914914549495276,1.5310452534891565,1.5310452534891565,1.5310452534891565,1.5310452534891565,1.5017475069220785
T000958,0.5856282643041912,0.6123253895087267,0.6023357089552471,0.3092953190786603,0.6123253895087267,0.6123253895087267,0.6123253895087267,0.3036612712713877
T000959,0.48996209889582437,0.3905917793995342,0.2806821203206507,0.4356543516420113,0.3905917793995342,0.3905917793995342,0.43355707755346923,0.29994840993037897
T000960,0.4995371172911693,0.4773184212338531,0.4536042317934287,0.5186587809068179,0.4773184212338531,0.4773184212338531,0.5633722122203727,0.30105100334833607
T000961,0.9032951722748931,0.9032951722748931,1.0648652378915062,0.9802673042577376,0.9032951722748931,0.9032951722748931,0.9032951722748931,0.9357750711880788
T000962,0.5656877844795641,0.6129071582080824,0.5332318510179354,0.5029725196503869,0.6129071582080824,0.6129071582080824,0.49845636385535813,0.4268179161172575
T000963,0.716896939091537,0.7434392173892402,0.3888939026235542,0.36149048795692207,0.7434392173892402,0.7434392173892402,0.6165230262753328,0.31698489767145077
T000964,0.3174559720976245,0.32657347753071014,0.31950875338280976,0.3441659956835894,0.32657347753071014,0.32657347753071014,0.34016345694263134,0.33654500776200585
T000965,0.9635397432950265,0.8673142220632994,0.7825040397933364,0.9412264442475375,0.8673142220632994,0.8673142220632994,0.9635397432950265,1.0463396902531592
T000966,0.8974358200579148,0.9731253355201704,0.8776820735944217,0.9743703947608512,0.9731253355201704,0.963264071144468,0.9743703947608512,0.9743703947608512
T000967,0.40452630749317803,0.44111972973165353,0.3797148076309104,0.4062832733868244,0.44111972973165353,0.44111972973165353,0.4644460195107865,0.8745235674648177
T000968,0.4371059078185896,0.5135244032995346,0.5135244032995346,0.4773808039916471,0.5135244032995346,0.5135244032995346,0.6136671501101143,0.5251898851614503
T000969,0.42845272514081534,0.44200997074971193,0.4205480430324017,0.42845272514081534,0.44200997074971193,0.44200997074971193,0.44200997074971193,0.9319061630825367
T000970,0.5914225360842957,0.5843010127266376,0.5111780635151113,0.5286978849185747,0.5843010127266376,0.9050340991764835,0.5236590567717236,0.5792737167687758
T000971,0.5832810544235824,0.913506402405269,0.8591490246164024,0.9163264634135609,0.913506402405269,0.913506402405269,0.9163264634135609,1.3501330076373466
T000972,0.8032419608664533,0.7960446698240162,0.7950648156809105,0.6259381860151776,0.7960446698240162,0.7960446698240162,0.7960446698240162,0.4135667762289937
T000973,0.05315549659027542,0.05315549659027542,0.07372572940870571,0.05770414290304972,0.05315549659027542,0.06321758841166354,0.05597402702951369,0.29335129004666083
T000974,0.05388160748692852,0.2938673496571928,0.20330762418995427,0.26874128173894857,0.2938673496571928,0.25213790508684136,0.2938673496571928,0.33721239772010886
T000975,0.36895425274020877,0.37290483908528194,0.3848855226806231,0.5897966636770345,0.37290483908528194,0.40663495902147107,0.38193584862609015,0.32705993904638914
T000976,0.11361535417781317,0.11476772330424483,0.08745434774798848,0.12372120230249035,0.11476772330424483,0.11476772330424483,0.12372120230249035,0.08054422311194165
T000977,0.18905091635704133,0.18905091635704133,0.16608801288701266,0.19516680539799733,0.18905091635704133,0.18905091635704133,0.19516680539799733,0.29921462914973235
T000978,0.7677520753182063,0.9074657054854006,0.7677520753182063,0.8279619058960555,0.9074657054854006,0.9074657054854006,0.8147688919355892,0.49586691151687073
T000979,0.15786342465494801,0.07655824334290767,0.11097685841146229,0.07655824334290767,0.07655824334290767,0.06727845687248278,0.1355265195485329,0.06559986394094634
T000980,0.2452346081327787,0.33386021410874867,0.24476291206759213,0.33386021410874867,0.28468198404439815,0.32267991362304765,0.17164644566719406,0.30231195486846063
T000981,0.5524221884269637,0.34026421383829875,0.4845338640672024,0.26681133732911516,0.34026421383829875,0.34026421383829875,0.26099216041624035,0.2090237696348804
T000982,0.40974619438188836,0.45643667114197517,0.40974619438188836,0.28043228806248865,0.4497830935833974,0.4497830935833974,0.38135776286331163,0.35322434550838533
T000983,0.516127521505979,0.516127521505979,0.4627692974555964,0.5052261818284458,0.516127521505979,0.516127521505979,0.5455376443854009,0.3255624213559616
T000984,0.17943724515421564,0.17943724515421564,0.17860387905841363,0.18811811433207096,0.17943724515421564,0.17943724515421564,0.14510135783954822,0.2878129080343882
T000985,0.38399791552027485,0.7041645751769043,0.3342175557922717,0.3345845086126068,0.7041645751769043,0.7041645751769043,0.3342175557922717,0.8218922935895998
T000986,0.4460967883725088,0.4460967883725088,0.4460967883725088,0.5131527511173015,0.4460967883725088,0.4460967883725088,0.44487449880872265,0.2884860046234423
T000987,0.39103802351699546,0.39103802351699546,0.39103802351699546,0.3532083514245553,0.39103802351699546,0.39103802351699546,0.35758908578295134,0.4058173096228343
T000988,0.24881155356593807,0.24881155356593807,0.11472216695839556,0.22294768247293495,0.24881155356593807,0.24881155356593807,0.18487313334545713,0.3994201109261591
T000989,0.38703443693850564,0.3168594188554958,0.4411764901921722,0.36788349195186393,0.3168594188554958,0.3168594188554958,0.3168594188554958,0.3168594188554958
T000990,0.3393335981627601,0.2026818535393629,0.3490323685429454,0.2222455838628873,0.2026818535393629,0.21057473546412783,0.19747806926169761,0.20199072311418426
T000991,0.4086902741633015,0.4086902741633015,0.4289862634254403,0.40781197674182684,0.4086902741633015,0.3663312803546168,0.4247777309242151,0.22994017476853515
T000992,0.8416273423346067,0.6818699530805793,0.6989532619127834,0.5711263957907461,0.6818699530805793,0.6818699530805793,0.8577412433092534,0.5701141392965292
T000993,0.27196210233837037,0.2766759627433891,0.2766759627433891,0.27932380599593726,0.2766759627433891,0.35975900356090695,0.2766759627433891,0.3794369338329394
T000994,0.23276537796307595,0.2022600218288774,0.24961166606131127,0.184573573899392,0.254430944585799,0.18323312637690858,0.14413784980431893,0.20337443398838892
T000995,0.42399016503413306,0.4892747943824511,0.5450793373816724,0.4681749244617121,0.4892747943824511,0.4892747943824511,0.5146990871561407,0.22336702450385465
T000996,0.6298610002838808,0.6221734237421009,0.6081784739468801,0.6689971757356755,0.6221734237421009,0.6221734237421009,0.6650945221021819,0.6476474946130837
T000997,0.32332873540405327,0.6017282391343138,0.3412311035960687,0.3412311035960687,0.6017282391343138,0.6017282391343138,0.31919680515060317,0.6549367347228675
T000998,0.2644987616254868,0.28077620972487743,0.26919660556415553,0.28077620972487743,0.28077620972487743,0.2664417541357395,0.26298609375349297,0.26298609375349297
T000999,0.28444654575408607,0.3024109334011087,0.276404382517925,0.3449952508413154,0.3024109334011087,0.3024109334011087,0.28444654575408607,0.20180970819759572
T001000,0.466630816885327,0.4376905053473767,0.4554466202231461,0.45659693143917796,0.4376905053473767,0.4376905053473767,0.4226749394470153,0.2681426864842473
T001001,0.5482290924682717,0.38189055746697,0.5482290924682717,0.5804797382056037,0.38189055746697,0.38189055746697,0.5703065397356661,0.5187419501128537
T001002,0.6891656992793025,0.6360215334841228,0.6571866664662654,0.6354209707476425,0.6360215334841228,0.6360215334841228,0.56768530507375,0.7257759632606938
T001003,0.3410010434984292,0.20936425179044232,0.32078201029314696,0.19329168336585878,0.18082361279567466,0.18552860818669567,0.32078201029314696,0.16493009571328232
T001004,0.6530396364563167,0.6530396364563167,0.7698093168622994,0.6432576800757553,0.6530396364563167,0.6530396364563167,0.6471015323012188,0.9182592013993627
T001005,0.1762462998274655,0.1762462998274655,0.159778011987307,0.19149516301811528,0.1762462998274655,0.1762462998274655,0.16521925615578986,0.13140018404120374
T001006,1.1750539685097787,1.135564851817116,1.1220013314270958,1.1025651070659372,1.135564851817116,1.135564851817116,1.0745218616231325,0.932728789672463
T001007,0.19145803496653305,0.10356375002552713,0.16357890015307408,0.10475388552701072,0.10356375002552713,0.10263448957184783,0.11405249235088155,0.10475388552701072
T001008,0.23315468189451974,0.23315468189451974,0.08635109089819538,0.127537118849936,0.23315468189451974,0.23315468189451974,0.10327445769567088,0.2683631436993061
T001009,0.3893931500747032,0.4920017708959126,0.3902223458747692,0.3893931500747032,0.4920017708959126,0.5207146708002814,0.3924984084083563,0.6636855900872318
T001010,0.5974776298868161,0.6015771144949061,0.7390468689550348,0.5974776298868161,0.6015771144949061,0.8674060018500689,0.7727999409300051,0.6115113293859433
T001011,0.38136116686713245,0.30351955127541624,0.37916675715782205,0.3069396456118757,0.30351955127541624,0.30608738470421454,0.3052015933955236,0.26594105348896707
T001012,0.528666167084001,0.528666167084001,0.5374006175754922,0.6125506846992339,0.528666167084001,0.528666167084001,0.5844284490284979,0.6768230980096355
T001013,0.7545909241427726,0.8898375491669052,0.7698730337727931,0.827620660020248,0.8898375491669052,0.7913603508508936,0.8632722617026084,0.8734497571349921
T001014,0.9261192384571209,0.8585370289854504,0.9772985139192133,0.6934148461535143,0.8585370289854504,0.6934148461535143,0.8585370289854504,0.7425598575197854
T001015,0.7391430167452148,1.1648721802826205,1.463300778964625,1.1648721802826205,1.1648721802826205,1.1865025670155223,1.1648721802826205,1.06233606686239
T001016,0.5529201565391648,0.5695958674352798,0.6314767071157025,0.54195392579155,0.5695958674352798,0.5466454064637684,0.5581634965728111,0.5361686370960793
T001017,0.36980874515537293,0.4554106774015398,0.3476285422752203,0.6378320212836818,0.4996458249238532,0.4521812156170409,0.4549250111135753,0.4549250111135753
T001018,0.9276281428376023,1.0514614779579474,0.9989775359090083,1.1579657749972438,1.0514614779579474,1.0514614779579474,1.151949057341702,0.9064785296884851
T001019,1.6023735719865386,1.5520944524470137,1.5490336319514049,1.8516073027649131,1.5520944524470137,1.5520944524470137,1.5520944524470137,1.976379438483912
T001020,0.7894645206506904,0.7771675997145165,0.8355226912679736,0.858144448576969,0.7903236407578884,0.7771675997145165,0.7771675997145165,0.7631456617154224
T001021,0.7348362564145278,0.7579602138096273,0.8589621022636417,0.9010973443971532,0.7579602138096273,0.7441084169046106,0.6922212322449012,0.8031591681012641
T001022,0.47859734183894087,0.2086792546373911,0.47541528007968886,0.47346041295644836,0.2086792546373911,0.21257087275958528,0.39935325776787844,0.20615919156026846
T001023,0.616432423554351,0.5479345142900763,0.5368354246697322,0.6797554552719965,0.5479345142900763,0.5479345142900763,0.5479345142900763,0.33667102876970756
T001024,0.47078584359209735,0.16519106486675803,0.4660055475087805,0.4770296466708491,0.16519106486675803,0.1815958343506587,0.40648115058885526,0.1801436239472862
T001025,0.267023962373644,0.5544976679524641,0.28603573995184384,0.5544976679524641,0.5544976679524641,0.4687668251245026,0.5544976679524641,0.5544976679524641
T001026,0.29392643441307786,0.2950359341185817,0.2934902655610481,0.31328762308349134,0.2950359341185817,0.2950359341185817,0.31214497161691795,0.309196290524584
T001027,0.908536392701139,0.8090625895541468,0.8090625895541468,1.2160507227851074,0.8090625895541468,0.8090625895541468,0.908536392701139,1.0245242322972687
T001028,0.9351496590379131,1.0247101644267507,0.9178255143283194,1.0273480141194535,1.0247101644267507,0.9960970846598923,1.0273480141194535,0.9960970846598923
T001029,0.665750481834619,0.6240952521577992,0.7283204940180644,0.6973628799176447,0.6240952521577992,0.6240952521577992,0.5976835904984321,0.7789703891786262
T001030,0.6815664371229547,0.5700387535232303,0.6745887107943499,0.7203957168183717,0.5700387535232303,0.5700387535232303,0.6004578444026356,0.6712100358882886
T001031,0.2982226113265726,0.2984370171469367,0.29029499131642333,0.8223193953591169,0.2984370171469367,0.2984370171469367,0.6943249097101393,0.7679748535103061
T001032,0.5641271931738528,0.552761966584108,0.8048275458746208,0.552761966584108,0.552761966584108,0.552761966584108,0.5883135092299487,0.5761145963272177
T001033,1.0079001060767834,0.9133491997280045,0.9856586171680463,1.1264003276601309,0.9133491997280045,0.9209405165431784,0.8871119393932991,0.8917860990448071
T001034,0.6024695094846296,0.6024695094846296,0.4951837461010952,0.5984491314805068,0.6024695094846296,0.6024695094846296,0.6024695094846296,0.6048425334094987
T001035,2.686230590237717,1.9299838903430748,2.3808218848209846,1.2091662680658808,1.9299838903430748,1.1832169204359593,1.9299838903430748,1.471658956019197
T001036,0.9236101053507225,0.42407389585819066,0.5970081690144262,0.6595399508951357,0.42407389585819066,0.42407389585819066,0.6750656160062987,0.5034676071231735
T001037,1.2094507731274258,0.646009594930737,0.9317228783703739,0.9301517462431006,0.646009594930737,0.3304004048079194,0.3304004048079194,0.5424063365982644
T001038,0.4968082252403266,0.40609950963692665,0.45253858555556975,0.4950879527437799,0.40609950963692665,0.40609950963692665,0.45253858555556975,0.5887992420305068
T001039,0.6921138689231191,0.5604864439903513,0.6921138689231191,0.5507688640032354,0.5604864439903513,0.5604864439903513,0.5566500107896339,0.40198786710545664
T001040,1.3712065568900285,1.4117335894819498,1.4791478706532244,1.4100534154479605,1.4117335894819498,1.4117335894819498,1.4100534154479605,1.2340053020771105
T001041,0.8375427869864189,0.5427925163292276,0.8840724677516484,0.48759671106669006,0.5427925163292276,0.4725440953051111,0.4725440953051111,0.5325105832984853
T001042,0.338104978310631,0.22280722046419965,0.3281367049861786,0.22280722046419965,0.22280722046419965,0.22280722046419965,0.2167951911487194,0.23355458035392396
T001043,0.5567424056182756,0.49321944452239,0.6620236438225395,0.5197483352412726,0.49321944452239,0.5083484754855843,0.49536183740296263,0.5329731182794218
T001044,1.775592736778598,1.4439720764362562,1.7419998497642237,1.4341744479674774,1.4439720764362562,1.5012226601137493,1.4733046237378553,1.4656046619852332
T001045,1.2581049958857775,1.2030536439834054,1.2581049958857775,1.1786824409028591,1.1221227319980793,1.120562739147413,1.079209423584221,1.326617259700615
T001046,0.27269402840991985,0.27269402840991985,0.1872900495710149,0.27269402840991985,0.27269402840991985,0.27269402840991985,0.29289184294939785,0.30899236482568887
T001047,0.9350349810446971,0.918036245768186,0.9436023836568541,0.9350349810446971,0.918036245768186,0.918036245768186,0.9350349810446971,0.9516382827995162
T001048,1.1759137592961963,1.3634325466936408,1.1759137592961963,1.3634325466936408,1.3748326959899702,1.3748326959899702,1.4151133187904483,1.4851823346248054
T001049,0.9845481224403007,0.9669780388906816,0.9845481224403007,1.0091081518025529,1.9765333489973853,0.5948766323432157,1.0091081518025529,0.5685311996805633
T001050,0.5727848574840927,0.6192380512988076,0.6286190308484664,0.3786020014600847,0.6192380512988076,0.38185050438717333,0.595106242968377,0.3509951649327827
T001051,1.1969068741225088,0.9893953510243513,0.9924705624563039,1.0712019826275083,0.9893953510243513,1.0712019826275083,1.1850136115379748,0.7890793928911397
T001052,1.133949532940734,1.10223492547174,1.086251373240483,1.10223492547174,1.10223492547174,0.7729819474795733,1.10223492547174,0.9264216161947041
T001053,1.762550014845217,1.8247047300371098,1.512524008203862,1.8247047300371098,1.8247047300371098,1.8247047300371098,1.8247047300371098,1.3414935787729045
T001054,0.8381451532831523,1.019181574417183,1.019181574417183,0.9875110609434843,1.019181574417183,1.019181574417183,1.019181574417183,0.7296625087865118
T001055,3.008711116721057,2.7715182255578545,2.944699003308448,2.7817000949802924,2.7715182255578545,2.7715182255578545,2.944699003308448,2.4003064778000804
T001056,1.0851012528042354,0.895091420959819,1.0851012528042354,0.8941461407097911,0.895091420959819,0.895091420959819,0.8969853008312392,0.8714469430956122
T001057,1.139887334199753,1.170118283097681,1.1688285561860765,0.986667278204343,1.170118283097681,1.170118283097681,1.0228202115933704,0.9926744666836672
T001058,1.8541691382011851,1.8541691382011851,1.6622908755329138,2.7675800439273455,1.8541691382011851,1.9929529326876265,2.1147631255834094,1.9301689192215956
T001059,0.6635406717445236,2.0267242433618615,2.1179600839455404,2.0267242433618615,2.0267242433618615,2.0267242433618615,1.8999410441286404,2.7430570440928586
T001060,3.8640688557497147,3.8820158215735097,3.87639122611432,3.8337852175327356,3.8820158215735097,3.8820158215735097,3.901831994601416,4.5066832736051525
T001061,0.38949430460343093,0.28165314558147153,0.402123501345531,0.30833527111213105,0.28165314558147153,0.32181373594641094,0.3085519467007984,0.4437669603678563
T001062,0.5383830655026276,0.5914603691533634,0.4769105263026301,0.338762062180488,0.5914603691533634,0.6285313716879418,0.5678602377469396,0.339489577520711
T001063,1.277674127989752,1.273457451968532,1.274552346616967,1.3219282689410865,1.273457451968532,1.273457451968532,1.5128163352557689,1.273457451968532
T001064,0.3229789980185066,0.34208035608518145,0.3259649003093539,0.3019587580793199,0.34208035608518145,0.5020161631451637,0.3019587580793199,0.3197607684304505
T001065,0.40613782721982844,0.40613782721982844,0.40613782721982844,0.3828617582901961,0.40613782721982844,0.40613782721982844,0.40613782721982844,0.42811750102702234
T001066,0.3891299121621973,0.45046495334803344,0.3749468458087305,0.3847055790040321,0.45046495334803344,0.40541861599148965,0.4469998647296284,0.6292881470749212
T001067,0.3688490770657923,0.3705527799975156,0.3954664391053184,0.3644475312174216,0.3705527799975156,0.39263771703961714,0.3644475312174216,0.5588553160111367
T001068,0.3874664059665118,0.3874664059665118,0.4342628870957838,0.43301474061300366,0.3874664059665118,0.34060298915351483,0.4162747141341206,0.3874664059665118
T001069,1.1393864504665205,0.8164764599534883,1.127250464574206,0.7159762431225847,0.8164764599534883,0.8489824117998358,0.8826656794038615,0.7286167171567799
T001070,1.6934074649093853,1.3841343220949462,1.3841343220949462,1.7926896698913775,1.3841343220949462,1.5512012577634955,1.3841343220949462,1.7884663905259246
T001071,0.20787432134517989,0.19612687831940154,0.1878266630266365,0.12325049849964513,0.19612687831940154,0.2647700132014262,0.23537949173974881,0.2934715901077614
T001072,0.16041610865949224,0.24462262563882733,0.22481100537063015,0.21799928318582565,0.24462262563882733,0.24462262563882733,0.24462262563882733,0.40066271107010015
T001073,0.8881026716027576,0.8977916027660309,0.9449808430237202,0.8843378659006027,0.8977916027660309,1.0276500662468906,0.8977916027660309,1.1693318016928367
T001074,2.0834376660279093,2.0834376660279093,1.9339715562934383,1.9339715562934383,2.0834376660279093,1.1820316732823244,1.9339715562934383,2.256053248513323
T001075,3.775836415857311,3.775836415857311,3.7693190230132516,3.855568277527346,3.775836415857311,3.8528129253340317,3.7724066015102142,3.7568919898216655
T001076,3.6932079288519244,3.716577546541469,3.7088108455937077,3.716577546541469,3.716577546541469,3.5355415999372304,3.716577546541469,3.6932079288519244
T001077,0.6190255889862885,0.7978895815038332,0.6260737747877944,0.61235287647493,0.7978895815038332,0.61235287647493,0.6190255889862885,0.6190255889862885
T001078,0.22171847052135796,0.2874511869369393,0.5160814645399325,0.26112163386204224,0.2874511869369393,0.2874511869369393,0.26112163386204224,0.2616710635729998
T001079,0.9948559069295689,1.2974870548944775,1.2064513134878554,1.1802732013488,1.2974870548944775,1.1425646660299258,1.2030293682259794,0.6208263048896827
T001080,1.078608427849768,1.2961417679330542,1.0947998182661256,1.2890597676225377,1.2961417679330542,1.2961417679330542,1.2961417679330542,1.0537069125619187
T001081,1.3479725408669607,1.149258097791068,1.1400628945115232,1.6552210910402612,1.149258097791068,1.149258097791068,1.6552210910402612,0.8888029293240692
T001082,1.4385502450100165,1.43900314247126,1.4395729347168646,1.43900314247126,1.43900314247126,1.4345418716053415,1.3924693070375291,1.2466552434971518
T001083,2.8678084704352633,2.8678084704352633,2.8499079152805398,0.9606858463110737,2.8678084704352633,3.0552995082597847,3.0552995082597847,2.6228206827582947
T001084,0.6413041683448297,0.6601912215238096,0.6877903511909439,0.6471098074702492,0.6601912215238096,0.6601912215238096,0.6721885458845627,0.22471129902861017
T001085,0.23160912547530432,0.22686232437343198,0.22686232437343198,0.14677999990939478,0.22686232437343198,0.2534825768212421,0.14677999990939478,0.16797814690893353
T001086,0.43776677262328983,0.5094365506851848,0.6237205323182465,0.5229887501584369,0.5094365506851848,0.4551613548169339,0.6840067044044077,0.46576129683819384
T001087,1.5124462713659355,1.1876200501172647,1.5479376895540193,1.0934281627638271,1.1876200501172647,1.6949435025090946,1.1876200501172647,1.1638751909315328
T001088,0.8306542151047248,0.2680297640321065,0.7095614366369731,0.2248701469951344,0.2680297640321065,0.23505521844249572,0.23505521844249572,0.21583541099943007
T001089,1.7825106637510342,1.7392389483895756,1.7758375416337169,3.171076706849165,1.7392389483895756,1.7357318319013573,1.7392389483895756,1.7360885392014966
T001090,0.8260962446993387,0.7335090141427009,0.8224115649277728,1.0950109233714809,0.7335090141427009,0.7335090141427009,0.756219407605829,1.1847952725234447
T001091,2.1229079336469554,2.1386250737860184,2.5499575333192666,2.0460941743527687,2.1386250737860184,2.1386250737860184,2.7543039942542333,2.447164333594915
T001092,2.0409317293898845,2.1264741355740333,1.9562470460072532,1.8078409876365062,2.1264741355740333,2.1264741355740333,1.7092460398704783,2.1983736069411224
T001093,0.5330524551898712,0.551221165326549,0.5493671211433516,0.5054489116939079,0.551221165326549,0.551221165326549,0.637452384058927,0.5923088661577218
T001094,0.5891350842519306,0.6054184534371251,0.5810803862473707,0.5891350842519306,0.6054184534371251,0.5653383728533348,0.6024979384356938,0.5591526428960945
T001095,0.5055620571953484,0.39815648118541863,0.39815648118541863,0.5128174323421906,0.39815648118541863,0.6091762293521801,0.6623970408315937,0.5128174323421906
T001096,1.0383711685017896,1.0614111346685735,1.0519320368222953,1.0519923130819153,1.0614111346685735,0.9197540824340629,1.0726423223299275,1.0539386851026757
T001097,0.7182960720556215,0.8310139516221884,0.7582706575291939,0.8310139516221884,0.8310139516221884,2.4059495807768823,0.6583748109465231,0.4494795677095
T001098,0.7225382430317747,0.7668842009350105,0.702709460898897,0.6688244516038917,0.7668842009350105,0.798416270195375,0.6951815337546045,0.7193110934829274
T001099,0.9770280306377696,0.9927362414081751,0.9728433218034844,0.9927362414081751,0.9927362414081751,1.0208516813232082,0.9927362414081751,1.4514884229114922
T001100,0.8648327930600557,0.9290403261029232,0.9848260631129265,0.9762300952369701,0.9290403261029232,1.1521212159294623,0.9290403261029232,0.9893672697565867
T001101,0.44904819922139877,0.4804089637969756,0.559258410228889,0.6153036183472099,0.4804089637969756,0.5786801982197218,0.44904819922139877,1.2410653397466416
T001102,0.5540905263789813,0.5859868803375753,0.4419996593139929,0.32982489807922466,0.5859868803375753,0.8297844203841842,0.545118278998855,0.7184054385511586
T001103,0.6641924321728695,0.6702403111172509,0.6158881449163575,0.620164888813613,0.6702403111172509,0.6702403111172509,0.6702403111172509,0.5662043323652245
T001104,0.7375215923319284,0.8095554229163122,0.8178342816152215,0.6283787792181353,0.8095554229163122,0.8095554229163122,0.7375215923319284,0.9931146898492892
T001105,0.44509383078188136,0.48513808483423676,0.45228069060416565,0.4262785192319001,0.48513808483423676,2.8875335911039968,0.48513808483423676,0.46770686245339543
T001106,0.26566953439074453,0.4178740029655294,0.2924819920719697,0.2697122578310362,0.4178740029655294,0.303552287311254,0.3014010417700161,0.2762284273017603
T001107,0.5296400246928649,0.5094695474920284,0.5160835680188617,0.5296400246928649,0.5094695474920284,0.5136463818633898,0.5094695474920284,0.49498118829414656
T001108,0.9818215026460142,1.014699245972058,0.9849000013638939,0.9534099346679458,1.014699245972058,1.014699245972058,0.9534099346679458,1.0426096377016523
T001109,0.6699213595015966,0.8110297836320628,0.6726411400543241,0.697719122797432,0.8110297836320628,0.5916030871555643,0.6699213595015966,0.6099307666307191
T001110,1.4939362570080998,1.3530580074565104,1.7091902785706463,1.1084675263119543,1.3530580074565104,1.1332702220663924,1.148947358997667,1.1929443249730702
T001111,0.7826000926102151,0.49269282929810804,0.6709020728474591,0.7900124138741105,0.49269282929810804,0.49269282929810804,0.7523676848531465,0.5579090374610215
T001112,0.1131927442181782,0.6075712391938405,0.18384493777576771,0.616010391916122,0.6075712391938405,0.15672607316346462,0.6187672021347962,0.7014988093570528
T001113,0.25799647669060305,0.26652701668668716,0.2629204236293095,0.26652701668668716,0.26652701668668716,0.2828807455326817,0.5033620344826237,0.23420298084409855
T001114,1.1602268294403468,1.0999670015623975,1.337676072835785,1.269088193797442,1.0999670015623975,1.1058599910058087,1.0999670015623975,1.2015543038696783
T001115,0.33591040049185894,0.33591040049185894,0.33331035864562586,0.33591040049185894,0.33591040049185894,0.33591040049185894,0.3475779409276027,0.645557699781403
T001116,2.992479453214509,2.992479453214509,3.0158819188624273,2.999581761122245,2.992479453214509,2.992479453214509,2.858100247621461,3.262339230559072
T001117,1.3288605599487138,1.3496215907206845,1.2800925566360535,1.3159030347582732,1.3496215907206845,1.163171476628029,1.3159030347582732,1.4828749984749927
T001118,0.5576241630512225,0.5092081981638407,0.5067678596442075,0.5844189302690603,0.5092081981638407,1.0101403354294296,0.5844189302690603,1.3193856728600588
T001119,0.74984929482767,0.7878938930967471,0.8315395047824742,0.7462789709815404,0.7878938930967471,0.7878938930967471,0.7878938930967471,1.9288466115544212
T001120,0.18190621924356198,0.46543093761976195,0.4641673559755076,0.42878674733945726,0.46543093761976195,0.46543093761976195,0.42878674733945726,0.46543093761976195
T001121,0.5831414865369292,0.36432509944715236,0.3757449389638853,0.40040026506386694,0.36432509944715236,0.21795001099125175,0.20436178722803547,0.2400174373114242
T001122,0.8688401272592694,0.5857612982739334,0.8577291283041153,0.5748238899772312,0.5857612982739334,0.5932048219006703,0.6032815339491475,0.5043900615416158
T001123,0.971044233491241,1.3183716349855554,1.3242411936226028,1.2989532955595766,1.3183716349855554,1.3183716349855554,1.2980429386911636,0.996492519412886
T001124,0.22185071823605296,0.25539856187544724,0.2167886736143038,0.2895745284034555,0.25539856187544724,0.3039361926047137,0.2895745284034555,0.5510364885565628
T001125,0.3108613674390984,0.2858027680124794,0.32754501179838547,0.24460512224834496,0.2858027680124794,0.2858027680124794,0.2456495447488242,0.5314789455205686
T001126,1.1749127552709402,0.9584660422310728,0.8995927454914199,0.9584660422310728,0.9584660422310728,1.0484463024169428,0.9584660422310728,1.214596831409284
T001127,0.9274440311448001,0.9266262366076037,0.8900813208020358,0.9266262366076037,0.9266262366076037,0.9266262366076037,0.9266262366076037,0.6563213362238887
T001128,0.8824718378231784,0.8014598627934787,0.8824718378231784,0.8981833961889818,0.8014598627934787,0.8014598627934787,0.8501359331632369,0.9827652940225929
T001129,1.174965971928002,0.9584863042180258,0.8996016811934007,0.9584863042180258,0.9584863042180258,1.1065292510024725,0.9584863042180258,1.2146504514930467
T001130,1.398632281376409,1.290261295726168,1.398632281376409,1.273041693706155,1.290261295726168,1.175072177285572,1.398632281376409,1.5019942748778974
T001131,0.2874626216154748,0.29781504825745836,0.2898567381442201,0.2841657397654247,0.29781504825745836,0.29781504825745836,0.29781504825745836,0.37202789038560374
T001132,1.0472963397145998,0.8558968580564386,1.088211510601541,1.0517822004280066,0.8558968580564386,0.8558968580564386,1.0517822004280066,1.191749600912477
T001133,1.013482301821628,0.9790408301001979,1.0654605304139382,1.0789499115057462,0.9790408301001979,0.8109991641249971,1.0789499115057462,1.1754974450430897
T001134,0.6902661425678398,0.619260800518471,0.6942597589971641,0.7039781067842379,0.619260800518471,0.619260800518471,0.7637529363477227,1.2061479902188426
T001135,1.1012434144669545,1.0690728845197748,1.1386804349587958,1.2242628818817105,1.0690728845197748,1.6086154834823854,1.3592075054896597,1.9111071346052935
T001136,1.5574066019418726,1.4406984947166264,1.4716062253095654,1.6887015775271337,1.4406984947166264,1.4054589877386325,1.6887015775271337,2.1134444481300405
T001137,0.5356361609228608,0.5356361609228608,0.6766549099256736,0.6397520792604628,0.5356361609228608,0.5572231507379933,0.5356361609228608,0.7669750279526765
T001138,0.6468663539742462,0.6284497968320759,0.6468663539742462,0.6001263681584924,0.6284497968320759,0.6240549565913176,0.6284497968320759,0.5470158933635249
T001139,0.6804812773527771,0.6017208097430222,0.6026016113127638,0.5959858186125425,0.6017208097430222,0.5104895693531951,0.6388484030104824,0.45651728546618364
T001140,0.2248029798998752,0.21870595274552834,0.21870595274552834,0.2318612504663858,0.21870595274552834,0.3071219169158064,0.23131087560021762,0.27180415102634375
T001141,0.6489044989900589,0.6206071998398025,0.6260007243578125,0.11858477143271628,0.6206071998398025,0.19332867422450056,0.6457509645484445,0.3068324384752102
T001142,0.6208509178698065,0.28400049311756015,0.5315048281792731,0.3260601360329505,0.28400049311756015,0.35709557807977843,0.1532346977677329,0.4658201571798424
T001143,0.614719616245783,0.6870337535061332,0.6740561375915513,0.6864353973692775,0.6870337535061332,0.6870337535061332,0.320837260314652,0.582527225918056
T001144,0.20414616050643014,0.18793561726907962,0.13818001012066938,0.18779420270039768,0.18748017528153185,0.18748017528153185,0.18779420270039768,0.24155676608076018
T001145,1.0539526930799805,0.7750409892456158,0.6990145219820366,1.072678052227453,0.7750409892456158,0.8276179425295573,0.7750409892456158,0.8707592136998593
T001146,0.6431046871755248,0.6662326444995744,1.5120526397547045,0.6662326444995744,0.6662326444995744,0.6662326444995744,0.7441365388865098,1.7568048520604047
T001147,1.256753635100902,1.3971294653762836,1.3724699412554286,1.3248128150645788,1.3971294653762836,1.3971294653762836,1.436995061102448,1.2599704204486775
T001148,0.3039525847941341,0.41722193569830335,0.31833278372615337,0.29778821139749545,0.41722193569830335,0.41722193569830335,0.4330913761969157,1.028290923718997
T001149,0.40474460729557243,0.3157887230120667,0.3524528219638575,0.5241786574001785,0.4778593887134918,0.3157887230120667,0.3443808178810206,0.2944728462009446
T001150,0.323520588464081,0.13637087159319045,0.31509744378114174,0.14904588745038924,0.13637087159319045,0.13637087159319045,0.17719735265487696,0.13637370380331237
T001151,0.7573459621187899,0.6289600858245518,0.7878341649589783,0.6185795381289888,0.6289600858245518,0.6289600858245518,0.6185795381289888,0.5825870016559304
T001152,0.2883335149345645,0.23282384675038825,0.3197767003670046,0.23282384675038825,0.23282384675038825,0.5162575527183698,0.2754154992889384,0.26597966842556114
T001153,0.7952603868217445,0.7661068930090286,0.8031494948686282,0.7411343755588476,0.7661068930090286,0.9456972734088378,0.7411343755588476,0.7276909427352815
T001154,0.5748818652151265,0.5748818652151265,0.4011104978870903,0.5748818652151265,0.5748818652151265,0.260235260042506,0.5748818652151265,0.27958589621637736
T001155,0.7296276487482437,0.7296276487482437,1.033415662800273,0.6485381244968886,0.7296276487482437,1.3700004136728603,0.820424253665605,0.828677920818682
T001156,1.3693182791702747,0.7603886841380111,1.0011137331717843,1.0332469563389424,0.7603886841380111,0.7603886841380111,1.0332469563389424,1.0109545537337448
T001157,0.910177878179711,0.7362098738965652,0.9242478830233463,0.7640729789351831,0.7362098738965652,0.7813227028000407,0.7930268901428738,0.7437123946385609
T001158,0.5780598434450076,0.5445139974687317,0.543106795296735,0.5644080352783797,0.5445139974687317,0.5445139974687317,0.5450672445181263,0.5688563085702188
T001159,0.5542518971186976,0.5542518971186976,0.578035875885934,0.5542518971186976,0.5542518971186976,0.6262706106003993,0.576318947276418,0.40802148001562283
T001160,0.24769002960108327,0.24769002960108327,0.27569410145111645,0.21976969920686285,0.24769002960108327,0.528624420144,0.24769002960108327,0.2928156522695915
T001161,0.6280533970063856,0.40716936630051903,0.6069720864939864,0.33913174880087654,0.40716936630051903,0.3028982380906682,0.4209315822575531,0.4327250633851136
T001162,0.3333866093521526,0.2017214329177421,0.24763364587072126,0.1867900920356348,0.2017214329177421,0.4632284498559548,0.23903305565042177,0.19018032476951083
T001163,0.560339843597451,0.5596825358091236,0.560339843597451,0.560339843597451,0.5596825358091236,0.5596825358091236,0.5596825358091236,0.5376438986233489
T001164,0.1289058518386497,0.14727451923402304,0.1924246535064165,0.2065782403385434,0.14727451923402304,0.25724028038610003,0.2065782403385434,0.3539231194070151
T001165,0.6020544013360498,0.5867297221129042,0.5615615553806153,0.3566704890170313,0.5867297221129042,0.5867297221129042,0.3465746561788342,0.3450975584894729
T001166,1.1937136844944276,1.0742663443589324,1.1472820770158747,1.0742663443589324,1.0742663443589324,1.0354247273304984,1.0742663443589324,1.0080267092135584
T001167,0.8820969343350024,0.5246427265861088,0.5117234761856572,0.4848692934202863,0.5246427265861088,0.5246427265861088,0.4848692934202863,0.7062398534429031
T001168,0.09171040009398991,0.09171040009398991,0.08862091646260048,0.09171040009398991,0.09171040009398991,0.14497176958847607,0.08862091646260048,0.04529908202374549
T001169,0.11154504535198419,0.11198734445458265,0.10946109178819492,0.12488995698159326,0.11198734445458265,0.20551142337205427,0.11121335553815186,0.07361758013177076
T001170,1.1937137176912147,1.07426633370133,1.147282039554339,1.07426633370133,1.07426633370133,1.0586408993503946,1.07426633370133,1.0080266276132241
T001171,1.176458795648884,0.9079330563134955,1.2493600396902522,1.1066005073612466,0.9079330563134955,1.012080191132657,0.9079330563134955,1.3206278203157806
T001172,0.7298115813172217,0.7373661235944791,0.7373661235944791,0.7370826663391916,0.7373661235944791,0.7373661235944791,0.7373661235944791,0.7912558483960414
T001173,0.8098467257081675,0.9388080054827295,1.0475771232011235,0.9713365287134252,0.9632640154810396,0.7241719499865664,0.9069615881604525,0.9268174299508762
T001174,0.47063125583196813,0.561687267002482,0.7324405272983209,0.6099911039171158,0.4833536334228763,0.6099911039171158,0.4833536334228763,0.5443856622484246
T001175,0.3491036014951341,0.4483388269487006,0.3491036014951341,0.4483388269487006,0.4483388269487006,0.5766336672203576,0.4497053463914324,0.3734556447836841
T001176,0.8511297948164821,0.8511297948164821,0.8191485251831337,0.8511297948164821,0.8511297948164821,0.8511297948164821,0.8511297948164821,0.7060472067113441
T001177,0.9202595624069588,0.8842641207714868,1.0128918006864247,1.0310729529186313,0.8842641207714868,0.8524401360181626,0.8842641207714868,0.8968691230740458
T001178,1.2268040269890421,0.914393830891138,1.0923180205511551,0.914393830891138,0.914393830891138,0.90986271004808,0.902312840152226,0.9232856488785504
T001179,0.5743450650164575,0.6156995266344745,0.6156995266344745,0.6156995266344745,0.6156995266344745,0.3717509914528698,0.6453948575503005,0.5586866958076372
T001180,0.21205546030789488,0.15396918533728088,0.15396918533728088,0.12584367174531935,2.4297170523541105,0.44073499959236495,0.15396918533728088,0.6688891607719456
T001181,1.0159514705691581,1.5398208013613734,1.065275046889018,1.5612171469158322,1.0141977787923502,0.7542022632408282,1.4434965328373224,1.487897659874957
T001182,0.2316081263275937,0.18733479656149213,0.2650316295527095,0.37400499074346333,0.18733479656149213,0.1867859202356258,0.18733479656149213,0.18399683614380277
T001183,0.2190819660543612,0.2671467087764737,0.1121077348868378,0.2671467087764737,0.2671467087764737,0.12739681617558293,0.2671467087764737,0.08418331255932429
T001184,0.3440525378419209,0.3440525378419209,0.1621488441522772,0.16576138369035925,0.21893854540825586,0.6954298791455208,0.3440525378419209,0.05135413761589167
T001185,0.4109280492508472,0.27902856988008357,0.3020430776640046,0.25546205965691227,0.27902856988008357,0.27902856988008357,0.25546205965691227,0.4948699404529984
T001186,0.615376419155529,0.6091737975238036,0.6081380682778489,0.47838064047291434,0.6091737975238036,1.1189262908834796,0.43652714126923375,0.280564716137325
T001187,0.07290966923930224,0.05890666469288922,0.07772353821230384,0.07834964572681224,0.05890666469288922,0.2532525705401634,0.08221556017608854,0.0457827417711002
T001188,0.17684589116066518,0.4400922970367375,0.17684589116066518,0.45528554191875786,0.4400922970367375,0.4400922970367375,0.4400922970367375,0.17921384990931757
T001189,0.2431320221612227,0.279583810749629,0.2404094543330585,0.2431320221612227,0.279583810749629,0.279583810749629,0.24170132841029954,0.19754255498548953
T001190,0.2713486649689511,0.2625127835550859,0.2973275362575059,0.2625127835550859,0.2625127835550859,0.2625127835550859,0.2625127835550859,0.0863171190383538
T001191,1.490746629279051,1.490746629279051,1.007772002801536,0.9936454937172386,1.490746629279051,1.490746629279051,1.7021785958550435,0.9936454937172386
T001192,0.40013316963402495,0.40013316963402495,0.09333201906054928,0.22325160033835972,0.40013316963402495,0.6666551775640814,0.40013316963402495,0.08512973727115426
T001193,0.40203923522543294,0.40203923522543294,0.5501091302331528,0.21282312808031398,0.40203923522543294,0.40203923522543294,0.14722279373387281,0.3589761282956136
T001194,1.4393152342235584,1.213993034816879,1.4376155975799934,2.1539713511152145,1.213993034816879,1.2207824260582298,1.2391918240153872,1.2391918240153872
T001195,1.3622631373036755,1.2122886833648303,1.2752370127401427,2.663512850770681,1.324809756458004,1.199643616982627,1.2167625278875542,1.2427970202130012
T001196,2.198980783516027,2.201250423408673,2.1697994170505925,1.9704827030487269,2.201250423408673,2.201250423408673,2.201250423408673,1.744055296620719
T001197,1.2762967992448089,1.037741885566537,1.3116650497474445,1.054086211135459,1.037741885566537,1.0232295890888994,1.037741885566537,1.0650599361156106
T001198,1.3341258833069272,1.3122694588177501,1.4083518922340823,1.2072734715902267,1.3122694588177501,1.3122694588177501,1.1623110990969607,1.1623110990969607
T001199,0.8154661984785925,0.6553791307731812,0.8154661984785925,0.6964815105407122,0.6553791307731812,0.6590120823223876,0.6553791307731812,0.6402260916469966
T001200,1.45350619654684,1.6085205875387876,1.4335103577742734,1.4272612240729787,1.608532839560612,1.608532839560612,1.6085205875387876,1.6069798894677771
T001201,1.7312590271372543,1.5754039593376283,1.7207572021285413,1.5389423247409366,1.5754039593376283,1.6104920502446056,1.5754039593376283,1.5389423247409366
T001202,0.9482947208181539,0.9759151024081165,0.9051410827276141,0.992690623543555,0.9759151024081165,0.9867733975980344,0.9759151024081165,0.992962035198129
T001203,1.9482390144342092,1.9985555881415138,2.033379042838662,2.0900538085365197,1.9985555881415138,2.1048582063383807,2.1447399104846556,1.8112814144527773
T001204,0.7363118759315552,0.4335224969168086,0.8268295393404446,0.5184966249086671,0.4335224969168086,0.37821669092812144,0.5184966249086671,0.38556851061667535
T001205,0.21016763914284892,0.45948340022167355,0.21016763914284892,0.4918027740094324,0.45948340022167355,0.45948340022167355,0.4918027740094324,0.45948340022167355
T001206,0.45393455163815993,0.4533285713497177,0.45393455163815993,0.4539505500833205,0.4533285713497177,0.48263840146280906,0.4538764934815527,0.5919272358602099
T001207,0.9568587623689863,0.9756868150885953,1.0031941682201462,1.3999012183038637,0.9756868150885953,0.8880890723113847,0.9756868150885953,0.7707985664448277
T001208,0.8190420790095394,0.9939225592260033,0.8203227553644358,0.8470333051283914,0.9939225592260033,0.9939225592260033,0.9939225592260033,0.7872941872251397
T001209,0.38896185703550207,0.5583295042688673,0.32856643784122475,0.5583295042688673,0.5583295042688673,0.5595937037097983,0.5583295042688673,0.5606528191982487
T001210,0.42696309884586203,0.705832896460744,0.3617147473618905,0.7108268437764571,0.705832896460744,0.705832896460744,0.6744207163140009,0.6872016596795341
T001211,0.6396476549288992,0.4957089491341619,0.6014953179342978,0.5089883794552233,0.4957089491341619,0.4957089491341619,0.5001378210665315,0.48982737095879547
T001212,0.9303072180805081,0.6571274485551067,0.5148869048688308,1.0252667158832873,0.6571274485551067,0.6811165935933139,0.6950072705389561,0.70574527429439
T001213,0.18181166144542385,0.38541463271102844,0.21351127843995205,0.3521562116077838,0.38541463271102844,0.3768719097851258,0.3661367691994425,0.3269173942192954
T001214,0.2740749411322287,0.35579920418563843,0.30419573235817465,0.35579920418563843,0.35579920418563843,0.3667157932531152,0.3592130520285603,0.3394820803872561
T001215,0.40928264337531967,0.41204172659056204,0.49064932780593984,0.933301811965124,0.41204172659056204,0.41204172659056204,0.5273784055071807,0.5590251585188696
T001216,0.6704765950566443,0.3786773901857952,0.6135354636650001,0.3637305174335191,0.3786773901857952,0.37531724346733725,0.37334719656612364,0.35797899826094637
T001217,0.5410648196010509,0.5165151503356058,0.5163492249784476,0.5949266782319026,0.5165151503356058,0.6465159810506431,0.49893291182503957,0.5828396439752997
T001218,0.3834644708459156,0.6723778473433701,0.3834644708459156,0.6723778473433701,0.6462403531481821,0.6723778473433701,0.6444558634452726,0.5821192922609102
T001219,0.4500839310442419,0.937462822080453,0.2755400119534025,0.4399872642877936,0.937462822080453,0.937462822080453,0.4450704604075239,0.5564206985196435
T001220,0.2883867895111064,0.30653492213765,0.2877290490577434,0.6589189776275032,0.30653492213765,0.3897072287610073,0.32519775076357166,0.30256545731486256
T001221,0.566481794934715,0.6275117013067405,0.578612642209062,0.9593007122844903,0.6275117013067405,0.6275117013067405,0.5933804703497616,0.6275117013067405
T001222,0.3620656365155555,0.2766199912960379,0.39737471685637277,0.28424048013668046,0.2766199912960379,0.25774225507207443,0.2766199912960379,0.28172191683253534
T001223,0.6703029626133645,0.6159592125751816,0.6950511208850695,0.6088741484692487,0.6159592125751816,0.5977091352973168,0.5583125161931983,0.5476968359951214
T001224,0.2533624862996602,0.4747005549757148,0.2830486393939783,0.4334045247414749,0.4747005549757148,0.4682597945443598,0.4747005549757148,0.4410957358943149
T001225,0.3453991674841309,0.4497877965226118,0.4354549034393435,0.4497877965226118,0.4497877965226118,0.4483755340386656,0.4497877965226118,0.42829545651384693
T001226,1.4197844565270554,1.1602397888354605,0.8403656539596596,1.4915512874839272,1.1602397888354605,1.0925736762865532,1.0910645951567342,0.9855418860794684
T001227,0.2875494776623659,0.3240994059807852,0.28848546690857313,0.39332722530053527,0.3240994059807852,0.3240994059807852,0.3240994059807852,0.29549373901075693
T001228,0.6573721130649395,0.9429005681931818,0.7761390827954213,1.107386618273946,0.9429005681931818,0.9429005681931818,0.9429005681931818,1.0763413054680706
T001229,0.755993820534268,0.9253220671704475,0.7185230150092573,1.1643258287072855,1.1153645059202926,0.8240659816259471,1.131933544820863,1.1153645059202926
T001230,0.4085620141028738,0.4302994940969373,0.37377324592452954,0.4302994940969373,0.4302994940969373,0.5576629300016893,0.4302994940969373,0.6486469560190566
T001231,0.40287598531376123,0.6111026432431863,0.4973014884208418,0.6111026432431863,0.6111026432431863,0.6111026432431863,0.5386684606033597,0.5698644266976378
T001232,0.6215490863046007,1.0325690299688353,0.6801779235170299,0.9746133992455134,1.0325690299688353,0.8892057044830163,0.8550921973911257,0.8278882083762528
T001233,0.5362729703803235,0.6952408729642596,0.5457007693661952,0.9095579192491535,0.6952408729642596,0.6674292669729414,0.9095579192491535,0.6779216805050626
T001234,1.0085684768562033,1.0085684768562033,1.0010989322947146,1.3748384648974796,1.0085684768562033,0.5919594052660934,1.0085684768562033,1.3734115783157745
T001235,0.8648936652582319,0.8260788393419752,1.8571692004048461,1.1091460609628225,0.8260788393419752,0.8260788393419752,0.8773776927433448,1.2089077586440051
T001236,1.1972101111226188,1.3068089214500682,1.1972101111226188,1.3898859902026666,1.3068089214500682,1.3068089214500682,2.38393435098813,1.5632286240791846
T001237,0.6943985216255877,0.6627929112616447,0.7295029203031671,0.8221881261613841,0.6627929112616447,0.6627929112616447,0.6505863767199361,0.7133225047337951
T001238,0.4924263530439698,0.7908669117478038,0.4915420395098026,0.7906713202877558,0.7908669117478038,0.7908669117478038,0.7908669117478038,0.4478721909711109
T001239,0.5909652323364114,0.3892565698451028,0.9198415202774328,0.44312531963476676,0.3892565698451028,0.3892565698451028,0.4090511612804115,0.3892565698451028
T001240,1.046134408594823,1.046134408594823,1.0261603490660083,1.1116524821533624,1.046134408594823,0.9915622064587181,1.0220134902269284,1.0408538337378057
T001241,0.6076774985552216,0.4109728762539196,0.6820768269113269,0.4109728762539196,0.4109728762539196,0.3299156148023988,0.4092940457174094,0.3381214196884847
T001242,1.0177673440622712,1.0177673440622712,1.2680411016958384,1.1477828362412799,1.0177673440622712,1.0177673440622712,1.1822889342470944,0.6479207012047814
T001243,1.0943661825460282,1.2978025492421834,1.0943661825460282,1.1610757219591807,1.287865076625244,1.2955564267533433,1.2978025492421834,1.3007069720067546
T001244,0.6996246526593832,0.7255061905619618,0.6900263372856604,1.0567023560444817,0.7255061905619618,0.7255061905619618,0.5246477926622232,0.5256040688055889
T001245,1.5478674187580466,1.3219196733601444,1.0765239552736867,1.5478674187580466,1.3219196733601444,1.3219196733601444,1.3219196733601444,0.9552376150391833
T001246,0.7272134253283618,0.938599259530621,0.7414323435521035,0.9245565144012746,0.938599259530621,0.938599259530621,0.7272134253283618,0.95642593667193
T001247,0.6901436441933897,0.7993191335910033,0.7412293869310651,0.8463457343147422,0.7993191335910033,0.7993191335910033,0.7993191335910033,0.5759727946128169
T001248,3.302994499715667,3.693516713938962,3.302994499715667,2.032046816867796,3.693516713938962,3.306190843482872,3.3247318093709173,2.4333459562738753
T001249,1.5296191408315982,1.0306572502230822,1.0256350748711882,1.0256350748711882,1.0306572502230822,0.9862199801159406,1.031414173385791,1.871756422984267
T001250,1.2846662495097727,1.0143160566074025,1.3953911377599844,1.1753706770970294,1.0143160566074025,1.0143160566074025,1.2846662495097727,1.2846662495097727
T001251,0.5332354814287152,0.5111110388585268,0.4814902826082116,0.5142837058939543,0.5111110388585268,0.5111110388585268,0.6212922426159331,0.12533108189319309
T001252,0.9227186559023705,0.942758349064198,0.9452225143855127,0.9005527930880876,0.6560269362727718,0.9005527930880876,0.9227186559023705,0.6514333690852274
T001253,0.5940575152527175,0.5940575152527175,0.7322509301523347,0.8463637203381776,0.5940575152527175,0.505213169930919,0.6228951539448654,0.5630387672584216
T001254,0.5642901858876185,0.18963894011678623,0.5527763525581054,0.18963894011678623,0.18963894011678623,0.18963894011678623,0.5752659469324157,0.18705644455078865
T001255,0.34359223900528657,0.34359223900528657,0.4208020595798666,0.35661242296564577,0.34359223900528657,0.34359223900528657,0.34359223900528657,0.2512447209903735
T001256,0.47278993110580897,0.5285566919143355,0.3700572260104758,0.4104413687641363,0.5285566919143355,0.6573934038130841,0.37290376007908577,0.5139840380135169
T001257,0.6667229992079317,0.6104765969751808,0.7743918011955204,0.665481745392309,0.6104765969751808,0.6089321977986751,0.665481745392309,0.6104765969751808
T001258,0.847249172981225,0.6184533644828777,0.4455656073230003,0.5558316207219048,0.6184533644828777,0.6184533644828777,0.5391247919926119,0.6948671201543147
T001259,5.740459826738176,2.1275511747068636,2.2059855748155943,3.874155413643243,2.1275511747068636,2.1275511747068636,2.828712041771263,6.336274667481479
T001260,1.5720319350482523,1.5720319350482523,1.5501851000027715,1.369415440491999,1.5720319350482523,1.5720319350482523,1.369415440491999,1.5720319350482523
T001261,0.4259585351037,0.43997781506469436,0.43565113772114655,0.43997781506469436,0.43997781506469436,0.43149203999454183,0.44514408161686675,0.4185048412926207
T001262,0.17180045886660322,0.17238428977225595,0.1697120733876706,0.29924355550788756,0.17238428977225595,0.22282085889160158,0.1775004605306579,0.29924355550788756
T001263,3.804942941378498,4.201806559812409,3.7793581676951695,4.0361821123961255,4.201806559812409,4.0361821123961255,4.127611080815865,3.935958906461316
T001264,0.3022084616008904,0.3072567163677379,0.2336619760947917,0.2994465733835068,0.3072567163677379,0.31320074516162427,0.3072567163677379,0.5235768053778168
T001265,0.35954716373830325,0.37018455405533124,0.3655935093511053,0.37018455405533124,0.37018455405533124,0.4342916185782991,0.37018455405533124,0.33633124616164534
T001266,0.8687124027959848,1.1102485018730481,0.7744319365671198,2.3147143004135633,1.1102485018730481,0.7086302357954126,1.7477206802181904,1.530955378713584
T001267,0.34868756004179463,0.3702565013040907,0.3660228416160536,0.3702565013040907,0.3702565013040907,0.4638936802948884,0.3702565013040907,0.3364332040028577
T001268,0.4749510392438319,0.45910929278311874,0.4749510392438319,0.46547881922227047,0.45910929278311874,0.626452958968785,0.46547881922227047,0.46547881922227047
T001269,0.5455816831773921,0.1698539333942895,0.3548713310804642,0.6136681055778512,0.1698539333942895,0.5051335712293169,0.1698539333942895,0.7533407072073582
T001270,1.547642594259708,1.547642594259708,1.6848281407277428,1.679370440040284,1.547642594259708,1.547642594259708,1.670769410223136,1.547642594259708
T001271,0.20050097772533168,0.2300396274485653,0.38640719156972203,0.2134218710694492,0.1476784948669796,0.15283642263060135,0.2300396274485653,0.5565372244564522
T001272,0.13189457658869425,0.5105573448804003,0.4771909766176992,0.40577027173388147,0.5105573448804003,0.37633902363563737,0.5105573448804003,0.7199678094283316
T001273,0.14313952132272537,0.10776698256782817,0.1665734120644295,0.1036380572393436,0.10776698256782817,0.10298919276155599,0.10905079251322605,0.14312643141089748
T001274,0.7127311420647097,0.7127311420647097,0.7127311420647097,0.5176437570975958,0.7127311420647097,0.7127311420647097,0.6799566375558093,0.9431465679016344
T001275,0.3751978910078988,0.49238670120162575,0.34932877640905624,0.49238670120162575,0.49238670120162575,0.47283791985649226,0.49238670120162575,0.46030952480445436
T001276,0.2315573735247788,0.3989087979580396,0.25508857916108807,0.3989087979580396,0.3989087979580396,0.37763477510912236,0.3989087979580396,0.4419284282786768
T001277,0.41881246911461084,0.4419442640566121,0.4750508185506476,0.4419442640566121,0.4419442640566121,0.4419442640566121,0.4419442640566121,0.6338065303904941
T001278,0.17767907854608997,0.13253199834353224,0.14667596524529125,0.13253199834353224,0.13253199834353224,0.13253199834353224,0.13253199834353224,0.43513565633734136
T001279,0.31620170700056344,0.1891387499916611,0.18637239951034484,0.20984651428429785,0.1891387499916611,0.20984651428429785,0.19944232818197752,0.1580068369295342
T001280,0.26244717683876023,0.3930287670381408,0.35697425803034544,0.3930287670381408,0.3930287670381408,0.3930287670381408,0.332642549805754,0.2697362541021142
T001281,0.11453332960098662,0.07869174230238972,0.13669767270928176,0.07869174230238972,0.07869174230238972,0.10082119674484168,0.07869174230238972,0.1196364385227374
T001282,0.29958977748372506,0.4319247841569977,0.4192664853411164,0.5073322163806347,0.5460776002644488,0.4319247841569977,0.5309027219521942,0.6275436900345757
T001283,0.5950466381460203,0.9013448812891214,0.6683351980018427,0.9013448812891214,0.9013448812891214,0.7440908900638401,0.9281912795778152,0.4370807708242955
T001284,0.44347582059665347,0.38819894578115927,0.35354806672749994,0.38819894578115927,0.38819894578115927,0.4274543979181788,0.38819894578115927,0.16995063656583698
T001285,0.8713006984443853,0.7705942217506616,0.7531758647864383,0.7705942217506616,0.7705942217506616,0.7472437188202371,0.5851533714264386,0.5777879956652229
T001286,1.1042060972532899,1.0599346692638218,1.1343338189278886,1.0573893187553838,1.0599346692638218,1.0599346692638218,1.1082366966434214,0.9491637434602305
T001287,0.09567162648916785,0.08891845292179171,0.03275003013540197,0.08891845292179171,0.08891845292179171,0.0638303672439299,0.08891845292179171,0.04310487616698825
T001288,0.07785624428452886,0.07165532100565716,0.09443807040566268,0.07250314649485964,0.07165532100565716,0.1149675507864739,0.07165532100565716,0.14168063818303492
T001289,0.17010982428499133,0.17010982428499133,0.17010982428499133,0.20152400208260587,0.17010982428499133,0.17010982428499133,0.20152400208260587,0.29680056739806715
T001290,0.11813734454249647,0.11813734454249647,0.06294448757709645,0.11813734454249647,0.11813734454249647,0.10361453017034916,0.1545775435755479,0.06947628022489201
T001291,0.42253931998316113,0.3810277349625387,0.3799377658334877,0.3810277349625387,0.3810277349625387,0.3810277349625387,0.42253931998316113,0.35198779930890134
T001292,0.19550870686832705,0.1717766054097231,0.17225172858410065,0.1676976142737076,0.1717766054097231,0.05368064940607785,0.168025432420448,0.17794815703190642
T001293,0.20324496377195939,0.05851234665885358,0.1693823479504479,0.243205829707529,0.05851234665885358,0.2596382010192758,0.0873340518760533,0.05363977385701232
T001294,1.1251337592959363,0.4570318290638656,1.3853139842499036,0.5225570815125531,0.4570318290638656,0.4570318290638656,0.9003994578731375,0.9003994578731375
T001295,0.14126265542673624,0.140389318142319,0.14146630472747346,0.14090516082038634,0.140389318142319,0.3207348554649369,0.138277080608293,0.17421930927410612
T001296,0.08995644193560391,0.08995644193560391,0.09497990447663693,0.06284357938803388,0.0,0.0,0.08995644193560391,0.21719408234001616
T001297,0.07770320318895062,0.0930694361405813,0.07770320318895062,0.07852748423507169,0.0930694361405813,0.07496796774550434,0.0930694361405813,0.08070402210260978
T001298,0.23306877520188113,0.5444563739528567,0.2920354846856356,0.5820037871705402,0.5444563739528567,0.18970557082982678,0.2669014532431415,0.46542227098478195
T001299,0.19802428712006512,0.0655621612286234,0.13637337138660202,0.10232648687738641,0.0655621612286234,0.11184471109445325,0.1273133966665019,0.04241698167460128
T001300,0.15631127621121743,0.1181353756169113,0.2124072509363393,0.1181353756169113,0.1181353756169113,0.1149620986329256,0.1181353756169113,0.1309283876987417
T001301,0.3301909954457126,0.08567369232339431,0.3105077578203735,0.08093729987310506,0.1201480521667303,0.08567369232339431,0.11636801319787503,0.08848267640458508
T001302,0.8009415062889517,0.7009273691219613,0.8009415062889517,0.5549101882635478,0.7009273691219613,0.7009273691219613,0.7804060615378398,0.6430836105879635
T001303,0.46762805059349755,0.48701966079554176,0.34907581483982675,0.48701966079554176,0.48701966079554176,0.48089510631330057,0.4787603253578372,0.5196376664933517
T001304,0.3139085829456391,0.3444662695818472,0.2963900166583796,0.3444662695818472,0.3444662695818472,0.33958748685189305,0.368165668659328,0.46297866218751804
T001305,0.4320649583521532,0.48576728574566025,0.4320649583521532,0.48576728574566025,0.48576728574566025,0.48576728574566025,0.4793880879166492,0.7511077251065899
T001306,0.313080236573462,0.327681552586543,0.3608493430229671,0.327681552586543,0.327681552586543,0.31555213661259834,0.2739948826078494,0.2667620274929732
T001307,0.26119652766631624,0.22361996227475142,0.23787904652814137,0.22361996227475142,0.22361996227475142,0.22361996227475142,0.22361996227475142,0.25334941522583765
T001308,1.0812952165835048,1.0141192473749958,1.0558891162982582,1.0690129286469785,1.0141192473749958,1.0141192473749958,1.0194285080595376,0.67572315950635
T001309,0.9245698818076624,1.057464443604876,1.0825724629977425,1.0872995061121147,1.0494033092129307,1.0499740272817675,1.019795412236274,1.019795412236274
T001310,0.6564816626412486,0.3682778968022678,0.6693145560574909,0.35294640851797976,0.3682778968022678,0.3682778968022678,0.3492823502455759,0.6020371548436664
T001311,0.1476679448761935,0.15194445017177932,0.14605904135329256,0.15194445017177932,0.15194445017177932,0.15194445017177932,0.15194445017177932,0.16321351459940348
T001312,0.39138557623231046,0.39138557623231046,0.39138557623231046,0.362732442215844,0.39138557623231046,0.39138557623231046,0.3826961545590052,0.3966684010919984
T001313,0.060321187438716034,0.057959049230081744,0.05979703988438427,0.0703941326561982,0.057959049230081744,0.13423325144778595,0.057959049230081744,0.048977418039159414
T001314,0.2340757821586705,0.19719150504600874,0.23433666351375085,0.18385427237138927,0.19719150504600874,0.2113957526972512,0.20014103509496858,0.19594747390358574
T001315,0.5284098349571321,0.5104988215385079,0.5229730289662661,0.529170067254251,0.5104988215385079,0.8145346512333005,0.5284098349571321,0.6109627197993245
T001316,0.15401514573921948,0.21823670658775352,0.16819580050444116,0.15966417734973518,0.21823670658775352,0.21823670658775352,0.21823670658775352,0.20592652251729776
T001317,0.3488977976621071,0.4113287217291134,0.34358644803140725,0.28891137141147655,0.4113287217291134,0.22586370912257647,0.46509248128921377,0.32810335077282954
T001318,0.4582677355922415,0.540174351163199,0.4587601880042126,0.4650967480675175,0.540174351163199,0.5625910829721131,0.4650967480675175,0.6928065833224405
T001319,0.19594492698597737,0.2267546275290049,0.2411953171143065,0.2267546275290049,0.2267546275290049,0.30993221728745934,0.2267546275290049,0.3019024947232375
T001320,0.394308243170868,0.4345174237535791,0.43297159434169874,0.4345174237535791,0.4345174237535791,0.4396061739153589,0.4267732341052487,0.3911981489998449
T001321,0.18543678198328556,0.18465145248971113,0.18465145248971113,0.1828529796458731,0.18465145248971113,0.2136691520365269,0.1900951730018474,0.1621412040499779
T001322,0.35986325080307124,0.40570142744372745,0.3663187495999939,0.3850806119886221,0.40570142744372745,0.3697304266091635,0.3707419215257878,0.7653546309467245
T001323,0.8808033804557216,0.9022949841115945,0.8857853140275688,0.9022949841115945,0.9022949841115945,0.9022949841115945,0.9022949841115945,1.1801166491588666
T001324,0.3500580311736514,0.31823434356322267,0.3058177926264143,0.3058177926264143,0.31823434356322267,0.48692685227986837,0.35373124070266054,0.577659110550042
T001325,0.4694906494890509,0.4772742084405806,0.4514896490784408,0.4514896490784408,0.4772742084405806,0.7465504830089338,0.47744974732470224,0.74439674270581
T001326,0.14319378394315468,0.16745612945338814,0.2204793177726321,0.1886617454819954,0.16745612945338814,0.47532338843945393,0.1886617454819954,0.20197710070113817
T001327,0.3032733268010659,0.25964240608075556,0.26625038976682824,0.2893968802696505,0.45256035500494174,0.25964240608075556,0.45256035500494174,0.3645701808730918
T001328,0.17500605579542683,0.24338183952570597,0.19555105027916939,0.21567079451621143,0.24338183952570597,0.3168121096926557,0.24338183952570597,0.5264420025513585
T001329,0.7444376953675925,0.6622378641946861,0.734130057530026,0.734130057530026,0.5932352131695964,0.6622378641946861,0.7129174553729072,0.7129174553729072
T001330,0.4124334314598782,0.4409649969229158,0.4626695685011851,0.4409649969229158,34.70428302654406,0.5373885211655788,0.4198964681587346,0.6738384163332525
T001331,0.24849260670556678,0.28319559052242954,0.26486899954835613,0.2808420541070474,1.4272061913662968,0.20614963433376146,0.2935258240628238,0.17415692574168587
T001332,0.24536573218572505,0.4177071176206356,0.18910237070520086,0.4177071176206356,0.30146479877763854,0.40524425273020015,0.4156330994353097,0.21897237631398783
T001333,0.3655355832631406,0.391708507726408,0.3515707443556517,0.3315705206268944,0.3776816624277114,0.4584239990312661,0.391708507726408,0.41266810746190336
T001334,1.3138091087420807,0.6406983025665548,0.6459150679535578,1.3138091087420807,1.2996698365573358,0.4678973995918911,0.6406983025665548,1.621981965233182
T001335,2.0848906295719547,2.5673391837312534,2.2202853066076647,2.451692140380412,2.5673391837312534,2.164992019038791,2.5673391837312534,3.6842424885939105
T001336,2.742606906197893,0.7665109895181375,2.500252836978955,1.7385519059133239,1.7072193008034027,2.742606906197893,0.7665109895181375,1.1009517720517161
T001337,1.5524618050097712,2.1105202937032597,1.8918299429038554,1.5524618050097712,2.1105202937032597,0.9889893317958404,2.1105202937032597,1.0478925360992453
T001338,0.1867924314947432,0.1867924314947432,0.18709257362876475,0.16484938051610282,0.1867924314947432,1.2520132764097185,0.1800661249559534,0.1867924314947432
T001339,0.5905691609980246,1.308573635549529,1.0834982188816724,1.4208128898414218,1.308573635549529,1.308573635549529,0.9942201599249205,1.2389846454491245
T001340,1.5166998790045034,0.6708830881857185,1.4327699694216132,1.0870520109776056,1.0763317687870784,0.8211063006223658,0.8677570447811805,1.023901744992845
T001341,0.9877289080158105,0.777143061827328,0.851230663668813,0.8539660269437767,0.777143061827328,0.7362803591826212,0.777143061827328,0.8896451907326023
T001342,2.3112726585848127,2.423954958136213,2.2653684686365527,2.3684831754012063,2.423954958136213,2.333401421377205,2.333401421377205,3.1855841371079276
T001343,2.833697594951202,2.4544706394463187,2.3973195349660625,2.4544706394463187,2.5200697305559263,2.4544706394463187,2.9803734201005567,3.771755726413191
T001344,0.5815039404089455,0.5815039404089455,0.5951191856564829,0.2861018732435494,0.5815039404089455,0.5815039404089455,0.5761368067159476,0.2861018732435494
T001345,0.580523125110699,0.8177735354218973,0.5685060771405867,0.580523125110699,0.8177735354218973,0.8177735354218973,0.580523125110699,0.4124735732222648
T001346,2.193111303804838,2.212567522583313,2.347966321675665,2.202977108761616,2.212567522583313,2.212567522583313,2.400926896124561,2.3435178758420996
T001347,0.1399269626144058,0.12245353601898977,0.06532075892925866,0.13666132941935197,0.12245353601898977,0.12245353601898977,0.1399269626144058,0.13666132941935197
T001348,0.1012540106786567,0.10894476489455704,0.2010364881194597,0.13010491544679614,0.10894476489455704,0.10894476489455704,0.10894476489455704,0.10164289568455966
T001349,0.42126710965205577,0.41900867455537255,0.38450820880186076,0.41900867455537255,0.41900867455537255,0.41900867455537255,0.4216305582225486,0.42126710965205577
T001350,1.153101687196347,1.1658731318315505,1.120694547668128,1.1879564898583224,1.1658731318315505,1.1021668152861501,1.1549147947852767,1.2723324755420387
T001351,0.22755519377557235,0.22755519377557235,0.20056688517781976,0.20056688517781976,0.8778970693698419,0.21546423876038306,0.19388427509023703,0.41429719409197396
T001352,0.9177410879458897,0.609330582116628,0.8625074238823366,0.5970854154839098,0.609330582116628,0.7825637255349166,0.609330582116628,0.9177410879458897
T001353,0.4243672493544752,0.21346011956274932,0.6037498791688208,0.41287850697994016,0.21346011956274932,0.20469057946465047,0.3909013499098368,0.6037498791688208
T001354,0.4841429653213016,0.5515020905214866,0.6137606714299935,0.6369020788682955,0.5515020905214866,0.941508447287854,0.538103450079626,0.6137606714299935
T001355,0.1787946250417013,0.18093273943313318,0.20125029947363793,0.22337919996757385,0.18093273943313318,0.39170194641386286,0.18256735576343072,0.44196121330246185
T001356,1.2179491549612425,1.4362229402785787,1.3507013194689532,1.2951079473925728,1.4362229402785787,1.4362229402785787,1.2951079473925728,1.0895472718378307
T001357,0.8869821539722924,0.611591109352791,0.8837839605695159,0.6213943296845963,0.611591109352791,0.6349765895581356,0.8821428188512583,0.5946099540167905
T001358,0.5998002191350805,0.5597870436871369,0.35233710845366856,0.5597870436871369,0.5597870436871369,0.5660377358490566,0.45891642293914003,0.5660377358490566
T001359,0.6699741523339046,0.5667644351821309,0.69951032252727,0.5779107514757068,0.5667644351821309,0.5667644351821309,0.6622749368252004,0.5667644351821309
T001360,0.42580453227743703,0.41127300277579326,0.4857477334756663,0.4561256344639971,0.41127300277579326,0.41127300277579326,0.36826848894280323,0.41127300277579326
T001361,0.8096104860729346,0.7584889072417628,0.7584889072417628,0.5600617067664801,0.7584889072417628,0.7584889072417628,0.7584889072417628,0.5616731058501858
T001362,0.5903490655216165,0.6463219667400032,0.6065144354938015,0.7361163250001792,0.6463219667400032,0.6463219667400032,0.7242012372188558,0.7554819972203444
T001363,0.46317673268192816,0.607710576975921,0.4564991548032064,0.6615282219104854,0.607710576975921,0.5872417097861431,0.5711770525917832,0.607710576975921
T001364,0.8264024794967515,0.545553430773115,0.836478415438715,0.47909683120027163,0.545553430773115,0.545553430773115,0.7950861990508492,0.5181711606096132
T001365,0.7538484178093839,0.7898244566805338,0.4973713249905499,0.7898244566805338,0.7898244566805338,0.7898244566805338,0.7464958572354149,0.7898244566805338
T001366,0.3949319495927922,0.11809392863722729,0.28975132813350185,0.11809392863722729,0.11809392863722729,0.07780375768937663,0.3993772460676173,0.11809392863722729
T001367,0.23599455635522776,0.1661402561215077,0.31591576667210786,0.18402446857946217,0.1661402561215077,0.1661402561215077,0.47988750993086227,0.12468393387618844
T001368,0.34417439859300636,0.34417439859300636,0.3546257855066956,0.31453863557443945,0.34417439859300636,0.34417439859300636,0.34417439859300636,0.36349311568556564
T001369,0.1031545657418419,0.37999371370545765,0.34122507474478647,0.2558759888473576,0.37999371370545765,0.37999371370545765,0.12636685436904602,0.34122507474478647
T001370,0.8472217559643714,1.1637879286395265,0.8576972634187244,0.8837923243005913,1.1637879286395265,1.1637879286395265,0.8339408900722709,0.9047710567189163
T001371,0.12267261811261011,0.11786515863182274,0.11698783241699097,0.11786515863182274,0.11786515863182274,0.38580080395053234,0.11295989916980925,0.3092148808989347
T001372,0.11748787151661469,0.1259805046126998,0.32744552758879464,0.15461403544782945,0.1259805046126998,0.1259805046126998,0.253217755397557,0.3777021437637239
T001373,0.2959357871895611,0.2154629122707616,0.2568105970902937,0.17772399552849424,0.2154629122707616,0.2154629122707616,0.45281979364773983,0.15264733984293072
T001374,0.13221003569843867,0.09524569944189162,0.09124232203399563,0.13221003569843867,0.09524569944189162,0.3079314179429681,0.12484871363619812,0.13679083632439037
T001375,0.2282366502434578,0.2218411699187052,0.2218411699187052,0.22538861406469438,0.2218411699187052,0.17630698361160413,0.21615230732145066,0.2206218644136259
T001376,0.7549554730900372,0.6459188802416209,1.1989455248351988,0.7608413494887062,0.6459188802416209,0.8105044422796499,0.6459188802416209,1.5570164254925152
T001377,0.8458129407436011,0.9194374524583294,0.8421075474361613,0.8421849590844025,0.9194374524583294,0.9049910493561847,0.921658640762963,1.85467276781588
T001378,0.5066833442812828,0.4424039930295535,0.5118256711382962,0.41090704661488153,0.4424039930295535,0.5009582169072597,0.3906631987568955,1.6959983521873376
T001379,1.0031100177199725,0.8982516942762044,1.078630052772451,0.9058946912377654,0.8982516942762044,0.9142468676606276,0.9677741245901603,0.9377255897308483
T001380,0.710582657042476,0.6905140177807009,0.6311640561509776,0.7325998002938137,0.6905140177807009,0.7543506680388457,0.7581532449899421,0.7872242579571889
T001381,0.5744348160995987,0.48775264464441,0.643098514093191,0.48775264464441,0.48775264464441,0.49425995966740216,0.48775264464441,0.4848546560639775
T001382,0.748833066446873,0.7550493959873347,0.6368978060978552,0.7550493959873347,0.7550493959873347,0.7550493959873347,0.8715324071174165,0.5784544608739545
T001383,0.7387773052196407,0.8208911381536735,0.8441295793858387,1.1317607571005868,0.8208911381536735,0.8208911381536735,1.101697299570219,0.8137556160668613
T001384,1.454162462161306,1.454162462161306,1.7154537555659581,1.454162462161306,1.454162462161306,1.454162462161306,2.0629944612829436,0.8852777113653767
T001385,0.7427069050980762,0.6496983473906575,0.7275681890658385,0.7275681890658385,0.6496983473906575,0.679835393398893,0.6685912093780098,0.7188476840530651
T001386,0.6436042323633014,0.8192266851901702,0.821073769416989,0.8192266851901702,0.8192266851901702,0.9615324388841506,0.8853578369383107,0.7421904298929869
T001387,0.7422934267611013,0.7000614666200381,0.7000614666200381,0.7000614666200381,0.7000614666200381,1.267303611951391,0.7556858229764148,0.7538776905825624
T001388,1.1413952650915173,1.2026531539995609,1.0028261899657254,1.2863695377060456,1.2026531539995609,1.0028261899657254,1.2863695377060456,0.9942382174239448
T001389,0.759428167340792,0.792099140034883,0.792099140034883,0.792099140034883,0.792099140034883,0.792099140034883,0.759428167340792,0.7691460275050273
T001390,0.5183492828422368,0.6685074093025064,0.5183492828422368,0.6685074093025064,0.6685074093025064,0.8027633959599938,0.6685074093025064,0.5846198398443431
T001391,0.7001182695527474,0.7001182695527474,0.6559136841751795,0.7001182695527474,0.7001182695527474,0.7001182695527474,0.7001182695527474,0.6559136841751795
T001392,0.76714792326297,0.76714792326297,0.8040992803074807,0.7981033349339052,0.76714792326297,0.76714792326297,0.76714792326297,0.7981033349339052
T001393,0.6217824221354611,0.6283230888557629,0.6283230888557629,0.6283230888557629,0.6283230888557629,0.5920244668898279,0.614351417581158,0.5521406883869246
T001394,0.6434395438931341,0.630958017150923,0.6820248884600532,0.6434395438931341,0.630958017150923,0.630958017150923,0.6277339336111546,0.6779137574489166
T001395,0.47634457064065966,0.4771297908323777,0.47495089568761134,0.47495089568761134,0.4771297908323777,0.5443549441263,0.4795146255534861,0.473718640263855
T001396,0.926965433990055,0.8759468058030376,0.8648572112888503,0.9048556617011378,0.8759468058030376,0.8648572112888503,0.9364394895855581,0.8787356549370736
T001397,0.9271560434363644,0.9805479679633363,0.8537117661639941,0.9805479679633363,0.9805479679633363,0.9805479679633363,0.9805479679633363,0.8829853683891669
T001398,0.46305681526862524,0.46305681526862524,0.4444445283539497,0.5103954198263099,0.46305681526862524,0.46305681526862524,0.4635134999979682,0.4877626628976755
T001399,0.0714223730959426,0.36181693503928547,0.08019473693913601,0.36181693503928547,0.36181693503928547,0.4250891318799644,0.22464059537833078,0.4663656260608518
T001400,0.2933618327850954,0.6375783442796268,0.26445395053380516,0.40389760441842193,0.6375783442796268,0.6375783442796268,0.4038574035728123,0.6751272590534598
T001401,0.12223263529172597,0.364736223677132,0.721328648434407,0.364736223677132,0.364736223677132,0.28132426486095197,0.24242083163435726,0.5583841667092724
T001402,0.0732211611044177,0.13655405748851268,0.0632665887643439,0.09652673084440923,0.13655405748851268,0.3639459620481069,0.13707792948487046,0.06399168517739964
T001403,0.19111329068899588,0.08009146834603538,0.18492377700277976,0.0803366674519525,0.08009146834603538,0.08009146834603538,0.07952599290110325,0.28970304492907273
T001404,0.784006748922979,1.031841281469382,1.257904999737313,1.0393746007332236,1.031841281469382,1.031841281469382,0.8911083551410339,0.9042885370721163
T001405,0.6862015101402174,1.747019511432669,0.6606731012690055,0.6473020246929518,1.747019511432669,0.5241635707908056,0.6473020246929518,0.673202401538727
T001406,0.3826662014839815,0.1402578324418937,0.962654083705696,0.1384616150775053,0.1402578324418937,0.12115331783357941,0.13148602034156434,0.13445571158857278
T001407,0.10524672099564977,0.2749654307173418,0.10640502864664714,0.2495759876031313,0.2749654307173418,0.4822879123773043,0.2495759876031313,0.4158388500313224
T001408,0.4202879635767171,0.20102490399744743,0.3711492137648251,0.1977065537255226,0.20102490399744743,0.20102490399744743,0.2040644360484115,0.20102490399744743
T001409,0.16002991140797598,0.6276879133089222,0.14655513330669723,0.4301395666124402,0.6276879133089222,0.7660548592237522,0.5810817082194822,0.18367716693277805
T001410,0.5308625872635198,0.10902918314564734,0.20376739646614214,0.10902918314564734,0.10902918314564734,0.1083206927778538,0.10902918314564734,0.10902918314564734
T001411,0.47720730738698697,0.39222108568223035,0.4828654559893568,0.49186049653775515,0.39222108568223035,0.39222108568223035,0.45494522694535944,0.47838598133736265
T001412,0.22187835790874003,0.35928084479167954,0.23326745559710105,0.35928084479167954,0.35928084479167954,0.3053361702442969,0.09546977929121432,0.3989556578250069
T001413,0.46275597930971063,0.6753684848988405,0.46566058203750665,0.6753684848988405,0.6753684848988405,0.8506231834392358,0.6753684848988405,0.744952969852485
T001414,0.10647969155292762,0.08460726722417497,0.09712013689766524,0.03597717212126207,0.08460726722417497,0.08460726722417497,0.05592474491175336,0.158484090658289
T001415,0.20763000373575793,0.1798198836345337,0.3185862166410311,0.1798198836345337,0.1798198836345337,0.2146455351341709,0.14135516690069103,0.14135516690069103
T001416,0.23268557376929988,0.2548669943608951,0.22685280033942445,0.21969742717316518,0.2548669943608951,0.2548669943608951,0.21969742717316518,0.315025027531462
T001417,0.20756048188367693,0.3629802332608556,0.17386548120755238,0.3629802332608556,0.3629802332608556,0.41579904965567405,0.3497353949723562,0.24931900412233005
T001418,0.316674132095735,0.41898024759341673,0.32293657888630817,0.4579534765505302,0.41898024759341673,0.41898024759341673,0.41898024759341673,0.4481443641353837
T001419,0.3278990461745672,0.2344288224220547,0.3278990461745672,0.24536550130384105,0.2344288224220547,0.12881906430707232,0.2858001921464917,0.18496249135795714
T001420,0.48239441870787625,0.3347158418703182,0.4751588573196367,0.19189711371050014,0.3347158418703182,2.4533512459315605,0.3347158418703182,0.5549688541743675
T001421,0.28575463051772254,0.25921152646922463,0.14262071887969727,0.25921152646922463,0.25921152646922463,0.2921245199201937,0.28575463051772254,0.28575463051772254
T001422,0.19307910779162654,0.1353420137704945,0.27322891031356816,0.037588999441243394,0.1353420137704945,0.07883377102471285,0.1353420137704945,0.4010187828332069
T001423,0.20828171112369698,0.20436622363482715,0.21232048298149375,0.22609034607530268,0.20436622363482715,0.20861018052754132,0.21958395543117723,0.19725731754405582
T001424,0.3035309058147334,0.2766468161592045,0.3033638356315105,0.25482684238146236,0.2766468161592045,0.24277887113199692,0.2766468161592045,0.25029754121308584
T001425,0.18688186199226633,0.388120259118376,0.21491250705362125,0.4839025965571731,0.388120259118376,0.5203409349707147,0.3156361987070855,0.47664047679050814
T001426,1.1420329598921004,0.9900853657937806,0.7107545377478789,0.9900853657937806,0.9900853657937806,1.0128232613166281,0.988188419308447,0.988188419308447
T001427,0.19086414940393126,0.1000108417259048,0.2903966908349691,0.1000108417259048,0.1000108417259048,0.13839303499236427,0.09061264275120937,0.13839303499236427
