unique_id,Meta-Regr,MetaARIMA,No-PCA,Reg-Chain,No-SH,MonteCarlo,MO-Regr,AutoARIMA
T000000,0.31272640394902634,0.7392892625274846,0.3192261041769893,0.7184087279125188,0.7392892625274846,0.7392892625274846,0.33993034084713847,0.7184087279125188
T000001,0.6610075602467115,0.45670521491510874,0.5802256444624677,0.8098180152160839,0.45670521491510874,0.35743550115277567,0.35743550115277567,0.6302798637755809
T000002,0.7240019269352174,0.3472678930100902,0.7840693369562564,0.5759083325793057,0.3472678930100902,0.48007588089956643,0.7487315886714974,0.7498324729326424
T000003,1.5554335900566436,0.731430850263031,1.2967974568570195,0.731430850263031,0.731430850263031,0.731430850263031,1.3383887048355887,0.8730744052304914
T000004,2.9944775646115196,2.369947446721964,2.46639728404087,1.7627059894442647,2.369947446721964,1.782477535486042,2.520138134231039,1.816378058663533
T000005,2.2788195505913817,0.4092152507534438,2.1014110212575954,0.8538807220997425,0.4092152507534438,0.4092152507534438,0.4092152507534438,1.1243849887463249
T000006,0.19429122546633598,0.7641200385972384,0.20614502077013716,0.7641200385972384,0.7641200385972384,0.7641200385972384,0.8010217003391121,0.57111672347501
T000007,0.3624686793012456,0.31213226319903337,0.3983347112544998,0.31213226319903337,0.31213226319903337,0.2857296271413556,0.3204722559938282,0.30663269541469235
T000008,0.663833024923046,0.48730509340067435,0.6725440181227536,0.48730509340067435,0.48730509340067435,0.48730509340067435,0.5319925453776766,0.48730509340067435
T000009,0.6408841479227804,1.48067672832751,0.6600057780553612,1.48067672832751,1.48067672832751,1.48067672832751,0.6227610893455615,1.48067672832751
T000010,2.223133438568104,2.223133438568104,2.3454948888895695,2.223133438568104,2.223133438568104,2.6564007088003727,2.2035707906099393,2.60775796728033
T000011,0.6902896255733788,0.69386945131665,0.2223912591032962,0.22585908420248124,0.69386945131665,0.28111885896088257,0.22585908420248124,0.2474289826730907
T000012,4.009587863662005,4.150925399199704,3.503677821504239,4.337660837599018,4.150925399199704,4.150925399199704,3.4454489177674996,4.162099762293401
T000013,0.4218139568548802,0.36427143149951347,0.3578214917621232,0.4041219123172032,0.36427143149951347,0.8352684201988899,0.36413625497375046,0.6979452527950952
T000014,0.5504371177179304,0.7465057821220548,0.7572136610092897,1.621407512816893,0.7465057821220548,0.6293448908324785,1.6632931017318142,0.7142795557035375
T000015,0.42389240740525264,0.42389240740525264,0.5404322045640351,0.42389240740525264,0.42389240740525264,0.42389240740525264,0.4301055208618666,0.4810150863682722
T000016,0.32089647593587317,0.2547211149885704,0.3095262567604788,0.28381880233800666,0.2547211149885704,0.5585559662802791,0.28381880233800666,0.50187632685458
T000017,0.46505097930605893,0.6105158527039172,0.47716218674059085,0.5647050545207027,0.6105158527039172,0.6105158527039172,0.5376763346183101,0.6742411983625101
T000018,3.00450492498669,1.9016799666751667,3.025182830061356,1.9016799666751667,1.9016799666751667,2.1406505320974314,1.8553782483101182,1.8553782483101182
T000019,1.355977254963566,1.5166950762499112,1.444130951441416,1.557993199193136,1.5166950762499112,0.12753317469909112,1.0895690492291912,0.1412088578616159
T000020,2.4802168580890234,2.373829401515856,2.423757770789603,1.5836826542889322,2.373829401515856,1.2881703814498007,2.3454489348871834,2.423757770789603
T000021,0.2518743776596308,0.5421116309722138,0.31922511321167146,0.2903407891455063,10.619011387535046,0.3570394618231912,0.2961218197319907,0.3767477966957802
T000022,2.0890397895880364,2.0890397895880364,1.938650306911831,2.286522556056507,2.0890397895880364,2.1504228346418244,2.0890397895880364,2.0890397895880364
T000023,0.4026436954364079,0.8692216223356863,0.449094272948179,0.8692216223356863,0.8692216223356863,0.8692216223356863,0.42950540068198273,0.8460279264316799
T000024,5.0395344102392094,5.127320550026288,5.132494943239054,5.132494943239054,5.127320550026288,5.645878925174538,4.893107919992691,5.093901339116032
T000025,1.5881739936045445,1.6186901358752885,1.5446280152614646,1.072227849771788,2.7583538831194216,0.9073887141143782,1.206461181494548,1.4276681875785202
T000026,1.1802539379011947,1.7388886039106162,1.319232939625711,2.086313872086601,1.7388886039106162,1.7388886039106162,1.7388886039106162,2.1083724538052326
T000027,2.035014484132126,2.6100559739771536,1.8624827001952582,2.554370841360293,2.6100559739771536,2.6100559739771536,2.554370841360293,2.554370841360293
T000028,0.7518952096475847,0.6811739139790162,0.740757031283204,0.7081043547869048,0.6811739139790162,0.6811739139790162,0.6811739139790162,0.6276037289294935
T000029,1.6311253216532122,1.5900278679618514,1.091409010469471,1.1128654518173418,1.5900278679618514,1.5900278679618514,1.6311253216532122,1.6072109806715205
T000030,4.417255644571346,5.177104188325633,4.428110120941221,4.671202603092268,5.177104188325633,5.177104188325633,5.177104188325633,4.417255644571346
T000031,0.23129257403621825,0.19248926492711135,0.22803787595479816,0.3631970647195028,0.19248926492711135,0.3470558328169731,0.19248926492711135,0.19256150883996712
T000032,1.1260113695907552,0.7588274125667865,1.1260113695907552,0.5560256137141066,0.7588274125667865,0.7545201809418843,0.7525507790836172,0.7525507790836172
T000033,0.9716426086082187,0.9416573089768694,0.9416573089768694,1.1517213115396705,0.9416573089768694,1.5444299704636455,0.9416573089768694,1.6392570527334027
T000034,0.29839866755487443,0.620394572095136,0.26360998458850715,0.620394572095136,0.620394572095136,0.620394572095136,0.620394572095136,0.5772781259922147
T000035,0.5078675390631019,0.5178494319623738,0.86187034963242,0.8771966110081706,0.5178494319623738,1.175054490104111,0.8694079672950534,0.9894196543116103
T000036,0.28437938003200486,0.9106062922996657,0.4737471015181408,0.21089828697449958,0.9106062922996657,0.9106062922996657,0.40761282004836613,0.2269676002927489
T000037,1.1350339143690007,1.2096630292763855,1.2295943033280936,1.2185003524812634,1.414151352963068,0.9509681036509972,1.2377404436424464,0.927795433766259
T000038,1.5242586734724088,1.6263165527440484,1.3493828529189809,1.5861517907766571,1.6263165527440484,2.452076202933794,1.5891504053746404,2.534012762053264
T000039,0.5312443313373074,0.7048310593665721,0.7374253999318777,0.9141845450191962,0.7048310593665721,0.7048310593665721,0.7048310593665721,0.7776519843526392
T000040,0.9206112750074722,0.9122807931434577,2.0830579217199436,1.7015661547567476,0.9122807931434577,1.4475079238176065,0.9122807931434577,2.217732290598061
T000041,5.337618868277468,4.838910587336311,5.547442533412308,4.892971501991584,4.838910587336311,4.838910587336311,4.838910587336311,4.838910587336311
T000042,1.0847441143777288,1.2353800365237824,1.1060624821523948,1.2353800365237824,1.2353800365237824,1.2353800365237824,1.2353800365237824,1.3239351398214583
T000043,0.24337306429952835,0.2406084704067498,0.28147151019500505,0.22992530953428006,0.2406084704067498,0.2406084704067498,0.2406084704067498,0.04159989753331516
T000044,0.8172349653527167,0.8172349653527167,0.8280231557617542,0.3974163435722934,0.8172349653527167,0.8172349653527167,0.3974163435722934,0.5555063192351132
T000045,0.6368900925519301,0.6990433976862219,0.5980633151139652,0.8713890719219962,0.6990433976862219,0.6990433976862219,0.5467423328416433,1.2005269601965873
T000046,0.5285798507794551,0.6515816522539164,0.4800605175727694,0.4240692349290713,0.6515816522539164,0.8514038671031848,0.4747045454661935,0.6327126988388622
T000047,0.9068998948576615,1.0603437220174565,0.8636767028241868,0.9705848633660197,1.0603437220174565,1.0645933700311847,0.7357178744011129,0.14707744233174777
T000048,0.9165730884401675,1.3781975992904525,0.9279432765760952,1.3781975992904525,1.3781975992904525,1.3781975992904525,1.3781975992904525,1.2265910426407094
T000049,1.0066071730284762,1.0650869032051973,1.0497863014454936,1.0066071730284762,1.0650869032051973,1.0650869032051973,1.012090866828919,2.0663748557186805
T000050,1.2285473841065222,1.0831380771220596,1.2936731775849208,1.0831380771220596,1.2333162339998271,1.0831380771220596,1.1309868503422793,1.1254422494611653
T000051,1.1293252035790575,1.1369492998927246,1.1631144889927887,1.4276420607423586,1.1369492998927246,1.1369492998927246,1.0542722216433136,1.1658028139745598
T000052,0.6563389701121808,0.5163403177402669,0.13241046561733455,0.5163403177402669,0.5163403177402669,0.5163403177402669,0.5163403177402669,0.2353310481784742
T000053,3.220684008913952,3.434235753876112,3.129730777958807,3.434235753876112,3.434235753876112,3.434235753876112,3.434235753876112,3.8062132805900752
T000054,1.4530399925966695,1.5285812287474887,1.269331769990433,1.5285812287474887,1.5285812287474887,1.5285812287474887,1.5285812287474887,1.4530399925966695
T000055,0.49215160045311634,0.6533315041807979,0.3174407630135828,0.6533315041807979,0.6533315041807979,0.6533315041807979,0.5786268129026553,0.5508135985393012
T000056,0.6727420357607391,0.7319004296364434,0.6418716453098358,0.6491457514447257,0.7319004296364434,0.7037963416700901,0.6727420357607391,0.6418716453098358
T000057,1.247214421138198,1.031714671763149,1.2106560785643752,1.7701560335543076,1.031714671763149,1.031714671763149,1.031714671763149,0.9819893973214286
T000058,1.0595383440649924,0.7208924000696425,0.822111182494652,0.7208924000696425,0.7208924000696425,0.7101117220572121,0.7208924000696425,0.7931713170053996
T000059,0.5392756912473244,1.0890243355066964,0.5599103426481272,1.0890243355066964,1.0890243355066964,1.0752813955151106,1.0916467018549867,1.1156410346149879
T000060,1.1943112587058375,1.7565497039244538,1.047391239286192,0.3733015341060115,1.7565497039244538,1.7565497039244538,1.1973675685579912,0.8061670861901739
T000061,0.6894374755434242,0.7312206738913892,0.7404945734294007,0.7162194572018431,0.7312206738913892,0.7312206738913892,0.7312206738913892,0.749459292276105
T000062,5.482092952992428,6.19737404189001,6.12754140538595,6.12754140538595,6.19737404189001,6.19737404189001,6.19737404189001,5.090611539133057
T000063,0.7489640836529124,0.8154023696535294,0.7668518749149499,1.0406294593241745,0.8154023696535294,0.6759883954944876,0.899500678587026,0.9522305443240588
T000064,1.0182672634388947,0.9512334522515447,0.9456129734654233,0.9512334522515447,0.9512334522515447,0.9512334522515447,1.0111212906708291,0.2283865345471069
T000065,0.9176764783179352,0.9176764783179352,0.8218668661928873,0.4270822982366406,0.9176764783179352,0.9176764783179352,1.0320431957108802,0.5819608059834124
T000066,1.790879925371174,1.6956150360470843,1.7566344399656681,1.7979922711189578,1.6956150360470843,1.6956150360470843,1.6956150360470843,1.996968734905063
T000067,0.42960848247345007,0.41235022332135707,0.8464142813173284,0.9001387153022091,0.41235022332135707,0.815269054774924,0.6398809031766243,0.4098763625976596
T000068,0.3594302959255786,0.40407492640875603,0.5973550047007241,0.3510365377387012,0.40407492640875603,0.382899054359094,0.45621495193877293,0.5206912078248571
T000069,0.7619704157431828,0.3743049772619582,0.3842505568114813,0.7334265097856723,0.3743049772619582,0.9439579952513186,0.36328191730715936,1.0149684227676958
T000070,2.999911591382177,1.8462077657891212,2.9508529591229395,1.8462077657891212,1.8462077657891212,2.067476615168172,1.8049678598392622,1.9302842971458298
T000071,0.7634445649479823,0.6922990519469631,0.5125229660841699,0.6922990519469631,0.6922990519469631,0.6922990519469631,1.03938232453209,0.6922990519469631
T000072,1.2365522446755688,1.5083437469998837,1.0077485014173733,1.120443326219028,1.5083437469998837,0.5838732098479893,1.507842321253416,1.7955134851370733
T000073,0.7999242708393735,0.7089329982626419,0.690772503489443,1.1001647117510458,0.7089329982626419,0.7476888642100499,0.7999242708393735,0.7680333567179827
T000074,0.5906144176901905,0.5478475399794448,0.7898700025653882,0.49498550533363894,0.5478475399794448,0.5478475399794448,0.6477071862710873,0.7102264062706505
T000075,0.9093235674557593,0.9190355939323147,1.4799846983783582,0.8258491658370141,0.9190355939323147,0.7299660026449998,1.2258466400256733,0.8213157863921677
T000076,1.5266146384590435,1.5266146384590435,1.498277257503924,1.299212498502287,1.5266146384590435,1.0161881269984652,1.500765779815432,1.498277257503924
T000077,1.0879229717792194,1.0283770272166033,1.1662256082987168,0.7444394942505633,5.185416417293014,1.0988750549107216,0.7520647433223895,1.3350065903553867
T000078,0.9711237693905717,0.8512290448587524,0.9079091324135513,0.8560935683463804,0.8512290448587524,0.8512290448587524,0.8442033160627836,0.8798392030062047
T000079,1.58764159609377,0.6417127266132416,0.9149362525791804,0.6394805666187764,0.6417127266132416,0.461948428560232,1.2144940180503219,0.4856347009454945
T000080,0.9781275367326808,0.9673117643570156,0.7175950878270416,0.7175950878270416,0.9673117643570156,1.2110597258480083,0.8518607322433769,1.0311739301138594
T000081,1.1197945052781002,1.1197945052781002,0.9192212440040193,1.1853704304556383,1.1197945052781002,1.1875562109131539,1.1357595192164682,1.0340638692653972
T000082,0.5769741755015809,0.648059228926418,0.4750859948050273,1.0760960448048111,0.648059228926418,1.2812537366005678,0.6318973237380883,1.0584784802268021
T000083,0.3194427955653717,0.3194427955653717,0.31507082492075567,1.4649142122877414,0.3194427955653717,0.3194427955653717,0.35973289820705184,1.3798613410251122
T000084,0.8088650508536803,0.7325081734754881,0.7813548703723142,0.686301152644811,0.7325081734754881,0.7350771667620934,0.642599720317302,0.7003701068766319
T000085,0.22153453711625204,0.7592857495982742,0.3697975892675176,0.44683756547927633,0.7592857495982742,0.895627498756153,0.7592857495982742,0.42011204661092993
T000086,1.6582891260824184,1.1900877808447647,1.1309812319362247,1.1900877808447647,1.1900877808447647,1.1900877808447647,1.1900877808447647,1.1292245110328027
T000087,1.7888476714687307,6.471932584311921,0.7906949944882786,5.165920943369938,6.471932584311921,6.471932584311921,1.336431479314836,7.921005781986051
T000088,1.0080289887218676,0.7617883232142658,0.991796131944203,0.9945032957336876,0.7617883232142658,1.1586368830652525,1.0099774739274439,0.9706497860470078
T000089,0.6517330065169898,0.6486736955198859,0.7732986352917626,0.8602244393980645,0.6486736955198859,0.7861046116979862,0.7261219459325331,0.9027041187480547
T000090,2.4573572874581817,2.3004669792259307,2.373076918438902,2.3053582921805797,2.3004669792259307,2.395161156064301,2.346419875332472,2.388855651306191
T000091,2.556480986180667,3.620346431717986,2.652176621073389,3.620346431717986,3.620346431717986,3.620346431717986,3.6063731680698394,3.6063731680698394
T000092,0.5415470693501296,0.623808820869836,0.5415101752258599,0.6582257138946396,0.623808820869836,1.1441345366906566,0.6023488923526272,0.707401979931914
T000093,2.3669663907159117,2.281967554930318,3.287437848773408,1.9014346049592028,4.14007075580592,1.8222296228319927,2.3721435166345435,2.879985066105326
T000094,0.6064259761598045,0.6064259761598045,0.5426837754946903,0.4366490051159075,0.6064259761598045,0.6526383970951732,0.4366490051159075,0.6064259761598045
T000095,0.44531514871850225,0.3318147880209696,0.3460165505636016,0.4001675478005015,0.3318147880209696,1.1466307689107529,0.4079680045822105,0.6828773756555979
T000096,0.334583266755658,0.40187138706675507,0.32159087621022386,0.6849857716626805,0.40187138706675507,0.40187138706675507,0.40187138706675507,0.40187138706675507
T000097,0.8867985903396846,0.851188703320222,1.1079226565052627,0.6313848455543801,0.851188703320222,0.6392249363493485,0.7242755333136048,0.851188703320222
T000098,2.159424444291966,2.159424444291966,1.6701129963855565,2.2155387910788913,33.253548879421984,2.195828088816436,1.6071677622034433,1.6701129963855565
T000099,2.2838819456967383,2.7017874382892115,2.93786326803146,2.6218507250393586,2.7017874382892115,2.261492127781378,3.5055509219773504,2.858137874734582
T000100,2.3427141310296746,2.3427141310296746,2.108132934209276,2.4092179404429217,2.3427141310296746,2.3427141310296746,2.5397895329645546,2.060938446158328
T000101,4.008742089983403,4.801796135448368,4.074611923618344,3.839789644750827,4.801796135448368,5.3476244906256305,4.801796135448368,4.4188853746856065
T000102,3.110208598466025,4.301252462694439,3.84053876051852,4.42381479160932,4.301252462694439,4.301252462694439,4.301252462694439,4.301252462694439
T000103,0.6828811673278062,0.6828811673278062,0.5014185682634198,0.678338609436238,0.6828811673278062,0.6828811673278062,0.6828811673278062,0.6828811673278062
T000104,0.3650503434263189,0.3650503434263189,0.34384323703211395,0.3946158737319196,0.3650503434263189,0.3650503434263189,0.3650503434263189,0.5790055635006307
T000105,0.8979630845728644,0.5181874115401339,0.48136948201053154,1.33244039072357,1.2582378742217997,0.5181874115401339,0.5181874115401339,0.4294763474851104
T000106,0.7746161557602094,1.0262256319726513,1.1409647488623147,0.733793742601858,1.0262256319726513,1.1827079991238256,0.8490096675777791,0.7746161557602094
T000107,2.178956212653387,2.2075387432637634,2.070538477490612,2.178956212653387,2.2075387432637634,2.306333523640041,2.308229503333649,2.19948911853604
T000108,0.7114043875372607,0.6361928169029714,0.7393913205532373,0.5625507465792332,0.6361928169029714,0.8995488470799738,0.5814814707135809,0.8623729727076496
T000109,1.2544517385994445,1.2544517385994445,1.2099849581324311,0.7553035345501979,1.2544517385994445,0.7087869644310333,1.2544517385994445,0.7968120207073147
T000110,0.8487023022258212,1.3659332773197748,1.2985689759340238,1.235176622285014,1.3659332773197748,1.2813508589650933,1.3659332773197748,1.3659332773197748
T000111,2.175162047972486,2.5137032006926634,2.0953749895958085,2.5238281514570473,2.5137032006926634,2.5137032006926634,2.7214887584969505,2.407719278414808
T000112,0.5521270827809781,0.6478368710551192,0.6985474838320458,0.5628421205018034,0.6478368710551192,0.7150570725349059,0.5529833451183814,0.7541245184288413
T000113,2.7815343896279616,2.658406135548243,2.7360420929841758,2.7815343896279616,2.658406135548243,2.9972208463800225,3.107153440697919,3.043683113214658
T000114,0.6134712396533417,0.6134712396533417,0.5698830254746144,0.49842032200992653,0.6134712396533417,1.2750614657458164,0.49842032200992653,1.0789799077056497
T000115,0.7522569298502639,1.0293604914008008,0.7332705733593656,2.3712078167013604,1.0293604914008008,1.1746862571788468,1.827891282809058,1.4678477557616803
T000116,2.4686803136000792,2.3789931285894137,2.342588322486731,4.077015666114434,2.3789931285894137,2.3789931285894137,2.9537119582541083,3.2664912007189817
T000117,1.2795590244901123,1.8296476238466972,1.5377591451170243,1.6571049158671827,1.8296476238466972,1.8740356655494002,1.8296476238466972,1.6371402109201256
T000118,0.40355734079502137,0.9671620969370182,0.3970193475528499,0.8689791749520622,0.9671620969370182,0.6686913766567212,0.5382791535483172,0.9471469088441239
T000119,1.8090914969278002,0.9480415019642368,1.7892725696855014,0.9480415019642368,0.9480415019642368,0.9610604634116561,0.9480415019642368,0.9579342322005986
T000120,1.967925511795227,1.9660909952870573,2.0110237914623186,1.8604193427748474,1.9660909952870573,2.1469167712735064,1.949461879996971,2.1598132217261448
T000121,0.493314307116489,0.5443841174626878,0.31993762524747354,0.8555022926651892,0.5443841174626878,0.5443841174626878,0.5706339707933659,0.7825247329659465
T000122,4.008178194753289,2.2261459572903526,4.07778524597424,1.6189797756654936,2.2261459572903526,3.2560484097091016,3.7815900054385576,1.2075244362376392
T000123,0.4753789275658962,0.3957041022279018,0.479308515093664,0.49677335474348505,0.3957041022279018,0.3957041022279018,0.3957041022279018,0.5608632406345796
T000124,0.297156967626211,0.297156967626211,0.800750499544261,0.43731452803613113,0.297156967626211,0.297156967626211,0.30033572690682797,1.0511781400501912
T000125,6.140370883525467,6.6345232716658336,6.696455156274605,6.6345232716658336,6.6345232716658336,6.554901778708525,6.6345232716658336,6.696455156274605
T000126,1.5822922912390158,1.2015207321900157,1.3476582288851018,1.2196252838579764,1.2015207321900157,1.2557984413569099,1.1808476410038207,1.2047262737575526
T000127,1.5412639043902912,0.7102381177740535,2.0850306104712195,0.7102381177740535,0.7102381177740535,0.7102381177740535,0.7225870553254797,0.7112054835844211
T000128,1.3040732128957686,1.3040732128957686,1.2910220718460976,1.502876808057135,1.3040732128957686,1.3040732128957686,1.0947427726559893,1.877561969214418
T000129,0.38038274783868514,0.32918643907698564,0.3684768615047344,0.30466688937101044,0.32918643907698564,0.32918643907698564,0.3442597262192876,1.3589953671131723
T000130,1.4793739277703153,1.4416189576519722,1.4394631361972814,1.496142121994517,1.4416189576519722,1.5826174324272353,1.4624440642385463,1.496142121994517
T000131,0.7224871605649312,1.0522067819495209,0.7290537598649055,1.1519417999229355,1.0522067819495209,1.0840934454810605,0.4285717136335121,0.9545176026229024
T000132,4.2489047088770056,4.230301958389136,4.225402116103545,4.360905729540854,4.230301958389136,4.998819161619813,3.6748597916197294,4.1289711319827775
T000133,0.3183499405401026,0.2995043881348597,0.430256286342907,0.31153771473957076,0.2995043881348597,0.6538686408986968,0.4834627722613857,0.5815850409797522
T000134,0.48283480591490924,0.6299606091006664,0.5800708158261911,0.4364910922432428,0.6299606091006664,0.43167710241106333,0.4364910922432428,0.6250617088443013
T000135,0.6027007659108522,0.5819911808487013,0.6135168120796484,0.7677975762567616,0.6298111370839192,0.6744823368627777,0.6027007659108522,0.7942397177560614
T000136,0.8018983800217794,0.8018983800217794,0.7513058886229902,0.8018983800217794,0.8018983800217794,0.7410999895256766,0.8018983800217794,0.7560511569359167
T000137,0.49008635120165234,0.4512986348087394,0.1877543659234445,1.3017366414726201,0.4512986348087394,0.7175102085432182,0.4512986348087394,0.49008635120165234
T000138,0.40812888395426794,0.40601671048217236,0.40750942760503295,0.7507250125076544,0.40601671048217236,0.45074148301320544,0.42614174512391634,0.6747445200837754
T000139,0.6650233942043421,0.6113563386909682,0.3679260722375338,0.6180451630862753,2.7290526289651074,0.717535671386886,0.8248722663621472,0.674683212985036
T000140,0.7418335871274547,0.4195925843028096,0.4195925843028096,0.6536079081094497,0.4195925843028096,0.4195925843028096,0.39864848359773486,0.7129183618903772
T000141,0.7076927388861356,0.277167333302684,0.5110244855941745,0.23195711204855265,0.277167333302684,0.36761654600326577,0.4710074197274063,0.7076927388861356
T000142,1.1409618345811865,0.41811578928225285,1.0780186788113861,0.41811578928225285,0.41811578928225285,0.41811578928225285,0.41811578928225285,0.41811578928225285
T000143,0.7871373484789297,0.820966624707564,0.6288554360552865,0.18357404098382518,0.820966624707564,0.820966624707564,0.6261993881560787,0.6288554360552865
T000144,1.370462749607716,0.6669851072280442,1.3416726826537018,1.8179104858235873,0.6669851072280442,0.6669851072280442,2.173128385095179,0.7573898442775676
T000145,1.7349029224142403,1.0566461811715038,1.7910628101345367,1.7521552327993777,1.0566461811715038,1.2415529007954504,0.850320540410976,0.7209367144453732
T000146,0.6677893156804013,0.6531079163182855,0.6527677114128915,0.6308110650761704,0.6531079163182855,0.8974376043620774,0.6677893156804013,0.7478563432439861
T000147,1.4031672349953195,1.236523687038994,1.1141297749264072,1.236523687038994,1.236523687038994,1.4487639300377382,1.236523687038994,1.3888479115524204
T000148,0.4556551988241865,0.2757139611342655,0.6963581608497061,0.6029380472235857,0.2757139611342655,0.2757139611342655,0.2757139611342655,0.3591770750287891
T000149,0.47277000592339735,0.47442494658408957,0.4559904042184437,0.4586707302676742,0.47442494658408957,0.47442494658408957,0.39225163020461373,0.5607311256844716
T000150,0.841432890122369,0.8227128402489028,0.8180628326535407,1.0321163713360957,0.8227128402489028,1.2508273766828812,0.7690470409370384,0.825127126533644
T000151,0.48475010810222724,0.6356950617153803,0.7000106251397668,0.6356950617153803,0.6356950617153803,0.6356950617153803,0.48877108433019445,0.6879596895444756
T000152,4.262551284703739,3.9453647915985717,5.0593862539623045,5.217945592757725,3.9453647915985717,5.015608252803611,4.634063497806931,4.262551284703739
T000153,3.5625064864455043,3.166439423155932,3.725478529177811,3.166439423155932,3.166439423155932,3.166439423155932,3.166439423155932,3.166439423155932
T000154,0.7014792609500974,3.2922011817003107,1.634874569588084,1.347949264313328,3.2922011817003107,1.6831911601696725,2.9400960510046557,1.634874569588084
T000155,2.187899456417091,2.161333528246019,1.0184184741040982,1.9740519466949804,2.161333528246019,2.161333528246019,2.187899456417091,1.9740519466949804
T000156,2.8187142708929844,2.5081971281325095,3.3618062435052893,2.5081971281325095,2.5081971281325095,2.5081971281325095,2.5081971281325095,2.7720622797784826
T000157,6.578886400426934,5.249533203247004,7.016320023925542,4.171429502626711,5.249533203247004,5.346411611485167,5.249533203247004,5.437546656717843
T000158,0.874288868628694,0.874288868628694,0.7673843652980661,0.874288868628694,0.874288868628694,0.794719826674667,0.874288868628694,5.283419322371912
T000159,5.586375458125666,5.818580212242101,5.765497342192169,6.046383114592834,5.818580212242101,5.818580212242101,5.818580212242101,5.695472618658883
T000160,5.342019628359418,5.342019628359418,13.567948887953031,2.867341131351856,5.342019628359418,5.301194639835672,5.342019628359418,7.8981638962921465
T000161,0.8951852845345365,0.8951852845345365,0.9785565547390982,0.8999348412022415,0.8951852845345365,0.8951852845345365,0.8951852845345365,0.9048999845441856
T000162,1.177497898088244,1.204345519697602,1.1141936206296288,0.9870782651652568,1.204345519697602,1.196783459066475,1.177497898088244,1.208906539608706
T000163,1.1418169762001997,1.0313010737848411,1.1418169762001997,1.705421381414227,1.0313010737848411,1.7060781379424614,1.0313010737848411,1.9853165116083622
T000164,0.3562307373046778,0.3562307373046778,1.2429845986063066,0.34027080429015705,0.3562307373046778,0.3562307373046778,0.3562307373046778,0.3562307373046778
T000165,0.3232783153101878,0.3232783153101878,0.42379154613927533,0.33104430703246707,0.3232783153101878,0.3232783153101878,0.3232783153101878,0.32891778287238066
T000166,0.7364978090874655,0.7364978090874655,1.4434026247470322,0.7466165179448506,0.7364978090874655,0.7364978090874655,0.7364978090874655,1.1039730309957627
T000167,1.5691048725280212,0.5554360778089605,0.9167676197851887,0.5554360778089605,0.5554360778089605,0.5903858027369248,0.5444320689228113,0.5554360778089605
T000168,0.32621831975364457,0.6917876528719139,0.32621831975364457,0.7889362100845551,0.6917876528719139,0.6702993680803545,0.663448559815178,0.663448559815178
T000169,0.43224031867272406,0.511968611303018,0.6515351406899648,0.6298343705521653,0.511968611303018,1.0202674368675801,0.6534936519915701,0.6057458957887225
T000170,0.5492593275456484,0.5492593275456484,0.4240574411971889,0.5546786527249238,0.5492593275456484,0.5492593275456484,0.5492593275456484,0.5733857343071747
T000171,0.9368534129813632,0.8765324027155416,0.9360722778354763,0.8765324027155416,0.8765324027155416,0.8765324027155416,0.8765324027155416,1.0161135670704338
T000172,0.8059409126856854,0.8546604934802272,0.8546604934802272,1.485785936775604,0.8546604934802272,1.4913827503960042,0.8546604934802272,1.065772086314509
T000173,16.47620404777802,4.520790014004166,4.566528226719243,7.514588114740392,4.520790014004166,3.6538128456948398,4.520790014004166,3.745137756525262
T000174,1.2748362545198473,1.264680042052582,1.5173796382544344,1.3113522674300213,1.264680042052582,1.264680042052582,1.264680042052582,1.264680042052582
T000175,3.0379497865626774,3.1774728120203766,3.7530441405913018,2.508746157172064,3.1774728120203766,2.4299720168744017,3.1774728120203766,2.4124469938580826
T000176,3.472968439876083,3.3583339414431292,3.082739106945796,3.3087892313693485,3.3583339414431292,3.5488711903844674,3.472968439876083,3.2123476712593844
T000177,1.4861601768683002,1.509209516799418,1.4911919273072287,1.509209516799418,1.509209516799418,1.509209516799418,1.2162712298981384,1.984303942206025
T000178,0.5500211603156999,1.0697136970802545,0.5497680469658163,0.7083424258032043,1.0697136970802545,0.7841577213968315,0.8922795832095447,0.7509851859567503
T000179,0.7978825474608596,0.8755133699605124,0.6956482430923144,1.491402546125478,0.8755133699605124,0.8755133699605124,0.7809154887327473,1.0423811697376435
T000180,1.0112432345559055,2.315655914162752,4.2153506937485,1.8679903840014835,2.315655914162752,2.3500523384815053,1.6695652960174014,2.0500534834773245
T000181,0.07533244889793667,0.07533244889793667,0.1717900256263566,0.16389944155484076,0.07533244889793667,0.07533244889793667,0.07533244889793667,0.07196909887216184
T000182,6.611812460084959,5.272707925394163,6.852732356942373,5.272707925394163,5.272707925394163,5.272707925394163,5.272707925394163,4.568186994301949
T000183,0.9116050558731349,0.891903230009659,1.863540776575431,1.340918124165094,0.891903230009659,1.1640601977355989,0.891903230009659,1.8127635760849914
T000184,0.593190377439932,0.43974455693077996,0.32816675248004923,0.4630645033952333,0.43974455693077996,0.43974455693077996,0.33611379632246,1.0191094399366263
T000185,1.9276640860959315,1.7900015452443274,1.9467812519482672,1.8335165198998205,1.7900015452443274,1.7900015452443274,1.8335165198998205,2.441494654719106
T000186,0.9810177825270281,0.9810177825270281,1.1283619612914468,1.0761735649973527,0.9810177825270281,0.9462508126518545,0.9810177825270281,1.5482056193795117
T000187,1.4503164948590663,1.4544018545825157,1.1056891731265777,1.8337165001680011,1.4544018545825157,1.4544018545825157,1.932590748722231,2.5257783925598654
T000188,3.42854968940085,2.369317673431603,3.3232702865831008,2.369317673431603,2.369317673431603,2.50608439384136,2.369317673431603,2.4594689243874197
T000189,1.7654193601346386,1.7654193601346386,1.789579627011412,1.7656329905557893,1.7654193601346386,1.2176669081835831,1.7654193601346386,1.7465075283746947
T000190,0.850492454756775,0.850492454756775,0.7029117937773959,0.9612649361694519,0.850492454756775,0.6227278706158388,0.850492454756775,0.850492454756775
T000191,2.4466663897283794,2.962669846786279,2.3825840493429427,2.962669846786279,2.962669846786279,2.962669846786279,2.8822167459507684,2.8822167459507684
T000192,1.2214423678947701,1.2214423678947701,3.1039735448763164,3.0787846351146353,3.127142081412863,1.1788454639230472,3.064335555388923,2.516092318661504
T000193,2.6009467914440254,3.0213707314571714,2.7559059113343882,2.9072018631150844,3.0213707314571714,2.975346488067625,3.0154647752116324,2.720134678271557
T000194,0.6855950953214959,0.45779975652797,0.581009842449526,0.6036356196804749,0.45779975652797,0.5913113672491256,0.45779975652797,0.500732069880324
T000195,2.4974192087611784,3.140605143966612,1.8893545626932269,3.140605143966612,3.140605143966612,2.689806217435778,3.140605143966612,2.7041281051975337
T000196,0.8779565309295214,1.6517287732452264,0.6743949382447987,1.540627101444432,1.6517287732452264,1.8729955261589313,1.6045771169029772,1.428607020311555
T000197,0.8288546001249053,0.8288546001249053,0.8124512265730559,0.8274995888691118,0.8288546001249053,0.8288546001249053,0.8288546001249053,0.8261444619243715
T000198,2.3555579786600642,2.7983537511019922,2.5211946227142628,2.507140366405483,2.7983537511019922,2.585155772831248,2.7983537511019922,3.002022231401175
T000199,0.4818198383182974,0.4818198383182974,0.5653590490915601,0.49791996416104994,0.5638112089327214,0.40292076996206044,0.49791996416104994,0.4818198383182974
T000200,0.5286102978632718,0.5286102978632718,0.5688796852441255,0.5309199264153306,0.5286102978632718,0.5286102978632718,0.5286102978632718,0.5286102978632718
T000201,0.4055349605643122,0.4055349605643122,0.36706248944275355,0.394900750408715,0.4055349605643122,0.4055349605643122,0.4055349605643122,0.9167062438235418
T000202,3.3873005335011466,2.9829546014820623,2.9723477560122014,3.1957930248654893,35.82448704636981,3.21303305741743,3.1827152685850213,2.9723477560122014
T000203,0.8125331538197526,0.8787991264118323,0.8351367449996692,0.9166376953152136,0.8787991264118323,1.081221843450798,0.8934212323617196,0.9295652807744822
T000204,1.2124293132630952,1.2124293132630952,0.882535041765464,1.1069821307622265,1.2124293132630952,0.8100623108199088,1.2582993232194468,1.1307108220763538
T000205,0.8364374278572226,0.7966702098160279,0.832205617517414,0.5714622563155006,0.7966702098160279,0.5641390575425396,0.856814306264303,0.6537840984738431
T000206,0.7180637929482615,0.681761540054809,0.6583507789876507,0.6349763476649352,0.681761540054809,0.681761540054809,0.6213724931566198,0.3435964616345425
T000207,1.7487666800044046,1.9368697194150923,1.7950143006559247,1.7308466991336613,1.9368697194150923,0.6973112841477817,1.7487666800044046,1.4798007782927391
T000208,1.0603217284338768,1.0422028462894843,1.0255088775649286,1.0255088775649286,1.0422028462894843,0.9521337091021318,1.0422028462894843,1.03277229169444
T000209,1.2811044933378157,1.530993334797456,2.2223913563418516,2.1137460440065783,1.530993334797456,1.3422220599371846,1.7219765886875058,1.5705421948508078
T000210,0.7717190663304991,0.7717190663304991,1.1773992701896583,0.5817502543569433,0.7717190663304991,0.7717190663304991,0.7692821741937781,0.5817502543569433
T000211,0.47884224751373317,0.47884224751373317,1.0095373734876203,0.47884224751373317,0.47884224751373317,0.6376251446807366,0.47884224751373317,0.47884224751373317
T000212,1.1124807289091798,1.0226906694922533,0.9949107774964154,1.1053717125791376,1.0226906694922533,0.9274470147088634,1.1825226964689357,1.0226906694922533
T000213,0.17575140131055508,0.16769130605409086,0.14404368850948732,0.17275642209037564,0.16769130605409086,0.0767275498885305,0.16636548182976235,0.1491092320471912
T000214,0.15449201555014544,0.12342574090102638,0.11853232169887037,0.1803713486409325,0.12342574090102638,0.12355332889694584,0.1384946950305952,0.12342574090102638
T000215,0.528185403299103,0.5699848026885412,0.5102268953241083,0.5659884252195982,0.5699848026885412,0.455566612958172,0.5699848026885412,0.5158462945361565
T000216,1.5950375921891302,1.2486665578256315,0.6205240503360381,0.8888021282537396,1.2486665578256315,1.2486665578256315,0.7525434651552464,0.7944444444444445
T000217,0.4426851131446907,0.41681664070270086,0.41979586279183073,0.4813127030717974,0.41681664070270086,0.6356363987010704,0.6522785509991758,0.5219180529020359
T000218,0.5412023938072593,0.47989635091839083,0.4611048757656545,0.4606643952477235,0.47989635091839083,0.4495099789527721,0.47989635091839083,0.4900101959233793
T000219,0.43301406971268525,0.49692739160236377,0.44067021774031134,0.4504884356711694,0.49692739160236377,0.5095388433647563,0.49692739160236377,0.5034984403504551
T000220,0.2041624563778511,0.10559249099127892,0.16985350059082815,0.10240294825186226,0.10559249099127892,0.7824529184478884,0.13012134686317084,0.10349034184871703
T000221,0.7310555002520348,0.9401281093572477,0.6734138571151472,0.8717122129261067,0.9401281093572477,0.9556766493774271,0.9359444922166859,1.0056179775280898
T000222,2.311125038742485,2.37364554166051,2.3971920149761297,2.4303026125824476,2.37364554166051,2.2933088259635728,2.170058588512079,2.739663582444852
T000223,0.7584657177845833,0.5264074249842526,0.4838552021627267,0.41574789911997184,0.5268575985382915,0.5621647086664923,0.41574789911997184,0.7232142426837068
T000224,1.4778054512993957,1.133921136006222,1.0428654983835437,1.6701869659301138,1.133921136006222,1.6835551628041312,1.6701869659301138,1.837344239940259
T000225,0.39951637621697783,0.6624701074008411,0.6038428258928324,0.6357406344857914,0.6624701074008411,0.8140451540047657,0.6624701074008411,0.655050784007936
T000226,0.18660285125093562,0.4042059345572224,0.18946830980307303,0.18660285125093562,0.4042059345572224,0.4042059345572224,0.14668305717324806,0.3311186536548835
T000227,0.4581507728292837,0.5881778150666164,0.21840764830980158,0.7306075913960953,0.5881778150666164,0.5881778150666164,0.5881778150666164,0.4159301007246861
T000228,1.5064847337064529,1.5853058601833747,1.622920418994076,1.4689769725182587,1.5853058601833747,1.6900365723141302,1.6226544751427465,1.5328399039513905
T000229,0.40106551273683677,0.3997022080534473,0.4070193093578559,0.41555423474277564,0.3997022080534473,0.513612632328325,1.3600473138135503,0.4396576778399737
T000230,0.5040283782283698,0.5040283782283698,0.5001501127722937,0.5971485134481664,0.5040283782283698,1.580035875012738,0.5971485134481664,1.268379367125413
T000231,0.22089637329044323,0.5009213271511676,0.20723946833174,0.5062156890624734,0.5009213271511676,0.5009213271511676,0.20772636190104352,0.4852148121517167
T000232,2.7321560198329786,2.7321560198329786,2.7631114847438396,2.7712753913175665,2.7321560198329786,3.4054307811158133,2.7321560198329786,3.4973963213892474
T000233,0.21402577572158282,0.5059088947034589,0.48653356771270073,0.4877741962005976,0.5059088947034589,0.5059088947034589,0.34295362457343936,1.1189032883214478
T000234,0.4760974994232547,0.5347598591820273,0.5026019329654005,0.5347598591820273,1.1895708765922968,2.047020751077987,0.4424307494502455,1.205048789284566
T000235,0.2080265998778064,0.2080265998778064,0.2734603196691065,0.2327377515310146,0.2080265998778064,1.457244973546444,0.2080265998778064,1.4477882505626325
T000236,0.7378422397267277,1.122840649079888,1.1313448361989378,1.2982280529106291,1.122840649079888,0.9108376841683116,1.492598313148362,1.0634050509738509
T000237,1.8468732337503866,1.9126317264354058,1.7744471830165702,2.2380871983989024,1.9126317264354058,1.9126317264354058,2.2380871983989024,1.8468732337503866
T000238,0.4875920829782894,0.43482264315936436,0.43912781880167684,0.6579772779513232,0.43482264315936436,0.43482264315936436,0.45606862237433016,0.5053520837882599
T000239,2.0483706506474837,2.06245651183508,2.095586736789009,2.06245651183508,2.06245651183508,2.06245651183508,2.06245651183508,2.2491807340459307
T000240,2.49236366906162,2.4890411467623603,1.7678348260312104,2.432872879878016,2.4890411467623603,2.3572995983925678,2.3644944399580146,2.3644944399580146
T000241,0.7854151631156432,0.7018527217212654,0.8658125568189345,1.1500782703926373,0.7018527217212654,0.7785038038182984,0.7018527217212654,0.8432328195071941
T000242,0.4243443872861638,0.29929637165140727,0.6694100531249666,1.0984688223817598,0.29929637165140727,0.29929637165140727,0.29929637165140727,0.3124086585508318
T000243,0.7707852029016766,0.8859076044113778,0.7254684890564835,0.8859076044113778,0.8859076044113778,0.8859076044113778,0.8859076044113778,0.8546343810134702
T000244,0.7509280872382166,0.5971049125280694,0.7593803815964092,0.5971049125280694,0.5971049125280694,0.5370194775990922,0.5971049125280694,0.5896345596844765
T000245,2.2036851167882063,2.3883679876456045,2.235365549908504,2.6117818722819868,2.3883679876456045,2.3883679876456045,2.3883679876456045,2.3883679876456045
T000246,0.17960335356034554,0.4232604446269394,0.32217729306908616,0.4232604446269394,0.4232604446269394,0.4232604446269394,0.4232604446269394,0.34389238015958734
T000247,0.3256140392390185,0.3593541806855867,0.3525835890182817,0.3525835890182817,0.3593541806855867,0.3593541806855867,0.3421192636088618,0.3593541806855867
T000248,0.34345514744822436,0.39798999958687514,0.4011746649021681,0.34345514744822436,0.39798999958687514,0.39798999958687514,0.43999991724322673,0.39798999958687514
T000249,0.8026821799720825,0.09080747472640836,0.6043470538706001,0.7412211255103779,0.09080747472640836,0.09080747472640836,0.6043470538706001,0.3998509692139375
T000250,0.4197047470095662,0.4563658873445989,0.41298919593761785,0.30918207645683377,0.4563658873445989,0.4563658873445989,0.4732900702583658,0.3112512375779799
T000251,0.3064560389156181,0.4493190633580986,0.3187114429788255,0.44746208708858753,0.4493190633580986,0.4493190633580986,0.4493190633580986,0.3452791878475766
T000252,0.28360891445003594,0.2549183813013076,0.6667783366210502,0.24740909892975219,0.2549183813013076,0.2549183813013076,0.2950979641758711,0.28360891445003594
T000253,0.3405049209050592,0.3405049209050592,0.4280769405539062,0.7647878245080525,0.3405049209050592,0.3405049209050592,0.423729088608836,0.4239737274220033
T000254,0.45126316006155004,0.38229798665075765,0.4801336092430409,0.35314237903360124,0.38229798665075765,0.38229798665075765,0.38229798665075765,0.3971861684371748
T000255,2.2514927064936647,2.8334581197124113,2.7886122280479353,3.0756299956203774,2.8334581197124113,2.8334581197124113,3.0833235403232826,2.8161599432154265
T000256,0.9179547377326756,1.0155726480950362,2.0328599707319333,1.008275515378758,1.0155726480950362,1.3812471315375308,0.9873265950942329,0.9595654296139875
T000257,0.43260692881350044,0.4017890608129233,0.43260692881350044,0.40646634472654675,0.4017890608129233,0.4017890608129233,0.40667632344222665,0.4017890608129233
T000258,0.545330009421977,0.5289560817184372,0.5144627635932922,0.5289560817184372,0.5289560817184372,0.5289560817184372,0.545330009421977,0.6201453851510593
T000259,1.9784911021918592,1.9733740192533546,1.7291687986261903,0.9796560103855423,8.33727056521438,1.9733740192533546,1.9733740192533546,1.1953176184244045
T000260,0.31494703673907215,0.91307307755564,0.3795810580651068,0.38285137908268885,0.91307307755564,0.3249367309664681,0.38285137908268885,0.3226371859348587
T000261,1.2322667217284788,1.2469514821654852,0.7569026698403793,1.0250584010112338,1.2469514821654852,1.2469514821654852,1.2540421973640883,1.0167739639276068
T000262,0.4746793873390457,1.0650564731564902,0.7210511886131539,1.0503500665264882,1.0650564731564902,1.0650564731564902,1.053652641526718,0.7663306115647391
T000263,0.6211601674387169,0.7815878196810078,0.6052752302948723,0.7815878196810078,0.7815878196810078,0.738717221299164,0.7815878196810078,0.8372556442615723
T000264,2.015558011777287,0.6179892492214122,1.9663832785653235,0.6531659389977454,0.6179892492214122,0.6179892492214122,0.5368617922846749,0.7352694309216048
T000265,0.3087787641702587,0.49250439069021645,0.612045409951586,0.5628422537580465,0.49250439069021645,0.49250439069021645,0.552723209668192,0.5002983293556086
T000266,0.2644201311506751,0.1930407031075655,0.4177672515112204,0.1930407031075655,0.1930407031075655,0.1930407031075655,0.2169797958402774,0.3096149328647991
T000267,0.5789917681515668,0.23779313375068512,0.6138664672179297,0.23779313375068512,0.23779313375068512,0.23779313375068512,0.2968069824772389,0.542951076211685
T000268,0.4872859901124917,0.4733437554210586,0.47480634451065395,0.47298550137481304,0.4733437554210586,0.5618511932225482,0.47771654784119816,0.4615206877068888
T000269,1.5826363618042671,1.6005455569644753,1.5733955750517545,1.5282229776151792,1.6005455569644753,1.6005455569644753,1.5874609555238655,1.4809078449667377
T000270,0.4667417182446654,0.2667570732609911,0.6031894897466892,0.269085425222945,0.2667570732609911,0.27190862045405034,0.2667570732609911,0.2641624603139599
T000271,0.5029161266432143,0.45267574879300293,0.36701677258496335,0.45267574879300293,0.45267574879300293,0.45267574879300293,0.45267574879300293,0.320110184394899
T000272,0.6736893692797022,0.6736893692797022,0.3906389588312916,0.8597662523214986,0.6736893692797022,0.6736893692797022,0.6736893692797022,0.8188373276395163
T000273,2.8782523962688167,2.848168471734803,2.858395382183612,2.829373100014573,2.848168471734803,2.473989908518743,2.882332994776781,2.6682661878932294
T000274,3.387557062881001,3.621745054292865,3.5478060478101954,3.3262345060036824,3.621745054292865,3.31280973354642,3.4230228506788705,3.387557062881001
T000275,2.17057885893644,2.34382980535808,2.441868845167198,2.34382980535808,2.34382980535808,2.1806944000562525,2.9296773689690796,1.9605306835012868
T000276,1.8641985431819388,1.5929865483027812,1.4463487076289696,1.3103314963145172,4.873193196942009,1.6434241979008286,1.5929865483027812,1.4463487076289696
T000277,2.345177876548425,3.223382359462372,2.393721346001925,3.1405849456732513,3.223382359462372,3.7609322801220886,3.531619568449371,2.9045413938874356
T000278,0.5830577402221969,0.5508156286194088,0.9035511542623852,1.413770912033153,0.5508156286194088,1.2297795032360197,1.4069347548497497,1.1864528778202288
T000279,3.086575273997632,1.6592921996314847,3.2364885471710734,1.7619668271650595,1.6592921996314847,1.6592921996314847,2.0878776598259314,1.6944444444444444
T000280,1.769356743292555,1.769356743292555,2.337732774641546,1.7608164218077276,1.769356743292555,1.769356743292555,2.337732774641546,1.1320704814813507
T000281,3.34971792654604,2.9497960933998795,2.9242715540380515,3.6320696751103227,2.9497960933998795,4.622119633717712,2.926434479225407,2.9867802205570144
T000282,1.7575515762846077,1.8310360671703823,1.8383126265567846,1.6445752872881918,0.6850519392069303,1.269529250530077,1.8422587992025863,1.8383126265567846
T000283,1.5351642699223058,2.715030390001376,1.5351642699223058,2.715030390001376,2.715030390001376,3.3385829278983468,2.692950981029668,4.0604853707274575
T000284,0.5020502770584883,1.495817354870342,0.4331013394773048,1.3948752152727248,1.495817354870342,0.7557701634613474,1.495817354870342,0.8243174487366569
T000285,0.6595353075005977,0.7549588271017103,1.1724245510495066,0.9370580057804047,0.7549588271017103,1.4981433638220722,0.7558452683181809,1.173718778902529
T000286,1.151104071043382,1.2110525455040473,1.4803743010109702,1.3179947842587953,1.2110525455040473,1.1797452260205932,1.398328382915476,1.1708699624338759
T000287,0.9248040313806251,0.6112252515295368,0.9157823245633574,1.0065058382846819,0.6112252515295368,0.3874532821254216,0.8657817154784948,0.4096869070057975
T000288,0.8429368062290657,1.2110791149396885,0.6921491396742371,0.7065590431802142,1.2110791149396885,1.2110791149396885,1.2069148194460884,0.9042691905400877
T000289,0.8483451846551904,1.1621263229054455,0.23176720799874698,0.5139617977982819,1.1621263229054455,1.1621263229054455,1.3966311074127271,0.6602707062542196
T000291,2.6674419619327407,1.96202658235897,1.6221640443773995,2.8541139923385406,1.96202658235897,0.5370925377965946,0.7354714747667068,1.9818440866138682
T000292,0.7717128015950897,0.3769047816994608,0.6592791365947341,0.3810390135435618,0.3769047816994608,0.3351047936505363,0.27316610257062063,0.1691294919784115
T000293,1.167128404714521,1.8995420672445416,0.4771241365085843,1.2970518369548223,1.8995420672445416,1.8995420672445416,1.5595079882696374,1.2845728526534548
T000294,0.2887926015096405,0.2705569860414269,0.2721931175147597,0.27243759957514413,0.2705569860414269,0.3155474378153105,0.2705569860414269,0.23441746304203612
T000295,0.41952506637641124,0.41952506637641124,0.47768840271325647,0.4702094318798651,0.41952506637641124,0.41952506637641124,0.41952506637641124,0.5537535992379091
T000296,1.1786690660377104,1.3638640636081185,1.1847532941035632,1.2076651586311966,1.3638640636081185,1.3638640636081185,1.1591125817846153,1.5122462813079587
T000297,0.22939369266231455,0.22266932457947167,0.8531465072493841,0.4159855473921587,0.22266932457947167,0.22266932457947167,0.22939369266231455,0.9592863677950595
T000298,2.384696037707154,2.608732557678278,2.6323466711980803,2.5261692069056445,2.608732557678278,2.376744930277851,2.1326285435855903,2.162800343385288
T000299,1.3079540534441874,1.0346105322753145,1.1454977751999866,1.0754353650138773,1.0346105322753145,1.4702718726342416,1.1454977751999866,0.2003011643295771
T000300,0.3621161438833688,0.35414650449500623,0.3785962161295563,0.37693645928257963,0.35414650449500623,0.35414650449500623,0.35482739883550396,0.10960160851918654
T000301,0.37872395278228815,0.793374154453124,0.3817654531882956,0.6829006880470584,0.793374154453124,0.793374154453124,0.6829006880470584,0.7899020006932053
T000302,0.19505187815919944,0.17673536972222648,0.8669479482448471,0.23566948718002806,0.17673536972222648,0.491531871927827,0.22517128087472282,0.2813505106068894
T000303,0.4036111065307404,0.549575948438307,1.213228116109908,0.3216001420470212,0.549575948438307,0.549575948438307,0.3621350086512147,1.236448598130841
T000304,1.04924830661653,0.3440520320522181,0.6746317264062492,0.1506024666246952,0.3440520320522181,0.41802761417913337,0.3729125389187672,0.6912955055687693
T000306,2.746220492832739,1.9643670866031155,2.6501336618378004,2.0017706536238054,1.9643670866031155,1.6009460237318212,1.5794483905107572,1.5914245834985152
T000307,0.16745894618504237,0.16745894618504237,0.36111666172133267,0.393345533707983,0.16745894618504237,0.9349763735393875,0.16745894618504237,0.6072585601756464
T000308,1.5559041586705622,1.6928393269243414,1.6818580326164396,1.4022315342649168,2.5342742742814264,1.6928393269243414,1.3898921860201277,1.6612929512694117
T000309,0.2058988024471564,0.1711016795841006,0.1475420572661508,0.24311782414765873,0.1711016795841006,0.2058988024471564,0.23114087719974286,0.4047922035712857
T000310,0.30284652922237143,0.4262095763906289,0.6146779063335401,0.27467815912711,0.4262095763906289,0.4262095763906289,0.6146779063335401,0.3526161885088506
T000311,0.5659285264127154,0.9513148562327312,0.3562352520450658,0.47335556857639255,0.9513148562327312,0.9513148562327312,0.47335556857639255,0.6479620610050013
T000312,0.20449865799402311,0.21986148828071544,0.2118353949167796,0.2756290194242777,0.21986148828071544,0.21986148828071544,0.2756290194242777,0.32866137010942886
T000313,0.7122329657709608,0.7833378076995248,0.7129104734914633,0.7833378076995248,0.7833378076995248,0.7833378076995248,0.7585767111010995,0.7437331675989227
T000314,0.7944194821379224,0.7944194821379224,0.8674697196059828,0.8818945586279638,0.5495234047351357,0.6154294881143356,0.7791302280305329,0.34632066298457703
T000315,0.3162461021740428,0.6870000038826227,0.5194480013917099,0.5194480013917099,0.6870000038826227,0.35966119575622923,0.2767226200016992,0.2708859157175114
T000316,0.33155112387023294,0.5385557516915943,0.32108489205450513,0.41519901373723467,0.5385557516915943,0.378487884128774,0.3347584774417641,0.4520554322661203
T000317,0.4828881933089741,0.4828881933089741,1.5160939540738436,0.4936536087462359,0.4828881933089741,1.6372559065755157,0.4299933447976396,1.5854432387841868
T000318,1.2545983840174257,1.223528553743832,1.148682024064627,1.1949130932658616,1.223528553743832,1.1855837032581695,1.244865255592536,1.5151237448948927
T000319,0.8709393803082798,0.8631077432872202,0.8020989978729541,0.7901272824847585,0.8631077432872202,0.3546719450927622,0.8631077432872202,0.3832934670199998
T000321,0.7273495374460907,0.794710728221361,0.8020431660089159,0.7273495374460907,0.794710728221361,0.6055793750600775,0.679496526832019,0.724087291536568
T000322,0.4174171179330524,0.18845301221633484,0.19322536643783153,0.3381619719371768,0.18845301221633484,0.38627145714056543,0.3719981323140202,0.21826551347093723
T000323,0.65846718964209,0.6154612056107603,0.48540376992153483,0.5789021623860351,0.6154612056107603,1.2359389144435937,0.7105567188195366,0.8866553641714449
T000324,0.4355891599787585,0.14926750110936401,0.40227919453879074,0.26194102128438834,0.14926750110936401,0.0696724446101328,0.26194102128438834,0.26056755362391715
T000325,0.2969073343865967,0.2967928228437775,0.6613420215278799,0.2430806387088111,0.2967928228437775,0.2967928228437775,0.30831433500117006,0.7567744555413969
T000326,0.6127612980359115,0.3807922716018751,0.5279106922193603,0.3807922716018751,0.3807922716018751,0.3807922716018751,0.5631017229967378,0.5834076718468956
T000327,0.5639387289229633,0.6539973949860153,0.7101357192982364,0.7464960261982385,0.6539973949860153,0.6539973949860153,0.6143329963766758,0.726979481976514
T000328,0.5144370956996883,1.6175997342871142,0.1378164676479575,0.9975546286723838,1.6175997342871142,1.6175997342871142,0.5805844501688789,0.19355062242216212
T000329,0.5738575457260439,0.5738575457260439,0.21979209867640406,0.13475122063201148,0.5738575457260439,0.17339700089986773,0.455903543697296,0.06118952435339804
T000330,0.9328816905075397,2.0235523410572998,1.1282203097361632,1.1218555969422397,2.0235523410572998,2.0235523410572998,1.1277403222737798,1.6543851536470875
T000331,1.0315553735003526,0.8792024768847201,1.0187881747557002,0.9073514688262654,0.8792024768847201,1.1132920640499522,0.853487759771172,0.7620312464750311
T000332,1.3821035604687157,0.9827553234721301,1.024025641633566,0.9827553234721301,0.9827553234721301,0.9827553234721301,1.0694802758354536,0.8824042767763883
T000333,0.33217432399104596,0.9183851515943198,1.2338379095973262,0.9183851515943198,0.9183851515943198,1.0608883951197923,0.6686608515800204,0.47643830507374013
T000334,1.6705421442482407,0.5533037024745816,0.5296634693352595,1.1375276621875718,0.5533037024745816,0.5533037024745816,0.4405444523836006,0.15328228849857362
T000336,4.160528319902032,3.946640281504004,4.691033066410832,3.80759012563882,3.946640281504004,3.946640281504004,3.946640281504004,3.938230994152047
T000337,1.525313334435565,0.5250918742838204,0.854523710908858,0.7711099728016654,0.5250918742838204,0.13905621010906563,0.5250918742838204,0.7784257023940486
T000338,1.2104822553962484,1.2104822553962484,0.5900382594730158,0.5878870559015668,1.2104822553962484,1.2104822553962484,1.2895358262429464,1.5723005710362805
T000339,0.9470833078992864,0.6552282480268717,0.9416931967594132,0.7426304159255812,0.6552282480268717,0.6552282480268717,0.6698799689409667,0.6111830449297136
T000340,2.0848742312483997,1.9266924764886917,2.069916500107744,1.9266924764886917,1.9266924764886917,2.086358530759348,1.8345259172199977,2.1006831555753003
T000341,0.9551519104826756,0.5682058865026945,0.6509211201268442,0.6209324884424128,0.5999614062166392,0.5682058865026945,0.7162297193498083,0.6209324884424128
T000342,0.9408086959728915,0.9279359927992731,0.8899636514837896,0.9279359927992731,0.9279359927992731,0.9279359927992731,0.9279359927992731,0.5142869024065926
T000343,3.9029783746404556,3.736597480847733,3.727700018506355,4.008328457294354,3.736597480847733,2.2671046927258196,1.7501608032812375,3.1253709537506276
T000344,0.47468820090019187,0.5678588141004709,0.5280984348775862,1.7441585635789822,0.5678588141004709,0.7090667552308213,0.41754939684044323,0.6143591729544673
T000345,0.7493461884268875,0.7493461884268875,0.688283420505246,0.41465102668614073,0.7493461884268875,0.7493461884268875,0.773599561651331,0.31592437153347397
T000346,1.1559098964077796,0.6156985283171683,1.3531808517366535,0.8046357673187833,0.6156985283171683,0.6156985283171683,0.6156985283171683,0.6636387855313781
T000347,1.2039740499315372,1.420594190771355,1.4757245448667244,1.1445269099856974,1.420594190771355,1.420594190771355,1.472416465881718,2.08664457385541
T000348,1.0944672610265447,0.6736475903352297,0.6594166593919145,0.6806735933241709,0.6736475903352297,0.6736475903352297,0.6736475903352297,0.8161690115997
T000349,0.773340357029068,0.7375464224153583,1.5687842888637622,1.567197837778962,0.7375464224153583,0.7375464224153583,1.2909032216899248,1.5337330031712932
T000351,1.2259610965390195,0.9225279743463123,1.3593886243869013,0.9683631262165239,0.9225279743463123,0.935405316477549,0.9683631262165239,0.9683631262165239
T000352,0.4046491957323208,1.3241946758941476,0.39637914948571085,1.3241946758941476,1.3241946758941476,1.3241946758941476,1.3241946758941476,1.3241946758941476
T000353,0.9991193044490025,0.8064828603305281,1.9604589061954654,0.36277895365333057,0.8064828603305281,0.8064828603305281,0.3746347721002979,2.3832241950611914
T000354,1.4504335290444141,1.3568652801025567,0.5942143142581268,1.3568652801025567,1.3568652801025567,1.3568652801025567,1.5916675377431881,0.5888299216578217
T000355,0.2903159320420315,2.6614751843893156,0.5468459524560255,0.4730023398952553,2.6614751843893156,2.6614751843893156,0.31006898090112117,0.8001977370328646
T000356,0.28485349804312765,0.478459192924083,0.35606594917180145,0.24251659963795974,0.478459192924083,0.27589100852502313,0.21101141729990516,1.230813507290867
T000357,0.5241294018968489,1.6235916615107566,0.3839218429074201,0.498652365436281,1.6235916615107566,1.6235916615107566,0.4231646061267671,1.4765950494240667
T000358,1.3869691736787244,0.5862269689174507,0.6149915066116292,0.5273125489614657,0.5862269689174507,0.6317969632213615,1.485209617138026,0.5389724575725732
T000359,0.6607928846454776,0.8762031756120385,0.9620954747598338,0.8934337001233447,0.8762031756120385,0.5605904379443208,0.8934337001233447,1.0029201422259264
T000360,0.6018269755978525,0.688179142524134,0.4885499012035195,0.688179142524134,0.688179142524134,0.688179142524134,0.6842230726029865,0.6644577243950063
T000361,0.4275009397601624,0.5385434779937116,0.2427964664844987,0.4557716896494138,0.5385434779937116,0.24175320454598948,0.536259097953059,0.3317074692438337
T000362,0.26006535804415915,0.7164786320073108,0.2286386510865229,0.7164786320073108,0.7164786320073108,0.815131787286716,0.4743094042600672,1.3322252593272943
T000363,0.7523961406253906,0.9963929869763828,0.9737087724115427,0.7662457620975358,0.9963929869763828,0.9963929869763828,0.946315529801332,0.9463300779702245
T000364,0.6309947292090574,1.2808044838092842,1.4237359133037082,0.6971783817750903,1.2808044838092842,1.2808044838092842,1.1684975562414628,1.4237359133037082
T000366,2.5809384368130717,1.513900112649937,1.9798900059342044,1.513900112649937,1.513900112649937,1.513900112649937,2.330583750770314,1.3724036431355968
T000367,0.5457787906502201,0.5145005793305953,0.7472384304256068,0.510495580685569,0.5145005793305953,0.7121842430809031,0.6761874814715372,0.7754447679954715
T000368,1.01607681217791,1.6305094243076625,1.1147410138967186,0.7858355927955315,1.6305094243076625,0.3458549386413108,1.6305094243076625,2.4699976288815924
T000369,0.48718860221878973,0.562710023088744,0.984658423453611,0.5388197549298213,0.562710023088744,0.6548159670307623,0.5466123143010048,0.9868988459484989
T000370,2.1278306637037407,1.1298377862371975,1.8472507406252414,1.375718225457829,1.1298377862371975,1.043909581811584,0.7414371555873305,0.8153988050757642
T000371,0.46644284540602704,0.3796938066486937,0.47780480369161554,0.46349381636606707,0.3796938066486937,0.3796938066486937,0.3796938066486937,1.1037816339317346
T000372,0.4140280194132842,0.5706373875785641,0.4434835135875966,0.5706373875785641,0.5706373875785641,0.6162436399428506,0.5706373875785641,0.5821967924057623
T000373,0.7635055172708239,0.4477437322565168,0.7635055172708239,0.4477437322565168,0.4477437322565168,0.4477437322565168,0.5772977980584568,0.4817420897718911
T000374,0.34654630519348695,0.8883114372562442,0.84896643984551,1.288696172363617,0.8883114372562442,0.8883114372562442,0.8648942960292084,0.4391915978642374
T000375,0.5194837312495925,0.529389653757106,0.556241544031645,0.53635583601505,0.529389653757106,0.49376057724145167,0.5546872045986541,0.5374490437297231
T000376,1.0480399263805629,1.4815118869559722,1.0621245466336682,0.9669502581585282,1.4815118869559722,1.4815118869559722,1.4815118869559722,1.5443010415436784
T000377,0.1960869895518898,0.2438166940857764,0.18344909345931107,0.19440369984140993,0.2438166940857764,0.5242453079945902,0.23682268830057948,0.25281840712576686
T000378,1.666533297035527,1.666533297035527,1.621891372430559,1.7509970972912339,1.666533297035527,0.5736130023081307,1.6809504353594158,0.6448445775138237
T000379,0.2674298453233932,0.23872849845406185,0.6035375472346841,0.2674298453233932,0.23872849845406185,0.6398843773813628,0.23872849845406185,0.2995206745849826
T000380,0.5730940359991125,0.6864539889151614,0.5803887559116702,0.5309923889117125,0.6864539889151614,0.8820038236750464,0.6864539889151614,0.510677242739827
T000381,1.0000625767201288,0.7011365333569982,0.8824908917544828,0.7262943042593586,0.7011365333569982,0.549969823591209,0.7011365333569982,0.7386293328655764
T000382,0.19553593154102364,0.17704931229170245,0.8663414192807516,0.23622526948953684,0.17704931229170245,0.49196818482707505,0.2256890502634315,0.27985333581950717
T000383,0.4824575345616014,0.4824575345616014,1.516093039965704,0.4931533905534653,0.4824575345616014,0.4824575345616014,0.4298297458186363,1.5856035753339988
T000384,1.3828583825815213,0.982966227386208,1.0254013921803855,0.982966227386208,0.982966227386208,0.982966227386208,1.0695767841979125,0.8829691278230436
T000385,1.2039662849388546,1.420781943975096,1.475880350714746,1.1448993941756938,1.420781943975096,1.420781943975096,1.4728434835453896,2.086466165413534
T000386,0.2601769151357769,0.7161849582411844,0.2289543420920396,0.7161849582411844,0.7161849582411844,0.814882065109679,0.47472586215958656,1.3307497354813163
T000387,0.9252236916400416,0.6114183439268976,0.9163958584950656,1.0076010020133717,0.6114183439268976,0.38765417127417595,0.865626962269104,0.4081056339130977
T000388,0.5594446282009373,0.5594446282009373,0.6135564793431354,0.6135564793431354,0.5594446282009373,0.5594446282009373,0.5625053058663831,0.35778409735315453
T000389,1.0257054579165057,0.9887207297159168,0.9787093621414941,0.9887207297159168,0.9887207297159168,0.089101442224895,0.8268338177743422,0.17799213772768002
T000390,2.098613054650654,1.0597461156342087,2.1153649091848816,1.0597461156342087,1.0597461156342087,1.0597461156342087,2.548356593889933,1.1241311513618253
T000391,1.1273275894199368,1.1273275894199368,1.0246469212631952,0.4653899644465028,1.1273275894199368,1.1273275894199368,1.0607197940554447,0.4699909747292419
T000392,0.9056761268537642,0.8342910032448108,0.8407865437458256,0.8496655163276057,0.8342910032448108,0.9872366520742076,0.8342910032448108,0.43168741261632126
T000393,0.9255065532440586,0.7619391821501119,0.860821474030741,0.7619391821501119,0.7619391821501119,0.8463495128238898,0.9263443319672494,0.549766680927561
T000394,0.9167501737229983,1.0118544761835206,0.20886781738348434,1.0969586449110607,1.0118544761835206,0.7839486810409488,1.0118544761835206,0.1824670498149179
T000395,1.0000625767201288,0.7011365333569982,0.8824908917544828,0.7262943042593586,0.7011365333569982,0.549969823591209,0.7011365333569982,0.7386293328655764
T000396,1.5689963905898663,0.7005416508130378,1.0045180406369731,0.7005416508130378,0.7005416508130378,0.7005416508130378,0.9033032340318617,0.6721249047981721
T000397,0.9801852769654087,0.7557319979015122,0.8233677196776958,0.7363352249139472,0.7557319979015122,0.8990133748234105,0.7557319979015122,0.6874553165107306
T000398,1.0000625767201288,0.7011365333569982,0.8824908917544828,0.7262943042593586,0.7011365333569982,0.549969823591209,0.7011365333569982,0.7386293328655764
T000399,0.7815579108700536,0.36512777821901976,0.5981519707960496,0.36512777821901976,0.36512777821901976,0.47558060746972464,0.36512777821901976,0.37886470372298364
T000400,0.8840684237872267,0.7437770661877057,0.8424169037398274,0.8840684237872267,0.7437770661877057,0.35529122463825225,0.8980548950083712,0.4760417310041914
T000401,0.9252236916400416,0.6114183439268976,0.9163958584950656,1.0076010020133717,0.6114183439268976,0.38765417127417595,0.865626962269104,0.4081056339130977
T000402,0.6356671529561408,0.49975521302170023,0.4528008601891403,0.34848414569312125,0.49975521302170023,0.20565958850573565,0.4354378835869507,0.3108420603116862
T000403,1.9862384496000705,1.3830797697214683,1.3409871031127882,1.1044712987834302,1.3830797697214683,1.042088287220796,1.5272948802943855,1.9839460779795808
T000404,0.8605822065765275,0.8605822065765275,0.8525523067510608,1.5322520193999352,0.8605822065765275,0.8605822065765275,0.8605822065765275,1.7251947118347482
T000405,2.07826341691778,1.6503679717416804,1.8743299788528787,1.9596046588457805,1.6503679717416804,0.995643906488753,2.139252620816833,1.3705975050514152
T000406,1.666533297035527,1.666533297035527,1.621891372430559,1.7509970972912339,1.666533297035527,0.5736130023081307,1.6809504353594158,0.6448445775138237
T000407,1.36020638862042,1.36020638862042,0.5704955795336102,0.43284969742365503,1.36020638862042,1.36020638862042,1.36020638862042,0.521556274766836
T000408,3.1576554514038557,2.140756528661859,3.1810765548541773,2.140756528661859,2.140756528661859,2.140756528661859,2.9508347339306256,2.1267574842631474
T000409,2.0198514785137007,2.018782581515262,2.0198514785137007,1.3544869475035919,2.018782581515262,2.018782581515262,2.239650674038104,1.4193011647254576
T000410,0.14430662162559055,0.4612645081273294,0.2517315832963944,0.4119350753480347,0.4612645081273294,0.4602784286314698,1.488972240944067,0.39101173418372
T000411,1.2792400564103465,1.2792400564103465,1.2910696564561686,1.8188484593528906,1.2792400564103465,1.2792400564103465,2.040824962962507,0.8759801726173243
T000412,1.553999331927,1.5605739599323376,1.5281479510295675,1.5788966050977444,1.5605739599323376,1.5924190677614716,1.5788966050977444,1.6412092752793526
T000413,1.558069763371853,1.3637627298675397,1.2848350894513032,1.3467750522162552,1.3637627298675397,1.3637627298675397,1.3637627298675397,1.3450225388562143
T000414,1.3828583825815213,0.982966227386208,1.0254013921803855,0.982966227386208,0.982966227386208,0.982966227386208,1.0695767841979125,0.8829691278230436
T000415,0.9327287672489418,0.41729615422719074,0.5270982158367901,0.41729615422719074,0.3680608462706931,0.4432425663251305,0.4641834354329427,0.42068295711775855
T000416,2.6411269262596218,2.1449068641305757,2.63640751260915,1.9116355400403158,2.1449068641305757,2.0792952836289245,2.6123531716200814,2.0639178778876066
T000417,1.6761778538769516,1.4571700989210767,1.558013730778249,1.4571700989210767,1.4571700989210767,1.4571700989210767,1.5179858454359283,1.4642551130648584
T000418,0.29802336611096314,0.46707065544542853,0.3545642872863263,0.46707065544542853,0.46707065544542853,0.46707065544542853,0.46707065544542853,0.4307518294841445
T000419,1.1015488795548325,1.1091215162839738,1.230699827839076,0.9907658488235496,0.7445746531039178,0.9500529264375847,1.3153697701413258,1.1691953724205215
T000420,0.4364726701677129,0.4364726701677129,0.4196704958462342,0.4364726701677129,0.4364726701677129,0.1698697877336756,0.41732141204510687,0.5933860398891926
T000421,0.27291116732791715,0.27291116732791715,0.3303465466842837,0.2817494161180804,0.27291116732791715,0.412850235787944,0.25881707707455753,0.5188317264294078
T000422,0.9999329970958744,0.8609319505449651,0.7263327233166058,0.9036424659052315,1.995629008780783,0.8609319505449651,0.7941133784823917,1.287144104202565
T000423,0.3326061131507653,0.5294927420968792,0.12178489136374361,0.12178489136374361,0.5294927420968792,1.6079902269696151,1.5107391048897874,0.8859194905104232
T000424,0.3055598271752402,0.16757399815936708,0.34280381686647154,0.14107979333247325,0.16757399815936708,0.2765988157828636,0.16757399815936708,0.2107436210945245
T000425,0.6202842161110905,0.7380191729455664,0.6738876206753052,0.7380191729455664,0.7380191729455664,0.7380191729455664,0.7380191729455664,0.7380191729455664
T000426,1.052013048618823,0.9458055000580284,1.0932346156824602,0.9685359198531315,0.9458055000580284,0.9458055000580284,0.9458055000580284,1.249190231725719
T000427,0.502075308487136,1.2525997291069608,0.43814756962427365,1.2525997291069608,1.2525997291069608,1.2525997291069608,1.2525997291069608,1.2788773148148147
T000428,1.0721303340029258,1.41299636639458,1.0851038906706978,1.88617046234939,1.41299636639458,1.41299636639458,1.3858199559332705,1.3858199559332705
T000429,0.4476624685868984,0.17397602485224659,0.3960297390003684,0.9133572131550146,0.17397602485224659,0.617945334337183,0.3783778154139478,0.5936288682551543
T000430,0.19553593154102364,0.17704931229170245,0.8663414192807516,0.23622526948953684,0.17704931229170245,0.49196818482707505,0.2256890502634315,0.27985333581950717
T000431,0.11818213251225093,0.12224542804486754,0.14683372850817086,0.2828143953686649,0.12224542804486754,0.1630668147562998,0.1351464441090335,0.8299319475052936
T000432,1.0641286960128866,1.269064233880066,1.269064233880066,1.2022012010824192,1.269064233880066,1.2932650286469538,1.0622295096781256,1.2984653402152828
T000433,0.8150913080977474,0.8675798196277623,1.0142006723706771,0.9992901335778154,0.8675798196277623,0.63855434466516,0.9822207038118458,0.8675798196277623
T000434,0.6905029741693995,0.6591438345524112,0.9271688115155217,0.9108822399021524,0.6591438345524112,1.6098552989647783,0.6591438345524112,0.8119565874293279
T000435,0.6258853389091885,0.7473541615803726,0.8578703774151109,0.6258853389091885,0.6748592910286692,0.5163653894020374,0.7910705929091434,0.5462256200325575
T000436,0.4581403478107211,0.5086325372444526,0.5168679401239801,0.573672033515563,0.5086325372444526,0.45780822914210006,0.573672033515563,0.5168679401239801
T000437,0.33892698762465945,0.3388589603474157,0.27987612045155025,0.5520035826652777,0.3388589603474157,0.6752698819156452,0.27991441019419455,0.31489308442434855
T000438,0.9903895605698428,1.0287455372695322,0.9279066930776317,1.1524880853678419,1.0287455372695322,1.482830136996198,1.0691608365901142,0.8622173665526666
T000439,1.2795742562537316,1.1238133421050345,1.199626901301668,1.1864810456485164,0.9794778740364956,0.9794778740364956,1.1864810456485164,1.199626901301668
T000440,1.3116874857926752,1.1780798220039632,1.4045261631879136,1.2593106280342075,1.1780798220039632,0.8780810491184985,1.4277101956893146,1.3182488382416315
T000441,0.9407801926353783,0.9104977620328776,1.0334122969167596,1.1580479502512055,0.9104977620328776,0.8179256498210449,0.9722404418240546,1.0324197289977766
T000442,1.180457228546042,1.2230498470750624,1.337103887697413,1.2425411920885099,1.2230498470750624,1.0986483624018812,1.2230498470750624,1.1556547438118987
T000443,0.19858710429209656,0.20358362964512305,0.1762063886468944,0.20332129020402434,0.20358362964512305,0.4091873807787548,0.19858710429209656,0.19858710429209656
T000444,0.8359358096731361,0.8571491646067918,0.8614552711923325,0.7669441163415589,0.8571491646067918,0.8846111409135975,0.7619455663987038,0.9266253458425693
T000445,0.29071331751173446,0.19632530311113594,0.22729991580268208,0.23678253203810845,4.830914798355645,0.3062848219297563,0.2735743831941287,0.3224731985850376
T000446,0.19905386620017002,0.19905386620017002,0.23599362832799237,0.37156918990031795,0.19905386620017002,0.4337286258606407,0.22297717507720444,0.20035686233285552
T000447,0.37264409997646764,0.3874611610445089,0.544203734966237,0.36067317493225337,0.3874611610445089,0.3654751715764926,0.38140771236314575,0.3800034250837506
T000448,0.5292186496263945,0.5611367521382176,0.5116947844373579,0.4781912006859002,0.5611367521382176,1.2185128815979145,0.336220134534947,0.5229669238327892
T000449,0.19269739085179347,0.21766165478827165,0.44373277081584844,0.2564037991489884,0.21766165478827165,0.4630354590015866,0.1747280013244623,0.44373277081584844
T000450,2.1630600499562957,2.3392656366805467,1.782846501093127,1.7839294306614206,121.96394791107461,2.128146249830021,2.1480564595319325,2.179194279415193
T000451,0.5641159849856614,0.5645192796030764,0.5579238547235102,0.5453694368875781,0.5645192796030764,0.5645192796030764,0.5579238547235102,0.9600443119318149
T000452,0.31712428726562997,0.5184132344699142,0.5341722473784196,0.3503875944158031,0.5184132344699142,0.3258468417209986,0.5699114844743124,0.6386470875666398
T000453,0.4581403478107211,0.5086325372444526,0.5168679401239801,0.573672033515563,0.5086325372444526,0.45780822914210006,0.573672033515563,0.5168679401239801
T000454,1.5990144299685864,1.201603020911751,0.6224028050407567,0.5327794763550073,1.201603020911751,3.4800407633947614,0.8841670434840913,1.137528316893359
T000455,1.2067878739789888,1.3349532341440806,1.288135557846741,0.4920449276339111,6.981255451362175,1.3349532341440806,1.2582978928871325,1.3812416346173908
T000456,0.7443224642555686,0.799954258101868,0.746158557275258,0.799954258101868,0.799954258101868,1.0584921371796607,0.799954258101868,0.6829999446133183
T000457,0.7233892160905578,1.1263898623836528,0.911090072326486,1.077798294085263,1.1263898623836528,1.0626932416555477,1.1263898623836528,0.7233892160905578
T000458,0.7377302039640664,0.6341468478197915,0.646998117479358,0.6401740181757172,0.6341468478197915,0.6975539190545821,0.6186239771754659,0.6401740181757172
T000459,0.6447581178064057,3.465569307927514,0.534578600315393,1.0941369711669593,3.465569307927514,1.0944010198956458,0.36658910769415415,0.42045193403102543
T000460,1.180457228546042,1.2230498470750624,1.337103887697413,1.2425411920885099,1.2230498470750624,0.387861298821717,1.2230498470750624,1.1556547438118987
T000461,0.38764347694374635,0.7554660317501578,0.4581079722543635,0.4581079722543635,0.7554660317501578,0.49760472430243025,0.5910476514270908,0.5095214622194003
T000462,1.9382345194310786,2.212667373229694,1.6950535138613032,0.3262417710017615,2.212667373229694,2.212667373229694,3.2542963438929475,0.7526881311865165
T000463,0.8734232943771614,0.8330846058203022,1.0041466862551074,0.7696686387882075,0.8330846058203022,0.9328374734822561,0.8493934368708546,0.9941280025943342
T000464,0.3925292593175927,0.5888457799422874,0.9349284088633526,0.42253767394701636,0.5888457799422874,0.5888457799422874,0.5181024454035837,0.8963725108651256
T000465,0.17846447312393166,0.17846447312393166,0.31162738668622014,0.4612890900760486,0.17846447312393166,0.2563046800717278,0.46059862733270296,0.4758343541905229
T000466,0.30277288791565066,0.3439467033188719,0.6755177067627296,0.15062099161065828,0.3439467033188719,1.10486847617771,0.37269918844553024,0.691141912208823
T000467,0.8727989330459676,0.8666993748225703,0.8043919093068368,0.7922199838297712,0.8666993748225703,0.8666993748225703,0.8666993748225703,0.38150734501528555
T000468,1.670576761618111,0.5518487823463956,0.5288532088199703,0.34917153045558735,0.5518487823463956,0.5518487823463956,0.44200355156339666,0.15314096690870396
T000469,0.7726966688089525,0.7369911944588472,1.5681630168049403,1.5665760333680907,0.7369911944588472,0.7369911944588472,1.289008452117842,1.5331134096494796
T000470,0.6301474438994368,1.2789759289616769,1.4227589841278467,0.6655379691251189,1.2789759289616769,1.2789759289616769,1.1674847337432357,1.4227589841278467
T000471,0.8498334274829599,1.1636027582688593,0.22955911116256444,0.4099712099046763,1.1636027582688593,1.1636027582688593,1.3992337336869154,0.6599309178277393
T000472,0.568169411026171,0.4043191975242594,0.4698554135347559,0.41315018240139056,0.4043191975242594,0.4043191975242594,0.4043191975242594,0.45704518334507044
T000473,2.7685370974093293,2.1457144816278317,2.9849810796679566,2.1457144816278317,2.1457144816278317,2.1457144816278317,2.253239836996047,2.3194441231187706
T000474,1.4692609504755185,1.3139889267442002,1.217814115847968,1.4597313136450456,1.212673850113511,1.464370031015033,1.4597313136450456,1.3725755240549962
T000475,3.3846857474127305,2.674740331116043,3.3225865323776813,3.3922282971240474,2.674740331116043,2.674740331116043,3.4485944021401256,2.8792566665755155
T000476,2.1927040616032323,5.0917259522693525,3.474348892715792,4.247825952472847,5.0917259522693525,5.0917259522693525,5.0917259522693525,5.622769864272895
T000477,0.42104489209207246,0.3012225976498037,0.4270318132426641,0.3012225976498037,0.3012225976498037,0.3012225976498037,0.3012225976498037,0.3762795918539535
T000478,0.9216763039464468,0.9003447518722881,0.20386176410294835,1.0314959567750448,0.9003447518722881,1.2133157063001838,0.6040788002638917,1.1863744920712174
T000479,0.5579479263603819,0.22101522574870214,0.45029486101592253,0.22101522574870214,0.22101522574870214,0.22101522574870214,0.5046494272675678,0.5489951906561327
T000480,0.39689759397896884,0.3709084702587641,0.6852576705166336,0.3709084702587641,0.3709084702587641,0.3709084702587641,0.8318618032835959,0.40520563217445954
T000481,0.8080681892984101,0.25672242980859655,0.5355365863821773,0.25672242980859655,0.25672242980859655,0.35220725194145525,1.1170465084796448,0.2651251461447125
T000482,3.466853398351682,0.4917144399440183,1.0441429620990352,0.30907011018405456,0.4917144399440183,0.7432591777175163,3.8183431138831585,0.7864134856861543
T000483,1.9382345194310786,2.212667373229694,1.6950535138613032,0.3262417710017615,2.212667373229694,2.212667373229694,3.2542963438929475,0.7526881311865165
T000484,5.346463253066007,1.33447119998869,2.7823149871552695,3.8995307179473153,1.33447119998869,1.33447119998869,6.637931341971796,1.6621484402822844
T000485,1.759947640906215,0.8019245077178186,0.8915622312303834,0.8019245077178186,0.8019245077178186,0.9233612312341922,0.8150073489700709,0.7659742674468577
T000486,0.2092205377699482,0.23507132609096013,0.9275517993955844,0.5048398712708286,0.23507132609096013,0.23507132609096013,0.23507132609096013,0.6246844492789071
T000487,1.9382345194310786,2.212667373229694,1.6950535138613032,0.3262417710017615,2.212667373229694,2.212667373229694,3.2542963438929475,0.7526881311865165
T000488,0.7286380274839899,1.408606462978134,0.739252386496254,1.408606462978134,1.408606462978134,1.451977792413714,1.794526323149882,1.3971216870903391
T000489,1.6511963563485588,0.42185925878783065,0.5434990511854756,0.3333209685039959,0.42185925878783065,0.42185925878783065,1.1484782739049735,0.16165568835330815
T000490,1.670576761618111,0.5518487823463956,0.5288532088199703,0.34917153045558735,0.5518487823463956,0.5518487823463956,0.44200355156339666,0.15314096690870396
T000491,1.2225113276204336,0.983652954632198,1.0641400261564524,1.6072214740454762,0.983652954632198,0.983652954632198,0.983652954632198,0.42315697475590114
T000492,1.0297054067707854,0.9137931034482757,0.9336625352621918,0.9137931034482757,0.9137931034482757,0.9137931034482757,0.9137931034482757,0.9058183433871136
T000493,0.31544342848177154,0.6430929590130899,0.7330674689463625,0.6023329273689,0.6430929590130899,2.469077621675641,0.6430929590130899,0.27988291796468207
T000494,1.670576761618111,0.5518487823463956,0.5288532088199703,0.34917153045558735,0.5518487823463956,0.5518487823463956,0.44200355156339666,0.15314096690870396
T000495,1.0095307239700104,0.29220482550872967,0.530692302413184,0.5632738014281516,0.29220482550872967,0.6075983980404763,0.5834613942578236,0.3390498523282512
T000496,0.8684702339421795,0.2682015289985233,0.2682015289985233,0.9374678519470064,0.2682015289985233,0.35932777813631933,0.2451638074139986,0.20730769470738686
T000497,0.9923781715262003,0.31951209167120176,0.4174266870242671,0.38906817587922954,0.31951209167120176,0.5170929885117123,1.241913700840996,0.415912690172532
T000498,1.7171088771451914,1.2566577347048837,2.489471128204785,1.7171088771451914,1.2566577347048837,1.7201960317757663,1.2566577347048837,2.114270941054811
T000499,0.20334667969411038,0.2767417791816177,0.24568308370337336,0.41335690563378247,0.2767417791816177,0.2767417791816177,0.5076304275565237,0.42511852024559155
T000500,0.9164531463004503,0.2636917301301153,0.8727973169478223,1.0200300300504224,0.2636917301301153,0.2636917301301153,0.2930852930852948,0.22666353420243518
T000501,1.0422648537903891,0.4532769821130368,0.26478118049491417,0.26478118049491417,0.4532769821130368,0.4532769821130368,0.42558262174715455,0.5623924324209836
T000502,0.30277288791565066,0.3439467033188719,0.6755177067627296,0.15062099161065828,0.3439467033188719,1.10486847617771,0.37269918844553024,0.691141912208823
T000549,0.5201973618182631,0.5102608557645787,0.5093346803296893,0.5340648665375876,0.5102608557645787,0.5852869639773384,0.6913135529401393,0.5735761024536417
T000550,2.3072545295920173,1.7803249097516756,1.9275680412255305,1.5922064140579952,1.7803249097516756,2.084470609691999,2.184735521408962,2.2840693768141223
T000551,0.23722554275388036,0.5042490054680753,0.18264888258994386,0.492967169683208,0.5042490054680753,0.27177917671088736,0.3611504547238953,0.6378754929805399
T000552,1.963906715873165,1.2690844756533086,2.0180407171692294,1.2690844756533086,1.2690844756533086,1.2690844756533086,1.168760935029161,1.2010084635144243
T000553,0.30165321075135826,0.42456851887014535,0.612793386757846,0.27349664373911886,1.0234302685045837,1.0234302685045837,0.612793386757846,0.3542305927672011
T000554,0.2973700781501077,0.29725575951898,0.6613808000348077,0.3005305268781092,0.29725575951898,0.29725575951898,0.3080565235892552,0.756962149838158
T000555,2.085124209051409,1.9271104728443043,2.0715676305369737,1.9271104728443043,1.9271104728443043,2.0844111149583258,1.8286205074433382,2.10062700854487
T000556,0.2082049020629346,1.3678183169392977,0.22625297078844717,0.3710615843226022,1.3678183169392977,1.3678183169392977,1.3678183169392977,0.34619751975572916
T000557,2.1038927791506374,1.4675392036738442,0.2178733696286679,1.0120179362398418,1.4675392036738442,0.6474632916672034,1.5414496400322282,1.1422332692988437
T000558,0.5089846842798147,0.5089846842798147,0.5350775679741592,0.5337398147429039,0.5089846842798147,0.26888860580475105,0.5089846842798147,0.6542985141635657
T000559,0.2860579067557322,0.3216127774741111,0.4360370949073597,0.21080148401573243,0.3216127774741111,0.38738020170783294,0.4676121734865241,0.5236587362691838
T000560,0.7771140861194117,0.7453527550017298,0.7453527550017298,0.7453527550017298,0.7453527550017298,0.7453527550017298,0.8284517104635253,0.9359679195095573
T000561,1.5297971484821262,0.31974030489399646,0.2651548772338027,0.5837978952392123,0.31974030489399646,0.6643307641034858,0.31974030489399646,0.5097156505600859
T000562,0.26492910023690835,0.2614143483351914,0.689625713219,0.30759552514373223,0.2614143483351914,0.3314126148269074,0.25864489647143296,0.340152098101252
T000563,1.4436633929048244,1.07821508567392,0.9924505351177237,1.068193706722894,1.07821508567392,1.07821508567392,1.068193706722894,1.060806218571115
T000564,0.14568777081962658,0.2757547253266979,0.15919957912491453,0.7571476249460348,0.2757547253266979,0.2922013061446099,0.2881288741790926,0.7571476249460348
T000565,0.5143874816330284,0.49764052971111705,0.4977321551501304,1.1919236069509043,0.49764052971111705,0.4419891413765185,0.5133267579832161,0.49979305560550835
T000566,1.8747149458198409,1.8442684795641493,1.8611019064329766,1.6196989702382574,1.8442684795641493,1.853096356372965,1.819826710765368,1.5967470191635182
T000567,1.4609075850969082,1.4609075850969082,1.6134019263033517,1.8644183574252113,1.4609075850969082,1.063688004436725,1.4609075850969082,2.6010871034079694
T000568,2.249832236162513,1.6097666767761156,3.3985369476979264,3.461417316906189,1.6097666767761156,2.4418603905470486,2.9718238758792985,3.3845996590803966
T000569,0.47925468223136286,0.5006859301674007,0.46990852171120895,0.4635212737433716,0.5006859301674007,0.42166879533448026,0.46990852171120895,0.4882717113873638
T000570,1.6885316526268157,1.6930261897391148,1.7103710579563032,1.790521294319717,1.6930261897391148,1.6930261897391148,1.6906990117212553,1.6858841102030744
T000571,1.4609075850969082,1.4609075850969082,1.6134019263033517,1.8644183574252113,1.4609075850969082,1.3506525163227656,1.4609075850969082,2.6010871034079694
T000572,0.2419063895196139,0.2838847006290035,0.3054677348696122,0.12588686928207482,0.16503002252719257,0.4518356109371453,0.27414486157940354,0.25783172699042395
T000573,2.1803182390550617,2.189835534892911,2.1889916368293485,2.061733847813079,2.189835534892911,1.7103347961584812,2.189835534892911,2.215952424741729
T000574,1.7049059810745322,3.058328776944103,1.919669166888539,3.058328776944103,3.058328776944103,3.058328776944103,3.0579109239109723,3.0655158272134204
T000575,2.8003423569331174,2.5598525690424108,2.5724132479984676,2.5724132479984676,2.5598525690424108,2.1839011185686306,2.621277589752778,2.8706833950437725
T000576,2.3072545295920173,1.7803249097516756,1.9275680412255305,1.5922064140579952,1.7803249097516756,2.084470609691999,2.184735521408962,2.2840693768141223
T000577,2.7655405619649644,2.7582944408167482,1.793390680986739,3.049965874827052,2.7582944408167482,2.7582944408167482,3.350728491437401,2.8708832563402007
T000578,2.2925207849365727,2.1744353926649413,2.5204266145630676,2.0407623721650032,2.1744353926649413,2.272019438939847,2.1744353926649413,2.744566724558253
T000579,1.9062590564051718,2.5131567596778077,1.7362192995737016,2.5131567596778077,2.5131567596778077,2.5131567596778077,2.5131567596778077,2.522490059073582
T000580,2.587270488265682,2.4764608696358077,2.5903618244760755,2.5903618244760755,2.4764608696358077,2.4841286270144884,2.4764608696358077,2.6344070900444674
T000581,2.085124209051409,1.9271104728443043,2.0715676305369737,1.9271104728443043,1.9271104728443043,2.0844111149583258,1.8286205074433382,2.10062700854487
T000582,3.449724374446035,2.2321707355912186,3.02936075649673,2.1795746040857837,2.2321707355912186,2.596737622919644,3.1402609515828024,2.1873970480503098
T000583,2.1240772235977703,2.081547126114225,2.168396737692851,2.1240772235977703,2.081547126114225,1.9043650111329122,2.081547126114225,2.2189478522414103
T000584,1.206177448939775,3.2115823383213304,1.9375303054766215,1.6681174557141276,3.2115823383213304,3.2115823383213304,4.043403509460767,4.456118127153448
T000585,0.6176147248354049,0.6527034174421508,0.7262242670288133,0.6082927196215805,0.6527034174421508,0.7745192325864556,0.6082927196215805,0.6175318015054609
T000586,0.5289624427051499,1.4123918806641707,0.6353294319165766,0.6353294319165766,1.4123918806641707,1.4123918806641707,1.0403085622565318,1.8078534623485423
T000587,0.8006081192920389,1.942394813031478,0.7876872665697208,1.703907015837736,1.942394813031478,1.1507372922392702,1.3036657066208097,1.6920503477327518
T000588,1.5287774928252527,1.3993304570974652,1.468632846973844,1.4147609836379098,1.3993304570974652,1.2220894596395222,1.4147609836379098,1.361204140272672
T000589,3.3437480203238623,1.5808925843086294,3.1408182179353243,1.5808925843086294,1.5808925843086294,0.8990652140450275,1.3134978587176436,1.4948421620973384
T000590,1.2403413275665107,0.9877255392096459,1.2071900202861803,1.227664251190082,0.9877255392096459,1.4154982579875444,1.227664251190082,1.0898823160546676
T000591,2.200126392399549,3.173402146095286,1.7997494016584996,2.3218285940684216,3.173402146095286,3.173402146095286,2.173761742634923,2.8966019975865738
T000592,1.7286738815880485,1.9149792629212679,0.3362019535707108,1.6941506661512455,1.9149792629212679,1.9149792629212679,2.0022577319509067,1.1762852763051752
T000593,0.7154367334436187,0.7825514498745928,0.8508396023647204,0.7154367334436187,0.7825514498745928,0.7825514498745928,0.9073243205008753,0.6525435953841066
T000594,1.1143638311861663,0.35284143720765787,1.1075853619285478,0.35284143720765787,0.35284143720765787,0.16537829940565585,0.35284143720765787,0.14723694619178077
T000595,0.8660849711276816,1.373364414698962,1.5742211602388854,1.5981901711027509,1.373364414698962,1.0686198727225127,1.5981901711027509,1.0971526496177169
T000596,0.6136427833080953,0.6700434678399099,0.8651076086459025,0.5987580113242312,0.6700434678399099,0.6700434678399099,0.6681586529348122,0.5139184491365716
T000597,0.15379512330461373,0.14347653165674987,0.16075476837814645,0.1584997860801876,0.14347653165674987,0.3194816666909138,0.14088605342667282,0.18068973917383307
T000598,0.8368163086235448,0.4497231032912385,0.6902404226911404,0.4487978974112357,0.4497231032912385,0.4280508828192673,0.45665841519556954,0.45665841519556954
T000599,0.40365835394799776,0.9101931510722719,0.8630380784466568,0.9101931510722719,0.9101931510722719,0.9101931510722719,0.20797233128860296,0.6670884606065801
T000600,0.5271580298932101,0.5689499780271426,0.4842554862502358,0.8978397193156641,0.5689499780271426,0.91549615475922,0.9163636363636364,0.9244172569872708
T000601,1.0852065777425803,1.2569793207176843,1.164480840552316,1.0821155356553953,1.2569793207176843,1.2569793207176843,1.2569793207176843,1.296218487394958
T000602,0.7050798073893666,0.7050798073893666,0.6993151858559808,0.9568130072464875,0.7050798073893666,0.7698534825191633,0.7050798073893666,0.8161088785439351
T000603,0.6359047073014756,0.6287558362360861,0.32116922223864175,0.45136715550361395,0.6287558362360861,0.45136715550361395,0.45136715550361395,0.28523049538262785
T000604,0.6509669691505009,0.833078022912861,0.6580062095871526,1.2097250910004853,0.833078022912861,0.980085676301775,0.833078022912861,0.833078022912861
T000605,1.1239388975331657,0.7574977652107046,1.0255567870278335,1.4672781128236327,0.7574977652107046,0.7574977652107046,0.7574977652107046,0.7271931149459611
T000606,1.206177448939775,3.2115823383213304,1.9375303054766215,1.6681174557141276,3.2115823383213304,3.2115823383213304,4.043403509460767,4.456118127153448
T000607,3.9818840766114625,2.425790406988041,4.324511438315283,2.9647972665358053,2.425790406988041,2.425790406988041,2.7833074912147855,4.998166819431714
T000608,0.6951328296612383,0.9824917678046878,1.358519037028026,0.6459590746345635,0.26383868723029086,0.9824917678046878,0.9824917678046878,0.7136355032047385
T000609,0.6150979705863885,1.8726243955562276,0.9984674528194838,1.4237083210882644,1.8726243955562276,1.8726243955562276,1.4024512761166197,1.7380174218918238
T000610,3.3437480203238623,1.5808925843086294,3.1408182179353243,1.5808925843086294,1.5808925843086294,1.5808925843086294,1.3134978587176436,1.4948421620973384
T000611,3.6084293452345353,1.9294058007383188,3.652157834383354,2.1305408714142096,1.4495588991022783,2.1682216744519924,2.1305408714142096,1.4495588991022783
T000612,0.4366628289071117,1.28561004667582,0.8116905636399182,2.0022571820640267,2.0022571820640267,1.28561004667582,1.1924369476605754,1.1183771004162937
T000613,1.990916602183479,2.420871345845272,1.7973069320829689,1.864285063577395,2.420871345845272,1.952542852442201,1.2541569845540335,2.299049957717381
T000614,0.8326521260933974,0.6962648791139361,1.189945838291471,0.7290151302788264,0.6962648791139361,0.8567575882020771,0.6947240448001273,1.197375147555001
T000615,0.9763461844610947,0.9763461844610947,0.8449727762933592,1.048219543151604,0.9763461844610947,0.9763461844610947,2.021196352017065,0.8975470129205572
T000616,0.777368467583064,1.2171007049973865,0.9975318128063789,1.1419816132213358,1.2171007049973865,1.2171007049973865,1.1419816132213358,1.1135378892564272
T000617,0.5081755937781943,0.48937467249278344,0.9322138730320104,0.30254044675298514,0.48937467249278344,0.48937467249278344,0.4759460060070472,1.0567615815224567
T000618,0.509058879711344,0.7446303374853361,0.3487501344522306,0.3874420704651525,0.7446303374853361,0.7446303374853361,0.7946076642157927,0.8151829414502288
T000619,0.579909573742615,0.7574179523857462,2.1361001473517094,0.7574179523857462,0.7574179523857462,2.4375924988562763,0.7759029969262291,1.2240007641317847
T000620,0.18215737676850804,0.3749159419477754,1.1372155660659478,0.3749159419477754,0.3749159419477754,0.3749159419477754,0.3749159419477754,1.2262635353478102
T000621,0.40651704475058387,0.7507778024574749,0.9186213065899824,0.40522114023330774,0.7507778024574749,0.7507778024574749,0.8997827320092188,0.9186213065899824
T000622,2.5625799591329788,2.483422041096418,1.9073610609837428,1.7936555176973819,2.483422041096418,2.483422041096418,2.3072293567048465,1.6586369520435116
T000623,0.12388251491834029,0.09661900786229544,0.0479365708048302,0.10515381305933345,0.09661900786229544,0.09661900786229544,0.09661900786229544,0.10729715714052397
T000624,0.15919411032453282,0.21979736741373532,0.23478139375967386,0.2001234209933925,0.21979736741373532,0.21979736741373532,0.2001234209933925,0.22537277944789955
T000625,0.0803872188466049,0.0803872188466049,0.11341209808125736,0.0803872188466049,0.0803872188466049,0.0803872188466049,0.0803872188466049,0.3024970064571141
T000626,1.6221089561643125,1.5447876732171046,1.3402229201869271,1.562451365000678,1.5447876732171046,1.5447876732171046,1.6147021948608318,2.0692665374851145
T000627,0.31436955601658645,0.2530898052595898,0.24866694694809938,0.2530898052595898,0.4891063721778398,0.5026247790092576,0.24889495440515993,0.5421637644788458
T000628,1.063492086729923,1.3055312728618558,1.0786583127278067,0.9535774610380392,1.3055312728618558,1.3055312728618558,1.2923359597828687,0.9992717400370661
T000629,1.0992782863988513,1.1348426394309956,1.803632732022344,1.1348426394309956,1.1348426394309956,1.1881042674691913,1.134557914691114,1.1222600609176698
T000630,1.2487789754260048,1.074289049804346,2.5221388887389184,0.7653072182471665,1.074289049804346,1.074289049804346,0.4522720651251976,0.7410688477745557
T000631,1.3185815375679801,1.2182292084774387,1.176421359342977,1.1796302641826837,1.2182292084774387,1.2182292084774387,1.2967889496484881,1.1897327458760945
T000632,1.8410039510507308,1.8410039510507308,2.075443673217145,1.7167976548242514,1.8410039510507308,1.8410039510507308,1.8410039510507308,1.6432547028843496
T000633,0.8740314490018446,0.904669626240115,0.8883242260454932,0.8868947402108357,0.904669626240115,0.9302712963362546,0.8740314490018446,0.904474420500093
T000634,1.5171354570046265,1.4950452686600413,1.4961768739424515,1.8459832350815528,1.4950452686600413,1.717415972698735,1.4719836772109711,1.9116477626693673
T000635,0.5457125516409622,0.5457125516409622,0.693552622753602,0.5457125516409622,0.5457125516409622,0.5457125516409622,0.5457125516409622,1.984997707404585
T000636,1.3229106087786897,1.2504996493991105,1.2778658570108916,1.2465162734504884,1.2504996493991105,1.2504996493991105,1.2504996493991105,1.2069255025306727
T000637,0.49887079870129225,0.694912132926701,1.350429647036331,0.694912132926701,0.694912132926701,0.694912132926701,0.694912132926701,0.5901428300164143
T000638,0.7939540097826582,0.29381939406243096,0.18545344928420623,0.12515064976657486,0.29381939406243096,0.29381939406243096,0.29381939406243096,0.2786614599418315
T000639,1.173284343629156,0.6386103073832684,1.0739987368371058,0.7686338161973812,0.6386103073832684,0.6386103073832684,0.7478771920943917,0.7607456317584498
T000640,0.4359115916573765,0.42387668358829483,0.4380716949896754,0.4655704764648213,0.42387668358829483,0.42387668358829483,0.42387668358829483,0.37619677663459616
T000641,0.16835678555205985,0.7974966278080863,1.6415151449607877,0.2402932212410644,0.7974966278080863,0.20965959195399436,0.10650854275936289,0.10034751193382205
T000642,0.9474462858072571,1.0068551481448411,1.3660814893391309,1.0068551481448411,1.0068551481448411,1.0068551481448411,0.9474462858072571,0.9474462858072571
T000643,0.6700941705836999,0.9649237005776367,0.6807463878533349,0.9649237005776367,0.9649237005776367,0.9649237005776367,0.9649237005776367,0.8256651262569107
T000644,1.164817743503254,1.2732931776965708,1.1185764454391525,1.2732931776965708,1.2732931776965708,1.2732931776965708,1.2732931776965708,1.1388494793614883
T000645,0.40120639796021923,0.4478940119960218,0.42929822007320717,0.8767633163521148,0.4478940119960218,0.4478940119960218,0.40120639796021923,1.0646611392836507
T000646,1.0777413204248965,1.2528341933795055,0.5702688384559872,1.2528341933795055,1.2528341933795055,1.2528341933795055,1.2528341933795055,1.0373145201594813
T000647,1.9013083421658066,1.8904380659196622,1.751892859492441,1.6355429011033598,1.8904380659196622,1.8904380659196622,1.8904380659196622,1.4903272348510874
T000648,0.8543253623680555,1.0894751340494913,0.8853622984796736,1.0894751340494913,1.0894751340494913,1.0894751340494913,1.0894751340494913,0.9305657697196601
T000649,0.9644666775423715,1.0154780216195805,0.9113529402390845,1.0154780216195805,1.0154780216195805,1.0154780216195805,0.9395650757414394,0.9473145041583623
T000650,1.5853817449889882,0.3263446829594955,0.3845176767044118,1.6049842638367082,0.3263446829594955,0.3263446829594955,0.3263446829594955,0.21991576413959085
T000651,1.3668537272804284,0.9785379497642746,1.1549337868762461,0.39367344865621917,0.9785379497642746,0.9785379497642746,0.9785379497642746,0.7733992816187202
T000652,0.2234237718028749,0.15860232617560793,0.34204247357596423,0.15860232617560793,0.15860232617560793,0.15860232617560793,0.15860232617560793,0.17389866967439663
T000653,0.5902188116376537,0.6934857699175367,0.8256476004887598,0.528132978540791,0.6934857699175367,0.6934857699175367,0.5942529272791679,1.2406313416395203
T000654,0.955124967384045,1.0243785307087516,0.9025639313024153,1.0243785307087516,1.0243785307087516,1.0243785307087516,0.9594436059691925,0.9591678787258009
T000655,1.7214806020098632,1.4363487780268065,1.618848046984999,1.7006012732828562,1.4363487780268065,1.4363487780268065,1.4363487780268065,1.5108015618387904
T000656,0.8932079271715362,0.8751174090968666,1.1768642706234331,0.8751174090968666,0.8751174090968666,0.8751174090968666,0.8751174090968666,0.8467306003081037
T000657,0.649734144659901,0.8534477366665236,1.0636147547718466,0.8534477366665236,0.8534477366665236,0.8534477366665236,0.8534477366665236,0.7903363753454633
T000658,1.8393325182098184,1.702908339079099,1.702908339079099,1.9421886377450817,1.702908339079099,1.702908339079099,1.9783075332764772,3.0601687878866346
T000659,0.600990269724866,0.5888947162360006,0.5748111940899711,0.6153061890212779,0.5888947162360006,0.5888947162360006,0.6153061890212779,0.9830383790235415
T000660,1.3635717037915476,0.9959902189035754,0.7725771851251731,0.8637000913044994,0.9959902189035754,0.9959902189035754,0.9959902189035754,0.9959902189035754
T000661,0.6870468303927815,2.7171954022250784,0.595583562983541,1.141205527963822,2.7171954022250784,2.7171954022250784,2.7171954022250784,1.314575956315032
T000662,0.7883500579027635,0.6171287898948192,0.7786702514502277,0.6194818634500933,0.6171287898948192,0.6194818634500933,0.6194818634500933,0.5982690032170034
T000663,1.0970962225951084,1.0970962225951084,1.7572051959707689,1.0970962225951084,1.0970962225951084,1.0970962225951084,1.1610164369220677,1.1336331708546208
T000664,0.6686921476228388,0.9265737090950348,2.1330787882340836,0.38128349114172944,0.9265737090950348,0.9265737090950348,0.9265737090950348,1.0187813960188479
T000665,1.8261988491970542,1.2248335746668102,1.772328662960855,1.2143428448192148,1.2248335746668102,1.2248335746668102,1.218680796981361,1.483130257341941
T000666,1.5786360553911944,1.3656745193346052,1.6703781629554717,1.5329288361900506,1.3656745193346052,1.3656745193346052,1.372345719120597,1.1771502059234404
T000667,0.827097700954855,1.9913920711692321,1.5949586342619515,1.9913920711692321,1.3380916623648977,0.7465599521064087,1.9913920711692321,0.7528384310520603
T000668,2.4587686967218074,2.173491742044682,2.0887184909015337,2.173491742044682,2.173491742044682,2.173491742044682,2.173491742044682,2.4481280609425795
T000669,2.042501088638554,1.0569179321452473,2.209902956908552,0.5573047463836217,1.0569179321452473,1.0569179321452473,0.5573047463836217,0.5586270266136886
T000670,1.3267099643395603,1.2857743511061357,0.8480210147655811,1.3267099643395603,1.2857743511061357,1.2857743511061357,1.439032456994783,1.2017321644425634
T000671,0.7687091518263158,0.7773044453607614,0.23899126956446967,1.3807483590151706,0.7773044453607614,0.7773044453607614,1.2334989236305705,0.85101836133998
T000672,1.310246078250095,1.299398247291424,1.2432166351474452,1.369368683714469,1.299398247291424,1.299398247291424,1.3823185319006759,1.299398247291424
T000673,1.658094160431921,1.3123624582184783,3.0180231988611688,1.3123624582184783,1.3123624582184783,2.476952957969486,1.3123624582184783,1.2536958890547576
T000674,0.7139968216699119,0.7237616416790683,1.2384472873096335,0.7237616416790683,0.7237616416790683,0.7237616416790683,0.7237616416790683,0.7139968216699119
T000675,1.2007703032305732,0.7004773773375184,0.563387094004465,0.7004773773375184,0.7004773773375184,0.6227260666265415,0.7004773773375184,0.6815605439235695
T000676,0.9838454016219657,0.9702444597539414,0.9229807508388492,0.9702444597539414,0.9702444597539414,0.9702444597539414,1.017117691745382,1.017117691745382
T000677,0.5177532412244656,0.5884645159458501,0.5260761844918854,0.5177532412244656,0.5884645159458501,0.5884645159458501,0.5884645159458501,0.6789336556612885
T000678,1.1122356161361944,0.4910037474903698,0.9551060510566539,0.4910037474903698,0.6381886284453284,0.5186184383350105,0.6381886284453284,0.6470968288802863
T000679,1.0297944669133001,1.2929774050939808,0.9847859920797543,1.2515065155105423,1.2929774050939808,1.4787234148166284,1.2929774050939808,1.447379561087664
T000680,1.7752253654544474,0.938183110953379,1.0012579728129611,0.938183110953379,0.938183110953379,0.967701629939081,0.938183110953379,0.957590825278311
T000681,1.1982793195427064,0.7309578600199553,1.40048090891579,0.7606532493198216,0.7309578600199553,0.7309578600199553,0.7309578600199553,0.9407202993933812
T000682,1.3579032781061189,1.394901382193081,1.3706672339085948,1.3823286540049546,1.394901382193081,1.394901382193081,1.394901382193081,1.3823286540049546
T000683,0.5986598654324431,0.6599749168590002,0.6052874258721749,0.6488091280273911,0.6599749168590002,0.6599749168590002,0.5956196197195266,0.6599749168590002
T000684,0.5026308002378185,0.3881888505657093,0.7384666093709567,0.3881888505657093,0.3881888505657093,0.519430811427746,0.3881888505657093,0.5026308002378185
T000685,0.22692229061168046,0.22692229061168046,0.46122945457605136,0.22692229061168046,0.22692229061168046,0.22692229061168046,0.22692229061168046,0.22692229061168046
T000686,1.250299820423246,1.059002445744351,1.7258632054332734,1.2392922282739658,1.059002445744351,1.2392922282739658,1.059002445744351,0.8704198437846595
T000687,0.5461325259734457,0.29065489184692883,0.6371965647191035,0.29065489184692883,0.29065489184692883,0.26834691290970963,0.29065489184692883,0.5195055048582785
T000688,2.272333121957477,2.7384821614859627,2.3261139235455586,2.7384821614859627,2.7384821614859627,2.186795660402195,2.7384821614859627,2.7241069274790326
T000689,0.3360807487534962,0.2696359331936129,0.3158791518621411,0.2696359331936129,0.2696359331936129,0.2715781475128498,0.2696322783219826,0.3566780044888906
T000690,1.4478153323573055,1.6277653224574733,1.4230513985356827,1.7554918531549635,1.6277653224574733,1.7100022998850486,1.6277653224574733,1.531127410625856
T000691,0.20362925510180663,0.7671915578303992,0.2048353695065617,0.6575986937814646,0.7671915578303992,0.6911120185729921,0.6911120185729921,0.5941027614315645
T000692,0.6060759023397433,0.6030358396227753,0.603862872650259,0.69697261825248,0.6030358396227753,0.6030358396227753,0.6060759023397433,0.6101246668957504
T000693,0.49238687270284,0.49238687270284,1.9019647710356584,0.49238687270284,0.49238687270284,1.1781741319891652,0.49238687270284,1.2861161634866942
T000694,1.1889193642639073,1.6238356686044777,2.371801597924755,1.4779849154346252,1.6238356686044777,1.6238356686044777,1.1769780579730647,0.7580518807209202
T000695,0.9189493721669103,0.8845462257387915,0.8904114596202012,0.8975513337486546,0.8845462257387915,0.9441586390307926,0.933510320287914,0.8818444181345189
T000696,0.4432599330724098,1.552397694255218,1.141173709288191,1.6637450791811237,1.552397694255218,1.552397694255218,1.552397694255218,1.552397694255218
T000697,0.727043498424683,0.7391860746783443,1.2172660304561589,0.727043498424683,0.7391860746783443,0.7391860746783443,0.727043498424683,1.0290456687354164
T000698,0.5391405896435675,0.4967960061774885,0.5101312447252712,0.5070657042251032,0.4967960061774885,0.4967960061774885,0.4967960061774885,0.5011019397796747
T000699,0.16410930805985277,0.17675904881522225,0.19619772209295855,0.1556364931580763,0.17675904881522225,1.0941518756856663,0.19409422694094228,0.1556364931580763
T000700,0.12468194332092014,0.0468213095268272,0.06262996933078777,0.12468194332092014,0.0468213095268272,0.036798801246910005,0.0468213095268272,0.19869402985074627
T000701,0.1324376835217904,0.1324376835217904,0.13051850850014554,0.05818114389067451,0.1324376835217904,0.10138220016198432,0.13051850850014554,0.21916448137498784
T000702,0.1455540356131645,0.06554186994364884,0.19315801192331314,0.2076445077746864,0.15051144145154563,0.2233666537322069,0.19315801192331314,0.0742092492410598
T000703,0.3580236337852046,0.36776108958533166,0.4003402262518841,0.3658013254485804,0.36776108958533166,0.31371230480381507,0.43207404549526324,0.3147314315648311
T000704,0.978315965974562,1.310114793312053,0.9457883604784634,0.9807430415592518,1.310114793312053,0.9814439078341133,0.9095562057827445,1.5409801067019453
T000705,1.6704218604997116,1.793569777294433,1.6933950420332382,1.406065625977916,7.411784495496624,1.395398731601438,1.6933950420332382,1.367893139552826
T000706,1.270986231941179,0.18143097866616187,0.2401414359754399,0.39395616570384506,0.18143097866616187,1.49515489813695,0.2401414359754399,0.5377217042464272
T000707,1.1262412374797748,1.1304323107508387,0.8859201565148421,1.0570449450842303,1.1304323107508387,1.1304323107508387,1.1304323107508387,1.1129825794762287
T000708,1.986869881370332,1.9853181105967364,2.0177668942284415,0.9708823449663363,1.9853181105967364,0.9344198345648848,1.7632790169909356,1.5727387695115835
T000709,1.118152846691102,0.8714605135921218,1.135685858331519,0.9200542389422405,0.8714605135921218,0.3892288828352968,1.2177530437799318,0.9113488301682517
T000710,0.24573336244374985,1.023799607968066,0.874838463897122,0.8477186462110409,1.023799607968066,1.0894815352677554,1.023799607968066,0.874838463897122
T000711,2.2973805916270407,1.7873762964165867,1.745359562626941,1.3874122159562998,1.7873762964165867,1.9710087333325825,2.5986222297417036,2.2973805916270407
T000712,1.8315422856458612,1.5031134415671057,1.0041432337012335,1.3524721965455908,1.5031134415671057,2.0734956609441397,1.5031134415671057,1.3889745793376862
T000713,2.6340443496692445,1.652344161580058,2.6773176740061837,1.652344161580058,1.652344161580058,1.181539584412833,2.5794985312041154,2.151298124564195
T000714,1.2439522755523293,1.4399305092696986,1.3471439050566365,0.8316175216241526,1.4399305092696986,0.6652524829317594,1.0203496680337212,0.7741935152682312
T000715,2.036103463862437,2.5597679801250455,2.0203142853393574,1.4602639916410314,2.5597679801250455,2.5597679801250455,1.930818700671515,2.0256953353172107
T000716,1.9215460555466028,1.9215460555466028,1.1089082104883832,2.406195583473017,1.9215460555466028,1.9215460555466028,1.9215460555466028,1.6675124628752023
T000717,0.7283017076530718,0.7283017076530718,0.7064013146243266,0.3579816326644133,0.7283017076530718,1.9178017072205138,0.6451885977132529,0.43600190918240095
T000718,0.5503030208971897,0.5549721803361987,0.6370188374498997,0.5549721803361987,0.5549721803361987,0.5549721803361987,0.5503030208971897,0.5503030208971897
T000719,0.6694784199272619,0.705328956690525,0.6982601773851645,0.7078510393489018,0.705328956690525,0.705328956690525,0.705328956690525,0.6339401559077363
T000720,0.9298071235488349,1.0748302148518785,0.9298071235488349,1.0748302148518785,1.0748302148518785,1.2678548141437707,0.5341628285795096,0.6702600998957928
T000721,1.4093038464438912,1.5041203407061992,1.374626851461661,1.5041203407061992,1.5041203407061992,0.4576485181699374,1.3683543501963353,0.8703362761895026
T000722,1.6993328699451766,1.5671114525127163,1.725256361460999,1.8527680690525672,1.5671114525127163,1.7053082010242133,1.5671114525127163,1.7569018688844344
T000723,0.5691104557939107,0.810418552201199,0.7921359502923018,0.6958712340039754,0.810418552201199,0.810418552201199,0.8008085440361762,0.7824712346192806
T000724,0.3186441297068987,1.2384536221324098,0.24198456746406113,1.2384536221324098,1.2384536221324098,1.155564572994204,1.2384536221324098,0.3123501673353638
T000725,0.2868004180882717,0.48209065368004667,0.30770336843798896,0.62658025950151,0.48209065368004667,0.48209065368004667,0.27476374751838784,0.30770336843798896
T000726,0.35909948253248986,0.09943099948273385,0.33520581301807095,0.09997267421970699,0.09943099948273385,0.10132772727730437,0.10045330906495614,0.10505009095692523
T000727,0.5523978979051875,0.3105153334118315,0.4170531484424711,0.3147553644866261,0.16528942585383033,0.322091035347124,0.3147553644866261,0.31172520492759576
T000728,1.5145268743552733,1.8225432325098547,1.440428243359801,1.9102233805471232,1.8225432325098547,1.8225432325098547,1.4384569852370488,0.8188899804975602
T000729,0.428665999441934,0.6815345506318962,0.2872088761282187,0.650846587464163,0.6815345506318962,0.845428267098394,0.6453437965406489,0.2872088761282273
T000730,0.8766561787395486,0.9689093536739748,0.8853894557136616,0.9751760830169983,0.9689093536739748,0.9688750025276814,0.8975028273890059,1.0061296020201047
T000731,0.6401734250071269,0.6401734250071269,0.9081809737652441,2.7171680437461707,0.6401734250071269,0.6401734250071269,0.8772242131881652,0.4134928742129525
T000732,2.606774145829514,4.338103880747691,4.194110399989335,2.7624309392265194,4.338103880747691,4.338103880747691,2.7624309392265194,5.165722617864258
T000733,1.3204760848419086,1.3417410764628015,1.6263795149994744,1.533981095909645,1.3417410764628015,1.3417410764628015,1.3417410764628015,1.1807084669455665
T000734,7.491576936803513,8.001373525179089,7.491576936803513,7.626028939852751,8.001373525179089,7.795063836159042,7.581454960975808,7.838298652551173
T000735,0.7211880719200295,0.3572781732879846,0.38855257786504294,0.5489309681361082,0.3572781732879846,0.3572781732879846,0.5489309681361082,0.6426216342586889
T000736,3.7402868203580724,8.021086812531053,8.458737837867238,0.7510126075787609,8.021086812531053,8.021086812531053,8.20116441478111,0.7492149741361859
T000737,8.59340123876624,9.078599410200276,9.158888667318484,9.078599410200276,9.078599410200276,9.218103544783574,8.724658505488135,9.068401592718999
T000738,0.10051715342368962,1.1769027936427103,0.16789456871117522,0.925478974782663,1.1769027936427103,1.1769027936427103,0.6094788754081373,0.21821688376609072
T000739,2.1365474495423995,0.314266510401887,2.1365474495423995,0.2653338200789528,0.314266510401887,0.3910401900605342,2.1365474495423995,0.30437429868872024
T000740,4.924828017072895,3.0908504069719895,8.929758430892655,4.400583664542014,3.0908504069719895,2.7810395302772015,3.311529846091595,6.865671641791045
T000741,2.9786894646760906,3.787903704128,3.7999999999999856,3.556558253361036,3.787903704128,2.697205982688058,2.2798077526958345,3.18870523832525
T000742,4.559474273447594,3.266341445069841,4.551418008608315,2.3646762439746416,3.266341445069841,3.266341445069841,3.4073326804542328,4.5987906503095335
T000743,1.9507575256964325,2.792552075132198,1.0278058006311788,2.002274644510788,2.792552075132198,0.8136288486923084,0.8053689833049527,1.0278058006311788
T000744,0.4085950466757674,0.3953488372093023,0.5886469963468328,0.42949793735441594,2.0173216598203156,0.49987326227327433,0.5689867406925777,0.3953488372093023
T000745,0.8674527987313566,1.1724053050784904,1.1664739228493786,0.43303254211805153,1.1724053050784904,1.0317489676906126,0.4074742844412984,1.151014547438014
T000746,0.7933005348793545,0.9224832280026456,0.9224832280026456,0.4889340972417636,0.9224832280026456,0.9401806744740754,0.9213082635416286,0.9731533476217559
T000747,1.661361433357636,2.1114830889903566,2.0877853421904446,2.1498312726916002,2.1114830889903566,2.1908629873863683,2.1498312726916002,1.6061857028528277
T000748,3.1045176382724846,3.3652364868955704,3.1955806656917836,3.278094126468953,3.3652364868955704,2.7010143790257035,2.953140026704335,3.3252955138712417
T000749,2.5952232810971165,2.056356767011676,2.5401624314885973,2.290537343837585,2.056356767011676,2.290537343837585,2.5025814408525364,1.0770485560475396
T000750,2.97902597017896,2.377421580977622,1.5630335181322628,2.377421580977622,2.377421580977622,2.377421580977622,2.377421580977622,2.97902597017896
T000751,1.2152363078924822,1.3790664655659597,1.2152363078924822,1.7577447566825886,1.3790664655659597,1.938202129432221,1.3790664655659597,1.7577447566825886
T000752,2.09129963327507,2.3574289556522414,2.6526087266303535,2.5905972262141845,2.3574289556522414,2.2786329738695272,2.5905972262141845,2.330924327608505
T000753,8.564421636696787,11.497518316700678,10.316795308347539,9.923928075297013,11.497518316700678,9.601618914729952,9.923928075297013,9.580756326748103
T000754,1.4438208558794436,1.580660593897655,0.8914725709927611,1.9584799138269924,1.580660593897655,0.7039579632882617,1.580660593897655,1.21429646349525
T000755,0.8300097297974044,1.1326232327876606,1.6934489336054732,0.9194948654771207,1.1326232327876606,1.1326232327876606,0.9640503662870256,1.3273397283754138
