unique_id,MetaARIMA(0.0),MetaARIMA(0.1),MetaARIMA(0.2),MetaARIMA(0.3),MetaARIMA(0.4),MetaARIMA(0.5),MetaARIMA(0.6),MetaARIMA(0.7),MetaARIMA(0.8),MetaARIMA(0.9),MetaARIMA(1.0),AutoARIMA
T000000,4.275163899424006,4.163058385032282,4.166305466583459,4.166305466583459,4.166305466583459,4.166305466583459,4.166305466583459,4.166305466583459,4.166305466583459,4.166305466583459,4.166305466583459,1.5669735315485427
T000001,1.69625259806116,1.69625259806116,1.69625259806116,1.69625259806116,1.5679611974156769,1.6983878963584904,1.6983878963584904,1.6983878963584904,1.6983878963584904,1.6983878963584904,1.6983878963584904,1.6983878963584904
T000002,0.375220240713794,0.375220240713794,0.375220240713794,0.6892693737671387,0.3095259043687185,0.6892693737671387,0.6892693737671387,0.6892693737671387,0.6892693737671387,0.6892693737671387,0.6892693737671387,0.6892693737671387
T000003,0.7334897073556351,0.7417972521856785,0.8679116801784413,0.8679116801784413,0.8679116801784413,0.8679116801784413,0.8679116801784413,0.8679116801784413,0.8679116801784413,0.8679116801784413,0.8679116801784413,0.8679116801784413
T000004,1.4010702627104354,1.4010702627104354,1.4010702627104354,1.4010702627104354,1.4010702627104354,1.4010702627104354,1.4010702627104354,1.4010702627104354,1.4010702627104354,1.4010702627104354,1.4010702627104354,1.0669806515805187
T000005,1.0358416480177792,1.6935600140681637,0.7073092127429376,1.1645963705007332,1.1645963705007332,1.1645963705007332,1.1645963705007332,1.1645963705007332,1.1645963705007332,1.1645963705007332,1.1645963705007332,1.1645963705007332
T000006,0.31060833974494095,0.31060833974494095,0.31161150481487465,0.31161150481487465,0.31161150481487465,0.31161150481487465,0.31161150481487465,0.31161150481487465,0.31161150481487465,0.31161150481487465,0.31161150481487465,0.31161150481487465
T000007,1.2046372199608704,1.0690671106404785,1.0690671106404785,1.0690671106404785,1.6166422855184421,1.6166422855184421,1.6166422855184421,1.6166422855184421,1.6166422855184421,1.6166422855184421,1.6166422855184421,1.075406068234106
T000008,1.9338899601136927,1.9338899601136927,1.9338899601136927,2.3520753521205595,2.3520753521205595,2.3520753521205595,2.3520753521205595,2.3520753521205595,2.3520753521205595,2.3520753521205595,2.3520753521205595,2.3520753521205595
T000009,8.152636268411547,8.152636268411547,6.63946391522307,6.63946391522307,6.63946391522307,6.63946391522307,6.63946391522307,6.63946391522307,6.63946391522307,6.63946391522307,6.63946391522307,6.63946391522307
T000010,3.4420100478835676,3.4420100478835676,3.4420100478835676,3.4420100478835676,3.4420100478835676,3.4420100478835676,3.4420100478835676,3.4420100478835676,3.4420100478835676,3.4420100478835676,3.4420100478835676,3.4420100478835676
T000011,10.370319312740872,5.124257006121489,5.66827068879012,5.66827068879012,5.66827068879012,5.66827068879012,5.4589254268751874,5.4589254268751874,5.4589254268751874,5.4589254268751874,5.4589254268751874,1.921145843691336
T000012,3.8358358978943996,3.842971171746152,3.842971171746152,3.8151206336268686,3.8151206336268686,3.8151206336268686,3.8151206336268686,3.8151206336268686,3.8151206336268686,3.8151206336268686,3.8151206336268686,3.8151206336268686
T000013,2.5773905783425923,2.5773905783425923,0.9421204884382768,3.6885125378642973,1.924590224618827,1.924590224618827,1.924590224618827,1.924590224618827,1.924590224618827,1.924590224618827,1.924590224618827,1.2348804845290338
T000014,1.5781598957413432,1.5781598957413432,1.5781598957413432,1.5781598957413432,1.5179981926821113,1.5179981926821113,1.5179981926821113,1.5179981926821113,1.5179981926821113,1.5179981926821113,1.5179981926821113,1.5179981926821113
T000015,1.9616484917739436,1.9616484917739436,1.92405395340558,1.92405395340558,1.92405395340558,1.92405395340558,1.92405395340558,1.92405395340558,1.92405395340558,1.92405395340558,1.92405395340558,1.92405395340558
T000016,1.034513085076981,1.034513085076981,0.9542637226186876,0.9542637226186876,1.059356255501411,1.059356255501411,1.059356255501411,1.059356255501411,1.059356255501411,1.059356255501411,1.059356255501411,1.059356255501411
T000017,4.738883654602973,4.738883654602973,4.840009212583611,4.840009212583611,5.147839574515978,4.840009212583611,4.840009212583611,4.840009212583611,4.840009212583611,4.840009212583611,4.840009212583611,4.840009212583611
T000018,1.3447169160834187,1.017891535083683,1.017891535083683,1.5132818010258016,1.5132818010258016,1.5132818010258016,1.5132818010258016,1.5132818010258016,1.5132818010258016,1.5132818010258016,1.5132818010258016,1.5132818010258016
T000019,1.1736604523413785,1.1736604523413785,1.7913948892545308,2.21667643853184,2.21667643853184,2.21667643853184,2.21667643853184,2.21667643853184,2.21667643853184,2.21667643853184,2.21667643853184,1.959011708726173
T000020,1.7400926544318127,1.8040950537660285,2.2671830072327515,1.579375328138497,1.579375328138497,1.8823024602681244,1.8823024602681244,1.8823024602681244,1.8823024602681244,1.8823024602681244,1.8823024602681244,1.8823024602681244
T000021,11.003006722848305,11.003006722848305,11.003006722848305,11.003006722848305,11.003006722848305,11.003006722848305,11.003006722848305,11.003006722848305,11.003006722848305,11.003006722848305,11.003006722848305,11.003006722848305
T000022,0.9547125753473813,0.9547125753473813,0.9547125753473813,0.9547125753473813,1.7087935444169962,1.7087935444169962,1.7087935444169962,1.7087935444169962,1.7087935444169962,1.7087935444169962,1.7087935444169962,1.7087935444169962
T000023,1.2295943150549342,1.2295943150549342,1.3348008235647564,1.0634938636028108,1.3348008235647564,1.3348008235647564,1.3348008235647564,1.3348008235647564,1.3348008235647564,1.3348008235647564,1.3348008235647564,1.3348008235647564
T000024,0.9988888438970334,0.9988888438970334,0.9988888438970334,0.9988888438970334,0.8470677232298173,0.8470677232298173,0.8470677232298173,0.8470677232298173,0.8470677232298173,0.8470677232298173,0.8470677232298173,0.8470677232298173
T000025,8.536471517932283,8.536471517932283,4.490007655381865,4.490007655381865,9.655447150832947,9.655447150832947,9.655447150832947,9.655447150832947,9.655447150832947,9.655447150832947,9.655447150832947,2.3222606214737938
T000026,9.569022634367418,9.569022634367418,9.554443950572773,9.554443950572773,8.630585230003954,9.554443950572773,9.554443950572773,9.554443950572773,9.554443950572773,9.554443950572773,9.554443950572773,12.647408571971212
T000027,5.210171736149205,5.756216305511449,5.756216305511449,5.756216305511449,5.756216305511449,5.756216305511449,5.756216305511449,5.756216305511449,5.756216305511449,5.756216305511449,5.756216305511449,2.8472961374510204
T000028,1.0345142943716372,1.0345142943716372,1.0345142943716372,1.0511117938602872,1.0511117938602872,1.0511117938602872,1.0511117938602872,1.0511117938602872,1.0511117938602872,1.0511117938602872,1.0511117938602872,1.0511117938602872
T000029,4.67705616839125,4.67705616839125,4.962089984575788,4.900696042268614,4.900696042268614,4.900696042268614,4.900696042268614,4.900696042268614,4.900696042268614,4.900696042268614,4.900696042268614,4.900696042268614
T000030,1.6840560300028504,1.6840560300028504,3.2768858955526476,0.9042734613803344,0.9042734613803344,3.2768858955526476,3.2768858955526476,3.2768858955526476,3.2768858955526476,3.2768858955526476,3.2768858955526476,4.790475785391784
T000031,5.590331243326299,5.590331243326299,5.590331243326299,5.590331243326299,5.821743300464016,5.821743300464016,5.821743300464016,5.821743300464016,5.821743300464016,5.821743300464016,5.821743300464016,7.856902249540922
T000032,1.0264277468229506,1.0264277468229506,1.0264277468229506,1.0264277468229506,1.0264277468229506,1.0264277468229506,1.0264277468229506,1.0264277468229506,1.0264277468229506,1.0264277468229506,1.0264277468229506,0.5193809959619389
T000033,0.8629808676977843,0.8629808676977843,0.8629808676977843,0.7705029037276495,0.7705029037276495,0.937523618506103,0.937523618506103,0.937523618506103,0.937523618506103,0.937523618506103,0.937523618506103,0.937523618506103
T000034,0.375220240713794,0.375220240713794,0.375220240713794,0.6892693737671387,0.3095259043687185,0.6892693737671387,0.6892693737671387,0.6892693737671387,0.6892693737671387,0.6892693737671387,0.6892693737671387,0.6892693737671387
T000035,11.174972662177936,11.174972662177936,11.174972662177936,11.174972662177936,10.081306421012846,10.081306421012846,13.94419575556811,13.94419575556811,13.94419575556811,13.94419575556811,13.94419575556811,10.217059712267234
T000036,16.478077062447156,13.092863218434955,8.373717107707002,9.51939174127381,9.51939174127381,9.51939174127381,9.51939174127381,9.51939174127381,9.51939174127381,9.51939174127381,9.51939174127381,13.167190814790452
T000037,2.347549452648412,2.347549452648412,1.3610485129614005,2.5882006219101736,2.347549452648412,2.5882006219101736,1.3610485129614005,1.3610485129614005,1.3610485129614005,1.3610485129614005,1.3610485129614005,1.494532011932767
T000038,6.958256769758068,6.958256769758068,6.958256769758068,6.958256769758068,7.109907935104381,7.109907935104381,7.109907935104381,7.109907935104381,7.109907935104381,7.109907935104381,7.109907935104381,5.0329282714709604
T000039,6.642418639179507,6.641977055638443,6.642978170095636,6.642978170095636,6.641977055638443,6.641977055638443,6.641977055638443,6.641977055638443,6.641977055638443,6.641977055638443,6.641977055638443,6.215470986610137
T000040,3.2303797259480076,3.2303797259480076,2.850255544234436,2.850255544234436,2.850255544234436,2.850255544234436,2.850255544234436,2.850255544234436,2.850255544234436,2.850255544234436,2.850255544234436,2.6001287299657463
T000041,4.184141263722199,1.4042278166197697,1.4042278166197697,2.1299110769920366,2.1299110769920366,2.1299110769920366,1.4042278166197697,1.4042278166197697,1.4042278166197697,1.4042278166197697,1.4042278166197697,5.426930389353085
T000042,2.63651056523009,1.3309334431623723,1.3349623525724676,1.8871541915397325,1.8871541915397325,1.3309334431623723,1.3309334431623723,1.8871541915397325,1.8871541915397325,1.8871541915397325,1.8871541915397325,2.0970844212358566
T000043,1.0843977403817615,1.0843977403817615,1.0296772906379374,1.0296772906379374,1.0296772906379374,1.0296772906379374,1.0296772906379374,1.0296772906379374,1.0296772906379374,1.0296772906379374,1.0296772906379374,1.0296772906379374
T000044,5.427527950724711,4.957872729521656,4.957872729521656,4.957872729521656,2.3407261515353714,2.3407261515353714,2.3407261515353714,2.3407261515353714,2.3407261515353714,4.957872729521656,4.957872729521656,4.957872729521656
T000045,4.50919724172553,4.50919724172553,4.50919724172553,4.50919724172553,1.382638889758133,1.382638889758133,1.382638889758133,1.382638889758133,1.382638889758133,1.382638889758133,1.382638889758133,4.0721159944108285
T000046,1.9650619407963128,1.9650619407963128,1.9650619407963128,1.9650619407963128,1.932999549823778,1.932999549823778,1.932999549823778,1.932999549823778,1.932999549823778,1.932999549823778,1.932999549823778,1.932999549823778
T000047,2.2607351288704147,2.8102857233693523,1.9231555738290018,1.9231555738290018,1.9231555738290018,1.9231555738290018,1.9231555738290018,1.9231555738290018,1.9231555738290018,1.9231555738290018,1.9231555738290018,1.8359027026231118
T000048,4.361697609682186,5.744782348343961,5.744782348343961,5.744782348343961,5.744782348343961,9.147066256837615,9.147066256837615,9.147066256837615,9.147066256837615,9.147066256837615,9.147066256837615,9.147066256837615
T000049,1.2702533631303452,1.2702533631303452,1.2453098468060029,1.2453098468060029,1.2453098468060029,1.5074920375699776,1.5074920375699776,1.5074920375699776,1.5074920375699776,1.5074920375699776,1.5074920375699776,1.5074920375699776
T000050,1.944066172540762,1.944066172540762,0.7137070206320063,1.4489258078570277,1.4489258078570277,1.4489258078570277,1.4489258078570277,1.4489258078570277,1.4489258078570277,1.4489258078570277,1.4489258078570277,2.120419750165132
T000051,1.1613752999969646,1.1613752999969646,1.1613752999969646,1.1613752999969646,1.1613752999969646,1.1613752999969646,1.1613752999969646,1.1613752999969646,1.1613752999969646,1.1613752999969646,1.1613752999969646,0.6082880806385276
T000052,3.857330687912807,3.857330687912807,2.042412994700888,2.042412994700888,4.126354342287525,4.126354342287525,4.126354342287525,4.126354342287525,4.126354342287525,4.126354342287525,4.126354342287525,1.6463223106741556
T000053,3.1678726257275183,3.1678726257275183,3.1678726257275183,3.1678726257275183,2.6947692934851855,2.6947692934851855,2.6947692934851855,2.6947692934851855,2.6947692934851855,2.6947692934851855,2.6947692934851855,2.6947692934851855
T000054,2.817844451752606,2.817844451752606,2.817844451752606,2.817844451752606,2.817844451752606,2.817844451752606,5.177327924323192,5.177327924323192,5.177327924323192,5.177327924323192,5.177327924323192,2.9263406174124142
T000055,4.332492031815438,4.332492031815438,4.332492031815438,4.332492031815438,4.332492031815438,4.332492031815438,4.332492031815438,4.332492031815438,4.332492031815438,4.332492031815438,4.332492031815438,4.332492031815438
T000056,4.957293787526016,4.957293787526016,4.957293787526016,2.627976891807403,2.627976891807403,5.488195338659059,5.488195338659059,5.488195338659059,5.488195338659059,5.488195338659059,5.488195338659059,5.488195338659059
T000057,12.196274236840406,11.894750086459881,13.60926665370561,13.215747455408776,13.215747455408776,13.215747455408776,13.215747455408776,13.215747455408776,13.215747455408776,13.215747455408776,13.215747455408776,13.215747455408776
T000058,6.539588361285436,6.539588361285436,6.056315623555532,6.056315623555532,6.056315623555532,6.056315623555532,6.056315623555532,6.056315623555532,6.056315623555532,6.056315623555532,6.056315623555532,6.056315623555532
T000059,0.670535965245349,0.670535965245349,0.670535965245349,0.670535965245349,0.670535965245349,0.670535965245349,0.670535965245349,0.670535965245349,0.670535965245349,0.670535965245349,0.670535965245349,1.0825443317299313
T000060,1.2427453766975747,1.2427453766975747,1.2427453766975747,1.2033194899125927,1.2033194899125927,1.2033194899125927,1.2033194899125927,1.2033194899125927,1.2033194899125927,1.2033194899125927,1.2033194899125927,1.2033194899125927
T000061,1.4230563106203504,1.4230563106203504,1.8224798221086396,1.511719772191771,1.511719772191771,1.511719772191771,1.511719772191771,1.8224798221086396,1.8224798221086396,1.8224798221086396,1.8224798221086396,1.8224798221086396
T000062,2.292924168113155,2.292924168113155,1.1580625706025391,2.624881669233513,2.416472184756356,2.416472184756356,2.416472184756356,2.416472184756356,2.416472184756356,1.1580625706025391,1.1580625706025391,1.1580625706025391
T000063,4.661471517123634,4.661471517123634,4.661471517123634,4.661471517123634,4.661471517123634,4.661471517123634,4.661471517123634,4.661471517123634,4.661471517123634,4.661471517123634,4.661471517123634,3.103592986273223
T000064,1.723042929700569,3.5941500039644123,3.5695454970787934,3.5695454970787934,3.4134858091749742,3.5695454970787934,3.5695454970787934,3.5695454970787934,3.5695454970787934,3.5695454970787934,3.5695454970787934,1.529655254355799
T000065,7.6770301033392725,7.6770301033392725,7.6770301033392725,7.369446171374189,7.369446171374189,7.369446171374189,7.369446171374189,7.369446171374189,7.369446171374189,7.369446171374189,7.369446171374189,7.369446171374189
T000066,2.4763678624773937,2.4763678624773937,2.258146226488436,2.258146226488436,1.916442562610908,1.916442562610908,1.916442562610908,1.916442562610908,1.916442562610908,1.916442562610908,1.916442562610908,3.7148753464247766
T000067,2.0991479192142783,2.0991479192142783,2.5108825076367722,2.5108825076367722,2.5108825076367722,2.5108825076367722,2.5108825076367722,2.5108825076367722,2.5108825076367722,2.5108825076367722,2.5108825076367722,2.5108825076367722
T000068,3.4874489006679408,3.4874489006679408,2.9235787088470406,3.5065984538068893,3.5065984538068893,3.5065984538068893,3.5065984538068893,3.5065984538068893,3.5065984538068893,3.5065984538068893,3.5065984538068893,3.5779528495574184
T000069,2.8226986656410116,4.157313570280033,4.380848197223145,4.157313570280033,4.157313570280033,4.157313570280033,4.157313570280033,4.157313570280033,4.157313570280033,4.157313570280033,4.157313570280033,4.157313570280033
T000070,4.243541293708594,4.243541293708594,4.062792859641946,4.062792859641946,4.213267355825602,4.23162189358587,4.062792859641946,4.062792859641946,4.062792859641946,4.062792859641946,4.062792859641946,4.062792859641946
T000071,2.4660496519812805,2.4660496519812805,2.4660496519812805,3.4495534196152238,2.5525948624691144,2.5525948624691144,2.5525948624691144,2.5525948624691144,2.5525948624691144,2.5525948624691144,2.5525948624691144,3.4495534196152238
T000072,5.43180301239699,5.43180301239699,3.4794197988280375,3.4794197988280375,0.9997875153086125,0.9997875153086125,0.9997875153086125,0.9997875153086125,0.9997875153086125,0.9997875153086125,0.9997875153086125,1.114452966811125
T000073,0.6804216120239969,0.6804216120239969,0.6804216120239969,0.6804216120239969,0.760092234966327,0.760092234966327,0.760092234966327,0.760092234966327,0.760092234966327,0.760092234966327,0.760092234966327,0.760092234966327
T000074,4.247742105873926,4.247742105873926,7.025818296371909,7.025818296371909,7.025818296371909,7.025818296371909,5.329322135752462,5.329322135752462,5.329322135752462,5.329322135752462,5.329322135752462,4.247742105873926
T000075,4.96079525648893,4.96079525648893,4.96079525648893,4.96079525648893,4.96079525648893,4.96079525648893,4.96079525648893,4.96079525648893,4.96079525648893,4.96079525648893,4.96079525648893,10.415666826641072
T000076,3.2657612743445776,3.2657612743445776,3.2657612743445776,3.333618941545578,3.333618941545578,3.333618941545578,3.333618941545578,3.333618941545578,3.333618941545578,3.333618941545578,3.333618941545578,3.333618941545578
T000077,2.633549882356616,2.633549882356616,2.633549882356616,2.633549882356616,1.1582943181637417,1.1582943181637417,1.1582943181637417,1.1582943181637417,1.1582943181637417,1.1582943181637417,1.1582943181637417,1.1582943181637417
T000078,4.605609090230181,5.175998309488923,5.175998309488923,5.161746042370467,4.877638093116947,4.877638093116947,4.877638093116947,4.877638093116947,4.877638093116947,4.877638093116947,4.877638093116947,4.877638093116947
T000079,2.0110094316468574,2.0110094316468574,2.0110094316468574,2.0110094316468574,2.0110094316468574,2.0110094316468574,2.0110094316468574,2.0110094316468574,2.0110094316468574,2.0110094316468574,2.0110094316468574,2.240448618876986
T000080,1.5993407354624278,1.5993407354624278,1.6006745301989853,1.2190597934589562,1.2190597934589562,1.2190597934589562,1.2190597934589562,1.2190597934589562,1.2190597934589562,1.2190597934589562,1.2190597934589562,1.2190597934589562
T000081,4.795073923873089,4.795073923873089,4.795073923873089,4.795073923873089,4.999865448679909,4.999865448679909,4.999865448679909,4.930754083530553,4.930754083530553,5.826783672033078,5.826783672033078,5.826783672033078
T000082,4.143661517251049,4.143661517251049,4.68167278558649,4.68167278558649,4.68167278558649,4.68167278558649,4.68167278558649,4.68167278558649,4.68167278558649,4.68167278558649,4.68167278558649,5.78494425735739
T000083,1.7042300430328805,1.7042300430328805,1.7042300430328805,1.6435819181608111,1.6435819181608111,1.6435819181608111,1.6435819181608111,1.6435819181608111,1.6435819181608111,1.6435819181608111,1.6435819181608111,1.6601690878062603
T000084,2.0308427400394575,1.9428989903857252,2.65441645502492,2.65441645502492,2.65441645502492,2.65441645502492,2.65441645502492,2.65441645502492,2.65441645502492,2.65441645502492,2.65441645502492,2.65441645502492
T000085,10.77143294165052,10.77143294165052,10.77143294165052,10.77143294165052,10.77143294165052,10.77143294165052,10.77143294165052,10.77143294165052,10.77143294165052,10.77143294165052,10.77143294165052,10.77143294165052
T000086,0.6100557422146139,0.6100557422146139,0.6100557422146139,0.6100557422146139,0.6100557422146139,0.6100557422146139,0.6100557422146139,0.6100557422146139,0.6100557422146139,0.6100557422146139,0.6100557422146139,0.6100557422146139
T000087,1.5062605468596322,1.5062605468596322,1.318248479284477,1.318248479284477,2.154266534998763,2.154266534998763,2.154266534998763,2.154266534998763,2.154266534998763,2.154266534998763,2.154266534998763,2.154266534998763
T000088,4.148340059131417,4.5119756224493885,4.5119756224493885,3.7974826287507213,3.7974826287507213,3.7974826287507213,3.7974826287507213,3.7974826287507213,3.7974826287507213,3.7974826287507213,3.7974826287507213,3.7974826287507213
T000089,4.781421730113248,4.781421730113248,6.66921524180791,6.66921524180791,6.66921524180791,6.66921524180791,6.66921524180791,6.66921524180791,6.66921524180791,6.66921524180791,6.66921524180791,6.66921524180791
T000090,3.378894617088771,3.378894617088771,3.378894617088771,2.88209190455831,2.88209190455831,3.9104429984803595,3.9104429984803595,3.9104429984803595,3.9104429984803595,3.9104429984803595,3.9104429984803595,3.9104429984803595
T000091,12.72508404075309,12.72508404075309,12.72508404075309,13.725219414184108,13.725219414184108,13.725219414184108,13.725219414184108,13.725219414184108,13.725219414184108,13.725219414184108,13.725219414184108,13.725219414184108
T000092,3.987661245632887,3.987661245632887,3.987661245632887,3.987661245632887,3.637318154619232,3.637318154619232,3.637318154619232,3.637318154619232,3.637318154619232,3.637318154619232,3.637318154619232,3.637318154619232
T000093,15.187577278857182,15.187577278857182,11.711708138776894,11.711708138776894,11.711708138776894,11.711708138776894,11.711708138776894,11.711708138776894,11.711708138776894,11.711708138776894,11.711708138776894,23.63266261079949
T000094,4.001655775114932,4.001655775114932,3.845031863166575,3.845031863166575,3.845031863166575,3.845031863166575,3.845031863166575,3.845031863166575,3.845031863166575,3.845031863166575,3.845031863166575,3.845031863166575
T000095,4.624092136437443,4.624092136437443,4.438406232968751,4.527607750266214,4.527607750266214,4.527607750266214,4.527607750266214,4.527607750266214,4.527607750266214,4.527607750266214,4.527607750266214,2.8151330349917645
T000096,1.089346564267618,1.089346564267618,1.089346564267618,1.089346564267618,1.089346564267618,1.089346564267618,1.089346564267618,1.089346564267618,1.089346564267618,1.089346564267618,1.089346564267618,1.089346564267618
T000097,1.1325697626500446,1.1325697626500446,1.1325697626500446,1.0781354262654508,1.0781354262654508,1.0781354262654508,1.0781354262654508,1.0781354262654508,1.0781354262654508,1.0781354262654508,1.0781354262654508,1.0781354262654508
T000098,0.9796595582559953,0.9796595582559953,0.9796595582559953,0.9796595582559953,1.0068336009295566,1.0068336009295566,1.0068336009295566,1.0068336009295566,1.0068336009295566,1.0068336009295566,1.0068336009295566,1.0068336009295566
T000099,3.576399766986319,3.576399766986319,3.576399766986319,3.4348147909760884,3.4348147909760884,3.4348147909760884,3.4348147909760884,3.4348147909760884,3.4348147909760884,3.4348147909760884,3.4348147909760884,3.4348147909760884
T000100,4.6753830328623245,4.6753830328623245,4.6753830328623245,4.6753830328623245,4.6753830328623245,4.6753830328623245,4.6753830328623245,4.6753830328623245,4.6753830328623245,4.6753830328623245,4.6753830328623245,4.6753830328623245
T000101,1.1043295931089199,1.1043295931089199,1.1043295931089199,1.1043295931089199,1.1043295931089199,1.1043295931089199,1.1043295931089199,1.1043295931089199,1.1043295931089199,1.1043295931089199,1.1043295931089199,0.9417973138752177
T000102,0.3581907272537718,0.3581907272537718,0.3581907272537718,0.5776228844903166,0.5776228844903166,0.5776228844903166,0.5776228844903166,0.5776228844903166,0.5776228844903166,0.5776228844903166,0.5776228844903166,0.5776228844903166
T000103,0.9328320491117139,0.9328320491117139,0.5135216993323278,0.5135216993323278,0.5135216993323278,0.5135216993323278,0.5135216993323278,0.5135216993323278,0.5135216993323278,0.5135216993323278,0.5135216993323278,0.5135216993323278
T000104,1.202750475417227,1.0436056302408538,1.2821521673560845,1.3023182712749068,1.3023182712749068,0.96350145458315,0.96350145458315,0.96350145458315,0.96350145458315,0.96350145458315,0.96350145458315,0.96350145458315
T000105,2.5080713577755693,2.5080713577755693,2.5080713577755693,1.5424782926816796,1.5424782926816796,1.5424782926816796,2.5267070916472516,2.5267070916472516,2.5267070916472516,2.5267070916472516,2.5267070916472516,2.5267070916472516
T000106,0.2955927320992571,0.2955927320992571,0.2955927320992571,0.2955927320992571,0.2955927320992571,0.2955927320992571,0.2955927320992571,0.2955927320992571,0.2955927320992571,0.2955927320992571,0.2955927320992571,0.45195202344861896
T000107,5.563905571885071,5.563905571885071,5.563905571885071,5.366470858558611,5.366470858558611,5.366470858558611,5.366470858558611,5.366470858558611,5.366470858558611,5.366470858558611,5.366470858558611,5.366470858558611
T000108,1.3425517943944292,1.3425517943944292,1.3425517943944292,1.3425517943944292,1.235988716650487,1.235988716650487,1.235988716650487,1.235988716650487,1.235988716650487,1.235988716650487,1.235988716650487,1.235988716650487
T000109,4.633525957965411,4.633525957965411,5.084550788305878,5.084550788305878,5.084550788305878,5.084550788305878,5.084550788305878,5.084550788305878,5.084550788305878,5.084550788305878,5.084550788305878,5.084550788305878
T000110,3.7643756902271575,3.7643756902271575,3.7643756902271575,3.7643756902271575,3.81671435199505,3.81671435199505,3.81671435199505,3.81671435199505,3.81671435199505,3.81671435199505,3.81671435199505,3.81671435199505
T000111,1.182894299422631,1.182894299422631,1.0090217835270736,1.0090217835270736,0.8890502195722675,0.8890502195722675,0.8890502195722675,0.8890502195722675,0.8890502195722675,0.8890502195722675,0.8890502195722675,1.116004073462181
T000112,15.413878678020314,15.413878678020314,15.413878678020314,15.413878678020314,15.413878678020314,15.413878678020314,15.413878678020314,15.413878678020314,15.413878678020314,15.413878678020314,15.413878678020314,21.265481637203138
T000113,4.57037112477305,4.57037112477305,4.57037112477305,4.57037112477305,4.57037112477305,4.57037112477305,4.9026286102381675,4.9026286102381675,4.9026286102381675,4.9026286102381675,4.9026286102381675,4.9026286102381675
T000114,9.24170132365678,9.24170132365678,9.24170132365678,9.24170132365678,8.384281821658686,8.384281821658686,8.384281821658686,8.384281821658686,8.384281821658686,8.384281821658686,8.384281821658686,4.8317403371618886
T000115,3.5024116021047966,3.5024116021047966,3.5024116021047966,3.5241626461397297,3.5241626461397297,3.5241626461397297,3.5241626461397297,3.5241626461397297,3.5241626461397297,3.5241626461397297,3.5241626461397297,3.5241626461397297
T000116,2.1180179445711085,2.1180179445711085,2.259673942151526,2.259673942151526,2.2891564777953697,2.2891564777953697,2.2891564777953697,2.2891564777953697,2.2848361321406063,2.2848361321406063,2.2848361321406063,2.2848361321406063
T000117,0.7834263501892563,0.7834263501892563,0.7834263501892563,1.5562677223580472,0.8958550689551595,0.8958550689551595,0.8958550689551595,0.8958550689551595,0.8958550689551595,0.8958550689551595,0.8958550689551595,0.7890588410837325
T000118,4.03143769084433,4.03143769084433,4.03143769084433,4.03143769084433,4.03143769084433,4.03143769084433,4.03143769084433,4.03143769084433,4.03143769084433,4.03143769084433,4.03143769084433,4.03143769084433
T000119,6.780090698268393,6.780090698268393,6.780090698268393,6.780090698268393,6.780090698268393,6.780090698268393,6.780090698268393,6.780090698268393,6.780090698268393,6.780090698268393,6.780090698268393,8.06633090184083
T000120,12.826488449015264,12.826488449015264,12.826488449015264,12.70482885967523,12.70482885967523,12.857585282531373,12.857585282531373,12.857585282531373,12.857585282531373,12.857585282531373,12.857585282531373,12.77299363983943
T000121,2.6998457945627803,2.6998457945627803,2.6998457945627803,1.8938833541450155,1.8938833541450155,1.8938833541450155,1.8938833541450155,1.8938833541450155,1.8938833541450155,1.8938833541450155,1.8938833541450155,1.8938833541450155
T000122,3.5138764684961923,2.7710329867685926,2.7710329867685926,2.140329281427912,2.140329281427912,2.140329281427912,2.753931085289727,2.753931085289727,2.753931085289727,2.753931085289727,2.753931085289727,2.753931085289727
T000123,2.7296793112607194,2.7296793112607194,2.7296793112607194,0.9222774851007002,0.9222774851007002,0.9222774851007002,0.9222774851007002,0.9222774851007002,0.9222774851007002,0.9222774851007002,0.9222774851007002,0.9222774851007002
T000124,0.28892313180830237,0.28892313180830237,0.28892313180830237,0.28892313180830237,0.5028202580099006,0.5028202580099006,0.5028202580099006,0.5028202580099006,0.5028202580099006,0.5028202580099006,0.5028202580099006,0.4944036259920938
T000125,8.545470118387575,8.545470118387575,8.545470118387575,8.14387851670131,8.14387851670131,8.14387851670131,8.14387851670131,8.14387851670131,8.14387851670131,8.14387851670131,8.14387851670131,8.14387851670131
T000126,2.1049974781471628,2.1049974781471628,2.1049974781471628,2.1049974781471628,2.3029198414868413,2.3029198414868413,2.3029198414868413,2.3029198414868413,2.3029198414868413,2.3029198414868413,2.3029198414868413,1.2712234524119215
T000127,2.209299352611268,2.209299352611268,2.231556829787429,2.4865923904805216,2.193173723241986,2.4865923904805216,2.4865923904805216,2.4865923904805216,2.4865923904805216,2.4865923904805216,2.4865923904805216,2.4865923904805216
T000128,1.880230265906248,1.880230265906248,1.880230265906248,1.880230265906248,2.2149232565899237,2.2149232565899237,2.2149232565899237,2.2149232565899237,2.2149232565899237,2.2149232565899237,2.2149232565899237,1.2166905584848555
T000129,7.0203591992698255,7.0203591992698255,7.754088128373797,7.754088128373797,7.754088128373797,7.754088128373797,7.754088128373797,7.754088128373797,7.754088128373797,7.754088128373797,7.754088128373797,7.754088128373797
T000130,4.948132619911641,5.569519174571692,4.948132619911641,5.582977997236446,5.582977997236446,5.582977997236446,5.582977997236446,5.582977997236446,5.582977997236446,5.582977997236446,5.582977997236446,2.265779611205502
T000131,2.4438255619589313,2.4438255619589313,3.658020747714763,2.654461260916547,2.654461260916547,2.654461260916547,2.654461260916547,2.654461260916547,2.654461260916547,2.654461260916547,2.654461260916547,2.654461260916547
T000132,5.381109909292043,4.819941468968766,4.819941468968766,4.819941468968766,5.322076595107242,4.819941468968766,4.819941468968766,4.819941468968766,4.819941468968766,4.819941468968766,4.819941468968766,4.819941468968766
T000133,8.101472633250703,8.101472633250703,8.074038051064045,8.074038051064045,8.540240343686108,8.540240343686108,8.540240343686108,8.074038051064045,8.074038051064045,8.074038051064045,8.074038051064045,9.444383860414394
T000134,3.651364965875853,3.651364965875853,3.651364965875853,3.651364965875853,3.651364965875853,3.651364965875853,3.651364965875853,3.651364965875853,3.651364965875853,3.651364965875853,3.651364965875853,3.5831070365555826
T000135,2.4214803088868537,2.4214803088868537,2.4214803088868537,2.4214803088868537,2.4214803088868537,2.4214803088868537,2.4214803088868537,2.4214803088868537,2.4214803088868537,2.4214803088868537,2.4214803088868537,2.7751289645009773
T000136,0.5064489068953718,0.5064489068953718,0.4193871819845647,0.4193871819845647,0.9585255241517667,0.4212098382199724,0.4212098382199724,0.4212098382199724,0.4212098382199724,0.4212098382199724,0.4212098382199724,1.2734663694477246
T000137,2.196759259259259,2.196759259259259,2.196759259259259,2.196759259259259,2.196759259259259,2.196759259259259,2.196759259259259,2.196759259259259,2.196759259259259,2.196759259259259,2.196759259259259,2.3549280059655198
T000138,2.9518450310347184,2.9518450310347184,2.9518450310347184,2.9518450310347184,2.9518450310347184,2.9518450310347184,2.9518450310347184,2.9518450310347184,2.9518450310347184,2.9518450310347184,2.9518450310347184,2.9518450310347184
T000139,7.537415235037864,7.533978875093721,8.296187874056729,7.422324947623207,7.422324947623207,7.422324947623207,7.511973619787535,7.511973619787535,8.296187874056729,8.296187874056729,8.296187874056729,8.296187874056729
T000140,3.8575691536841097,2.394892813465877,2.394892813465877,2.394892813465877,2.394892813465877,2.394892813465877,2.394892813465877,2.394892813465877,2.394892813465877,2.394892813465877,2.394892813465877,4.71177005355112
T000141,1.0010559784947433,1.0010559784947433,1.0010559784947433,0.3220603306153367,0.3220603306153367,0.3220603306153367,0.3220603306153367,0.3220603306153367,0.3220603306153367,0.3220603306153367,0.3220603306153367,0.29963303325633456
T000142,1.2297844782793086,1.2297844782793086,1.774863005712953,1.774863005712953,1.774863005712953,1.774863005712953,1.774863005712953,1.774863005712953,1.774863005712953,1.774863005712953,1.774863005712953,1.774863005712953
T000143,2.342413779456634,1.9879340481594532,1.9879340481594532,1.9879340481594532,1.9879340481594532,1.9879340481594532,2.295691986615381,2.295691986615381,2.295691986615381,2.295691986615381,2.295691986615381,2.295691986615381
T000144,5.488329386662718,5.488329386662718,5.488329386662718,5.488329386662718,7.984416530860655,7.984416530860655,7.984416530860655,7.984416530860655,7.984416530860655,7.984416530860655,7.984416530860655,1.8980334025101322
T000145,2.872109696247285,2.872109696247285,2.582566259323916,2.582566259323916,2.582566259323916,2.582566259323916,2.582566259323916,2.582566259323916,2.582566259323916,2.582566259323916,2.582566259323916,2.582566259323916
T000146,1.8892566336565504,0.5194670251282197,0.5194670251282197,0.5194670251282197,0.5194670251282197,0.5194670251282197,0.5194670251282197,0.5194670251282197,0.5194670251282197,0.5194670251282197,0.5194670251282197,1.7008970168519069
T000147,1.0490811686676749,1.0490811686676749,0.3413372846130863,0.3413372846130863,0.3413372846130863,0.3413372846130863,0.3413372846130863,0.3413372846130863,0.3413372846130863,0.3413372846130863,0.3413372846130863,2.6172546109146033
T000148,1.4248540801999898,1.4248540801999898,1.4248540801999898,1.4248540801999898,1.4039081685216388,1.333893517359745,1.333893517359745,1.333893517359745,1.333893517359745,1.333893517359745,1.333893517359745,1.333893517359745
T000149,1.7219401802896261,1.7219401802896261,1.7219401802896261,1.7335525721234457,1.7166377843724996,1.7166377843724996,1.7166377843724996,1.7166377843724996,1.7166377843724996,1.7166377843724996,1.7166377843724996,1.892630007683646
T000150,0.4501496013718166,0.4501496013718166,0.4501496013718166,0.4501496013718166,0.434984962192194,0.4336522251335486,0.4336522251335486,0.4336522251335486,0.4336522251335486,0.4336522251335486,0.4336522251335486,0.603159422895934
T000151,1.4864627823967345,1.4864627823967345,1.738855600287914,1.738855600287914,1.3420799440066729,1.3420799440066729,1.725045366836888,1.725045366836888,1.725045366836888,1.725045366836888,1.725045366836888,1.725045366836888
T000152,1.9690778625874616,1.9690778625874616,1.9690778625874616,1.9690778625874616,0.9091272253269411,0.8897479472586347,0.8897479472586347,0.8897479472586347,0.8897479472586347,0.8897479472586347,0.8897479472586347,0.8897479472586347
T000153,4.928396578785448,4.928396578785448,4.928396578785448,4.912882215655852,4.912882215655852,4.912882215655852,4.912882215655852,4.912882215655852,4.912882215655852,4.912882215655852,4.912882215655852,6.021684835306909
T000154,3.4364396535533985,3.4364396535533985,2.5834558298421078,3.6381699391624447,3.6381699391624447,3.6381699391624447,3.6381699391624447,3.6381699391624447,3.6381699391624447,3.6381699391624447,3.6381699391624447,1.097911799692566
T000155,3.6596323674599387,3.460937090843594,3.3619104648322287,3.3619104648322287,3.3619104648322287,3.3619104648322287,3.3619104648322287,3.3619104648322287,3.3619104648322287,3.3619104648322287,3.3619104648322287,3.8672739636043447
T000156,4.896602668104677,5.1400715940298625,3.603597618131518,3.603597618131518,3.603597618131518,3.603597618131518,3.603597618131518,3.603597618131518,3.603597618131518,3.603597618131518,3.603597618131518,5.582838070008317
T000157,2.4436064650342524,2.4436064650342524,2.4436064650342524,3.0774989704922833,3.0774989704922833,3.0774989704922833,3.0774989704922833,3.0774989704922833,3.0774989704922833,3.0774989704922833,3.0774989704922833,3.0774989704922833
T000158,9.27155812053118,9.27155812053118,9.884226033417102,9.128449141012549,9.128449141012549,9.128449141012549,9.884226033417102,9.884226033417102,9.884226033417102,9.884226033417102,9.884226033417102,8.440717488121363
T000159,1.1720649794454656,1.1720649794454656,1.1542411172725406,1.1542411172725406,1.1542411172725406,1.1542411172725406,1.1542411172725406,1.1542411172725406,1.1542411172725406,1.1542411172725406,1.1542411172725406,1.1542411172725406
T000160,1.612503435323875,1.612503435323875,1.612503435323875,2.7314785935850905,2.7314785935850905,2.447625871278895,2.447625871278895,2.7976591244586775,2.7976591244586775,2.7976591244586775,2.7976591244586775,2.7653226532265323
T000161,0.9781706497622988,0.9781706497622988,0.6574357883618474,1.6472586123241146,1.6472586123241146,1.6472586123241146,1.6472586123241146,0.6555070354196992,0.6555070354196992,0.6555070354196992,0.6555070354196992,0.6555070354196992
T000162,0.6375915164083283,0.6375915164083283,0.6375915164083283,0.6375915164083283,0.5471698113207547,0.5471698113207547,0.5471698113207547,0.5471698113207547,0.5471698113207547,0.5471698113207547,0.5471698113207547,1.0611255399347463
T000163,1.3069909472906984,1.3069909472906984,1.3069909472906984,1.3069909472906984,1.8338488496779324,1.8338488496779324,1.8338488496779324,1.8338488496779324,1.8338488496779324,1.8338488496779324,1.8338488496779324,1.3069909472906984
T000164,2.374206385492847,2.374206385492847,1.321633320282055,2.6171293328732887,2.6171293328732887,2.6171293328732887,1.8987758555987795,1.8987758555987795,1.8987758555987795,1.8987758555987795,1.8987758555987795,1.321633320282055
T000165,0.07618666312488004,0.07618666312488004,0.07618666312488004,0.07618666312488004,0.07618666312488004,0.07618666312488004,0.07618666312488004,0.3479234670765397,0.3479234670765397,0.3479234670765397,0.3479234670765397,0.3479234670765397
T000166,2.529035998338539,2.529035998338539,3.1596054952314874,3.1596054952314874,3.1596054952314874,3.1596054952314874,3.1596054952314874,3.1596054952314874,3.1596054952314874,3.1596054952314874,3.1596054952314874,3.1596054952314874
T000167,7.312037673085906,7.915532236325545,7.915532236325545,7.915532236325545,7.915532236325545,7.915532236325545,7.915532236325545,7.915532236325545,7.915532236325545,7.915532236325545,7.915532236325545,7.915532236325545
T000168,5.7399124624400955,5.7399124624400955,5.648607712030817,5.648607712030817,5.648607712030817,5.648607712030817,5.648607712030817,5.648607712030817,5.648607712030817,5.648607712030817,5.648607712030817,7.137848155446057
T000169,13.990404274799957,13.990404274799957,13.990404274799957,13.990404274799957,13.990404274799957,13.990404274799957,13.990404274799957,13.990404274799957,13.990404274799957,13.990404274799957,13.990404274799957,11.62961515119569
T000170,15.08909012537571,15.08909012537571,15.08909012537571,14.39517393951274,15.08909012537571,14.39517393951274,15.08909012537571,15.08909012537571,15.08909012537571,15.08909012537571,15.08909012537571,12.874057938376229
T000171,12.784690847682223,15.526599005142822,14.338930606849155,16.096508690363027,16.096508690363027,16.096508690363027,16.096508690363027,16.096508690363027,16.096508690363027,16.096508690363027,16.096508690363027,14.521551679304386
T000172,16.313140396391503,16.313140396391503,16.313140396391503,13.436575995874515,13.436575995874515,13.436575995874515,13.436575995874515,13.436575995874515,13.436575995874515,13.436575995874515,13.436575995874515,23.023702613610347
T000173,30.316358044674786,29.546398272846286,29.28153527087888,31.106293578932572,31.106293578932572,31.106293578932572,31.106293578932572,31.106293578932572,31.106293578932572,31.106293578932572,31.106293578932572,31.1062935789364
T000174,22.81907140781909,18.145508534059033,18.145508534059033,18.145508534059033,21.43314920439949,21.43314920439949,21.43314920439949,21.43314920439949,21.43314920439949,21.43314920439949,21.43314920439949,22.40725774713451
T000175,16.675565599199217,16.675565599199217,16.472839448592257,16.472839448592257,16.472839448592257,16.675565599199217,16.675565599199217,16.675565599199217,16.675565599199217,16.675565599199217,16.675565599199217,15.068005698005699
T000176,1.1589678838869404,1.1589678838869404,1.1589678838869404,1.1172945205479452,1.1172945205479452,1.2221403836139964,1.2221403836139964,1.2221403836139964,1.2221403836139964,1.2221403836139964,1.2221403836139964,1.2221403836139964
T000177,0.5052772242397593,0.514616774976559,0.514616774976559,0.5009522962530096,0.5009522962530096,0.5009522962530096,0.5009522962530096,0.5068744111915465,0.5068744111915465,0.5068744111915465,0.5068744111915465,0.6534866344375897
T000178,2.161326220047006,2.161326220047006,2.1635512081899946,2.1635512081899946,2.1635512081899946,2.1635512081899946,2.1635512081899946,2.1635512081899946,2.1635512081899946,2.1635512081899946,2.1635512081899946,2.1635512081899946
T000179,1.406459982154162,1.406459982154162,1.406459982154162,1.406459982154162,1.406459982154162,1.406459982154162,1.3889108762047544,1.3889108762047544,1.3889108762047544,1.3889108762047544,1.3889108762047544,1.3889108762047544
T000180,5.649041258989153,5.649041258989153,5.649041258989153,5.649041258989153,5.763962835507138,5.763962835507138,5.763962835507138,5.763962835507138,5.763962835507138,5.763962835507138,5.763962835507138,5.792628624349678
T000181,2.7626987635146305,2.7626987635146305,2.113252729242115,2.2110271639913357,2.2110271639913357,2.2110271639913357,2.2110271639913357,2.2110271639913357,2.2110271639913357,2.2110271639913357,2.2110271639913357,2.2110271639913357
T000182,4.882180167915367,4.882180167915367,4.882180167915367,5.797739577513354,5.797739577513354,5.797739577513354,5.797739577513354,5.797739577513354,5.797739577513354,5.797739577513354,5.797739577513354,4.687732739495083
T000183,1.955916345313624,1.8484168166524948,1.8367295539104462,1.8367295539104462,1.8367295539104462,1.8367295539104462,1.8367295539104462,1.8367295539104462,1.8367295539104462,1.8367295539104462,1.8367295539104462,2.5385155456722965
T000184,1.5571449938006203,1.5571449938006203,1.5571449938006203,1.6650860711858257,1.5611485868273058,1.5611485868273058,1.5611485868273058,1.5611485868273058,1.5611485868273058,1.5611485868273058,1.5611485868273058,6.088819841141507
T000185,12.841648820476381,12.841648820476381,12.841648820476381,12.841648820476381,13.29645217575372,13.29645217575372,13.29645217575372,13.29645217575372,13.29645217575372,13.29645217575372,13.29645217575372,8.818261424474077
T000186,3.664094149771626,3.664094149771626,3.664094149771626,3.664094149771626,3.664094149771626,3.664094149771626,3.664094149771626,3.664094149771626,3.664094149771626,3.664094149771626,3.664094149771626,5.786466605103416
T000187,20.07875739121925,20.07875739121925,20.07875739121925,19.887438210507625,19.887438210507625,19.887438210507625,19.887438210507625,19.887438210507625,19.887438210507625,19.887438210507625,19.887438210507625,19.887438210507625
T000188,11.081427912684985,11.081427912684985,11.417443800402207,11.417443800402207,11.417443800402207,11.417443800402207,11.417443800402207,11.417443800402207,11.417443800402207,11.417443800402207,11.417443800402207,11.417443800402207
T000189,3.442861710054443,1.4801292974958211,1.9193958796631834,1.4801292974958211,1.4801292974958211,2.0012136234923625,2.0012136234923625,2.0012136234923625,2.0012136234923625,2.0012136234923625,2.0012136234923625,3.4843352568848824
T000190,2.833641715658567,2.833641715658567,2.8135928969151123,2.8135928969151123,2.8135928969151123,2.8135928969151123,2.8135928969151123,2.8135928969151123,2.8135928969151123,2.8135928969151123,2.8135928969151123,2.8135928969151123
T000191,1.0100996226544843,1.0100996226544843,0.5804212294801472,1.0661801450478918,0.8343234494122357,0.8343234494122357,0.8343234494122357,0.8343234494122357,0.8343234494122357,0.8343234494122357,0.8343234494122357,1.2972120421671727
T000192,0.5244335297047823,0.5808497885821614,0.5808497885821614,0.6971397791549746,0.6999808118836696,0.46060760284156677,0.46060760284156677,0.46060760284156677,0.46060760284156677,0.46060760284156677,0.46060760284156677,0.9270819758861693
T000193,1.2068322273282959,1.2068322273282959,1.2068322273282959,1.2068322273282959,1.2068322273282959,1.2068322273282959,1.2068322273282959,1.2068322273282959,1.2068322273282959,1.2068322273282959,1.2068322273282959,0.7844558398876562
T000194,3.0363706943137245,3.0363706943137245,3.0363706943137245,2.7858424204287786,2.7858424204287786,2.5494028230184584,2.5494028230184584,2.5494028230184584,2.5494028230184584,2.5494028230184584,2.5494028230184584,2.5494028230184584
T000195,0.49220304702312095,0.49220304702312095,0.49220304702312095,0.5126406542935497,0.4558404558404558,0.4558404558404558,0.4558404558404558,0.4558404558404558,0.4558404558404558,0.4558404558404558,0.4558404558404558,0.4558404558404558
T000196,4.057007828765764,4.057007828765764,3.894736842105263,4.057007828765764,4.057007828765764,4.057007828765764,4.057007828765764,4.088271908616977,4.088271908616977,4.088271908616977,4.088271908616977,3.894736842105263
T000197,1.043244958073341,1.043244958073341,1.1000051258393564,1.1000051258393564,1.1000051258393564,1.0557983825809718,1.1000051258393564,1.1000051258393564,1.1000051258393564,1.1000051258393564,1.1000051258393564,1.1000051258393564
T000198,2.04185511415626,2.04185511415626,2.04185511415626,2.0645161290322585,2.0645161290322585,2.0645161290322585,2.0645161290322585,2.0645161290322585,2.0645161290322585,2.0645161290322585,2.0645161290322585,2.3949867058657364
T000199,0.8913772667372846,0.8913772667372846,0.8848430244960265,0.8848430244960265,0.8848430244960265,0.8848430244960265,0.8483000879936254,0.8483000879936254,0.8483000879936254,0.8483000879936254,0.8483000879936254,0.8483000879936254
T000200,0.48809454888819925,0.48809454888819925,0.48809454888819925,0.5402196174009878,0.45532221337179757,0.45532221337179757,0.45532221337179757,0.45532221337179757,0.45532221337179757,0.45532221337179757,0.45532221337179757,0.5402196174009878
T000201,6.024363449948327,6.024363449948327,6.024363449948327,6.024363449948327,3.286621401222222,3.286621401222222,3.286621401222222,3.286621401222222,3.286621401222222,3.286621401222222,3.286621401222222,3.117442167586375
T000202,3.4668683345954094,3.4668683345954094,3.3752063593415156,3.3752063593415156,3.3752063593415156,4.7687511802992315,4.7687511802992315,4.7687511802992315,4.7687511802992315,4.7687511802992315,4.7687511802992315,4.7687511802992315
T000203,2.145419739893254,2.145419739893254,2.150943396226415,2.150943396226415,2.150943396226415,2.150943396226415,2.150943396226415,2.150943396226415,2.150943396226415,2.150943396226415,2.150943396226415,2.150943396226415
T000204,0.7542608868077589,0.7542608868077589,0.7542608868077589,0.7542608868077589,0.5093263421227373,0.5093263421227373,0.5093263421227373,0.5093263421227373,0.5093263421227373,0.5093263421227373,0.5093263421227373,1.174513496547395
T000205,1.7597288409112266,1.7597288409112266,2.0930304456279316,2.0930304456279316,2.0930304456279316,2.0930304456279316,2.0930304456279316,2.0930304456279316,2.0930304456279316,2.0930304456279316,2.0930304456279316,2.013191593394517
T000206,4.9672661203525195,4.9672661203525195,4.9672661203525195,4.9672661203525195,4.790123456790123,4.790123456790123,4.790123456790123,4.790123456790123,4.790123456790123,4.790123456790123,4.790123456790123,4.790123456790123
T000207,0.7567549749554358,0.7567549749554358,0.7567549749554358,0.7567549749554358,0.7467576740808964,0.7467576740808964,0.7958523259145839,0.7958523259145839,0.7958523259145839,0.7958523259145839,0.7958523259145839,0.7958523259145839
T000208,1.0102419133272489,0.8658192578800742,0.8658192578800742,0.7709749653672462,0.7709749653672462,0.7709749653672462,0.7709749653672462,0.7709749653672462,0.7709749653672462,0.7709749653672462,0.7709749653672462,0.7709749653672462
T000209,1.4009158327033462,1.4009158327033462,0.7185504579022922,0.7185504579022922,0.7185504579022922,0.7185504579022922,0.7185504579022922,0.7185504579022922,0.7185504579022922,0.7185504579022922,0.7185504579022922,0.7185504579022922
T000210,0.7950707932891753,0.7950707932891753,0.7950707932891753,0.7950707932891753,0.7950707932891753,0.8812846975975501,0.8812846975975501,0.8812846975975501,0.8812846975975501,0.8812846975975501,0.8812846975975501,0.7950707932891753
T000211,1.2570340711605996,0.655911745020656,0.655911745020656,0.8145867303518056,0.8145867303518056,0.8145867303518056,0.9293523758055419,0.9293523758055419,0.9293523758055419,0.9293523758055419,0.9293523758055419,0.8145867303518056
T000212,2.0508604470241325,2.0508604470241325,1.9884154566373085,1.9884154566373085,2.074260851606393,2.074260851606393,1.9884154566373085,1.9884154566373085,1.9884154566373085,1.9884154566373085,1.9884154566373085,1.9884154566373085
T000213,1.1738855642043762,1.1738855642043762,1.1738855642043762,0.6440794524527552,0.6440794524527552,0.6440794524527552,0.6440794524527552,0.6440794524527552,0.6440794524527552,0.6440794524527552,0.6440794524527552,0.7743170151040312
T000214,1.155135815700428,1.155135815700428,1.155135815700428,1.155135815700428,1.126638604340959,1.126638604340959,1.126638604340959,1.126638604340959,1.126638604340959,1.126638604340959,1.126638604340959,1.177174865126319
T000215,4.7844662391930015,4.715286903197547,4.7844662391930015,4.7846698259902,4.776711302627838,4.776711302627838,4.776711302627838,4.715286903197547,4.715286903197547,4.715286903197547,4.715286903197547,4.715286903197547
T000216,1.3723636954140157,1.3723636954140157,1.3918485503720586,1.3918485503720586,1.3918485503720586,1.3486163226838284,1.3951809908247967,1.3951809908247967,1.3951809908247967,1.3951809908247967,1.3951809908247967,1.3951809908247967
T000217,1.3378883636700725,1.3378883636700725,1.3378883636700725,1.3378883636700725,1.3109936414022354,1.3109936414022354,1.355342451633876,1.355342451633876,1.355342451633876,1.355342451633876,1.355342451633876,1.4435599370408811
T000218,2.4072952971547803,2.4072952971547803,2.4072952971547803,2.4072952971547803,2.621614703322582,2.621614703322582,2.621614703322582,2.621614703322582,2.621614703322582,2.621614703322582,2.621614703322582,2.621614703322582
T000219,3.2804357813217826,3.2804357813217826,3.2804357813217826,3.2804357813217826,3.2804357813217826,3.2804357813217826,3.2804357813217826,3.2804357813217826,3.2804357813217826,3.2804357813217826,3.2804357813217826,3.2804357813217826
T000220,0.9735119279369584,0.9735119279369584,0.8983466002586862,0.8983466002586862,0.8983466002586862,0.8983466002586862,0.8983466002586862,0.8983466002586862,0.8983466002586862,0.8983466002586862,0.8983466002586862,1.15768499685563
T000221,1.5932456931163956,1.5932456931163956,1.5932456931163956,1.5932456931163956,1.8106941417602926,1.8106941417602926,1.8106941417602926,1.8106941417602926,1.8106941417602926,1.8106941417602926,1.8106941417602926,1.5712865664402322
T000222,1.5470390597536248,1.5470390597536248,1.1784195954668364,1.6881351492233274,1.6881351492233274,1.6881351492233274,1.6881351492233274,1.2898935293122473,1.2898935293122473,1.2898935293122473,1.2898935293122473,1.2898935293122473
T000223,0.5665787632184887,0.5665787632184887,0.5665787632184887,0.8119738429199977,0.8119738429199977,0.8135812378267587,0.8135812378267587,0.8135812378267587,0.8135812378267587,0.8135812378267587,0.8135812378267587,0.5665787632184887
T000224,1.7155476610008868,1.7155476610008868,1.8855185129537797,1.8855185129537797,1.7155476610008868,1.4316432080009172,1.4316432080009172,1.4316432080009172,1.4316432080009172,1.4316432080009172,1.4316432080009172,1.8855185129537797
T000225,1.1936009191795582,1.1936009191795582,0.9323414545793681,0.9323414545793681,0.9323414545793681,1.1895971315673268,1.2049376700369532,1.2049376700369532,1.2049376700369532,1.2049376700369532,1.2049376700369532,1.2049376700369532
T000226,0.2987676288493066,0.2987676288493066,0.2987676288493066,0.2987676288493066,0.2987676288493066,0.2987676288493066,0.2987676288493066,0.2987676288493066,0.2987676288493066,0.2987676288493066,0.2987676288493066,0.2987676288493066
T000227,1.9237334453801467,1.9237334453801467,2.197605436306763,2.197605436306763,2.197605436306763,2.197605436306763,2.197605436306763,2.197605436306763,2.197605436306763,2.197605436306763,2.197605436306763,2.197605436306763
T000228,1.8446278262568834,0.7442376251850157,2.153965034289578,2.153965034289578,2.153965034289578,2.153965034289578,2.153965034289578,2.153965034289578,2.153965034289578,2.153965034289578,2.153965034289578,2.153965034289578
T000229,0.9146121448883149,0.9146121448883149,0.8413878524817036,0.8413878524817036,0.8413878524817036,0.8468105010447777,0.8278160927971749,0.8278160927971749,0.8278160927971749,0.8278160927971749,0.8278160927971749,0.8278160927971749
T000230,1.8609534966834287,1.8609534966834287,1.8609534966834287,1.9133092591281362,1.9133092591281362,1.9133092591281362,1.9133092591281362,1.9133092591281362,1.9133092591281362,1.9133092591281362,1.9133092591281362,1.353009441635823
T000231,2.3473345342046925,2.3473345342046925,2.3473345342046925,2.3473345342046925,2.3473345342046925,2.3473345342046925,2.3473345342046925,2.3473345342046925,2.3473345342046925,2.3473345342046925,2.3473345342046925,2.3473345342046925
T000232,0.9415635505569473,0.9415635505569473,0.9415635505569473,0.9415635505569473,1.3279411370086056,1.3279411370086056,1.3279411370086056,1.3279411370086056,1.3279411370086056,1.3279411370086056,1.3279411370086056,1.217281168749596
T000233,0.6759320055654745,0.6759320055654745,0.7098295704343254,0.7098295704343254,0.6988444194384924,0.6988444194384924,0.7454495027060644,0.7454495027060644,0.7454495027060644,0.7454495027060644,0.7454495027060644,0.7454495027060644
T000234,0.6925963987263455,0.6925963987263455,0.7108053717111097,0.7108053717111097,0.7108053717111097,0.7108053717111097,0.7108053717111097,0.7797788827267035,0.7797788827267035,0.7797788827267035,0.7797788827267035,0.8052435115234555
T000235,0.7036875214607652,0.7036875214607652,0.4589346780270098,0.4589346780270098,0.7036875214607652,0.4589346780270098,0.4589346780270098,0.4589346780270098,0.4589346780270098,0.4589346780270098,0.4589346780270098,0.4589346780270098
T000236,0.5068068263491451,0.5068068263491451,0.5079222777209266,0.5079222777209266,0.5079222777209266,0.5093124756206977,0.5093124756206977,0.5382782818893898,0.5382782818893898,0.5382782818893898,0.5382782818893898,0.6027845071748879
T000237,0.27867844449867274,0.27867844449867274,0.3004955689587637,0.39659603493074247,0.39659603493074247,0.3004955689587637,0.3004955689587637,0.3004955689587637,0.3004955689587637,0.3004955689587637,0.3004955689587637,0.39659603493074247
T000238,0.6139863223841359,0.6139863223841359,0.7376917636860089,0.7376917636860089,0.7395000970294958,0.7395000970294958,0.7351264855004788,0.7351264855004788,0.7351264855004788,0.7351264855004788,0.7351264855004788,0.7351264855004788
T000239,0.4579358068857531,0.4579358068857531,0.4510105061992943,0.4510105061992943,0.4510105061992943,0.4510105061992943,0.44920843448050723,0.44525620583583964,0.44525620583583964,0.44525620583583964,0.44525620583583964,0.44525620583583964
T000240,12.681547508185622,12.842037437280807,12.842037437280807,12.842037437280807,12.673194146621315,12.673194146621315,12.673194146621315,12.673194146621315,12.673194146621315,12.673194146621315,12.673194146621315,12.842037437280807
T000241,0.8402110908564203,0.8402110908564203,0.8402110908564203,0.76822776481847,0.76822776481847,0.76822776481847,0.76822776481847,0.76822776481847,0.76822776481847,0.76822776481847,0.76822776481847,0.76822776481847
T000242,0.7836439993948,1.1780461319872195,1.1780461319872195,1.1780461319872195,1.1780461319872195,1.2141451809028436,1.1780461319872195,1.1780461319872195,1.2141451809028436,1.1846574713764562,1.1846574713764562,1.1420143232777122
T000243,1.8423029392704016,1.8423029392704016,1.8423029392704016,1.8423029392704016,1.8423029392704016,1.8423029392704016,1.7704910005828576,1.7704910005828576,1.7704910005828576,1.7704910005828576,1.7704910005828576,1.7704910005828576
T000244,6.397545917898619,6.476887104986137,6.442719861058044,6.467132527274709,6.467132527274709,6.467132527274709,6.467132527274709,6.467132527274709,6.467132527274709,6.467132527274709,6.467132527274709,6.513684137800222
T000245,2.2002443349116962,2.2002443349116962,2.0549828178694156,2.0549828178694156,2.0549828178694156,2.0549828178694156,2.0549828178694156,2.0549828178694156,2.0549828178694156,2.0549828178694156,2.0549828178694156,2.0549828178694156
T000246,1.6773765472886657,1.6773765472886657,1.6773765472886657,1.6773765472886657,1.6773765472886657,1.6773765472886657,1.6773765472886657,1.6773765472886657,1.6773765472886657,1.6773765472886657,1.6773765472886657,1.037335151980789
T000247,1.4335744064770999,1.4335744064770999,1.4335744064770999,1.4335744064770999,2.156091115016465,2.156091115016465,2.156091115016465,2.156091115016465,2.156091115016465,2.156091115016465,2.156091115016465,2.427794948310775
T000248,0.8706021398415386,0.8706021398415386,0.8706021398415386,0.8706021398415386,0.8706021398415386,3.9499221203312405,3.9499221203312405,3.9499221203312405,3.9499221203312405,3.9499221203312405,3.9499221203312405,3.9499221203312405
T000249,3.6184002566985143,3.6184002566985143,3.6184002566985143,3.6184002566985143,4.520411467803882,4.520411467803882,4.520411467803882,4.520411467803882,4.520411467803882,4.520411467803882,4.520411467803882,4.520411467803882
T000250,0.7596597122695647,0.7596597122695647,0.7596597122695647,1.2900547184496107,1.2900547184496107,1.2900547184496107,1.2900547184496107,1.2900547184496107,1.2900547184496107,1.2900547184496107,1.2900547184496107,1.2900547184496107
T000251,2.5538714307744215,2.5538714307744215,2.199751606636359,2.199751606636359,2.199751606636359,2.199751606636359,2.199751606636359,2.199751606636359,2.199751606636359,2.199751606636359,2.199751606636359,2.199751606636359
T000252,4.225407107048023,4.225407107048023,4.225407107048023,4.03322039281668,4.03322039281668,4.03322039281668,4.03322039281668,5.076575024092228,5.076575024092228,5.076575024092228,5.076575024092228,5.076575024092228
T000253,0.9209765696976298,1.0630322063984168,1.0630322063984168,1.0417964658508565,1.0417964658508565,1.0417964658508565,1.0417964658508565,1.0417964658508565,1.0417964658508565,1.0417964658508565,1.0417964658508565,1.0417964658508565
T000254,1.9757105799442678,1.9757105799442678,2.7940027914768275,2.7940027914768275,2.7940027914768275,2.7940027914768275,2.7940027914768275,2.7940027914768275,2.7940027914768275,2.7940027914768275,2.7940027914768275,2.7940027914768275
T000255,2.643686485250274,2.643686485250274,3.550772749950714,3.550772749950714,3.885373212759745,3.885373212759745,3.885373212759745,3.885373212759745,3.885373212759745,3.885373212759745,3.885373212759745,3.885373212759745
T000256,2.4644302533263738,2.4644302533263738,2.4644302533263738,3.063026082186162,3.063026082186162,3.063026082186162,3.063026082186162,3.063026082186162,3.063026082186162,3.063026082186162,3.063026082186162,3.063026082186162
T000257,2.4776321064452445,2.4776321064452445,2.4776321064452445,2.4776321064452445,2.5388763932120795,2.5388763932120795,2.5388763932120795,2.5388763932120795,2.5388763932120795,2.5388763932120795,2.5388763932120795,2.5388763932120795
T000258,1.861493578618364,1.7248075517910175,1.7248075517910175,1.4815778527577255,1.4815778527577255,1.4815778527577255,1.4815778527577255,1.4815778527577255,1.4815778527577255,1.4815778527577255,1.4815778527577255,1.4815778527577255
T000259,3.691597243324037,3.1712543290957322,3.690643591130341,2.831936512472103,3.461798075446925,3.461798075446925,3.461798075446925,3.461798075446925,3.461798075446925,3.461798075446925,3.461798075446925,3.461798075446925
T000260,2.8215691506209164,2.8215691506209164,3.4916549630603653,2.29653898059608,2.29653898059608,2.29653898059608,2.29653898059608,2.29653898059608,2.29653898059608,3.4541390142098045,3.4541390142098045,3.4541390142098045
T000261,2.0991869166896153,2.0991869166896153,2.0991869166896153,1.987373055729707,1.987373055729707,1.987373055729707,1.987373055729707,1.987373055729707,1.987373055729707,1.987373055729707,1.987373055729707,1.987373055729707
T000262,1.390902913347465,1.390902913347465,1.390902913347465,1.390902913347465,2.9790159705884,2.9790159705884,2.9790159705884,2.9790159705884,2.9790159705884,2.9790159705884,2.9790159705884,2.9790159705884
T000263,2.893887134318125,1.6965240880416494,3.433556469029753,2.893887134318125,2.893887134318125,2.893887134318125,2.893887134318125,2.893887134318125,2.893887134318125,2.893887134318125,2.893887134318125,2.893887134318125
T000264,0.7687376255865899,0.7687376255865899,0.9322232070553883,0.9322232070553883,0.6312190540790884,0.6312190540790884,0.6312190540790884,0.6312190540790884,0.6312190540790884,0.6312190540790884,0.6312190540790884,0.6312190540790884
T000265,0.4837151753409796,0.4837151753409796,0.549040432203242,0.549040432203242,0.549040432203242,0.549040432203242,0.549040432203242,0.549040432203242,0.549040432203242,0.549040432203242,0.549040432203242,0.549040432203242
T000266,2.218827443769334,2.218827443769334,1.9937329659255822,1.9937329659255822,2.097209365520631,2.097209365520631,2.097209365520631,2.097209365520631,2.097209365520631,2.097209365520631,2.097209365520631,2.097209365520631
T000267,0.7840574255361267,0.7840574255361267,0.7840574255361267,0.8728235097580587,0.8728235097580587,0.8728235097580587,0.8728235097580587,0.8728235097580587,0.8728235097580587,0.8728235097580587,0.8728235097580587,0.8728235097580587
T000268,1.773032728066891,1.773032728066891,1.773032728066891,1.8139322984657542,1.8139322984657542,1.8139322984657542,1.8139322984657542,1.8139322984657542,1.8139322984657542,1.8139322984657542,1.8139322984657542,1.8139322984657542
T000269,3.451145291808266,1.7957476874921827,1.9944533195269725,2.711018899551928,2.9520590005715586,2.9520590005715586,2.9520590005715586,2.9520590005715586,2.9520590005715586,2.9520590005715586,2.9520590005715586,2.9520590005715586
T000270,1.238006633114953,1.2951115749138709,1.6245294841376123,1.0683501704703562,1.0683501704703562,1.0683501704703562,1.0683501704703562,1.0683501704703562,1.0683501704703562,1.0683501704703562,1.0683501704703562,1.0683501704703562
T000271,8.047664226874026,8.047664226874026,8.047664226874026,5.183796638444647,4.497629192876791,4.497629192876791,4.497629192876791,4.497629192876791,4.497629192876791,4.497629192876791,4.497629192876791,4.497629192876791
T000272,1.131793228243072,1.164741518260074,4.195868721820279,1.917863447687158,1.917863447687158,1.917863447687158,1.917863447687158,1.917863447687158,1.917863447687158,1.917863447687158,1.917863447687158,1.917863447687158
T000273,2.7149349041520288,2.7149349041520288,1.4000081614336997,1.6332474968424282,1.6332474968424282,1.6332474968424282,1.6332474968424282,1.6332474968424282,1.6332474968424282,1.6332474968424282,1.6332474968424282,1.6332474968424282
T000274,3.1513330067048604,3.1513330067048604,3.1513330067048604,2.0016869129178576,2.0016869129178576,2.0016869129178576,2.0016869129178576,2.0016869129178576,2.0016869129178576,2.0016869129178576,2.0016869129178576,5.328368810540924
T000275,0.4312723348284826,0.4312723348284826,0.4312723348284826,0.4312723348284826,0.366220469718458,0.366220469718458,0.366220469718458,0.366220469718458,0.366220469718458,0.366220469718458,0.366220469718458,0.366220469718458
T000276,1.1531317594341708,1.1531317594341708,1.1531317594341708,1.1531317594341708,0.9096217207352241,0.9096217207352241,0.9096217207352241,0.9096217207352241,0.9096217207352241,0.9096217207352241,0.9096217207352241,0.9096217207352241
T000277,1.0263894816748353,1.0263894816748353,1.0263894816748353,1.0263894816748353,1.0263894816748353,1.0263894816748353,1.0263894816748353,1.0263894816748353,1.0263894816748353,1.0263894816748353,1.0263894816748353,1.2952305590549598
T000278,1.8594828055260857,1.8594828055260857,1.8594828055260857,1.8594828055260857,1.8594828055260857,1.8594828055260857,1.8594828055260857,1.8594828055260857,1.8594828055260857,1.8594828055260857,1.8594828055260857,1.8594828055260857
T000279,1.5117802000033065,1.5117802000033065,1.5117802000033065,1.5117802000033065,1.5117802000033065,1.5117802000033065,1.5117802000033065,1.5117802000033065,1.5117802000033065,1.5117802000033065,1.5117802000033065,1.5117802000033065
T000280,0.8020265012636787,0.8020265012636787,0.8020265012636787,0.8020265012636787,0.8255096587761173,0.8255096587761173,0.8255096587761173,0.8255096587761173,0.8255096587761173,0.8255096587761173,0.8255096587761173,0.8255096587761173
T000281,1.1018586042207432,1.1018586042207432,1.1018586042207432,1.1018586042207432,1.1018586042207432,1.1018586042207432,1.1018586042207432,1.1018586042207432,1.1018586042207432,1.1018586042207432,1.1018586042207432,1.1018586042207432
T000282,0.4654000128400385,0.4654000128400385,0.5118238929617851,0.3182991828537092,0.3182991828537092,0.3182991828537092,0.3182991828537092,0.3182991828537092,0.3182991828537092,0.3182991828537092,0.3182991828537092,0.3182991828537092
T000283,0.9096902095148672,0.9096902095148672,0.9096902095148672,0.9096902095148672,0.9096902095148672,0.9096902095148672,0.9096902095148672,0.9096902095148672,0.9096902095148672,0.9096902095148672,0.9096902095148672,0.9096902095148672
T000284,0.1936116443969183,0.1936116443969183,0.1936116443969183,1.0058496074535974,1.0058496074535974,1.0058496074535974,1.0058496074535974,1.0058496074535974,1.0058496074535974,1.0058496074535974,1.0058496074535974,1.0058496074535974
T000285,0.18769788398708032,0.18769788398708032,0.18769788398708032,0.18769788398708032,0.18769788398708032,0.18769788398708032,0.18769788398708032,0.18769788398708032,0.18769788398708032,0.18769788398708032,0.18769788398708032,0.18769788398708032
T000286,0.4674311772895265,0.3249557433850526,0.3249557433850526,0.73263886198606,0.73263886198606,0.73263886198606,0.73263886198606,0.73263886198606,0.73263886198606,0.73263886198606,0.73263886198606,0.73263886198606
T000287,1.1424092223397624,1.1424092223397624,1.1424092223397624,1.1424092223397624,1.1424092223397624,1.1424092223397624,1.1424092223397624,1.1424092223397624,1.1424092223397624,1.1424092223397624,1.1424092223397624,1.1424092223397624
T000288,1.9061596722529865,1.8254864505824318,1.8254864505824318,1.7753519182145845,1.7753519182145845,1.7753519182145845,1.7753519182145845,1.7753519182145845,1.7753519182145845,1.7753519182145845,1.7753519182145845,1.7753519182145845
T000289,5.803866615747374,0.7933400400702544,0.7933400400702544,1.305726102044077,2.7151323844183888,1.305726102044077,1.305726102044077,1.305726102044077,1.305726102044077,1.305726102044077,1.305726102044077,5.880936454849499
T000290,2.2036536999633927,2.2036536999633927,2.0815148393186615,2.609929090319176,2.0815148393186615,2.0815148393186615,2.0815148393186615,2.380787991321081,2.380787991321081,2.380787991321081,2.380787991321081,2.0666977853845756
T000291,4.488604266154503,4.488604266154503,4.488604266154503,4.427914184706281,4.427914184706281,4.427914184706281,4.427914184706281,4.427914184706281,4.427914184706281,4.427914184706281,4.427914184706281,4.427914184706281
T000292,3.6049888390713414,3.6049888390713414,3.7826783874096708,3.709042241401237,3.7826783874096708,3.7826783874096708,3.7826783874096708,3.7826783874096708,3.7826783874096708,4.434166355837374,4.434166355837374,4.434166355837374
T000293,5.478933418698261,5.478933418698261,5.478933418698261,5.224318979507277,5.767774699907664,5.767774699907664,5.767774699907664,5.767774699907664,5.767774699907664,5.767774699907664,5.767774699907664,5.767774699907664
T000294,4.961504811898513,4.961504811898513,4.909749852450716,4.909749852450716,4.624935911056386,4.624935911056386,4.624935911056386,4.624935911056386,4.624935911056386,4.624935911056386,4.624935911056386,4.831092100368886
T000295,0.9682443425178034,0.9682443425178034,1.036278782955496,0.9866036249014972,0.9866036249014972,0.9866036249014972,0.9866036249014972,0.9866036249014972,0.9866036249014972,0.9866036249014972,0.9866036249014972,1.1061316727811366
T000296,6.080408184150962,6.080408184150962,5.646204343878762,5.646204343878762,5.646204343878762,5.646204343878762,5.646204343878762,5.646204343878762,5.646204343878762,5.646204343878762,5.646204343878762,5.646204343878762
T000297,8.031934726690492,8.031934726690492,9.465313554069395,9.86361156703681,9.465313554069395,9.465313554069395,9.465313554069395,9.779702304011481,10.177424922333449,10.177424922333449,10.177424922333449,10.177424922333449
T000298,2.522795216741405,2.522795216741405,2.522795216741405,2.522795216741405,2.522795216741405,2.522795216741405,2.522795216741405,2.522795216741405,2.522795216741405,2.522795216741405,2.522795216741405,2.637270532435754
T000299,1.6660700578984124,1.6660700578984124,1.6660700578984124,1.7906043742720332,1.7906043742720332,1.7906043742720332,1.7906043742720332,1.7906043742720332,1.7906043742720332,1.7906043742720332,1.7906043742720332,1.7906043742720332
T000300,5.312169312169312,5.312169312169312,5.312169312169312,5.312169312169312,5.312169312169312,5.312169312169312,5.312169312169312,5.312169312169312,5.312169312169312,5.312169312169312,5.312169312169312,5.396904175028364
T000301,1.9026146980573695,1.9026146980573695,1.9026146980573695,2.636036411200782,2.636036411200782,2.9869525168611912,2.9869525168611912,2.9869525168611912,2.9869525168611912,2.9869525168611912,2.9869525168611912,2.9869525168611912
T000302,6.369020107027145,6.369020107027145,6.369020107027145,6.369020107027145,6.534435261707989,6.534435261707989,6.534435261707989,6.534435261707989,6.534435261707989,6.534435261707989,6.534435261707989,6.633156184740442
T000303,0.6283663577182518,0.6283663577182518,0.5228598561931895,0.5228598561931895,0.5228598561931895,0.5228598561931895,0.5228598561931895,0.5228598561931895,0.5228598561931895,0.5228598561931895,0.5228598561931895,0.5228598561931895
T000304,6.031916044383487,6.031916044383487,5.4960042341698845,5.4960042341698845,5.4960042341698845,6.056797811906281,6.056797811906281,6.056797811906281,6.056797811906281,6.056797811906281,6.056797811906281,6.339636040834443
T000305,5.809193629136385,5.809193629136385,5.809193629136385,5.499321211176515,5.499321211176515,5.499321211176515,5.499321211176515,5.499321211176515,5.499321211176515,5.499321211176515,5.499321211176515,5.499321211176515
T000306,2.841067536318513,2.841067536318513,2.841067536318513,2.841067536318513,2.6963233118521486,2.6963233118521486,2.6963233118521486,2.6963233118521486,2.6963233118521486,2.6963233118521486,2.6963233118521486,2.6963233118521486
T000307,6.317025167472945,5.688830577716604,5.688830577716604,6.534357522241303,6.534357522241303,6.534357522241303,6.534357522241303,6.534357522241303,6.534357522241303,6.534357522241303,6.534357522241303,6.534357522241303
T000308,5.286746090594383,7.455238579909929,5.286746090594383,5.286746090594383,6.692530883538528,6.692530883538528,6.692530883538528,6.692530883538528,6.692530883538528,6.692530883538528,6.692530883538528,6.692530883538528
T000309,7.07042694958946,7.07042694958946,7.07042694958946,6.7733395443412014,6.7733395443412014,6.7733395443412014,7.194067263487841,7.194067263487841,7.194067263487841,7.194067263487841,7.194067263487841,7.194067263487841
T000310,3.5938796178454693,3.5938796178454693,3.5938796178454693,3.8749906518910913,4.510297705200984,4.030795261695885,4.676421891081577,4.676421891081577,4.676421891081577,4.676421891081577,4.676421891081577,4.676421891081577
T000311,3.799678217341038,3.799678217341038,7.7010706041982155,3.799678217341038,7.7010706041982155,7.3498892364254225,7.3498892364254225,7.3498892364254225,7.3498892364254225,7.3498892364254225,7.3498892364254225,7.3498892364254225
T000312,2.154272779061246,2.900970444820053,4.003798426760166,3.836535399639104,3.836535399639104,3.836535399639104,3.836535399639104,3.836535399639104,3.836535399639104,3.836535399639104,3.836535399639104,3.836535399639104
T000313,5.684412982151999,5.684412982151999,5.684412982151999,5.997065182932479,5.997065182932479,5.997065182932479,5.997065182932479,5.997065182932479,5.997065182932479,5.997065182932479,5.997065182932479,5.997065182932479
T000314,1.7523394640035326,0.8233866076776626,0.8233866076776626,1.7362149937641747,1.7362149937641747,1.7362149937641747,1.7362149937641747,1.7362149937641747,1.7362149937641747,1.7362149937641747,1.7362149937641747,1.7362149937641747
T000315,3.9754672927335735,3.9754672927335735,3.9754672927335735,3.9754672927335735,3.9754672927335735,3.3431521519278222,3.3431521519278222,3.3431521519278222,3.3431521519278222,3.3431521519278222,3.3431521519278222,4.287536116537891
T000316,1.011065838741512,1.011065838741512,0.8744689010670538,0.8744689010670538,2.122745342965563,2.122745342965563,2.122745342965563,2.122745342965563,2.122745342965563,2.757838116781609,2.757838116781609,2.757838116781609
T000317,8.730543813689769,8.408077959676813,9.567354965585054,8.431846407109637,8.431846407109637,8.567854260747493,8.567854260747493,8.567854260747493,8.567854260747493,8.567854260747493,8.567854260747493,8.567854260747493
T000318,4.239853085748287,4.335807228915662,4.335807228915662,4.335807228915662,4.335807228915662,4.335807228915662,4.335807228915662,4.335807228915662,4.335807228915662,4.335807228915662,4.335807228915662,4.335807228915662
T000319,6.646600571575185,6.982697287388365,6.982697287388365,6.646600571575185,6.536411230846814,6.536411230846814,6.536411230846814,6.68155165973562,6.68155165973562,6.68155165973562,6.68155165973562,6.68155165973562
T000320,2.1956554664133034,2.1956554664133034,2.1956554664133034,2.1956554664133034,4.234953084584986,4.234953084584986,4.234953084584986,4.234953084584986,4.234953084584986,4.234953084584986,4.234953084584986,4.824836076542218
T000321,7.927008445838477,7.927008445838477,8.356373779799023,7.778641032993145,7.778641032993145,7.778641032993145,7.778641032993145,7.778641032993145,7.778641032993145,7.778641032993145,7.778641032993145,7.778641032993145
T000322,6.475960445413138,6.475960445413138,6.475960445413138,6.475960445413138,6.612480678436052,6.612480678436052,6.612480678436052,6.612480678436052,6.612480678436052,6.612480678436052,6.612480678436052,6.588985320904318
T000323,4.779805289435928,7.951530861511948,7.951530861511948,6.669510067147234,6.745975873712967,6.745975873712967,6.745975873712967,6.745975873712967,6.745975873712967,6.745975873712967,6.745975873712967,6.849825378346915
T000324,10.44970012896934,10.44970012896934,10.45202735895401,10.45202735895401,10.444108660275296,10.444108660275296,10.45202735895401,10.45202735895401,10.45202735895401,10.45202735895401,10.45202735895401,10.45202735895401
T000325,4.042840665987203,4.042840665987203,3.740356698465367,3.740356698465367,3.740356698465367,3.740356698465367,3.740356698465367,3.740356698465367,3.740356698465367,3.740356698465367,3.740356698465367,3.740356698465367
T000326,2.910752639270052,2.910752639270052,1.4274409700063817,1.4274409700063817,2.561510039197312,1.4274409700063817,1.4274409700063817,1.4274409700063817,1.4274409700063817,1.4274409700063817,1.4274409700063817,1.4274409700063817
T000327,2.002760909090076,3.700595406861355,3.700595406861355,3.6815245767205367,3.6815245767205367,3.6802075782650854,3.700595406861355,3.700595406861355,3.700595406861355,3.700595406861355,3.700595406861355,3.700595406861355
T000328,2.228696189647264,2.228696189647264,2.228696189647264,2.228696189647264,2.102852056509484,2.102852056509484,2.102852056509484,2.102852056509484,2.102852056509484,2.102852056509484,2.102852056509484,2.102852056509484
T000329,5.1053151129672285,3.802106485262017,3.802106485262017,4.958780718932714,4.958780718932714,4.958780718932714,4.958780718932714,4.958780718932714,4.958780718932714,4.958780718932714,4.958780718932714,4.958780718932714
T000330,1.6939213213644597,1.6939213213644597,1.6939213213644597,1.7514330197434318,1.7514330197434318,1.7514330197434318,1.7514330197434318,1.7514330197434318,1.7514330197434318,1.7514330197434318,1.7514330197434318,1.7514330197434318
T000331,44.70787963573809,44.70787963573809,44.70787963573809,45.0077306039887,45.0077306039887,45.0077306039887,45.0077306039887,45.0077306039887,45.0077306039887,45.0077306039887,45.0077306039887,32.06320981708867
T000332,29.578873193787228,29.578873193787228,29.578873193787228,29.578873193787228,29.578873193787228,29.578873193787228,29.578873193787228,29.578873193787228,29.578873193787228,29.578873193787228,29.578873193787228,28.066481004334264
T000333,48.43298439760419,48.43298439760419,33.18769385414452,48.55401021259921,48.55401021259921,48.55401021259921,48.55401021259921,48.55401021259921,48.55401021259921,48.55401021259921,48.55401021259921,35.295713538769945
T000334,32.63501229198936,32.63501229198936,32.63501229198936,32.63501229198936,32.9438261564921,32.9438261564921,32.9438261564921,32.9438261564921,32.9438261564921,32.9438261564921,32.9438261564921,33.934326803546064
T000335,6.036860259806621,6.036860259806621,6.036860259806621,6.036860259806621,6.036860259806621,6.036860259806621,6.036860259806621,7.863818841914583,6.036860259806621,6.036860259806621,6.036860259806621,5.9012640788865625
T000336,11.704804793120527,4.66820247051597,11.704804793120527,11.704804793120527,4.743000725263488,4.743000725263488,4.743000725263488,4.273505430338839,4.273505430338839,4.273505430338839,4.273505430338839,8.420566564131859
T000337,1.8289892996263968,1.8289892996263968,1.8289892996263968,1.8289892996263968,1.8289892996263968,1.8289892996263968,1.8289892996263968,1.8289892996263968,1.8289892996263968,1.8289892996263968,1.8289892996263968,1.7945585163543287
T000338,1.6555790664242926,1.6555790664242926,1.6555790664242926,0.7803467075824941,1.6481054223581304,1.6481054223581304,1.6481054223581304,1.6481054223581304,1.6481054223581304,1.6481054223581304,1.6481054223581304,1.1557625918061285
T000339,1.6516162643960282,1.6516162643960282,1.6516162643960282,1.5544362670859653,1.4798651346292326,1.4798651346292326,1.4798651346292326,1.4798651346292326,1.4798651346292326,1.4798651346292326,1.4798651346292326,1.4798651346292326
T000340,1.7080996077357433,1.7080996077357433,1.7080996077357433,1.7080996077357433,1.7080996077357433,1.6979608318190997,1.6979608318190997,1.6979608318190997,1.6979608318190997,1.6979608318190997,1.6979608318190997,1.6979608318190997
T000341,5.444079380357296,5.444079380357296,4.429379767499718,5.923808374564713,5.923808374564713,5.923808374564713,5.923808374564713,5.923808374564713,5.923808374564713,5.923808374564713,5.923808374564713,5.226474812429216
T000342,1.2113255009475425,1.2113255009475425,1.2113255009475425,1.2113255009475425,1.2113255009475425,1.2113255009475425,1.2113255009475425,1.2113255009475425,1.2113255009475425,1.2113255009475425,1.2113255009475425,1.2113255009475425
T000343,1.3071909411558185,1.3071909411558185,1.3071909411558185,1.3071909411558185,1.3071909411558185,1.3071909411558185,1.3071909411558185,1.3071909411558185,1.3071909411558185,1.3071909411558185,1.3071909411558185,1.3071909411558185
T000344,1.5712511821253614,1.5712511821253614,1.5712511821253614,1.5712511821253614,1.0570629537070093,1.0570629537070093,1.0570629537070093,1.0570629537070093,1.0570629537070093,1.0570629537070093,1.0570629537070093,1.0570629537070093
T000345,1.598782993787724,1.598782993787724,1.598782993787724,1.598782993787724,1.598782993787724,1.649216265117055,1.649216265117055,1.649216265117055,1.649216265117055,1.649216265117055,1.649216265117055,1.649216265117055
T000346,0.42711310949039794,0.42711310949039794,0.42711310949039794,2.47959136446024,2.47959136446024,2.47959136446024,0.42711310949039794,0.42711310949039794,0.42711310949039794,0.42711310949039794,0.42711310949039794,2.7577814134803833
T000347,0.9353549957005587,0.9353549957005587,0.9353549957005587,0.9353549957005587,1.2398159703034783,1.2398159703034783,1.2398159703034783,1.2398159703034783,1.2398159703034783,1.2398159703034783,1.2398159703034783,1.8527565031394637
T000348,1.5550926520985542,1.510465516313727,1.510465516313727,1.510465516313727,1.510465516313727,1.510465516313727,1.510465516313727,1.510465516313727,1.510465516313727,1.510465516313727,1.510465516313727,1.6771303863523257
T000349,7.1039947794261495,7.118831501031758,7.10132726715117,7.118831501031758,7.118831501031758,7.118831501031758,7.118831501031758,7.118831501031758,7.118831501031758,7.118831501031758,7.118831501031758,7.597000116356942
T000350,4.603040467272439,5.09118086696562,4.4491372657423796,4.4491372657423796,4.4491372657423796,4.4491372657423796,4.4491372657423796,4.4491372657423796,4.4491372657423796,4.4491372657423796,4.4491372657423796,4.4491372657423796
T000351,2.4619351477249447,2.4619351477249447,2.4619351477249447,2.4619351477249447,2.3274549026446762,2.267852636891244,2.267852636891244,2.267852636891244,2.267852636891244,2.267852636891244,2.267852636891244,2.267852636891244
T000352,2.6730803753906716,2.6730803753906716,2.866123325751832,2.866123325751832,2.866123325751832,2.866123325751832,2.866123325751832,2.866123325751832,2.866123325751832,2.866123325751832,2.866123325751832,3.537396194585676
T000353,3.252699833811543,3.241730444700761,4.229227597645345,3.194299559295255,3.194299559295255,3.194299559295255,3.194299559295255,3.194299559295255,3.194299559295255,3.194299559295255,3.194299559295255,4.766778076982368
T000354,5.540855429446518,5.483866529909246,5.483866529909246,5.551185538796683,5.551185538796683,5.551185538796683,5.551185538796683,5.551185538796683,5.551185538796683,5.551185538796683,5.551185538796683,5.701447664132359
T000355,3.056790667910952,3.1082954324128926,3.056790667910952,3.3484211979567284,3.3484211979567284,3.3484211979567284,3.3484211979567284,3.3484211979567284,3.3484211979567284,3.3484211979567284,3.3484211979567284,3.3484211979567284
T000356,4.8996609522546315,4.8996609522546315,5.128669807901414,5.128669807901414,5.128669807901414,5.128669807901414,5.128669807901414,5.128669807901414,5.128669807901414,5.128669807901414,5.128669807901414,5.128669807901414
T000357,3.1644990542179734,3.1644990542179734,2.843818386220651,2.843818386220651,2.843818386220651,2.843818386220651,2.843818386220651,2.843818386220651,2.843818386220651,2.843818386220651,2.843818386220651,2.705398970147507
T000358,3.1595931828879165,3.3392414713169427,3.3392414713169427,3.3392414713169427,3.1579386522142285,3.3392414713169427,3.3392414713169427,3.3392414713169427,3.3392414713169427,3.3392414713169427,3.3392414713169427,3.3392414713169427
T000359,5.756317579427586,5.756317579427586,5.799248747913189,5.799248747913189,5.799248747913189,5.799248747913189,5.799248747913189,5.799248747913189,5.799248747913189,5.799248747913189,5.799248747913189,6.886620763150154
T000360,2.9935988860947758,2.9935988860947758,2.9935988860947758,3.134198769727824,3.103957732009197,3.103957732009197,3.103957732009197,3.103957732009197,3.103957732009197,3.103957732009197,3.103957732009197,3.103957732009197
T000361,1.4935041830618871,1.4935041830618871,1.8270704683747798,1.8270704683747798,1.8103407065064407,1.8714007690057806,1.8714007690057806,1.8714007690057806,1.8714007690057806,1.8714007690057806,1.8714007690057806,1.8714007690057806
T000362,1.5190432769324536,1.5190432769324536,2.7309590814465676,2.7309590814465676,2.7309590814465676,2.027331529109042,2.027331529109042,2.027331529109042,2.027331529109042,2.027331529109042,2.027331529109042,2.027331529109042
T000363,1.4224442801002595,1.4224442801002595,1.7196542817018978,1.7196542817018978,1.7052663293659183,1.805407944336261,1.805407944336261,1.805407944336261,1.805407944336261,1.805407944336261,1.805407944336261,1.805407944336261
T000364,1.5773692155689232,1.5773692155689232,1.5773692155689232,1.5773692155689232,1.5773692155689232,1.9025182428701874,1.9025182428701874,1.9025182428701874,1.9025182428701874,1.9025182428701874,1.9025182428701874,1.9025182428701874
T000365,4.53588454098106,4.53588454098106,4.53588454098106,4.53588454098106,6.71165947165096,6.71165947165096,6.71165947165096,6.71165947165096,6.71165947165096,6.71165947165096,6.71165947165096,6.71165947165096
T000366,2.4998801597471974,2.4998801597471974,3.3857981994148743,3.3857981994148743,3.5229091513261666,3.5229091513261666,3.5229091513261666,3.5229091513261666,3.5229091513261666,3.5229091513261666,3.5229091513261666,2.3054276671373435
T000367,2.3851981349852402,2.3851981349852402,1.9231485813340916,3.5256752293715277,3.5256752293715277,2.140542026547899,2.140542026547899,2.140542026547899,2.140542026547899,2.140542026547899,2.140542026547899,2.140542026547899
T000368,2.0342724861712282,2.0342724861712282,2.0342724861712282,2.0342724861712282,2.0342724861712282,1.2505627818247291,1.2505627818247291,1.2505627818247291,1.2505627818247291,1.2505627818247291,1.2505627818247291,2.0342724861712282
T000369,0.7503453345251206,0.7503453345251206,0.7503453345251206,0.7592067988668555,0.7592067988668555,0.7592067988668555,0.7592067988668555,0.7592067988668555,0.7592067988668555,0.7592067988668555,0.7592067988668555,0.7846404653325898
T000370,0.7310857219793682,0.7310857219793682,0.7310857219793682,0.6819047619047619,0.6819047619047619,0.6819047619047619,0.6819047619047619,0.6819047619047619,0.6819047619047619,0.6819047619047619,0.6819047619047619,0.6819047619047619
T000371,1.3975028773570566,1.3975028773570566,1.3975028773570566,1.3975028773570566,1.3975028773570566,1.3276702847254995,1.3276702847254995,1.3276702847254995,1.3276702847254995,1.3276702847254995,1.3276702847254995,1.3276702847254995
T000372,2.2048061799219534,2.2048061799219534,2.2048061799219534,2.1534682981976236,2.1534682981976236,2.1534682981976236,2.1534682981976236,2.1534682981976236,2.1534682981976236,2.1534682981976236,2.1534682981976236,2.872334430871144
T000373,2.18992770430269,2.18992770430269,2.18992770430269,2.1261757461745825,2.1261757461745825,2.1261757461745825,2.1261757461745825,2.1261757461745825,2.1261757461745825,2.1261757461745825,2.1261757461745825,2.1261757461745825
T000374,1.9131047862712258,1.9131047862712258,1.6229525130972846,1.6229525130972846,1.6229525130972846,1.6229525130972846,1.6229525130972846,1.6229525130972846,1.6229525130972846,1.6229525130972846,1.6229525130972846,1.6229525130972846
T000375,2.240890647557234,2.240890647557234,2.240890647557234,2.240890647557234,2.240890647557234,2.240890647557234,2.240890647557234,2.240890647557234,2.240890647557234,2.240890647557234,2.240890647557234,2.240890647557234
T000376,1.423517060367454,1.423517060367454,1.423517060367454,1.423517060367454,1.423517060367454,1.423517060367454,1.423517060367454,1.423517060367454,1.423517060367454,1.423517060367454,1.423517060367454,0.8976027641359327
T000377,0.961594631278742,0.961594631278742,0.961594631278742,1.035278874030307,1.035278874030307,1.035278874030307,1.035278874030307,1.035278874030307,1.035278874030307,1.035278874030307,1.035278874030307,1.035278874030307
T000378,1.6206973060570353,1.6206529220828445,1.6351471900089207,1.62073253714817,1.62073253714817,1.62073253714817,1.62073253714817,1.62073253714817,1.62073253714817,1.62073253714817,1.62073253714817,1.62073253714817
T000379,1.0866362680694504,1.0866362680694504,1.0866362680694504,1.6060453618443877,2.4448997578967067,2.4448997578967067,2.4448997578967067,2.4448997578967067,2.4448997578967067,2.4448997578967067,2.4448997578967067,1.6060453618443877
T000380,1.2615052875472734,1.118528389672679,1.118528389672679,1.470588476982429,1.0250570824691208,1.0250570824691208,1.0250570824691208,1.0250570824691208,1.0250570824691208,1.0250570824691208,1.0250570824691208,1.0250570824691208
T000381,0.7595194251687145,0.7595194251687145,0.7595194251687145,0.7159264123077252,0.7419459933824085,0.7419459933824085,0.7419459933824085,0.7419459933824085,0.7419459933824085,0.7419459933824085,0.7419459933824085,0.7419459933824085
T000382,0.9846227696320995,0.9846227696320995,0.6377387166865879,0.7451540305429661,0.7451540305429661,0.7366344275057947,0.7366344275057947,0.7366344275057947,0.7366344275057947,0.7366344275057947,0.7366344275057947,0.7366344275057947
T000383,4.135727152918289,4.135727152918289,4.135727152918289,3.630296194256339,3.630296194256339,3.630296194256339,3.630296194256339,3.630296194256339,3.630296194256339,3.630296194256339,3.630296194256339,3.237830959499271
T000384,1.623732786108941,1.623732786108941,0.829653431544903,1.0842644133080164,1.0842644133080164,1.0842644133080164,1.0842644133080164,1.0842644133080164,1.0842644133080164,1.0842644133080164,1.0842644133080164,0.8542150843033992
T000385,2.3648700400289853,2.3648700400289853,1.7876515370530992,1.7876515370530992,1.7876515370530992,1.7876515370530992,1.7876515370530992,1.7876515370530992,1.7876515370530992,1.7876515370530992,1.7876515370530992,1.7876515370530992
T000386,1.0964049701128278,1.0964049701128278,0.8660833922758233,0.8660833922758233,0.8660833922758233,0.8660833922758233,0.8660833922758233,0.8660833922758233,0.8660833922758233,0.8660833922758233,0.8660833922758233,0.8660833922758233
T000387,0.62936843630474,0.62936843630474,0.62936843630474,0.62936843630474,0.62936843630474,0.62936843630474,0.62936843630474,0.62936843630474,0.62936843630474,0.62936843630474,0.62936843630474,0.62936843630474
T000388,3.6278000075690917,3.6278000075690917,3.6278000075690917,2.651004267940329,2.651004267940329,2.651004267940329,2.651004267940329,2.651004267940329,2.651004267940329,2.651004267940329,2.651004267940329,2.651004267940329
T000389,0.8248082346051446,0.8248082346051446,0.17914224563231515,0.7409046869347574,0.7409046869347574,0.7409046869347574,0.7409046869347574,0.7409046869347574,0.7409046869347574,0.7409046869347574,0.7409046869347574,0.7708213490733167
T000390,0.6478282242448443,0.6478282242448443,0.6478282242448443,0.516818829176182,0.516818829176182,0.516818829176182,0.3523651983961979,0.3523651983961979,0.3523651983961979,0.3523651983961979,0.3523651983961979,0.6857393492532131
T000391,1.9916299091147975,0.6904930037694522,1.2365648322191707,0.5371446128025038,0.5371446128025038,0.5371446128025038,0.5371446128025038,0.5371446128025038,0.5371446128025038,0.5371446128025038,0.5371446128025038,1.4202869763025199
T000392,0.9089575560401567,0.9089575560401567,0.7736200851453972,0.8736942070275403,0.8736942070275403,0.8736942070275403,0.8736942070275403,0.8736942070275403,0.8736942070275403,0.8736942070275403,0.8736942070275403,0.8736942070275403
T000393,1.0168532566795292,0.9348772534225728,0.9348772534225728,1.016759776536313,1.016759776536313,1.016759776536313,1.016759776536313,1.016759776536313,1.016759776536313,1.016759776536313,1.016759776536313,1.016759776536313
T000394,0.7745778655483446,0.7745778655483446,0.7745778655483446,0.773809523809524,0.773809523809524,0.773809523809524,0.773809523809524,0.773809523809524,0.773809523809524,0.773809523809524,0.773809523809524,0.773809523809524
T000395,1.1805063844049106,1.1805063844049106,1.1881720430107527,1.1881720430107527,1.1881720430107527,1.1881720430107527,1.1881720430107527,1.1881720430107527,1.1881720430107527,1.1881720430107527,1.1881720430107527,1.1881720430107527
T000396,0.9478631790802851,0.9478631790802851,0.9478631790802851,0.9555984555984556,0.9555984555984556,0.9555984555984556,0.9555984555984556,0.9555984555984556,0.9555984555984556,0.9555984555984556,0.9555984555984556,0.9555984555984556
T000397,0.6969026548672567,0.6969026548672567,0.6969026548672567,0.6969026548672567,0.6969026548672567,0.6969026548672567,0.6969026548672567,0.6969026548672567,0.6969026548672567,0.6969026548672567,0.6969026548672567,0.6969026548672567
T000398,0.9430051813471502,0.9430051813471502,0.9430051813471502,0.9430051813471502,0.9430051813471502,0.9430051813471502,0.9430051813471502,0.9430051813471502,0.9430051813471502,0.9430051813471502,0.9430051813471502,1.1406821005285215
T000399,0.9388925245176762,0.9388925245176762,0.9288888888888889,0.9288888888888889,0.9288888888888889,0.9288888888888889,0.9288888888888889,0.9288888888888889,0.9288888888888889,0.9288888888888889,0.9288888888888889,0.9288888888888889
T000400,0.805172078298815,0.805172078298815,0.7836879432624114,0.7836879432624114,0.8260250729005134,0.8260250729005134,0.8260250729005134,0.8260250729005134,0.8260250729005134,0.8260250729005134,0.8260250729005134,0.7836879432624114
T000401,1.0883911320884945,1.0883911320884945,1.1695226438188495,1.1695226438188495,1.1695226438188495,1.1695226438188495,1.1695226438188495,1.1695226438188495,1.1695226438188495,1.1695226438188495,1.1695226438188495,1.4768909157839742
T000402,0.5936895806523926,0.5936895806523926,0.5585249398618947,0.6400595389445511,0.6010440272345734,0.6010440272345734,0.6010440272345734,0.6010440272345734,0.6010440272345734,0.6010440272345734,0.6010440272345734,0.6010440272345734
T000403,0.695113670008501,0.695113670008501,0.6249767045254759,0.7181647940074907,0.7181647940074907,0.7181647940074907,0.7181647940074907,0.7181647940074907,0.7181647940074907,0.7181647940074907,0.7181647940074907,0.7181647940074907
T000404,1.253710076442757,1.253710076442757,1.681489957128006,1.681489957128006,1.681489957128006,1.681489957128006,1.681489957128006,1.681489957128006,1.681489957128006,1.681489957128006,1.681489957128006,1.681489957128006
T000405,0.7285510462835937,0.7285510462835937,1.9153415524961537,1.9153415524961537,1.9153415524961537,1.9153415524961537,1.9153415524961537,1.9153415524961537,1.9153415524961537,1.9153415524961537,1.9153415524961537,1.9153415524961537
T000406,1.253710076442757,1.253710076442757,1.681489957128006,1.681489957128006,1.681489957128006,1.681489957128006,1.681489957128006,1.681489957128006,1.681489957128006,1.681489957128006,1.681489957128006,1.681489957128006
T000407,0.7285510462835937,0.7285510462835937,1.9153415524961537,1.9153415524961537,1.9153415524961537,1.9153415524961537,1.9153415524961537,1.9153415524961537,1.9153415524961537,1.9153415524961537,1.9153415524961537,1.9153415524961537
T000408,1.3710187401925291,2.1094805651796005,2.1094805651796005,2.1094805651796005,2.1094805651796005,2.1094805651796005,2.1094805651796005,2.1094805651796005,2.1094805651796005,2.1094805651796005,2.1094805651796005,1.531924111489042
T000409,1.0520989730547305,1.0520989730547305,1.0520989730547305,1.0520989730547305,1.0520989730547305,1.0520989730547305,1.0834239802670484,1.0834239802670484,1.0834239802670484,1.0834239802670484,1.0834239802670484,0.8500714809956024
T000410,1.0501253057541076,1.0501253057541076,1.0501253057541076,1.0501253057541076,1.0137581462708183,1.0137581462708183,1.0137581462708183,1.0137581462708183,1.0137581462708183,1.0137581462708183,1.0137581462708183,1.0137581462708183
T000411,2.1363868944109035,2.1363868944109035,2.1363868944109035,2.1363868944109035,2.1363868944109035,2.0260429393414383,2.0260429393414383,2.0260429393414383,2.0260429393414383,2.0260429393414383,2.0260429393414383,2.0260429393414383
T000412,1.0919881470671668,1.0919881470671668,1.1371565991975139,1.284266088373658,1.1371565991975139,1.1371565991975139,1.1371565991975139,1.1371565991975139,1.1371565991975139,1.1371565991975139,1.1371565991975139,1.2466607301869992
T000413,0.5619829653806573,0.5619829653806573,0.5619829653806573,0.564373897707231,0.564373897707231,0.564373897707231,0.564373897707231,0.564373897707231,0.564373897707231,0.564373897707231,0.564373897707231,0.5282258758784468
T000414,1.2392419833891526,1.2392419833891526,0.9679421366033063,0.9672262190247801,0.9672262190247801,0.9672262190247801,0.9672262190247801,0.9672262190247801,0.9672262190247801,0.9672262190247801,0.9672262190247801,0.7849143858725365
T000415,1.262002601885856,1.262002601885856,1.6723475657470688,1.6723475657470688,1.6723475657470688,1.6723475657470688,1.6723475657470688,1.6723475657470688,1.6723475657470688,1.6723475657470688,1.6723475657470688,1.2623240339491217
T000416,1.188377845669279,0.6205371710207661,0.8420592469647619,0.8420592469647619,0.8420592469647619,0.8420592469647619,0.8420592469647619,0.8420592469647619,0.8420592469647619,0.8420592469647619,0.8420592469647619,0.8420592469647619
T000417,2.928607814380626,2.928607814380626,5.353100484809135,5.353100484809135,5.353100484809135,5.353100484809135,5.353100484809135,5.353100484809135,5.353100484809135,5.353100484809135,5.353100484809135,5.164482513172775
T000418,1.5344460804314592,1.5344460804314592,1.631140279619574,1.631140279619574,1.631140279619574,1.631140279619574,1.631140279619574,1.631140279619574,1.631140279619574,1.6005145991626994,1.6005145991626994,1.6436251920122888
T000419,0.8251715664570088,0.8251715664570088,0.838050838050838,0.838050838050838,0.838050838050838,0.838050838050838,0.838050838050838,0.838050838050838,0.838050838050838,0.838050838050838,0.838050838050838,0.838050838050838
T000420,2.7533774943626423,2.7533774943626423,2.7533774943626423,2.8935619417389016,2.7621802341302453,2.71815827952317,2.8375286041189933,2.8375286041189933,2.8375286041189933,2.8375286041189933,2.8375286041189933,2.8375286041189933
T000421,1.8468828265789707,1.8468828265789707,1.8468828265789707,1.8468828265789707,1.8468828265789707,1.8468828265789707,1.8468828265789707,1.8468828265789707,1.8468828265789707,1.8468828265789707,1.8468828265789707,1.8468828265789707
T000422,3.296160267111853,3.296160267111853,3.296160267111853,3.296160267111853,3.296160267111853,3.296160267111853,3.296160267111853,3.296160267111853,3.296160267111853,3.296160267111853,3.296160267111853,3.700288642845468
T000423,2.257445591591592,2.257445591591592,2.257445591591592,2.257445591591592,1.8531986531986533,1.8531986531986533,1.8531986531986533,1.8531986531986533,1.8531986531986533,1.8531986531986533,1.8531986531986533,1.8531986531986533
T000424,1.8218656250160334,1.8218656250160334,1.8218656250160334,1.8218656250160334,1.8218656250160334,1.8218656250160334,1.8218656250160334,1.8218656250160334,1.8218656250160334,1.8218656250160334,1.8218656250160334,1.8218656250160334
T000425,0.7956154308117563,1.8498796892178275,1.8498796892178275,1.2134235796611317,1.2134235796611317,1.2134235796611317,1.2134235796611317,1.2134235796611317,1.2134235796611317,1.2134235796611317,1.2134235796611317,0.8874538745387454
T000426,0.5867607258263963,0.5867607258263963,0.4943502824858757,0.4943502824858757,0.4943502824858757,0.4943502824858757,0.4943502824858757,0.4943502824858757,0.4943502824858757,0.4943502824858757,0.4943502824858757,0.4943502824858757
T000427,2.403945305474274,2.403945305474274,2.3514594326190332,2.3145214530480778,2.3145214530480778,2.3145214530480778,2.3145214530480778,2.3145214530480778,2.3145214530480778,2.3145214530480778,2.3145214530480778,2.3145214530480778
T000428,0.818043343204304,0.818043343204304,0.818043343204304,0.818043343204304,0.818043343204304,0.818043343204304,0.818043343204304,0.818043343204304,0.818043343204304,0.818043343204304,0.818043343204304,3.626621818946222
T000429,0.8249751683492255,0.8249751683492255,0.8826763468177263,0.8826763468177263,0.8826763468177263,0.8826763468177263,0.8826763468177263,0.8826763468177263,0.8826763468177263,0.8826763468177263,0.8826763468177263,1.082851834682619
T000430,2.538088947993483,2.538088947993483,2.1589773602758098,2.3644226392908374,2.3644226392908374,2.3644226392908374,2.3887554826837496,2.3887554826837496,2.3887554826837496,2.3887554826837496,2.3887554826837496,2.410956933451785
T000431,2.615992312971494,2.615992312971494,2.9294294294294296,2.9294294294294296,2.9294294294294296,2.9294294294294296,2.9294294294294296,2.9294294294294296,2.9294294294294296,2.9294294294294296,2.9294294294294296,2.9294294294294296
T000432,1.4070762995912578,1.5163727959697733,1.495704601712047,1.4099609363328407,1.511819345006376,1.511819345006376,1.5163727959697733,1.5163727959697733,1.5163727959697733,1.5163727959697733,1.5163727959697733,1.5163727959697733
T000433,0.6753041111219896,0.6753041111219896,0.60304484819331,0.60304484819331,0.60304484819331,0.60304484819331,0.60304484819331,0.60304484819331,0.60304484819331,0.60304484819331,0.60304484819331,0.8536052771222019
T000434,3.839447261992038,3.839447261992038,4.05042245843554,4.05042245843554,4.05042245843554,4.05042245843554,4.05042245843554,4.05042245843554,4.05042245843554,4.05042245843554,4.05042245843554,4.05042245843554
T000435,1.8913019874590424,1.8913019874590424,2.3187391618538475,2.3187391618538475,2.3187391618538475,2.3187391618538475,2.3267790713438843,2.2854193794573465,2.2854193794573465,2.2854193794573465,2.2854193794573465,2.2854193794573465
T000436,1.8393212356313333,1.8393212356313333,1.9736496892976307,1.895579676307222,1.895579676307222,1.895579676307222,1.895579676307222,1.895579676307222,1.895579676307222,1.895579676307222,1.895579676307222,1.895579676307222
T000437,0.22183924996915974,0.22183924996915974,0.22183924996915974,0.22183924996915974,0.22183924996915974,0.22183924996915974,0.22183924996915974,0.22183924996915974,0.22183924996915974,0.22183924996915974,0.22183924996915974,0.22183924996915974
T000438,1.6313465255885449,1.6313465255885449,1.6313465255885449,1.9448984641456164,1.9448984641456164,1.9448984641456164,1.9448984641456164,1.9448984641456164,1.9448984641456164,1.9448984641456164,1.9448984641456164,1.9448984641456164
T000439,0.5312226526056077,0.5312226526056077,0.7691570671093197,0.5312226526056077,0.5312226526056077,0.5312226526056077,0.5312226526056077,0.5312226526056077,0.5312226526056077,0.5312226526056077,0.5312226526056077,0.5312226526056077
T000440,0.4300906844487931,0.4300906844487931,0.8108532029427095,0.8108532029427095,0.36979141192877113,0.36979141192877113,0.36979141192877113,0.36979141192877113,0.36979141192877113,0.36979141192877113,0.36979141192877113,0.4539492859224716
T000441,1.1879211150047866,1.4011768402930094,1.4011768402930094,1.3176907151313357,1.4210473035704612,1.4210473035704612,1.4210473035704612,1.4210473035704612,1.4210473035704612,1.4210473035704612,1.4210473035704612,1.4210473035704612
T000442,1.2746194307212828,1.2746194307212828,1.2746194307212828,1.2746194307212828,1.2139672086163134,1.2139672086163134,1.2139672086163134,1.2139672086163134,1.2139672086163134,1.2139672086163134,1.2139672086163134,1.3045331668653466
T000443,1.3698024961322832,1.3698024961322832,1.3698024961322832,1.3698024961322832,1.379358940745822,1.379358940745822,1.379358940745822,1.379358940745822,1.379358940745822,1.379358940745822,1.379358940745822,1.379358940745822
T000444,3.897173871724264,3.897173871724264,3.897173871724264,3.897173871724264,3.897173871724264,3.6074353177593506,3.6074353177593506,3.6074353177593506,3.6074353177593506,3.6074353177593506,3.6074353177593506,3.6074353177593506
T000445,2.308600745365665,2.308600745365665,2.308600745365665,4.971266848633093,2.9931436281397223,3.7512988955467685,3.7512988955467685,3.7512988955467685,3.7512988955467685,3.7512988955467685,3.7512988955467685,3.7512988955467685
T000446,2.73252089680494,2.73252089680494,2.73252089680494,2.73252089680494,2.73252089680494,2.73252089680494,2.73252089680494,2.73252089680494,2.73252089680494,2.73252089680494,2.73252089680494,2.68456100086676
T000447,1.7754954617275136,1.7754954617275136,1.7754954617275136,1.8732885579300282,1.611103070668692,1.611103070668692,1.611103070668692,1.611103070668692,1.611103070668692,1.611103070668692,1.611103070668692,1.2396611490302245
T000448,0.9583807414919253,0.9583807414919253,0.8277976399997442,1.1582831092566837,1.1582831092566837,1.1582831092566837,1.1582831092566837,1.1582831092566837,1.1582831092566837,1.1582831092566837,1.1582831092566837,1.1582831092566837
T000449,2.1856073579574757,2.1856073579574757,2.1843815268214963,2.1907672436067833,2.3197393738674057,2.3197393738674057,2.1924824436332133,2.1924824436332133,2.1924824436332133,2.1924824436332133,2.1924824436332133,2.166835881737901
T000450,1.0442407947773793,1.0442407947773793,1.0442407947773793,0.9821725968186793,0.9821725968186793,0.9821725968186793,0.9821725968186793,0.9821725968186793,0.9821725968186793,0.9821725968186793,0.9821725968186793,3.499338249196496
T000451,0.12230489925577342,0.12230489925577342,0.12230489925577342,0.12230489925577342,0.5452284613867442,0.5452284613867442,0.5452284613867442,0.5452284613867442,0.5452284613867442,0.5452284613867442,0.5452284613867442,2.5142276422764427
T000452,0.9366976026870167,0.9645828699689947,0.9683398644025627,0.9683398644025627,0.9683398644025627,0.9683398644025627,0.9683398644025627,0.9683398644025627,0.9683398644025627,0.9683398644025627,0.9683398644025627,0.9683398644025627
T000453,1.6421278204966605,1.6421278204966605,1.6421278204966605,2.340867033551868,1.8320837800779175,2.00986743989109,2.00986743989109,2.00986743989109,2.00986743989109,2.00986743989109,2.00986743989109,1.8999425360236109
T000454,4.920765370250815,4.920765370250815,4.920765370250815,4.920765370250815,3.1358864116731744,3.1358864116731744,3.1358864116731744,3.1358864116731744,3.1358864116731744,3.1358864116731744,3.1358864116731744,3.1358864116731744
T000455,1.437955687690239,1.437955687690239,1.437955687690239,1.424141983705519,1.424141983705519,1.424141983705519,1.424141983705519,1.424141983705519,1.424141983705519,1.424141983705519,1.424141983705519,1.437955743863542
T000456,1.1899017702936094,1.1899017702936094,1.1899017702936094,1.1899017702936094,1.1899017702936094,1.1899017702936094,1.1899017702936094,1.1899017702936094,1.1899017702936094,1.1899017702936094,1.1899017702936094,1.1899017702936094
T000457,2.425442741609835,2.425442741609835,1.836057854019508,1.836057854019508,1.836057854019508,1.836057854019508,1.836057854019508,1.836057854019508,1.836057854019508,1.836057854019508,1.836057854019508,1.836057854019508
T000458,3.3525986373485415,3.3525986373485415,3.3525986373485415,3.088089036230171,3.088089036230171,3.088089036230171,3.088089036230171,3.088089036230171,3.088089036230171,3.088089036230171,3.088089036230171,3.088089036230171
T000459,1.5456790082118572,1.5456790082118572,1.5456790082118572,0.7586163050051022,0.7586163050051022,0.7586163050051022,0.7586163050051022,0.7586163050051022,0.7586163050051022,0.7586163050051022,0.7586163050051022,2.383372183372212
T000460,2.9904357834924586,3.278910260845721,3.278910260845721,3.6431799464664807,3.6431799464664807,3.6431799464664807,3.6431799464664807,3.6431799464664807,3.6431799464664807,3.6431799464664807,3.6431799464664807,3.6431799464664807
T000461,0.5673570949174338,0.5673570949174338,0.5673570949174338,0.8394085732860136,0.8394085732860136,0.8394085732860136,0.8394085732860136,0.8394085732860136,0.8394085732860136,0.8394085732860136,0.8394085732860136,1.0952819756727004
T000462,0.870274442841251,0.870274442841251,0.8867469879518072,0.8867469879518072,0.8867469879518072,0.8867469879518072,0.8867469879518072,0.8867469879518072,0.8867469879518072,0.8867469879518072,0.8867469879518072,0.8867469879518072
T000463,2.1649102833217735,2.1649102833217735,2.1649102833217735,2.1649102833217735,2.287011178505211,2.287011178505211,2.485141266931867,2.485141266931867,2.485141266931867,2.485141266931867,2.485141266931867,2.287011178505211
T000464,0.7344919964056607,0.7344919964056607,0.7344919964056607,0.6917386639561806,0.7344919964056607,0.6917386639561806,0.6917386639561806,0.6917386639561806,0.6917386639561806,0.6917386639561806,0.6917386639561806,0.6917386639561806
T000465,3.285320676895934,3.3626714934607542,3.3626714934607542,3.3202341069747576,3.3202341069747576,3.3202341069747576,3.3202341069747576,3.3202341069747576,3.3202341069747576,3.3202341069747576,3.3202341069747576,3.356004364199052
T000466,4.276062062600349,4.276062062600349,4.87700574206328,4.87700574206328,4.87700574206328,4.87700574206328,4.87700574206328,4.87700574206328,4.87700574206328,4.87700574206328,4.87700574206328,4.87700574206328
T000467,2.3766542703401057,2.3766542703401057,2.3766542703401057,2.3766542703401057,2.218459705203195,2.218459705203195,2.218459705203195,2.218459705203195,2.218459705203195,2.218459705203195,2.218459705203195,3.3167600468626364
T000468,1.4116120010970834,1.4116120010970834,1.4116120010970834,1.2658730158730158,1.2658730158730158,1.2658730158730158,1.2658730158730158,1.2658730158730158,1.2658730158730158,1.2658730158730158,1.2658730158730158,1.2658730158730158
T000469,0.48798152055888855,0.48798152055888855,0.48798152055888855,0.48798152055888855,0.48798152055888855,0.48798152055888855,0.48798152055888855,0.48798152055888855,0.48798152055888855,0.48798152055888855,0.48798152055888855,1.5078610524546312
T000470,0.7289263176179046,0.7289263176179046,0.7289263176179046,0.7289263176179046,0.4936700826326797,0.4936700826326797,0.4936700826326797,0.4936700826326797,0.4936700826326797,0.4936700826326797,0.4936700826326797,0.4936700826326797
T000471,2.040110715587823,2.040110715587823,2.2282708499756527,2.2282708499756527,2.2282708499756527,2.2282708499756527,2.2282708499756527,2.2282708499756527,2.2282708499756527,2.2282708499756527,2.2282708499756527,2.8708950411263783
T000472,0.10727612934499013,0.10727612934499013,0.10727612934499013,0.04556337424207223,0.04556337424207223,0.04556337424207223,0.04556337424207223,0.04556337424207223,0.04556337424207223,0.04556337424207223,0.04556337424207223,0.12664314454225467
T000473,0.07333130589059052,0.07333130589059052,0.07333130589059052,0.07333130589059052,0.07333130589059052,0.07333130589059052,0.07333130589059052,0.07333130589059052,0.07333130589059052,0.07333130589059052,0.07333130589059052,0.09251101321585903
T000474,2.292645045475887,2.292645045475887,2.292645045475887,2.292645045475887,2.292645045475887,2.292645045475887,2.292645045475887,2.292645045475887,2.292645045475887,2.292645045475887,2.292645045475887,1.6744969649791477
T000475,4.300449185045204,3.6599730747007557,3.6599730747007557,4.784114855315871,4.784114855315871,4.784114855315871,4.784114855315871,4.784114855315871,4.784114855315871,4.784114855315871,4.784114855315871,2.2656796507206725
T000476,2.419704416209727,2.419704416209727,2.419704416209727,2.419704416209727,2.8368003502664787,2.8368003502664787,2.8368003502664787,2.8368003502664787,2.8368003502664787,2.8368003502664787,2.8368003502664787,2.8368003502664787
T000477,3.955305849390553,3.955305849390553,3.955305849390553,3.955305849390553,2.305956675792788,2.305956675792788,2.305956675792788,2.305956675792788,2.305956675792788,2.305956675792788,2.305956675792788,0.9703812963256979
T000478,3.53526127323066,3.53526127323066,3.5349105597230235,3.5349105597230235,3.5349105597230235,3.5349105597230235,3.5349105597230235,3.5349105597230235,3.5349105597230235,3.5349105597230235,3.5349105597230235,3.5349105597230235
T000479,0.6416657503979635,0.6942723308521137,0.6416657503979635,0.6416657503979635,0.6416657503979635,0.6417518187258427,0.6417518187258427,0.6417518187258427,0.6417518187258427,0.6417518187258427,0.6417518187258427,0.78996138996139
T000480,0.6040540379134408,0.6175620586856672,0.6175620586856672,0.6175620586856672,0.6547945476105628,0.6547945476105628,0.6547945476105628,0.6547945476105628,0.6547945476105628,0.6547945476105628,0.6547945476105628,0.7625099285146942
T000481,4.751430639740847,4.422755964113171,3.730483324289582,3.730483324289582,3.730483324289582,3.730483324289582,3.730483324289582,3.730483324289582,3.730483324289582,3.730483324289582,3.730483324289582,3.730483324289582
T000482,2.4848992745708975,2.4848992745708975,2.4848992745708975,2.386406565211491,2.5627642827882684,2.5627642827882684,2.5627642827882684,2.5627642827882684,2.5627642827882684,2.5627642827882684,2.5627642827882684,2.5627642827882684
T000483,3.477426686288433,3.477426686288433,3.477426686288433,3.586729915424504,3.586729915424504,3.586729915424504,3.586729915424504,3.586729915424504,3.586729915424504,3.586729915424504,3.586729915424504,3.477426686288433
T000484,3.0563219275581015,3.0563219275581015,3.186723198498956,2.9866442587007094,2.9866442587007094,2.9866442587007094,2.9866442587007094,2.9866442587007094,2.9866442587007094,2.9866442587007094,2.9866442587007094,2.9866442587007094
T000485,2.6453884763021636,2.6453884763021636,2.805080273668136,2.805080273668136,2.805080273668136,2.805080273668136,2.805080273668136,2.805080273668136,2.805080273668136,2.805080273668136,2.805080273668136,2.805080273668136
T000486,2.161841440981558,2.161841440981558,2.161841440981558,2.2745096702552234,2.2745096702552234,2.2745096702552234,2.2745096702552234,2.2745096702552234,2.2745096702552234,2.2745096702552234,2.2745096702552234,2.2745096702552234
T000487,0.7391838894950995,0.7391838894950995,0.8086938322530531,0.8086938322530531,0.8086938322530531,0.8086938322530531,0.8086938322530531,0.8086938322530531,0.8086938322530531,0.8086938322530531,0.8086938322530531,0.2468963437967466
T000488,2.813665482171958,2.8550763900302822,2.8550763900302822,2.7909934994927075,2.7909934994927075,2.7909934994927075,2.7909934994927075,2.7909934994927075,2.7909934994927075,2.7909934994927075,2.7909934994927075,2.7909934994927075
T000489,3.429575619029005,2.956819478006608,3.648348669107557,3.399354422229872,3.399354422229872,3.399354422229872,3.399354422229872,3.399354422229872,3.399354422229872,3.399354422229872,3.399354422229872,3.717390520059494
T000490,7.080007714013022,7.080007714013022,7.11887847813463,7.11887847813463,7.11887847813463,6.934880588880557,6.934880588880557,6.934880588880557,6.934880588880557,6.934880588880557,6.934880588880557,6.435715175749596
T000491,1.9963878538844948,2.289508534244125,1.9963878538844948,1.9963878538844948,2.1057940865845115,2.1057940865845115,2.1057940865845115,2.1057940865845115,2.1057940865845115,2.1057940865845115,2.1057940865845115,2.1256080189577187
T000492,2.398204850828979,2.4111790106854145,2.4111790106854145,2.4949662704757882,2.4949662704757882,2.4949662704757882,2.4949662704757882,2.4949662704757882,2.4949662704757882,2.4949662704757882,2.4949662704757882,2.4949662704757882
T000493,2.0967367066593448,2.0967367066593448,2.1088413868933458,2.1088413868933458,2.14055552465001,2.14055552465001,2.14055552465001,2.14055552465001,2.14055552465001,2.14055552465001,2.14055552465001,2.14055552465001
T000494,0.9690995305677363,1.022460577854469,1.022460577854469,1.0143123213036755,1.0143123213036755,1.0143123213036755,1.0143123213036755,1.0143123213036755,1.0143123213036755,1.0143123213036755,1.0143123213036755,0.75033292306452
T000495,2.9859558061604194,2.918839346440168,2.918839346440168,3.3761250759395103,3.3761250759395103,3.3761250759395103,3.3761250759395103,3.3761250759395103,3.3761250759395103,3.3761250759395103,3.3761250759395103,3.3761250759395103
T000496,0.9990180232575893,0.9990180232575893,0.9644032162247415,0.9644032162247415,0.9644032162247415,0.9644032162247415,0.9644032162247415,0.9644032162247415,0.9644032162247415,0.9644032162247415,0.9644032162247415,0.9644032162247415
T000497,1.423305897160191,1.423305897160191,1.4204000799345111,1.4204000799345111,1.4204000799345111,1.4204000799345111,1.4204000799345111,1.4204000799345111,1.4204000799345111,1.4204000799345111,1.4204000799345111,2.2581031850574704
T000498,3.6982190711388054,5.422257531290964,3.6982190711388054,3.6205791235724454,4.618231056294401,4.618231056294401,4.618231056294401,4.618231056294401,4.618231056294401,4.618231056294401,4.618231056294401,3.2615871377617984
T000499,0.7857436633705167,0.7857436633705167,0.749492823263477,0.749492823263477,0.749492823263477,0.749492823263477,0.749492823263477,0.749492823263477,0.749492823263477,0.749492823263477,0.749492823263477,0.6728293776918599
T000500,1.1657681580911554,1.1657681580911554,1.3774357028371473,1.3774357028371473,1.3774357028371473,1.3774357028371473,1.3774357028371473,1.3774357028371473,1.3774357028371473,1.3774357028371473,1.3774357028371473,3.6871712104525547
T000501,0.6270707386309949,0.6270707386309949,0.6270707386309949,0.6776479766578617,0.6776479766578617,0.6776479766578617,0.6776479766578617,0.6776479766578617,0.6776479766578617,0.6776479766578617,0.6776479766578617,0.6776479766578617
T000502,14.379655723550167,14.379655723550167,14.3453714950473,14.3453714950473,14.175003877706207,14.207258848787173,14.3453714950473,14.3453714950473,14.3453714950473,14.3453714950473,14.3453714950473,14.3453714950473
T000503,0.3742847819661307,0.3742847819661307,1.0504362005711072,1.0504362005711072,0.2947529043345202,0.2947529043345202,1.0228306239130853,1.0228306239130853,1.0228306239130853,1.0228306239130853,1.0228306239130853,1.8180901146926567
T000504,2.607955847395994,2.607955847395994,2.7408062040736283,3.439578993759979,3.439578993759979,3.439578993759979,2.9869024952154386,2.9869024952154386,2.9869024952154386,2.9869024952154386,2.9869024952154386,2.7162918036652313
T000505,1.8572727175164652,1.8572727175164652,2.630478354495258,2.7484193071580534,2.7484193071580534,2.7484193071580534,2.7484193071580534,2.7484193071580534,2.7484193071580534,2.7484193071580534,2.7484193071580534,2.187069965732169
T000506,1.0470406290465446,1.0470406290465446,1.0470406290465446,1.2395594077259706,1.2395594077259706,1.2395594077259706,1.2395594077259706,1.2395594077259706,1.2395594077259706,1.2395594077259706,1.2395594077259706,1.2395594077259706
T000507,3.9174216920375655,3.9174216920375655,3.72972972972973,3.72972972972973,4.29060847585184,4.29060847585184,3.72972972972973,3.72972972972973,3.72972972972973,3.72972972972973,3.72972972972973,3.72972972972973
T000508,2.4072572545754194,2.4072572545754194,2.536190129873708,2.611607142857143,2.611607142857143,2.611607142857143,2.611607142857143,2.611607142857143,2.611607142857143,2.611607142857143,2.611607142857143,2.611607142857143
T000509,1.5040277562192335,1.5040277562192335,1.4340341675049786,1.560688901038819,1.560688901038819,1.560688901038819,1.560688901038819,1.560688901038819,1.560688901038819,1.560688901038819,1.560688901038819,0.9826133077979913
T000510,3.637267819572008,3.637267819572008,3.637267819572008,3.7163779445116374,3.7163779445116374,3.7163779445116374,3.7163779445116374,3.7163779445116374,3.7163779445116374,3.7163779445116374,3.7163779445116374,3.7163779445116374
T000511,0.38494835545752953,0.38494835545752953,0.38494835545752953,0.5655722496813337,0.5655722496813337,0.5655722496813337,0.5655722496813337,0.5655722496813337,0.5655722496813337,0.5655722496813337,0.5655722496813337,0.5655722496813337
T000512,6.246346810548073,6.246346810548073,6.246346810548073,6.246346810548073,6.246346810548073,6.246346810548073,6.246346810548073,6.246346810548073,6.246346810548073,6.246346810548073,6.246346810548073,6.246346810548073
T000513,3.0945945945945947,3.0945945945945947,3.0945945945945947,3.0945945945945947,3.0945945945945947,3.0945945945945947,3.0945945945945947,3.0945945945945947,3.0945945945945947,3.0945945945945947,3.0945945945945947,0.5426279232187684
T000514,4.191807075392553,4.191807075392553,4.191807075392553,4.6484592563211615,4.6484592563211615,4.6484592563211615,4.6484592563211615,4.6484592563211615,4.6484592563211615,4.6484592563211615,4.6484592563211615,4.6484592563211615
T000515,4.548428233992042,4.548428233992042,4.548428233992042,4.548428233992042,4.548428233992042,4.548428233992042,4.548428233992042,4.548428233992042,4.548428233992042,4.548428233992042,4.548428233992042,5.071406854673789
T000516,1.8040844441994426,1.8040844441994426,1.8040844441994426,1.8040844441994426,1.8040844441994426,1.8040844441994426,1.8040844441994426,1.8040844441994426,1.8040844441994426,1.8040844441994426,1.8040844441994426,3.693190256889761
T000517,1.8742670636715324,1.8742670636715324,2.6293303984386887,2.7633237305829224,2.7633237305829224,2.7633237305829224,2.7633237305829224,2.7633237305829224,2.7633237305829224,2.7633237305829224,2.7633237305829224,2.2034412955465585
T000518,1.2253694581280787,1.2253694581280787,1.2253694581280787,1.2253694581280787,1.2253694581280787,1.2253694581280787,1.2253694581280787,1.2253694581280787,1.2253694581280787,1.2253694581280787,1.2253694581280787,1.0228342900256762
T000519,2.314010406877159,2.314010406877159,1.9200000000000002,1.9200000000000002,2.2812027978906673,2.2812027978906673,2.2812027978906673,2.2812027978906673,2.2812027978906673,2.2812027978906673,2.2812027978906673,2.2812027978906673
T000520,2.622771928642396,2.622771928642396,2.622771928642396,2.622771928642396,2.486603380490967,2.486603380490967,2.486603380490967,2.486603380490967,2.486603380490967,2.486603380490967,2.486603380490967,1.7381923207611338
T000521,1.6710881593458349,1.6710881593458349,1.983252698176405,1.6710881593458349,1.6710881593458349,1.6710881593458349,1.983252698176405,1.983252698176405,1.983252698176405,1.983252698176405,1.983252698176405,1.983252698176405
T000522,3.9587771624376,4.411258312270581,3.742362833022898,3.742362833022898,4.500106296959458,4.0237618336143965,4.0237618336143965,4.0237618336143965,4.0237618336143965,4.0237618336143965,4.0237618336143965,4.0237618336143965
T000523,2.3089115496732613,2.1344508453353233,2.1933520599250933,2.1933520599250933,2.2491121531061027,2.1933520599250933,2.1933520599250933,2.1933520599250933,2.1933520599250933,2.1933520599250933,2.1933520599250933,2.1933520599250933
T000524,2.009316066544435,2.009316066544435,2.009316066544435,2.097694648818925,2.097694648818925,2.0570782436518193,2.0570782436518193,2.0570782436518193,2.0570782436518193,2.0570782436518193,2.0570782436518193,2.0590839280874516
T000525,1.4393250978469971,1.4393250978469971,1.4393250978469971,1.4399348003259984,1.4399348003259984,1.4399348003259984,1.4399348003259984,1.4399348003259984,1.4399348003259984,1.4399348003259984,1.4399348003259984,1.4399348003259984
T000526,0.6612225027332012,0.6612225027332012,0.6612225027332012,0.6612225027332012,0.6612225027332012,0.6612225027332012,0.6612225027332012,0.6612225027332012,0.6612225027332012,0.6612225027332012,0.6612225027332012,0.46977806841442615
T000527,1.6316183336417456,1.7471625003583944,1.7471625003583944,1.7471625003583944,1.8093415401508244,2.0518143269563938,2.0518143269563938,2.0518143269563938,2.0518143269563938,2.0518143269563938,2.0518143269563938,2.0518143269563938
T000528,0.06403025801798379,0.06403025801798379,0.06403025801798379,0.05279853417466905,0.05279853417466905,0.05279853417466905,0.05279853417466905,0.05279853417466905,0.05279853417466905,0.05279853417466905,0.05279853417466905,0.3136824259237853
T000529,1.3231936359089542,1.1988883606189247,1.3231936359089542,1.3231936359089542,1.3231936359089542,1.3231936359089542,1.3231936359089542,1.3231936359089542,1.3231936359089542,1.3231936359089542,1.3231936359089542,2.356536260965984
T000530,0.5809552440074928,0.5573588577989613,0.5573588577989613,0.5573588577989613,0.5573588577989613,0.5573588577989613,0.5573588577989613,0.5573588577989613,0.5573588577989613,0.5573588577989613,0.5573588577989613,0.09905876483846618
T000531,1.43826921222702,1.43826921222702,1.0863702271399398,1.43826921222702,1.43826921222702,0.8626095513302277,0.8626095513302277,0.8626095513302277,0.8626095513302277,0.8626095513302277,0.8626095513302277,2.7816724407195688
T000532,1.6954318841507756,1.9033576248774302,1.9033576248774302,1.4795899898669798,1.4795899898669798,1.4795899898669798,1.4795899898669798,1.4795899898669798,1.4795899898669798,1.4795899898669798,1.4795899898669798,1.4795899898669798
T000533,4.137577215643222,4.174166725115255,4.174166725115255,4.145770669943115,4.145770669943115,4.145770669943115,4.145770669943115,4.145770669943115,4.145770669943115,4.145770669943115,4.145770669943115,4.145770669943115
T000534,0.8400502693029366,0.8400502693029366,0.9035223156341194,0.8201547752122016,0.8201547752122016,0.8201547752122016,0.8201547752122016,0.8201547752122016,0.8201547752122016,0.8201547752122016,0.8201547752122016,1.6101801096319497
T000535,2.2846145228710357,2.2846145228710357,2.2846145228710357,2.1023974656506232,2.1023974656506232,2.1023974656506232,2.1165819508880084,2.1165819508880084,2.1165819508880084,2.1165819508880084,2.1165819508880084,0.8076202230462057
T000536,1.011361442924456,1.4291537589081054,1.4291537589081054,1.3440002204289057,1.3440002204289057,1.3440002204289057,1.3440002204289057,1.3440002204289057,1.3440002204289057,1.3440002204289057,1.3440002204289057,0.7281818181818182
T000537,0.8549757757522458,0.8034419433058297,0.8034419433058297,0.7175995694266216,0.7175995694266216,0.7175995694266216,0.7175995694266216,0.7175995694266216,0.7175995694266216,0.7175995694266216,0.7175995694266216,0.32961373390558096
T000538,2.499261667775126,2.499261667775126,2.499261667775126,2.499261667775126,2.499261667775126,2.499261667775126,2.499261667775126,2.499261667775126,2.499261667775126,2.499261667775126,2.499261667775126,2.499261667775126
T000539,7.71365843756285,7.423521385685154,7.423521385685154,7.4664680320233385,7.4664680320233385,7.152646397774068,7.152646397774068,7.152646397774068,7.152646397774068,7.152646397774068,7.152646397774068,7.152646397774068
T000540,0.15701299963828114,0.047039331429025895,0.047039331429025895,0.047039331429025895,0.047039331429025895,0.047039331429025895,0.047039331429025895,0.047039331429025895,0.047039331429025895,0.047039331429025895,0.047039331429025895,0.18219319685889035
T000541,0.5077948048867821,0.5077948048867821,0.5077948048867821,0.5077948048867821,0.09188966583445729,0.09188966583445729,0.09188966583445729,0.09188966583445729,0.09188966583445729,0.09188966583445729,0.09188966583445729,1.10187185025198
T000542,0.046181949462362114,0.3189914483126172,0.046181949462362114,0.046181949462362114,0.16897950477238213,0.16897950477238213,0.16897950477238213,0.16897950477238213,0.16897950477238213,0.16897950477238213,0.16897950477238213,0.04080604534005038
T000543,0.08397424487555001,0.08397424487555001,0.11373286295870515,0.1895755352299229,0.1895755352299229,0.1895755352299229,0.1895755352299229,0.1895755352299229,0.1895755352299229,0.1895755352299229,0.1895755352299229,0.3120782651006227
T000544,0.2801093536683494,0.2801093536683494,0.2801093536683494,0.2801093536683494,0.12413340570414022,0.12413340570414022,0.12413340570414022,0.12413340570414022,0.12413340570414022,0.12413340570414022,0.12413340570414022,0.2952087773304918
T000545,0.2835952783598388,0.2835952783598388,0.22124573781795595,0.22124573781795595,0.22124573781795595,0.22124573781795595,0.22124573781795595,0.22124573781795595,0.22124573781795595,0.22124573781795595,0.22124573781795595,0.08346431939641621
T000546,1.4299825768349088,1.4299825768349088,1.4299825768349088,1.4299825768349088,1.4039727174823502,1.4039727174823502,1.4039727174823502,1.4039727174823502,1.4039727174823502,1.4039727174823502,1.4039727174823502,1.4039727174823502
T000547,1.109989199236198,1.109989199236198,1.109989199236198,1.109989199236198,0.7009249743062693,0.8702319366115419,0.7009249743062693,0.7009249743062693,0.7009249743062693,0.7009249743062693,0.7009249743062693,1.1013862876923908
T000548,0.7159275513992454,0.7159275513992454,0.7159275513992454,0.7159275513992454,0.7061868898703062,0.6950951724238222,0.6950951724238222,0.6950951724238222,0.6950951724238222,0.6950951724238222,0.6950951724238222,1.0921799192167936
T000549,1.6365041703201006,1.6365041703201006,1.6365041703201006,1.6365041703201006,1.3618901703941864,1.3618901703941864,1.3618901703941864,1.3618901703941864,1.3618901703941864,1.3618901703941864,1.3618901703941864,2.1408406813753853
T000550,5.520862461799949,5.520862461799949,4.714691158991897,4.371600228836474,4.934709389103165,4.934709389103165,4.934709389103165,4.934709389103165,4.934709389103165,4.934709389103165,4.934709389103165,4.934709389103165
T000551,2.7168655492984315,2.7168655492984315,2.7168655492984315,2.7168655492984315,5.304424778761062,5.304424778761062,5.304424778761062,5.304424778761062,5.304424778761062,5.304424778761062,5.304424778761062,1.596628445882001
T000552,3.3467372506536046,3.3467372506536046,3.3467372506536046,3.3467372506536046,3.3467372506536046,3.3467372506536046,3.3467372506536046,3.3467372506536046,3.3467372506536046,3.3467372506536046,3.3467372506536046,3.3467372506536046
T000553,3.4210798537761957,3.3860442668402104,3.0898011545862736,3.0898011545862736,3.0898011545862736,3.0898011545862736,3.0898011545862736,3.0898011545862736,3.0898011545862736,3.0898011545862736,3.0898011545862736,3.0898011545862736
T000554,0.8340543502274976,0.8340543502274976,0.8768056487209273,0.8768056487209273,0.8768056487209273,0.8768056487209273,0.8768056487209273,0.8768056487209273,0.8768056487209273,0.8768056487209273,0.8768056487209273,0.8768056487209273
T000555,1.7744902125061293,1.7744902125061293,1.7744902125061293,1.7744902125061293,1.7744902125061293,2.470948722675307,2.470948722675307,3.00558857489062,3.00558857489062,3.00558857489062,3.00558857489062,0.5692929606547412
T000556,7.469194415745428,7.469194415745428,7.469194415745428,5.5185423293231874,5.5185423293231874,5.5185423293231874,3.609205269835459,3.609205269835459,3.609205269835459,3.609205269835459,3.609205269835459,10.13740644788923
T000557,2.3660217678324056,2.3660217678324056,2.3733905579399144,2.3660217678324056,2.3733905579399144,2.3733905579399144,2.3733905579399144,2.3733905579399144,2.3733905579399144,2.3733905579399144,2.3733905579399144,2.3733905579399144
T000558,1.4468563273926913,1.4468563273926913,1.4468563273926913,1.4468563273926913,1.4468563273926913,1.4468563273926913,1.4468563273926913,1.4468563273926913,1.4468563273926913,1.4468563273926913,1.4468563273926913,1.4468563273926913
T000559,0.47543715496733674,0.47543715496733674,0.6389165953753955,0.6389165953753955,0.6389165953753955,0.6371179649857973,0.6371179649857973,0.6371179649857973,0.6371179649857973,0.6371179649857973,0.6371179649857973,1.0756745362563238
T000560,1.9752765414815046,1.7208059888429108,2.152633828733309,2.004946960491821,2.004946960491821,2.004946960491821,2.004946960491821,2.004946960491821,2.004946960491821,2.004946960491821,2.004946960491821,2.004946960491821
T000561,2.782395103792117,2.782395103792117,1.7210105894353476,1.7210105894353476,1.7210105894353476,1.7210105894353476,1.7210105894353476,1.7210105894353476,1.7210105894353476,1.7210105894353476,1.7210105894353476,1.7210105894353476
T000562,1.6135600522736215,2.3204821691695243,2.3204821691695243,1.5562566127321424,1.5562566127321424,1.5562566127321424,1.5562566127321424,1.5562566127321424,1.5562566127321424,1.5562566127321424,1.5562566127321424,1.5562566127321424
T000563,5.1959016447465745,5.1959016447465745,1.1138620637955885,3.925567396853478,4.055575983051223,3.548163351022102,3.548163351022102,3.548163351022102,3.548163351022102,3.548163351022102,3.548163351022102,1.8917052332240731
T000564,0.9347932104525339,0.9347932104525339,1.1333125195129565,1.1333125195129565,1.1333125195129565,1.1333125195129565,1.1333125195129565,1.1333125195129565,1.1333125195129565,1.1333125195129565,1.1333125195129565,1.1333125195129565
T000565,0.6876456876456877,0.6876456876456877,0.6876456876456877,0.6876456876456877,0.6876456876456877,0.6876456876456877,0.6876456876456877,0.6876456876456877,0.6876456876456877,0.6876456876456877,0.6876456876456877,0.6381843962039292
T000566,0.5071834555431658,0.5071834555431658,0.5071834555431658,0.5071834555431658,1.0433521134400046,1.0433521134400046,1.0433521134400046,1.0433521134400046,1.0433521134400046,1.0433521134400046,1.0433521134400046,8.050729626607337
T000567,0.4598584397488368,0.4598584397488368,0.4598584397488368,0.4598584397488368,1.3818552898303045,1.3818552898303045,1.3818552898303045,1.3818552898303045,1.3818552898303045,1.3818552898303045,1.3818552898303045,8.415381602078362
T000568,2.396266666666667,2.396266666666667,2.396266666666667,2.396266666666667,2.396266666666667,2.396266666666667,2.396266666666667,2.396266666666667,2.396266666666667,2.396266666666667,2.396266666666667,2.154814279710288
T000569,2.0548021277532045,2.0548021277532045,2.0548021277532045,2.0548021277532045,2.0548021277532045,1.5505850494390407,1.5505850494390407,1.5505850494390407,1.5505850494390407,1.5505850494390407,1.5505850494390407,1.5505850494390407
T000570,0.8592308438797638,0.8592308438797638,1.5778560810386726,1.5778560810386726,1.392651718826701,1.392651718826701,1.392651718826701,1.392651718826701,1.392651718826701,1.392651718826701,1.392651718826701,3.442877697841727
T000571,0.8993727780686661,0.6707827276932381,0.6707827276932381,0.7670959511036961,0.7670959511036961,0.7670959511036961,0.7670959511036961,0.7670959511036961,0.7670959511036961,0.7670959511036961,0.7670959511036961,0.7670959511036961
T000572,2.8873986391920257,2.8873986391920257,2.8873986391920257,2.8873986391920257,2.946527223332859,2.946527223332859,2.946527223332859,2.946527223332859,2.946527223332859,2.946527223332859,2.946527223332859,3.0467219291635272
T000573,5.840631508098245,5.840631508098245,5.840631508098245,5.976293302104858,5.976293302104858,5.976293302104858,5.976293302104858,5.976293302104858,5.976293302104858,5.976293302104858,5.976293302104858,5.976293302104858
T000574,4.02150156965607,4.02150156965607,4.162589926846978,4.162589926846978,4.162589926846978,4.162589926846978,4.162589926846978,4.162589926846978,4.162589926846978,4.162589926846978,4.162589926846978,4.162589926846978
T000575,6.759977455831391,6.759977455831391,7.285288838440451,7.314082148451852,6.161285377979598,7.29400113347193,7.29400113347193,7.29400113347193,7.29400113347193,7.29400113347193,7.29400113347193,4.001398218100182
T000576,2.088437499268219,2.6285088609566656,1.2076831769891976,1.2076831769891976,1.2076831769891976,1.2076831769891976,1.2076831769891976,1.2076831769891976,1.2076831769891976,1.2076831769891976,1.2076831769891976,1.664039408866995
T000577,1.1610694387241953,1.3577288352426873,1.1610694387241953,1.1610694387241953,1.1610694387241953,1.1610694387241953,1.1610694387241953,1.1610694387241953,1.1610694387241953,1.1610694387241953,1.1610694387241953,0.9200705230302411
T000578,1.0392820795693467,1.0392820795693467,1.0392820795693467,1.0392820795693467,1.0392820795693467,1.218838814453918,1.218838814453918,1.218838814453918,1.218838814453918,1.218838814453918,1.218838814453918,10.098121533195314
T000579,2.030750325995396,2.030750325995396,2.030750325995396,3.2728926047538778,2.0757727786634597,2.4536982282733697,2.4536982282733697,2.4536982282733697,2.4536982282733697,2.4536982282733697,2.4536982282733697,3.6030075278108322
T000580,0.8397455282381471,0.8397455282381471,0.8386699964528826,0.6763809320832732,0.6763809320832732,0.6763809320832732,0.6763809320832732,0.6763809320832732,0.6763809320832732,0.6763809320832732,0.6763809320832732,0.6763809320832732
T000581,1.586647471657369,1.586647471657369,1.586647471657369,1.586647471657369,1.586647471657369,1.586647471657369,1.586647471657369,1.586647471657369,1.586647471657369,1.586647471657369,1.586647471657369,1.3389015144607848
T000582,1.349059091455828,1.349059091455828,1.4610251121758475,1.4610251121758475,0.6151870188064387,0.6151870188064387,0.6151870188064387,0.6151870188064387,0.6151870188064387,0.6151870188064387,0.6151870188064387,1.0185453466951626
T000583,3.0986144620144747,3.0986144620144747,2.442489308003112,2.8262709119364806,2.8262709119364806,3.1314005184506124,3.1314005184506124,3.1314005184506124,3.1314005184506124,3.1314005184506124,3.1314005184506124,3.1314005184506124
T000584,0.6416598429944991,1.2659759328666622,1.2659759328666622,1.2659759328666622,1.2659759328666622,1.2659759328666622,1.2659759328666622,1.2659759328666622,1.2659759328666622,1.2659759328666622,1.2659759328666622,2.7149463947866184
T000585,0.2604827862678348,0.2604827862678348,0.2604827862678348,0.2604827862678348,0.2604827862678348,0.2604827862678348,0.2604827862678348,0.2604827862678348,0.2604827862678348,0.2604827862678348,0.2604827862678348,1.5634340473772879
T000586,2.0311719164283604,2.0311719164283604,2.1776854515240367,1.9273647030790064,1.9273647030790064,1.9273647030790064,1.9273647030790064,1.9273647030790064,1.9273647030790064,1.9273647030790064,1.9273647030790064,4.9407946561694
T000587,4.238689168845522,4.238689168845522,4.238689168845522,5.019385471407242,5.019385471407242,5.019385471407242,5.019385471407242,5.019385471407242,5.019385471407242,5.019385471407242,5.019385471407242,5.019385471407242
T000588,2.244404007803391,0.805435364661142,0.805435364661142,0.8013176298668028,0.8013176298668028,0.8013176298668028,0.8271243312534552,0.8271243312534552,0.8271243312534552,0.8271243312534552,0.8271243312534552,0.8271243312534552
T000589,0.4487773199004438,0.4487773199004438,0.7241918665276329,0.7241918665276329,0.7241918665276329,0.7241918665276329,0.7241918665276329,0.7241918665276329,0.7241918665276329,0.7241918665276329,0.7241918665276329,0.7241918665276329
T000590,4.66161316539667,4.66161316539667,4.863439272740867,4.863439272740867,4.863439272740867,4.863439272740867,4.863439272740867,4.863439272740867,4.863439272740867,4.863439272740867,4.863439272740867,4.863439272740867
T000591,3.2707841795463115,3.2707841795463115,3.2707841795463115,3.2677263857473924,3.2677263857473924,3.2677263857473924,3.2677263857473924,3.2677263857473924,3.2677263857473924,3.2677263857473924,3.2677263857473924,3.2677263857473924
T000592,2.803254528142821,2.803254528142821,2.3824630746827546,2.3824630746827546,2.3824630746827546,2.3824630746827546,2.3824630746827546,2.3824630746827546,2.3824630746827546,2.3824630746827546,2.3824630746827546,0.4199961594822974
T000593,1.3504095306625845,1.3504095306625845,1.3963373276056974,1.3963373276056974,1.3963373276056974,1.3963373276056974,1.3963373276056974,1.3963373276056974,1.3963373276056974,1.3963373276056974,1.3963373276056974,1.3963373276056974
T000594,4.277017188793304,4.277017188793304,4.277017188793304,4.2942857452495895,4.2942857452495895,4.2942857452495895,4.2942857452495895,4.2942857452495895,4.2942857452495895,4.2942857452495895,4.2942857452495895,4.2942857452495895
T000595,2.1890331529744533,2.1890331529744533,2.1890331529744533,2.1890331529744533,2.1890331529744533,2.1890331529744533,2.1890331529744533,2.1890331529744533,2.1890331529744533,2.1890331529744533,2.1890331529744533,2.1890331529744533
T000596,1.8629330386863607,1.8629330386863607,1.8629330386863607,1.6912095323741008,1.7052168399307226,1.6912095323741008,1.6912095323741008,1.6912095323741008,1.6912095323741008,1.6912095323741008,1.6912095323741008,2.1037265091075947
T000597,1.6451255514820646,1.6451255514820646,1.6451255514820646,1.7202072538860103,1.7202072538860103,1.7202072538860103,1.7202072538860103,1.7202072538860103,1.7202072538860103,1.7202072538860103,1.7202072538860103,2.236813666809207
T000598,4.5050874918180055,4.5050874918180055,4.5050874918180055,4.619099982419937,4.619099982419937,4.619099982419937,4.619099982419937,4.619099982419937,4.619099982419937,4.619099982419937,4.619099982419937,4.619099982419937
T000599,0.5115555993307854,0.5115555993307854,0.5115555993307854,2.817658231499173,2.817658231499173,1.3218059558117194,1.3218059558117194,1.3218059558117194,1.3218059558117194,1.3218059558117194,1.3218059558117194,1.3218059558117194
T000600,12.83234849887885,4.797684195292662,4.797684195292662,6.106584310516637,10.421877389070113,3.062102685006421,3.062102685006421,3.062102685006421,3.062102685006421,3.062102685006421,3.062102685006421,3.062102685006421
T000601,2.1265429535175424,2.1265429535175424,2.1265429535175424,2.5445140609063093,2.5445140609063093,2.5445140609063093,2.5445140609063093,2.5445140609063093,2.5445140609063093,2.5445140609063093,2.5445140609063093,2.5445140609063093
T000602,1.8611288117944464,1.8611288117944464,1.8611288117944464,1.8972627128676132,1.4698921903760187,1.4698921903760187,1.4698921903760187,1.4698921903760187,1.4698921903760187,1.4698921903760187,1.4698921903760187,1.4698921903760187
T000603,0.9023896553769036,0.9023896553769036,0.9023896553769036,0.7747379327967906,0.7747379327967906,0.7747379327967906,0.7747379327967906,0.7747379327967906,0.7747379327967906,0.7747379327967906,0.7747379327967906,0.7511781099359749
T000604,1.5392919511033496,1.5392919511033496,1.5392919511033496,0.9147061414037034,0.9147061414037034,0.9147061414037034,0.9147061414037034,0.9147061414037034,0.9147061414037034,0.9147061414037034,0.9147061414037034,1.7293642981238369
T000605,0.5532063554591574,0.5532063554591574,0.5532063554591574,0.5532063554591574,1.0045820378653143,1.0593956375463578,1.0593956375463578,1.0593956375463578,1.0593956375463578,1.0593956375463578,1.0593956375463578,0.3064249394035104
T000606,1.2088264248708644,1.2088264248708644,1.2088264248708644,1.2404162139646298,1.2404162139646298,1.2404162139646298,1.2404162139646298,1.2404162139646298,1.2404162139646298,1.2404162139646298,1.2404162139646298,1.4256756756756757
T000607,1.241070800809938,1.4315660993105028,1.4315660993105028,1.469615856084572,1.469615856084572,1.469615856084572,1.469615856084572,1.469615856084572,1.469615856084572,1.469615856084572,1.469615856084572,2.5297583971714794
T000608,1.518949565173792,1.518949565173792,1.2033067614590955,1.2033067614590955,1.2033067614590955,1.2033067614590955,1.2033067614590955,1.2033067614590955,1.2033067614590955,1.2033067614590955,1.2033067614590955,1.2033067614590955
T000609,2.2257941012507905,2.2257941012507905,2.2257941012507905,2.9990254712933107,2.9990254712933107,2.9990254712933107,2.9990254712933107,2.9990254712933107,2.9990254712933107,2.9990254712933107,2.9990254712933107,2.9990254712933107
T000610,2.844741591938661,2.844741591938661,2.844741591938661,2.844741591938661,5.830793328274479,5.830793328274479,5.830793328274479,5.830793328274479,5.830793328274479,5.830793328274479,5.830793328274479,5.830793328274479
T000611,4.421321342787631,4.421321342787631,4.421321342787631,3.136553384435808,3.6767524121628727,3.1386615310544057,3.1386615310544057,3.1386615310544057,3.1386615310544057,3.1386615310544057,3.1386615310544057,3.269663855876634
T000612,0.9788149539130471,1.3812997951846375,0.8030258946755892,0.9239371865254032,0.9239371865254032,0.9951110695471065,0.9951110695471065,0.9951110695471065,0.9951110695471065,0.9951110695471065,0.9951110695471065,0.9951110695471065
T000613,3.3140158097652286,3.3140158097652286,3.3140158097652286,3.3140158097652286,3.8982650245698838,3.8982650245698838,3.8982650245698838,3.8982650245698838,3.8982650245698838,3.8982650245698838,3.8982650245698838,3.8982650245698838
T000614,0.6677690292861828,0.6677690292861828,0.6677690292861828,0.722653523949646,0.722653523949646,0.6397694524495677,0.6397694524495677,0.6397694524495677,0.6397694524495677,0.6397694524495677,0.6397694524495677,0.6397694524495677
T000615,2.404455109847487,2.404455109847487,1.1259123457385587,2.658972262217421,2.658972262217421,2.658972262217421,2.658972262217421,2.658972262217421,2.658972262217421,2.658972262217421,2.658972262217421,0.21095611636271375
T000616,1.8135353668570815,3.493139887678293,3.700401259491951,3.493139887678293,3.493139887678293,3.493139887678293,3.493139887678293,3.493139887678293,3.493139887678293,3.493139887678293,3.493139887678293,1.2637280102823825
T000617,2.5147661073873353,2.5147661073873353,2.0307290590436615,2.0307290590436615,1.642357835040481,1.642357835040481,1.642357835040481,1.642357835040481,1.642357835040481,1.642357835040481,1.642357835040481,2.134061059394606
T000618,1.4477527780196193,1.4477527780196193,1.93591586165252,1.93591586165252,1.93591586165252,1.93591586165252,1.93591586165252,1.93591586165252,1.93591586165252,1.93591586165252,1.93591586165252,1.93591586165252
T000619,2.399139558616553,2.399139558616553,1.117194401206601,2.6599555695694406,2.6599555695694406,2.6599555695694406,2.6599555695694406,2.6599555695694406,2.6599555695694406,2.6599555695694406,2.6599555695694406,0.21111870525872242
T000620,2.752271685093313,2.752271685093313,2.4157559118696192,2.344316213419613,2.4157559118696192,2.4157559118696192,2.4157559118696192,2.4157559118696192,2.4157559118696192,2.4157559118696192,2.4157559118696192,2.4157559118696192
T000621,2.1567986173412463,2.1567986173412463,2.1567986173412463,1.6971418108912655,1.6971418108912655,1.6971418108912655,1.6971418108912655,1.6971418108912655,1.6971418108912655,1.6971418108912655,1.6971418108912655,1.6971418108912655
T000622,0.8549045535828413,0.8549045535828413,1.456635621604103,1.456635621604103,1.456635621604103,1.456635621604103,1.456635621604103,1.456635621604103,1.456635621604103,1.456635621604103,1.456635621604103,1.456635621604103
T000623,1.1535255926358667,1.1535255926358667,1.1535255926358667,1.9125882534889016,1.9125882534889016,1.9125882534889016,1.9125882534889016,1.9125882534889016,1.9125882534889016,1.9125882534889016,1.9125882534889016,1.9125882534889016
T000624,5.327830089804401,5.327830089804401,5.251560181837562,4.086348191066488,4.086348191066488,5.251560181837562,5.251560181837562,5.251560181837562,5.251560181837562,5.251560181837562,5.251560181837562,1.4330275014955685
T000625,2.257400832393965,2.257400832393965,1.758454106280193,1.758454106280193,1.758454106280193,1.758454106280193,1.758454106280193,1.758454106280193,1.758454106280193,1.758454106280193,1.758454106280193,1.758454106280193
T000626,1.812120566794365,1.812120566794365,4.835456733500834,3.2014077177629088,4.835456733500834,4.835456733500834,4.835456733500834,4.835456733500834,4.835456733500834,4.835456733500834,4.835456733500834,1.1624327925282665
T000627,2.400859673217319,2.400859673217319,2.400859673217319,2.617931399814594,2.617931399814594,2.617931399814594,2.617931399814594,2.617931399814594,2.617931399814594,2.617931399814594,2.617931399814594,2.617931399814594
T000628,5.365906121757637,5.365906121757637,5.198844323589395,5.198844323589395,5.198844323589395,5.198844323589395,5.198844323589395,5.198844323589395,5.198844323589395,5.198844323589395,5.198844323589395,5.198844323589395
T000629,0.6030672957523079,0.6030672957523079,0.6030672957523079,0.6030672957523079,0.5434459039388695,0.7677044673969353,0.7677044673969353,0.7677044673969353,0.7677044673969353,0.7677044673969353,0.7677044673969353,0.9261409898341301
T000630,4.080156792253707,4.080156792253707,4.080156792253707,4.080156792253707,4.034104437593398,3.984040482678085,3.984040482678085,3.984040482678085,3.984040482678085,3.984040482678085,3.984040482678085,3.984040482678085
T000631,0.4946800442213228,0.4946800442213228,0.4946800442213228,0.5358452511917858,0.5358452511917858,0.5358452511917858,0.630536775517198,0.630536775517198,0.630536775517198,0.630536775517198,0.630536775517198,0.630536775517198
T000632,0.8035690044969032,0.8035690044969032,0.8035690044969032,0.39398466432766877,0.9231382978723405,0.9231382978723405,0.9231382978723405,0.9231382978723405,0.9231382978723405,0.9231382978723405,0.9231382978723405,0.9231382978723405
T000633,0.7429710750402542,0.7429710750402542,0.7429710750402542,0.7429710750402542,0.5762226833974098,0.5762226833974098,0.5762226833974098,0.5762226833974098,0.5762226833974098,0.5762226833974098,0.5762226833974098,0.5762226833974098
T000634,0.8064884923530194,0.8064884923530194,0.8064884923530194,0.8064884923530194,0.8064884923530194,0.8064884923530194,0.8064884923530194,0.8064884923530194,0.8064884923530194,0.8064884923530194,0.8064884923530194,0.9166631171411344
T000635,0.6257571419308781,0.6257571419308781,0.6008851577917439,0.6008851577917439,0.6008851577917439,0.6008851577917439,0.6008851577917439,0.6008851577917439,0.6623931623931624,0.6623931623931624,0.6623931623931624,0.7577024629986074
T000636,1.1640381504608666,1.1640381504608666,1.1813063598195939,1.1813063598195939,1.1813063598195939,1.1090494212358741,1.1090494212358741,1.1264069023777876,1.1264069023777876,1.1264069023777876,1.1264069023777876,1.001426455463092
T000637,0.6698269713291424,0.6698269713291424,0.6698269713291424,0.5881883901093917,0.6663997579336913,0.6663997579336913,0.6663997579336913,0.6617647058823529,0.6617647058823529,0.6617647058823529,0.6617647058823529,0.6744365413212755
T000638,0.8377091147011622,0.8377091147011622,0.8377091147011622,0.8377091147011622,0.8377091147011622,0.7517456712015207,0.7517456712015207,0.7100895881526508,0.7100895881526508,0.7100895881526508,0.7100895881526508,0.7304922959218338
T000639,1.0471257993028447,1.0471257993028447,1.0549898899184114,1.0549898899184114,1.0549898899184114,1.0549898899184114,1.0549898899184114,1.0549898899184114,1.0549898899184114,1.0549898899184114,1.0549898899184114,0.9756072130666853
T000640,1.3892081686855606,1.3608133293767244,1.3892081686855606,1.3892081686855606,1.3330815736294828,1.3330815736294828,1.3330815736294828,1.3330815736294828,1.3435095824868717,1.3435095824868717,1.3435095824868717,1.483476529296972
T000641,0.6683091907769126,0.6683091907769126,0.6751652242476045,0.6751652242476045,0.6751652242476045,0.6751652242476045,0.6751652242476045,0.6751652242476045,0.6958130011796003,0.6958130011796003,0.6958130011796003,0.6801616400824996
T000642,0.613830777804344,0.613830777804344,0.613830777804344,0.8900189658974276,0.9107461989062982,0.9107461989062982,0.9107461989062982,1.005019249882663,1.005019249882663,1.005019249882663,1.005019249882663,0.7908023001135638
T000643,1.1675658618140852,1.1675658618140852,1.168198277367267,1.168198277367267,1.168198277367267,1.168198277367267,1.1685018737294823,1.1685018737294823,1.1668865435356202,1.1668865435356202,1.1668865435356202,1.1300300781669046
T000644,1.0711489912439631,1.0711489912439631,1.048687836962961,1.048687836962961,1.048687836962961,1.048687836962961,1.1435566655297198,1.0789660053598853,1.0789660053598853,1.0789660053598853,1.0788807049812845,1.0708326474327214
