unique_id,MetaARIMA(0.0),MetaARIMA(0.1),MetaARIMA(0.2),MetaARIMA(0.3),MetaARIMA(0.4),MetaARIMA(0.5),MetaARIMA(0.6),MetaARIMA(0.7),MetaARIMA(0.8),MetaARIMA(0.9),MetaARIMA(1.0),AutoARIMA
T000000,1.3293646756045008,1.3293646756045008,1.6470289428563487,1.6470289428563487,1.5883026039295092,1.0974044501972444,1.0974044501972444,0.960139357627696,1.2674279508751607,1.2674279508751607,1.2674279508751607,0.9495269714509343
T000001,1.9001534122715653,1.9001534122715653,1.9001534122715653,3.0650064244333453,1.5214486706771875,2.071294956265075,2.071294956265075,2.071294956265075,0.8219385558488814,0.8219385558488814,0.8219385558488814,0.49748515319614145
T000002,1.798337863104114,1.798337863104114,1.8806016424900833,1.8806016424900833,1.8806016424900833,1.8806016424900833,2.0056751340931864,2.051089416392087,2.051089416392087,2.051089416392087,2.039968123163564,1.8529186801370467
T000003,1.4864629066537536,1.4864629066537536,1.4864629066537536,1.4864629066537536,1.4864629066537536,1.4864629066537536,1.4864629066537536,1.4864629066537536,1.4864629066537536,1.5689390363545277,1.5689390363545277,2.249830179581461
T000004,1.888241058486982,1.888241058486982,1.888241058486982,1.9214721495565046,1.9214721495565046,2.038252775922839,1.9018790050917567,1.9018790050917567,1.9018790050917567,1.9402156534775286,1.77520640205533,1.8850736667432746
T000005,0.7993050729673385,0.7993050729673385,0.7993050729673385,0.7937248258377896,0.8694876546011069,0.8694876546011069,0.7699262925280388,0.6274535969908126,0.6274535969908126,0.8376102408017726,0.8376102408017726,1.0469124802279455
T000006,0.6111992498827933,0.6111992498827933,0.6111992498827933,1.1497095521977512,1.1982942233208556,1.1982942233208556,1.1982942233208556,1.0216660843631185,1.0110505046317104,1.0110505046317104,1.0110505046317104,1.0002807672896854
T000007,1.3740144810941273,1.3740144810941273,1.3740144810941273,0.4939939648338336,0.4939939648338336,0.4939939648338336,0.4752782159377803,0.6518672341182482,0.6518672341182482,0.6518672341182482,0.6518672341182482,0.6518672341182482
T000008,0.7062327392135365,0.9011562418416463,0.7925864893508887,0.6906312320532286,0.7554056859264299,0.7093689636605567,0.7148624690774452,0.7148624690774452,0.7148624690774452,0.7148624690774452,0.6979281680782097,0.7139031044346115
T000009,0.404146675098086,0.5951371036175653,0.4218764443482661,0.5786958011042477,0.6643694595123388,0.5528107641867525,0.40750224394930007,0.40750224394930007,0.40750224394930007,0.4535775225797559,0.44673273123805407,0.4078405802674096
T000010,5.718688000668996,5.718688000668996,5.718688000668996,5.15149082114566,5.42554464081068,5.15149082114566,5.221999553433016,5.221999553433016,5.221999553433016,5.221999553433016,5.143662965870243,5.366506944612241
T000011,0.8246794072656303,0.5532745950805726,0.5532745950805726,0.5024881353155292,0.5024881353155292,0.5287592802681836,0.45420033586481035,0.45420033586481035,0.45420033586481035,0.4939590312087072,0.4939590312087072,0.7664053937883334
T000012,0.5310539868571197,0.5310539868571197,0.5171761255726037,0.5171761255726037,0.5126225313456746,0.5126225313456746,0.5126225313456746,0.5629035331005712,0.5629035331005712,0.5629035331005712,0.5162859774345464,0.6303076217638398
T000013,1.9661763490347155,1.9661763490347155,1.9661763490347155,1.960478102063611,2.008711943168591,2.008711943168591,2.008711943168591,1.9040134649771807,2.008711943168591,2.0058423337499396,2.0063342931046546,1.8985601707689481
T000014,1.3149668278489004,1.3149668278489004,1.3149668278489004,1.3149668278489004,1.1117868916092835,1.1117868916092835,1.1117868916092835,0.9440540749149796,0.9440540749149796,0.9440540749149796,0.9440540749149796,0.97033760107578
T000015,0.8032389142840103,0.8032389142840103,0.5984449134037019,0.5984449134037019,0.5984449134037019,0.7942684486899483,0.31780594922562233,0.31780594922562233,0.31780594922562233,0.32483621196365103,0.32483621196365103,0.31780594922562233
T000016,0.3036584750101573,0.2687219339650836,0.2687219339650836,0.23792252577497155,0.23792252577497155,0.23792252577497155,0.23792252577497155,0.32465296107977093,0.32465296107977093,0.32465296107977093,0.32465296107977093,0.5981511853599276
T000017,0.8475037287323539,0.8475037287323539,0.8475037287323539,0.9143571751573288,0.9143571751573288,0.7499917832923398,0.733450472560926,0.6577350852227146,0.652243729476467,0.652243729476467,0.7467838505675932,0.6511644712388674
T000018,0.6864722371692338,0.6864722371692338,0.784138497967046,1.0804199843180307,0.7440690920414711,0.6758623047867712,0.9711312697511124,1.0443161545187436,1.0443161545187436,0.6812544444017178,0.630996661961262,0.9582306836431521
T000019,2.370344355439353,1.5006091550063343,2.118060523770213,2.330551517990913,2.269807249708838,2.118060523770213,1.7479369291533338,2.2342473984825486,2.2342473984825486,2.2645656870315607,2.2645656870315607,2.4423917328673928
T000020,1.390179439336217,1.390179439336217,1.1213607846267126,1.1213607846267126,1.1976981096315669,1.1976981096315669,1.2189140369021076,1.2189140369021076,1.1976981096315669,1.1976981096315669,1.1976981096315669,0.9266526962784057
T000021,0.8226788324609797,0.9816850666924198,0.8987699093113641,0.8987699093113641,1.03720793483128,1.2050377290401413,1.2050377290401413,1.102176225432305,1.102176225432305,1.0484773950879285,0.904057945640489,1.0515028093277807
T000022,1.1317536361247342,1.0656101449403281,1.0656101449403281,1.0486045100085308,1.0672790684945055,1.0672790684945055,1.0672790684945055,1.13261045862962,1.13261045862962,1.13261045862962,1.13261045862962,1.13261045862962
T000023,0.6128305466619239,0.6128305466619239,0.6128305466619239,0.6128305466619239,0.32562877901593185,0.48507633525589827,0.48507633525589827,0.48507633525589827,0.48507633525589827,0.48507633525589827,0.48507633525589827,0.47314123087869087
T000024,1.0525988099411479,1.0525988099411479,1.0525988099411479,1.0525988099411479,1.0525988099411479,1.0525988099411479,1.0652252916551406,1.0096855731676246,1.002219135976773,1.0005860326979186,1.0005860326979186,1.0759355579735679
T000025,2.7519021739130434,2.7519021739130434,2.018351239212888,2.1235805466537045,2.0989589323747104,2.0787054795692823,2.0989589323747104,2.0989589323747104,2.0293764667415064,2.0117125705287378,2.0117125705287378,1.8638590993871984
T000026,1.5293767648107313,1.5293767648107313,1.5293767648107313,1.5293767648107313,1.6685280773717281,1.6685280773717281,1.6685280773717281,1.5826699689103172,1.5826699689103172,1.5826699689103172,1.5826699689103172,1.5956484025397104
T000027,2.5611233718464668,2.5611233718464668,2.5611233718464668,2.5611233718464668,2.237623005987403,2.237623005987403,1.6002363784549274,1.6002363784549274,1.6002363784549274,1.6002363784549274,1.6002363784549274,1.5518867104085277
T000028,1.8285757013608357,1.7272121221880496,1.7272121221880496,1.3092279316171243,1.3092279316171243,0.6296383410903769,1.1558671456907657,0.49344294008560424,0.49344294008560424,0.49344294008560424,0.3614526200085141,0.5918845555496852
T000029,0.6899241709197663,1.085427341975473,1.237474890828393,1.5874752409332888,1.5874752409332888,1.166439505618115,0.9646248850881538,0.9646248850881538,0.8976930936510991,0.8976930936510991,0.8976930936510991,0.7890988475478491
T000030,1.6744010127368052,1.6744010127368052,1.5071379195743564,1.6602231555353553,1.6602231555353553,1.6600013804067308,1.6472272728274489,1.6643220286005755,1.614045237452259,1.614045237452259,1.614045237452259,1.5495730698356018
T000031,2.0356275784726714,2.0356275784726714,2.0356275784726714,1.9072397540096448,1.9072397540096448,2.0564641100519108,2.0564641100519108,2.0211804635406114,2.0211804635406114,2.0211804635406114,2.0211804635406114,1.7625638576314167
T000032,1.0501249008803115,1.886348960351285,1.0801778070309629,1.0801778070309629,1.036344553686306,1.0247067101013385,1.0247067101013385,1.0247067101013385,0.9133474803236018,1.0278318627027572,0.9920331592401357,1.0472675507165659
T000033,1.4946766561514186,1.9213371591193948,1.9213371591193948,1.4892997796990561,1.1205142348497943,1.4892997796990561,1.6730474383526819,1.6730474383526819,0.9148304145167746,0.9148304145167746,0.9148304145167746,1.3208604451391623
T000034,2.5317447820492927,2.5317447820492927,1.9853846290189727,2.399113804581795,2.4155228008341334,1.9628707042327918,1.9628707042327918,2.4155228008341334,2.4155228008341334,2.4155228008341334,1.8102031480398835,2.6623747951132226
T000035,4.574531737773153,1.1220953746813414,1.6511761495608512,1.4030586269297036,1.595744673587556,1.595744673587556,1.595744673587556,1.4155331647471772,1.4155331647471772,1.4155331647471772,1.4155331647471772,1.4155331647471772
T000036,1.7388512719361868,1.4164299428406861,1.7388512719361868,1.428399575192752,1.428399575192752,2.1607229173608897,2.1607229173608897,1.2257369987752327,1.5578864264593162,1.557948676373545,1.557948676373545,1.557948676373545
T000037,2.958221062906719,1.552910052910053,2.964235744332904,2.1652914832318944,3.1559887912984323,3.1559887912984323,2.889721631490098,2.837357712083117,2.8851540606688904,2.8851540606688904,2.8851540606688904,2.8574994277288637
T000038,2.155553820448403,2.155553820448403,2.1050542462840403,2.125493344405333,2.249060196371637,2.249060196371637,2.249060196371637,2.0654993888075635,2.0654993888075635,2.164605715622751,2.174914804782643,2.154802645891734
T000039,3.17172600926172,3.17172600926172,3.17172600926172,3.17172600926172,3.358425172973832,3.314430522412105,3.35468753702376,3.2509197564495538,2.83656449867053,2.83656449867053,2.83656449867053,2.83656449867053
T000040,1.2894357744529603,1.237617183803169,1.2276104598403015,1.2276104598403015,1.2196941513565498,1.2655608378955747,1.4268348209048365,1.4268348209048365,1.4268348209048365,1.4268348209048365,1.4268348209048365,1.4268348209048365
T000041,0.47152282332088313,0.47152282332088313,0.47152282332088313,0.47152282332088313,0.5910625418886062,0.5910625418886062,0.4550430654892709,0.5008425557536893,0.5008425557536893,0.5593106429409312,0.5593106429409312,1.309961373093241
T000042,0.5090853414073521,0.5090853414073521,0.5090853414073521,0.5090853414073521,0.5090853414073521,0.6322944197576573,0.4727997854506314,0.5404881934637515,0.5404881934637515,0.588671668234565,0.588671668234565,1.27341315495531
T000043,0.556081843693889,0.556081843693889,0.556081843693889,0.556081843693889,0.556081843693889,0.556081843693889,0.556081843693889,0.5626439252842995,0.5626439252842995,0.5546371508653765,0.5546371508653765,1.1990486808676635
T000044,0.5433808665424532,0.5433808665424532,0.5433808665424532,0.5433808665424532,0.5433808665424532,0.5433808665424532,0.5433808665424532,0.5433808665424532,0.58694673088185,0.58694673088185,0.58694673088185,0.5865846811137437
T000045,0.3514087933561218,0.4010579384236669,0.4924222151619574,0.4924222151619574,0.4549976788676427,0.37383333568690674,0.33085607371568043,0.33085607371568043,0.33085607371568043,0.33085607371568043,0.33085607371568043,0.33085607371568043
T000046,1.8364895823448872,1.8364895823448872,1.8364895823448872,1.6943056846230218,1.7944800043672253,1.7868148104594224,1.7868148104594224,1.7893867807258201,1.7893867807258201,1.7893867807258201,1.7893867807258201,1.0532941587354347
T000047,1.8659935195019965,1.8956941340331306,1.7989476918615295,1.7989476918615295,1.813270125662234,1.2373370285419054,1.8243446839170223,1.8238653997546093,1.8243446839170223,1.8243446839170223,1.6787016342950254,1.1502631959134106
T000048,0.723177931677076,0.723177931677076,0.723177931677076,1.2489949881618003,0.5996552543331131,0.5996552543331131,0.7264067963487371,0.7264067963487371,0.7264067963487371,0.7264067963487371,0.7264067963487371,0.7264067963487371
T000049,0.383356206105501,0.383356206105501,0.383356206105501,0.3580903876251787,0.39682594346786115,0.49983720266483594,0.40124845427048533,0.40124845427048533,0.40124845427048533,0.40124845427048533,0.3813943313557488,0.3811621492897839
T000050,0.3947050395134313,0.5497855133930412,0.4209540275759001,0.288202333529453,0.24895061745871294,0.3361938459713911,0.3361938459713911,0.36007791543041406,0.36007791543041406,0.36007791543041406,0.37284544171081363,0.3347613893351866
T000051,0.34505669737774647,0.34505669737774647,0.34505669737774647,0.2813099646130324,0.2813099646130324,0.2813099646130324,0.2813099646130324,0.5856577629961816,0.5856577629961816,0.7032824117735982,0.7032824117735982,0.7032824117735982
T000052,0.5153988903242389,0.5153988903242389,0.5153988903242389,0.5153988903242389,0.5153988903242389,0.5153988903242389,0.5153988903242389,0.5356503858052699,0.5764126271389658,0.5368079332585315,0.5368079332585315,0.5319769050892786
T000053,0.5806928461323307,0.5817820328172681,0.5748993494351549,0.5806928461323307,0.38767535494371647,0.5806928461323307,0.5806928461323307,0.5806928461323307,0.5806928461323307,0.5806928461323307,0.5806928461323307,0.4241729800673659
T000054,0.44934464545510894,0.23495101456223894,0.31619273348468646,0.22278615121161666,0.23703722126525567,0.39518662263257087,0.43132174982566845,0.4331095207488829,0.3622906085021748,0.39518662263257087,0.39518662263257087,0.3509205372235503
T000055,0.5932986573953205,0.5932986573953205,0.5932986573953205,0.47413078149321136,1.1221540802471688,0.4480655427217297,1.1221540802471688,0.9158958277296902,0.9580497558332403,0.44843190673653843,0.9580497558332403,0.7241516390543821
T000056,1.1242228061468942,1.1242228061468942,1.1242228061468942,0.7913052050000723,1.136329790252706,0.6616122370997415,0.6616122370997415,0.6616122370997415,0.7560169942226673,0.7560169942226673,1.0524049478251947,1.0458940801395589
T000057,0.8459740563281526,0.8459740563281526,0.8459740563281526,0.854232221690275,1.2545021480322502,1.2545021480322502,1.3311518483598996,1.3311518483598996,1.3311518483598996,1.3311518483598996,1.2904582893471184,1.2904582893471184
T000058,0.44036367986601266,0.44036367986601266,0.44036367986601266,0.9697965496274561,0.9697965496274561,0.5481034253236159,0.5666352080093487,0.3557190685824844,0.3557190685824844,0.3557190685824844,0.3557190685824844,0.3557190685824844
T000059,0.5962656933032827,0.5962656933032827,0.5962656933032827,0.5684881225532837,0.5684881225532837,0.5684881225532837,0.5684881225532837,0.5684881225532837,0.5684881225532837,0.5684881225532837,0.609354388253572,0.6302094249370898
T000060,0.41375577138397,0.41375577138397,0.7012564700828678,0.7012564700828678,0.7012564700828678,0.6147476710972803,0.6147476710972803,0.4929269970341064,0.4929269970341064,0.4929269970341064,0.4922693603427375,0.4674688990196804
T000061,1.0855273653864939,1.0855273653864939,1.3040227402099247,1.123794059803501,1.044476702710866,1.3040227402099247,1.3111556332726684,1.044476702710866,1.044476702710866,1.044476702710866,1.044476702710866,1.0855273653864939
T000062,3.514967868572789,3.514967868572789,3.4750246773539826,4.003812287708261,4.003812287708261,3.942603403619788,3.942603403619788,3.230042781769061,3.589264624954879,3.589264624954879,3.589264624954879,3.3346161438914006
T000063,1.105042095265579,1.105042095265579,1.105042095265579,1.105042095265579,1.0814659864965777,1.0814659864965777,1.0814659864965777,1.0814659864965777,1.0814659864965777,0.9359566734557326,0.9359566734557326,1.1425932372475298
T000064,0.9627984859177027,0.9627984859177027,0.9627984859177027,0.6376915007488574,0.8372209583891765,0.8372209583891765,0.707454986816441,0.707454986816441,0.707454986816441,0.707454986816441,0.7719334805608157,0.9535717726810187
T000065,0.5738248188978173,0.5188084136988946,0.6448463327657232,0.6366344409809633,0.6366344409809633,0.6366344409809633,0.5101184009664883,0.5090302133603187,0.5090302133603187,0.5090302133603187,0.5101184009664883,0.613998801619725
T000066,0.9101619243702439,0.9101619243702439,0.9101619243702439,0.46466112882251254,0.5043104884993661,0.5043104884993661,0.8437950407784276,0.8437950407784276,0.8437950407784276,0.8437950407784276,0.8437950407784276,0.8887651175792747
T000067,0.721122747335344,0.721122747335344,0.9856496006720016,0.9856496006720016,0.8553930045987463,0.8513255401040726,0.8963987582995717,0.8963987582995717,0.9177171811717492,0.8963987582995717,0.8423508536898778,0.9779730127284767
T000068,0.6698024035832144,0.7774806048502557,0.7774806048502557,0.7019690326323887,0.7605956892205487,0.8220955067199905,0.7272967666225172,0.7352475161191206,0.7352475161191206,0.7352475161191206,0.810589762637843,0.6919358152110994
T000069,0.7646854273995715,0.7173350554280337,0.8168387469590549,0.752485842415059,0.752485842415059,0.752485842415059,0.752485842415059,0.8071526467534275,0.7716228347220808,0.7468762024496132,0.8836108837268326,0.7873889992725572
T000070,0.8911864189116846,0.8911864189116846,0.8058580779190797,0.8058580779190797,0.8570908684462256,0.7104715019387376,0.8317960111189133,0.8317960111189133,0.8317960111189133,0.856811926726847,0.85224182812073,0.85224182812073
T000071,1.819407740519554,1.7705194514246236,1.8133439794800754,1.72405138348602,1.8979772301405438,1.8979772301405438,1.8979772301405438,1.9012356868398024,1.9012356868398024,1.9012356868398024,1.9012356868398024,1.829530594292686
T000072,0.3509797153960992,0.41547692260112634,0.6117518911579375,0.6117518911579375,0.4226279935738808,0.4226279935738808,0.36868763102755986,0.36868763102755986,0.36868763102755986,0.4226279935738808,0.4226279935738808,0.4226279935738808
T000073,0.5419561953974905,0.5419561953974905,0.5419561953974905,0.5419561953974905,0.5419561953974905,0.7150190057020586,0.5088605601651298,0.5088605601651298,0.4091578955673559,0.4091578955673559,0.4091578955673559,0.5230160161761183
T000074,0.6799587493551873,0.6967079623469655,0.7041650495872425,0.7041650495872425,0.7408059064801557,0.7289365239530153,0.7289365239530153,0.7596148337370452,0.7289365239530153,0.6884550018209981,0.6884550018209981,0.6986627248269165
T000075,0.40532291896957573,0.48628864889261114,0.3439247277986777,0.6252578332970948,0.6252578332970948,0.4911203151167349,0.4911203151167349,0.4911203151167349,0.5415121862145491,0.447535927107461,0.447535927107461,0.40270332885607224
T000076,1.1437276696082102,1.1437276696082102,0.8080434788927088,1.1189303499607475,1.1189303499607475,1.0731490015092484,1.0731490015092484,1.0197399974297814,1.0197399974297814,1.122557493041227,1.122557493041227,0.923278413659372
T000077,0.7298460124612618,1.085654993949288,1.3378379551991904,1.05247467943764,1.0730492753532965,1.05247467943764,1.05247467943764,1.05247467943764,1.05247467943764,0.7313158749709894,0.7313158749709894,1.118074760969773
T000078,0.4787902068969203,0.43555632300688557,0.36297332742223803,0.43233747496017727,0.44199173802622366,0.44199173802622366,0.4451396809607844,0.4451396809607844,0.372805814308748,0.5470360796076023,0.5470360796076023,0.5944985096520269
T000079,0.2861966807182403,0.4225410868876228,0.2872214402480197,0.38470909150571525,0.279544889910759,0.279544889910759,0.38470909150571525,0.41241568624843034,0.41241568624843034,0.41241568624843034,0.41241568624843034,0.4640078713213645
T000080,0.4813074293085691,0.4813074293085691,0.4813074293085691,0.5479827067117643,0.7668332772777304,0.5479827067117643,0.6131785489020424,0.6184866079546774,0.6184866079546774,0.6184866079546774,0.6868277368898242,0.7488332388372998
T000081,1.7371375148157542,1.69220296013179,1.6228358337681836,1.6228358337681836,1.6228358337681836,1.6228358337681836,1.6228358337681836,1.7367468893176303,1.7272515321472688,1.7160260946924288,1.7160260946924288,1.7349686390959589
T000082,1.301204277615263,1.301204277615263,1.301204277615263,1.301204277615263,0.595284436080391,1.4844624722046453,0.6477975510665469,0.6477975510665469,1.058051083979496,0.6423773363424229,0.6423773363424229,0.3677761099430609
T000083,0.8584456709960485,0.7497721004532921,0.7497721004532921,0.6928852943531384,0.6928852943531384,0.6928852943531384,0.7036771248010276,0.6771038564798433,0.6771038564798433,0.695850559868515,0.695850559868515,0.7876417293848181
T000084,0.5272253844386681,0.5272253844386681,0.5272253844386681,0.572787436341895,0.5341916366523172,0.5612142901304737,0.5660651586424619,0.5909439194565177,0.5909439194565177,0.6660050057811985,0.6660050057811985,0.6675814549003461
T000085,0.6762175366475943,0.726881834978392,0.7242513121318995,0.7242513121318995,0.9977902043832543,0.8387258349457055,0.6839866647179202,1.0001712471529027,1.0001712471529027,1.0001712471529027,1.0001712471529027,1.0177699764663284
T000086,1.3241825908401643,1.0388289407751738,0.9772254415282537,0.9772254415282537,1.2852207299871028,1.3882011508044831,1.3882011508044831,1.3882011508044831,1.3882011508044831,1.3882011508044831,1.3882011508044831,1.3174986580661487
T000087,0.9994101523858755,0.9994101523858755,0.7690542386109624,0.7690542386109624,0.9361378196453765,0.630203345115916,0.630203345115916,0.9361378196453765,0.9203211018823044,0.9203211018823044,0.9203211018823044,0.9612321937371223
T000088,1.2427521675762954,1.2427521675762954,1.2427521675762954,1.2279052725541815,1.030160488727358,1.0144792713549269,1.0144792713549269,1.0144792713549269,1.0630323678999487,1.068467010524742,1.068467010524742,1.1145582801325202
T000089,0.7819515604517815,0.5012873805751685,0.5012873805751685,0.521311609978114,0.5360640202871597,0.521311609978114,0.521311609978114,0.521311609978114,0.5400535893307828,0.5049807079366636,0.5375154278957293,0.4844454258213099
T000090,0.7910716525064958,0.7910716525064958,0.7910716525064958,0.4630682457303733,0.8600335230027314,0.4630682457303733,0.4895764883592625,0.4630682457303733,0.5214420656908795,0.4892816069456972,0.7918424824705067,0.8252357065915159
T000091,0.3676359576891698,0.3676359576891698,0.33597106596596277,0.3676359576891698,0.3898170826985623,0.36874217394389125,0.5296081142453882,0.3254519287236464,0.39061100429817014,0.53531388260983,0.53531388260983,0.5929195849514464
T000092,0.48703896173589734,0.5163127803652313,0.5163127803652313,0.46039653039368844,0.7692611821785672,0.54979367941633,0.54979367941633,0.48661991209795546,0.48661991209795546,0.611139155037539,0.611139155037539,0.611139155037539
T000093,1.7224479178595011,1.7224479178595011,1.7224479178595011,1.7224479178595011,1.6578670498843353,1.6578670498843353,1.6578670498843353,0.9459227866914439,0.9459227866914439,0.9459227866914439,0.9459227866914439,1.2238342654039036
T000094,0.4381767756618251,0.4381767756618251,0.4381767756618251,0.4381767756618251,0.4183073022017665,0.4183073022017665,0.4183073022017665,0.5482403787461682,0.5482403787461682,0.5482403787461682,0.5482403787461682,0.5482403787461682
T000095,0.32256202199616746,0.32256202199616746,0.32256202199616746,0.32256202199616746,0.49958520634435805,0.49958520634435805,0.49958520634435805,0.7274266127886663,0.7274266127886663,0.7274266127886663,0.7274266127886663,0.6085687469866133
T000096,0.4340488951885929,0.4340488951885929,0.4340488951885929,0.4340488951885929,0.4009806882992232,0.3727495798208879,0.4002202683625238,0.4002202683625238,0.4002202683625238,0.4002202683625238,0.4002202683625238,0.3650423362709522
T000097,0.4242975558318436,0.4968470797794503,0.4968470797794503,0.4968470797794503,0.5363454905088448,0.21361928636863564,0.20063972967209082,0.20063972967209082,0.306324775620177,0.21785169666441392,0.21785169666441392,0.35503915674244574
T000098,0.1646511734659271,0.2983116817328872,0.2983116817328872,0.2983116817328872,0.40296162271901054,0.5038874516478116,0.3328328188393784,0.3328328188393784,0.3328328188393784,0.3328328188393784,0.3328328188393784,0.3294168536200455
T000099,0.9709584787596588,0.9709584787596588,0.9709584787596588,1.0358864512899928,0.9470908859178869,1.0527512185531467,1.1177750485986124,1.1486117692516413,1.148682889631446,1.148682889631446,1.170844564155631,1.1477910174816452
T000100,0.39925256867638886,0.39925256867638886,0.39925256867638886,0.39925256867638886,0.39925256867638886,0.39925256867638886,0.37168033824316216,0.3546938755132116,0.3546938755132116,0.3546938755132116,0.3546938755132116,0.3546938755132116
T000101,0.5859755957967996,0.5859755957967996,0.5859755957967996,0.5588363954332588,0.55247670672774,0.5588363954332588,0.55247670672774,0.55247670672774,0.4889897134777954,0.44902760071737735,0.44902760071737735,0.4639520941708331
T000102,0.9941856386505161,0.9941856386505161,0.9953421388273034,0.9960367399109217,0.9868295853333022,1.0203587384308686,1.0203587384308686,1.0203587384308686,1.124845446991485,1.124845446991485,1.0024432752910293,1.0028723556050954
T000103,2.035738993972631,2.035738993972631,2.035738993972631,1.8986379546560375,1.2051955613206455,1.300503864196477,1.300503864196477,1.300503864196477,1.300503864196477,1.225565109280613,2.0954306068182067,1.9283576350384635
T000104,0.5423949363314352,0.5423949363314352,0.5423949363314352,0.6190292314855587,0.6190292314855587,0.6190292314855587,0.6454992043730285,0.6454992043730285,0.6478161846315614,0.6478161846315614,0.6478161846315614,0.5971538607524695
T000105,0.4984047887927058,0.4984047887927058,0.4984047887927058,0.5465490608358518,0.5465490608358518,0.5661819723536855,0.5661819723536855,0.5661819723536855,0.5661819723536855,0.5661819723536855,0.5661819723536855,0.5661819723536855
T000106,0.6903437879365002,0.5585618807335857,0.4051846901744453,0.6329387363608344,0.4238617231286019,0.6329387363608344,0.4238617231286019,0.4238617231286019,0.4238617231286019,0.4238617231286019,0.4238617231286019,0.3859153854562099
T000107,0.3984562812111153,0.3984562812111153,0.3984562812111153,0.4480974468359331,0.4480974468359331,0.4480974468359331,0.45956882152349826,0.45956882152349826,0.45956882152349826,0.45956882152349826,0.45956882152349826,0.45956882152349826
T000108,1.293846905054492,1.293846905054492,2.54128193105015,2.54128193105015,2.54128193105015,2.171952178176729,2.2687889784936788,2.2687889784936788,2.1241749886151404,2.1241749886151404,2.1241749886151404,1.8960767085076027
T000109,0.6001516557217103,0.6001516557217103,0.6001516557217103,0.6001516557217103,0.6567160774132836,0.6567160774132836,0.6567160774132836,0.6210085129676061,0.6210085129676061,0.6210085129676061,0.646253206394231,0.5990292184130528
T000110,0.41111222606936904,0.41111222606936904,0.41111222606936904,0.41111222606936904,0.32927797009762144,0.32927797009762144,0.3366820920748864,0.31871482336957596,0.21292367429543013,0.21292367429543013,0.21292367429543013,0.20869341203448039
T000111,1.6227926827992503,1.7350462381918512,1.7350462381918512,1.7350462381918512,1.7350462381918512,0.786899299497007,0.786899299497007,0.786899299497007,1.7350462381918512,0.35469509526289594,0.35469509526289594,1.7921692458949003
T000112,1.2484523946032733,1.2484523946032733,1.2484523946032733,1.267233083004679,1.267233083004679,1.1601199812245018,1.298332391264292,1.4186025228823174,1.4186025228823174,1.2557480746925147,0.5940827195816091,1.0101555435894596
T000113,0.5538080244603562,0.6335566269790106,0.48974754127504116,0.5222351876758249,0.5222351876758249,0.6006499902604338,0.5226341048166516,0.5226341048166516,0.5226341048166516,0.5926819176874846,0.5907519675850038,0.5907519675850038
T000114,2.174855111049813,2.174855111049813,2.174855111049813,1.878481381244913,3.0963357027235006,3.0963357027235006,2.604847066047509,2.604847066047509,1.299220353626147,1.299220353626147,1.299220353626147,2.0857011896764295
T000115,0.44335238811932454,0.44335238811932454,0.44335238811932454,0.44335238811932454,0.38599107930217713,0.5280338458183889,0.5280338458183889,0.44538615169892243,0.38667889655571036,0.38667889655571036,0.38667889655571036,0.486625528772062
T000116,0.43324998497109185,0.573918582009453,0.573918582009453,0.573918582009453,0.45468381225852655,0.45468381225852655,0.7139979906061574,0.5590911219239185,0.5848327000855811,0.5848327000855811,0.5848327000855811,0.5848327000855811
T000117,0.27083621741272634,0.3431587080351831,0.3603165794940594,0.3603165794940594,0.5961438042581267,0.33130646045332884,0.48597413112143034,0.46871951430958286,0.46871951430958286,0.46871951430958286,0.4639011520509001,0.4715233128215741
T000118,0.5333135383800797,0.5333135383800797,0.5333135383800797,0.5171809729873497,0.5171809729873497,0.5087613856381519,0.5087613856381519,0.5087613856381519,0.5045810789724295,0.5045810789724295,0.6248942242707631,0.6248942242707631
T000119,0.4867327406372812,0.4867327406372812,0.6483079559235428,0.6483079559235428,0.6483079559235428,0.6483079559235428,0.6483079559235428,0.5257770079241676,0.3455702403958743,0.3473276806751955,0.3473276806751955,0.4074235760541626
T000120,0.429525161092897,0.429525161092897,0.429525161092897,0.4961727580198368,0.4961727580198368,0.4961727580198368,0.4961727580198368,0.4961727580198368,0.4961727580198368,0.5227638583365612,0.5068944612099778,0.6574463305770861
T000121,0.32682710168742785,0.6337536023972474,0.3640813654704642,0.36344930934725184,0.36344930934725184,0.36344930934725184,0.3606809368731482,0.3606809368731482,0.3606809368731482,0.6921891892648482,0.68544631780207,0.6658935170390083
T000122,0.9011949331579635,0.9011949331579635,0.6406186630678331,0.6406186630678331,0.6406186630678331,0.6406186630678331,0.6406186630678331,0.6406186630678331,0.655962093263503,0.6575641674350424,0.6575641674350424,0.7010416646922714
T000123,0.32682710168742785,0.6337536023972474,0.3640813654704642,0.36344930934725184,0.36344930934725184,0.36344930934725184,0.3606809368731482,0.3606809368731482,0.3606809368731482,0.6921891892648482,0.68544631780207,0.6658935170390083
T000124,0.8083483913394047,0.8083483913394047,0.8454009508149933,0.8454009508149933,0.8454009508149933,0.8454009508149933,0.8561782600013027,0.8561782600013027,0.8561782600013027,0.8561782600013027,0.34771059695132234,0.6717461628398448
T000125,0.9129567683112974,0.48893025005576846,0.48893025005576846,0.48893025005576846,0.561339471778472,0.561339471778472,0.5241712485089972,0.5241712485089972,0.5827543454303853,0.5827543454303853,0.5827543454303853,0.5827543454303853
T000126,0.3942766746589344,0.3942766746589344,0.3942766746589344,0.3851551708309248,0.3851551708309248,0.38936967181577076,0.38936967181577076,0.41440741705156153,0.41440741705156153,0.41440741705156153,0.4415544697761777,0.5078440403501914
T000127,1.1234757579581978,0.41489030244539526,0.41489030244539526,0.41489030244539526,0.41489030244539526,0.37996305629912264,0.6651129121210759,0.6651129121210759,0.3640508315269027,0.3640508315269027,0.3640508315269027,0.30426209616398703
T000128,0.36034518190751336,0.3813756438771868,0.35790879621024807,0.36633752425611066,0.3600801661251457,0.3600801661251457,0.3600801661251457,0.3600801661251457,0.3774971563116649,0.3600801661251457,0.3600801661251457,0.4013402066446285
T000129,0.4167217591938194,0.4167217591938194,0.4167217591938194,0.4167217591938194,0.4167217591938194,0.4597752957729613,0.4597752957729613,0.8398923167865311,0.8344734403808807,0.8344734403808807,0.8344734403808807,0.7278541813597165
T000130,0.219788860255481,0.219788860255481,0.219788860255481,0.219788860255481,0.1901774277758652,0.25597551344878183,0.1901774277758652,0.18060207738980444,0.13480240219866454,0.13480240219866454,0.13480240219866454,0.11530333660525971
T000131,0.4253974433345037,0.3754006818884885,0.3754006818884885,0.5822168156015696,0.5822168156015696,0.5822168156015696,0.5461448963321194,0.5461448963321194,0.4805764481675194,0.4805764481675194,0.4318297584795936,0.3780095939875895
T000132,2.341458766128571,2.341458766128571,1.2491230525021546,1.2341562787106326,1.2341562787106326,1.2341562787106326,1.4297033202191587,1.4297033202191587,1.4162525584219419,1.4162525584219419,1.4162525584219419,1.2931445234328842
T000133,1.9247435857467976,0.9234937426682623,0.9289981781109897,0.9078568276588561,0.9078568276588561,0.9078568276588561,0.9078568276588561,0.9111920206355949,0.9111920206355949,0.9111920206355949,0.9168717711084771,0.937352586704322
T000134,1.506793334040972,1.506793334040972,1.53464511847661,1.169023403486899,1.210854445311599,1.210854445311599,1.210854445311599,1.1357425898709095,1.1290310891478412,1.1290310891478412,1.1290310891478412,0.8146423551012681
T000135,0.520685632850346,0.520685632850346,0.5237302726653249,0.3959805716898494,0.5216518861204149,0.5216518861204149,0.5237302726653249,0.4606434007848155,0.4606434007848155,0.4606434007848155,0.4606434007848155,0.4606434007848155
T000136,1.2625163881568624,1.2625163881568624,1.0077855941998803,1.0077855941998803,1.0077855941998803,0.8482294615565366,0.8482294615565366,0.8482294615565366,0.7405700061407876,0.7405700061407876,0.7405700061407876,0.854591259488436
T000137,1.0994492887662914,1.0994492887662914,0.9457824168836859,0.9457824168836859,1.0367012178094048,0.8039121886554056,0.8039121886554056,0.990134607532644,0.990134607532644,1.3157783445204423,1.3157783445204423,1.0863366620205543
T000138,0.8827028328082872,0.8827028328082872,0.7694631687339071,0.74650064769743,0.7573273237261074,0.7720550476534975,0.7573273237261074,0.7037219021301095,0.9300033345960386,1.05996580028276,0.874162001713035,0.9189396258966519
T000139,0.5463386313959768,0.5463386313959768,0.5463386313959768,0.5463386313959768,0.6262060485501124,0.5543091211153736,0.4937974830493099,0.6404748695181527,0.47550589103561436,0.47550589103561436,0.47550589103561436,0.47550589103561436
T000140,1.0248424022184843,1.0248424022184843,1.0459373650152068,1.0165751717326794,1.0490088632562984,1.0490088632562984,1.0490088632562984,1.0490088632562984,1.0534595941430989,1.045946422105779,1.045946422105779,1.0829328212679943
T000141,1.5943114049773242,1.5943114049773242,1.5943114049773242,0.8296820832583499,0.8296820832583499,0.7077256690289395,0.7077256690289395,0.5801306430596438,0.5801306430596438,0.5288202550729248,0.5464078176712968,0.5494527668287155
T000142,0.5655141831300907,0.5655141831300907,0.5655141831300907,0.7149817052020192,0.7149817052020192,0.5866119262126297,0.4736469797810949,0.4736469797810949,0.4736469797810949,0.5718411251684825,0.5718411251684825,0.711803135488318
T000143,1.2276565786572982,1.2276565786572982,1.2276565786572982,1.2276565786572982,1.2276565786572982,0.8812692118939746,0.8170673741352864,0.5905134944077626,0.6414292174296135,0.5905134944077626,0.5905134944077626,1.0951118152593016
T000144,0.39623112666807664,0.4475104024443226,0.4557289590466575,0.44829862552008237,0.45482455762378504,0.45482455762378504,0.4557289590466575,0.45314462932933824,0.44639166269777625,0.44639166269777625,0.44639166269777625,0.4452424025667906
T000145,2.486013086619042,2.1842166167952857,2.1842166167952857,2.2952388313887506,2.2952388313887506,2.1977991398970618,2.291220064409369,2.3244262307201393,2.3244262307201393,2.3244262307201393,2.3244262307201393,2.256324976409312
T000146,0.7023384787627027,0.7023384787627027,0.7023384787627027,0.6242531874661296,0.7897951734026993,0.7897951734026993,0.7911553002109823,0.7911553002109823,0.7911553002109823,0.7911553002109823,0.7911553002109823,0.7911553002109823
T000147,0.8064189810557293,0.8064189810557293,0.2435826997853164,0.2435826997853164,0.25817844867368267,0.25817844867368267,0.25817844867368267,0.22705536141254368,0.22705536141254368,0.22705536141254368,0.22705536141254368,0.1712073247858015
T000148,0.32937365488241116,0.3854984275258546,0.3146285869795379,0.3146285869795379,0.3844826804197291,0.3412792834098258,0.3894206579747148,0.3412792834098258,0.3412792834098258,0.31891596352044377,0.31891596352044377,0.32494823656932065
T000149,0.7941685080995304,0.7845165697327495,0.896548816569509,0.896548816569509,0.8505716823713549,0.8505716823713549,0.8505716823713549,0.6375695432998845,0.6375695432998845,0.6375695432998845,0.6375695432998845,0.8591287928390028
T000150,0.3575981103776867,0.497436933005677,0.497436933005677,0.497436933005677,0.6502451404499099,0.6502451404499099,0.6502451404499099,0.755116583344724,0.755116583344724,0.755116583344724,0.755116583344724,0.6129954211576097
T000151,0.6860794175306975,0.6860794175306975,0.46819367847087506,0.5929474701190365,0.5482889957908436,0.38467889856559356,0.4916047921305679,0.4916047921305679,0.4916047921305679,0.4916047921305679,0.4916047921305679,0.49196112741489956
T000152,0.4703225018211466,0.4703225018211466,0.4703225018211466,0.4703225018211466,0.4703225018211466,0.4703225018211466,0.4703225018211466,0.46807498167845796,0.4395990010908324,0.4395990010908324,0.4395990010908324,0.5034005910896661
T000153,0.8392103321033206,0.8392103321033206,0.47800110770920406,0.5508643388435166,0.5517788820660708,0.9363009998372275,0.9363009998372275,0.9363009998372275,0.9363009998372275,0.9363009998372275,0.44015721535860736,0.5445279410097176
T000154,0.3931737838370755,0.3931737838370755,0.3931737838370755,0.3111421253360561,0.4008957657980929,0.3001544450163419,0.3001544450163419,0.3001544450163419,0.3001544450163419,0.3001544450163419,0.3001544450163419,0.8640428015519952
T000155,0.2287042777433356,0.2287042777433356,0.2577191644602802,0.24035148702197187,0.22207138830089648,0.22207138830089648,0.22207138830089648,0.24744223262965118,0.24799767036595363,0.24799767036595363,0.3523223785597842,0.22207138830089648
T000156,0.290834596951073,0.290834596951073,0.6164751571764581,0.5035492017824058,0.578673215725208,0.578673215725208,0.5020502314540155,0.5020502314540155,0.5020502314540155,0.5020502314540155,0.4923035657244295,0.5035492017824058
T000157,0.8024402267685469,0.7973770678429545,0.7693370050514097,0.9128691478799023,0.9128691478799023,0.9128691478799023,0.9128691478799023,0.7960076924944779,0.7628829670996793,0.7216973233017281,0.7216973233017281,0.7391689465640704
T000158,0.266694973187406,0.266694973187406,0.3082314517825858,0.3082314517825858,0.3082314517825858,0.3013822939092442,0.3013822939092442,0.3013822939092442,0.3013822939092442,0.3013822939092442,0.3013822939092442,0.3108028924403353
T000159,0.9848347209482851,0.9848347209482851,0.7457456242930958,0.7457456242930958,0.6391640660151753,0.6391640660151753,0.7502036407148788,0.6050180488265601,0.6050180488265601,0.9357366523342979,0.9357366523342979,0.9916131991529863
T000160,0.3225813109675803,0.3225813109675803,0.3225813109675803,1.081471084226404,1.081471084226404,0.32507773476831675,0.3642777909107345,0.7804638440890588,0.7804638440890588,0.7804638440890588,0.7804638440890588,0.3642777909107345
T000161,0.6110497632590843,0.6110497632590843,0.6110497632590843,0.6919964006784572,0.5598427267724463,0.6253187916386261,0.6227969343720214,0.6227969343720214,0.5598427267724463,0.6143389984401406,0.7270025661763503,0.7270025661763503
T000162,0.672737690884488,0.672737690884488,0.7178585136741344,0.7579822035639983,0.7579822035639983,0.735624405949364,0.735624405949364,0.735624405949364,0.735624405949364,0.735624405949364,0.735624405949364,0.735624405949364
T000163,0.6472854759362588,0.635534107662239,0.6131521509095939,0.6131521509095939,0.6131521509095939,0.6326056249219237,0.6326056249219237,0.6326056249219237,0.6156467063004074,0.6156467063004074,0.6156467063004074,1.2603286125265378
T000164,2.122697725668068,2.122697725668068,2.122697725668068,2.122697725668068,2.6400504901447994,2.6400504901447994,2.3273665985218366,2.3273665985218366,2.3273665985218366,2.3273665985218366,2.3273665985218366,2.3273665985218366
T000165,1.2491641093757153,1.2491641093757153,1.2491641093757153,1.2491641093757153,1.0083143723893453,1.0083143723893453,1.272920844249667,0.9427695332278414,0.9753014884046141,0.9753014884046141,0.9753014884046141,0.9911143681582925
T000166,1.4034461134258562,1.4110687509025548,1.4110687509025548,1.3555372376980361,1.3555372376980361,1.4011849696230603,1.4455710900198189,1.4455710900198189,1.4455710900198189,1.4455710900198189,1.4455710900198189,1.3699221617175177
T000167,1.2844495765973825,1.2844495765973825,1.2844495765973825,1.2844495765973825,0.9638677562494736,0.8300306125318858,0.8300306125318858,0.8300306125318858,0.8300306125318858,0.8300306125318858,0.8300306125318858,0.9702121764523562
T000168,0.6610357478030884,0.6610357478030884,0.6610357478030884,0.6610357478030884,0.6559755397465218,0.5877138459646678,0.599367269141829,0.599367269141829,0.599367269141829,0.599367269141829,0.599367269141829,0.6086112620930076
T000169,1.3650742421208286,1.3650742421208286,0.6824996984572842,0.6824996984572842,1.2087408486256341,1.2044649418089353,1.2044649418089353,0.9979717219865786,0.9979717219865786,1.3313311738038773,1.0838916509461511,1.2008350265219427
T000170,2.482589841728691,2.482589841728691,2.482589841728691,2.482589841728691,1.273190770887773,1.4554351477111676,1.8965929772461159,1.8965929772461159,1.8758315889881199,1.8758315889881199,1.8758315889881199,2.1952035733443935
T000171,0.8031625005888651,0.8055527722244228,0.8055527722244228,0.4846108140225789,0.4846108140225789,0.5521545419510057,0.5388915860791271,0.5548364370766659,0.5709492001362467,0.5709492001362467,0.5511102543739071,0.5135373799372217
T000172,1.530990104221498,1.530990104221498,1.530990104221498,2.7020452593428805,3.3475323368347865,3.3475323368347865,2.517964396999525,2.517964396999525,1.8881857546968097,1.9067935050170084,1.9067935050170084,2.7020452593428805
T000173,0.9125988086103942,0.8994482256092522,0.8994482256092522,0.579060272180666,0.579060272180666,0.579060272180666,0.579060272180666,0.6436730793363361,0.6132368593402465,0.6132368593402465,0.6132368593402465,0.6189310797950038
T000174,0.9577609713433143,0.6895635853006716,0.7356874847705438,0.7356874847705438,0.7285563974480523,0.7573432336752127,0.7573432336752127,0.7573432336752127,0.8549983658032861,0.8549983658032861,0.8549983658032861,0.8584686868396777
T000175,0.5996197188638122,0.5282764419322791,0.4587388445462294,0.4587388445462294,0.4587388445462294,0.32871491102275946,0.3071209031228258,0.46987478536963057,0.46987478536963057,0.5021051320273041,0.5021051320273041,0.4845052146316105
T000176,0.4167569386250177,0.5466608678092376,0.5466608678092376,0.5466608678092376,0.5466608678092376,0.5466608678092376,0.6431013328194558,0.32945729593959233,0.32945729593959233,0.32945729593959233,0.32945729593959233,0.4181835114798872
T000177,0.7772534188784637,0.7136535408008601,0.7187560957950764,0.6432872885148087,0.6432872885148087,0.6432872885148087,0.6535587423926601,0.3980021340403919,0.3980021340403919,0.3821155237368584,0.3821155237368584,0.4243855233984464
T000178,0.3074623927527101,0.4903113025527682,0.4903113025527682,0.29401254464769894,0.29401254464769894,0.33729277569813615,0.3386578859534221,0.42560705992139347,0.4103665943819928,0.4103665943819928,0.4103665943819928,0.4103665943819928
T000179,0.580560543278035,0.580560543278035,0.580560543278035,0.2537649997128558,0.21889368500060755,0.21889368500060755,0.21889368500060755,0.2721032933789203,0.2721032933789203,0.2721032933789203,0.2721032933789203,0.2790292737964145
T000180,0.3567445190046925,0.3567445190046925,0.3567445190046925,0.3567445190046925,0.3567445190046925,0.3567445190046925,0.3567445190046925,0.33502726790181914,0.3524733050967594,0.3524733050967594,0.3524733050967594,0.4424939184654177
T000181,0.9487832434446913,0.6033482373942847,0.6033482373942847,0.5456182251029358,0.5456182251029358,0.5456182251029358,0.5554257703308044,0.5554257703308044,0.4548867341412447,0.4548867341412447,0.4548867341412447,0.6007374080734303
T000182,0.9073498441808505,0.9073498441808505,0.7520503331542349,0.957641649645982,0.7690157411749509,0.7084412526227107,0.7084412526227107,0.7084412526227107,0.7040203807209519,0.7040203807209519,0.930008998758599,0.8812245974253934
T000183,1.2590233635657444,1.2590233635657444,1.2590233635657444,1.3171892089029358,1.3171892089029358,1.3171892089029358,1.1431913807415857,1.1431913807415857,0.9558586803832394,0.9558586803832394,0.9558586803832394,0.93836494187832
T000184,0.8573343427290736,0.8409172531815872,0.8433238075423611,0.8433238075423611,0.8433238075423611,0.8433238075423611,0.8124982298209069,0.9648993490000766,0.9648993490000766,0.9630631502586372,0.9630631502586372,0.9630631502586372
T000185,0.8495642043961434,0.8495642043961434,0.7464045070556699,0.8495642043961434,0.7710817137076761,0.7685139723954083,0.6736365825146383,0.6736365825146383,0.6120615426763957,0.6120615426763957,0.6120615426763957,0.6120615426763957
T000186,0.30685318962033603,0.30685318962033603,0.30685318962033603,0.30685318962033603,0.3356052433354691,0.3356052433354691,0.3356052433354691,0.3766691772923949,0.34196053031107126,0.34196053031107126,0.34196053031107126,0.3220492704419291
T000187,0.4911594132117969,0.39427218292362204,0.39427218292362204,0.4360823003355406,0.5203869782306049,0.41187293596128544,0.5225928553788691,0.5278933869204236,0.5278933869204236,0.5421716784190631,0.5421716784190631,0.47727099690470637
T000188,0.563788014015889,0.563788014015889,0.563788014015889,0.563788014015889,0.563788014015889,0.563788014015889,0.563788014015889,0.563788014015889,0.5631446854841261,0.5631446854841261,0.5631446854841261,0.648310137528198
T000189,0.7912458462898234,0.8033673279155163,0.808601224905171,0.9419917555256208,0.8965562564897858,0.6630574501180293,0.6953431543056732,1.0072772202804936,1.0072772202804936,1.0072772202804936,1.0586825838712939,0.7041419421832986
T000190,0.5314750580745639,0.5314750580745639,0.5314750580745639,0.6658942875364493,0.6658942875364493,0.5314750580745639,0.5314750580745639,0.5352082096242847,0.5352082096242847,0.430570303013522,0.430570303013522,0.5314750580745639
T000191,0.3282825923446409,0.3282825923446409,0.3282825923446409,0.3282825923446409,0.4919992618553191,0.46864463645285237,0.3458658230502871,0.3567526114790723,0.3567526114790723,0.3567526114790723,0.3567526114790723,0.3511603231537246
T000192,1.4943688643929864,1.4943688643929864,1.0843041592257192,1.0843041592257192,1.4731206466222833,1.4943688643929864,1.4498898592024119,1.2118085634902955,1.2118085634902955,1.2118085634902955,1.4165262369914713,1.4821527903846126
T000193,0.4416760515019276,0.4416760515019276,0.4416760515019276,0.4501568099611586,0.46394089604603306,0.46394089604603306,0.46394089604603306,0.5435966052397968,0.5435966052397968,0.5435966052397968,0.5435966052397968,0.6703851436025328
T000194,3.0139281703700362,3.0139281703700362,3.477980361909008,2.6801046837016917,3.130912742358228,2.6801046837016917,2.6801046837016917,2.6801046837016917,2.6801046837016917,2.6801046837016917,2.6672512969817963,3.335730162833985
T000195,0.6944209639710467,0.6944209639710467,0.6944209639710467,0.3530674165985887,0.21329038426738461,0.21329038426738461,0.3404552947746031,0.3404552947746031,0.3404552947746031,0.3404552947746031,0.3404552947746031,0.3138566358316824
T000196,1.0349202453055704,1.138001488143882,1.138001488143882,1.138001488143882,0.9671278295920861,0.7519083033048628,0.7519083033048628,0.7630834552161935,0.7630834552161935,0.7630834552161935,0.7630834552161935,0.7403590304425788
T000197,0.4071703157352639,0.3799134747382848,0.3799134747382848,0.3799134747382848,0.3799134747382848,0.3799134747382848,0.3762154057688725,0.3762154057688725,0.3762154057688725,0.3762154057688725,0.3762154057688725,0.3762154057688725
T000198,1.5738984369496596,1.4825951842982081,1.4825951842982081,1.4402702262542344,1.5062568888548982,1.1639782250555875,1.1639782250555875,1.1639782250555875,1.1639782250555875,1.1639782250555875,1.1639782250555875,1.3189760923739322
T000199,0.8389355907509709,0.8419190219998413,0.8475636219124839,0.8475636219124839,0.7445864441443802,0.8399583082714533,0.8399583082714533,0.7452367024222716,0.7452367024222716,0.7452367024222716,0.8399583082714533,0.7898031450774432
T000200,1.1210729390239214,1.1210729390239214,1.1210729390239214,1.152303092755538,1.152303092755538,1.2075548474228985,1.2075548474228985,1.2075548474228985,1.2075548474228985,1.201013172632761,1.2181868266524178,1.6196252198280554
T000201,0.8835878793497498,0.8875047576615736,0.8875047576615736,0.8875047576615736,0.8875047576615736,0.8217028291055944,0.8148680362338632,0.8148680362338632,0.8561446507308313,0.8077684869594195,0.8077684869594195,0.7720244103844888
T000202,1.3684937856961688,1.3684937856961688,1.3684937856961688,1.6283805482027913,0.8791475172914528,0.8791475172914528,1.221534163945607,1.221534163945607,1.221534163945607,0.870918109072656,0.870918109072656,1.0166859726577933
T000203,0.7637606824618641,0.7637606824618641,0.6705703053991022,0.6332508708857202,0.6332508708857202,0.6332508708857202,0.6600137228979767,0.6600137228979767,0.6600137228979767,0.6600137228979767,0.6344039181502181,0.6260288482798875
T000204,1.827324181494105,1.827324181494105,1.827324181494105,1.827324181494105,1.827324181494105,1.8484789186854818,1.8586809331974499,1.485623731650587,1.485623731650587,1.485623731650587,1.485623731650587,1.5537588054462301
T000205,1.430715662114573,1.430715662114573,1.1422006159606437,1.80358179069269,1.80358179069269,1.7851126017279961,1.7851126017279961,1.7768037570595756,1.4852626552977124,1.4852626552977124,1.2659049276179246,1.1083119650466646
T000206,0.8279332268398296,0.8279332268398296,0.8279332268398296,0.4560576279187963,0.4560576279187963,0.8279332268398296,0.44715950189591086,0.4560576279187963,0.4560576279187963,0.4560576279187963,0.4560576279187963,0.878530249356018
T000207,0.9383252470621886,0.838235522035611,0.9215674620066714,0.9215674620066714,0.838235522035611,0.9484189998998853,0.9484189998998853,0.9484189998998853,0.9348083825919903,0.9235919314434741,0.9235919314434741,0.9318803524761167
T000208,0.4388426089719395,0.4169564321039607,0.4198040528809761,0.43019577286745764,0.43019577286745764,0.46355449509844665,0.45419579500989543,0.45419579500989543,0.45419579500989543,0.46355449509844665,0.46355449509844665,0.4026870251181135
T000209,3.3629168293092726,3.3629168293092726,4.168410761085571,3.3333466572382178,3.3594691755255797,3.368548124902195,3.2065907913489062,3.3594691755255797,3.3594691755255797,3.2760554178684638,3.2760554178684638,3.4491309232944283
T000210,2.7164959242310003,2.7397128560322703,2.7776041829116203,2.712979718641782,2.712979718641782,2.7776041829116203,2.7776041829116203,2.7776041829116203,2.7800579698799774,2.7800579698799774,2.7800579698799774,2.805337818340344
T000211,0.7731052760710423,0.6891087790131647,0.7896401597476981,0.9377747788581748,0.9377747788581748,0.6177391782098427,0.6177391782098427,0.7496557556279965,0.7066716352591134,0.7066716352591134,0.7066716352591134,0.9743647748583053
T000212,1.2819537624912152,1.2819537624912152,1.2819537624912152,1.0604595608622611,1.0604595608622611,1.2492760811998118,1.2492760811998118,1.2492760811998118,1.2373713462806324,1.256637183706744,1.256637183706744,1.2070201479092257
T000213,2.2822281915567615,0.6942769945855589,0.6942769945855589,2.0284207741880866,2.0284207741880866,2.2822281915567615,2.2822281915567615,1.2660451685293272,2.1293126192225924,2.503234879912596,0.616011672225658,1.2083093017730808
T000214,0.5999305784131379,0.5999305784131379,0.5999305784131379,0.5999305784131379,0.5999305784131379,0.5999305784131379,0.5818497041653204,0.5818497041653204,0.5818497041653204,0.5818497041653204,0.5818497041653204,0.5748735402979663
T000215,3.14105796040097,3.14105796040097,2.6528768335971913,2.6528768335971913,2.7032703068430717,2.7032703068430717,2.7032703068430717,2.7032703068430717,2.9463277947361144,2.9463277947361144,2.2440279694013463,2.2440279694013463
T000216,0.9012280464480824,0.9012280464480824,0.9012280464480824,0.9012280464480824,1.0764305556576055,1.0782732465946743,1.0764305556576055,0.8588164915662417,0.8588164915662417,0.8588164915662417,0.8588164915662417,0.7016949061999723
T000217,1.0798094404151959,1.0798094404151959,1.0798094404151959,1.0798094404151959,1.0798094404151959,1.0016507491795097,1.0016507491795097,1.0016507491795097,1.0016507491795097,1.0016507491795097,1.0016507491795097,1.0076767714480286
T000218,1.023608065229297,1.029094285087155,1.029094285087155,1.1836425858966138,1.1836425858966138,1.1289367818635965,1.3205549393931035,1.2891180486222247,1.2891180486222247,1.2891180486222247,1.2891180486222247,1.3195525621792876
T000219,0.27579384894371894,0.27579384894371894,0.27579384894371894,0.27579384894371894,0.27579384894371894,0.27148254845126346,0.4295430594382147,0.3204125218685779,0.4295430594382147,0.3263207065458575,0.4248028005752584,0.3025906189246007
T000220,0.6976744186046533,0.6976744186046533,0.6976744186046533,0.5581395348837209,0.5537973055613192,0.43540521959940326,0.5537973055613192,0.5537973055613192,0.5905839167945056,0.5905839167945056,0.5905839167945056,0.4315901837656193
T000221,0.330508474576271,0.330508474576271,0.4313144190190736,0.4313144190190736,0.5146612213526661,0.5146612213526661,0.4315347655441184,0.4315347655441184,0.4315347655441184,0.4315347655441184,0.34598967606266845,0.4313144190190736
T000222,0.7641509433962271,0.7641509433962271,0.7641509433962271,0.7641509433962271,0.5527830584847794,0.5527830584847794,0.42015884892691996,0.5527830584847794,0.7030045920073168,0.7030045920073168,0.7030045920073168,0.7512733128850954
T000223,1.1964285714285712,1.1964285714285712,1.1964285714285712,0.6194433388156636,0.4548637266026509,0.4633541226775693,0.4633541226775693,0.4633541226775693,0.4633541226775693,0.4633541226775693,0.427807622453695,0.9206880964669762
T000224,2.1986577181208053,2.1986577181208053,2.1986577181208053,2.1986577181208053,1.6351782776680823,0.9516798710475142,0.9516798710475142,1.0729253490048398,1.7235557356013116,1.7235557356013116,1.7235557356013116,1.7454879134028745
T000225,0.40235891310839084,0.40235891310839084,0.40235891310839084,0.40235891310839084,0.3643756355269061,0.36038242750634775,0.379006018196006,0.379006018196006,0.379006018196006,0.379006018196006,0.379006018196006,1.0747513902340937
T000226,0.9350947731188967,0.9350947731188967,0.6228908040096125,1.2855243624762753,0.6706121506489703,0.6960844377878644,1.6964639803647397,0.7741038808745199,0.7741038808745199,0.7741038808745199,0.7741038808745199,0.6228908040096125
T000227,1.2677829535440008,1.2677829535440008,1.2677829535440008,1.2029218582000392,0.6144976750100893,1.2034023944513443,1.2636350363197106,1.2299048359646458,1.2299048359646458,1.2299048359646458,1.2299048359646458,0.2850381125906967
T000228,1.7942857142857136,3.894142020829965,3.6434612506351116,1.7942857142857136,1.5003255201511,1.1187570357507073,1.0138603147817191,0.6109283768152112,0.6109283768152112,0.9975957352803223,0.9975957352803223,5.012038391580564
T000229,1.6551724137931019,1.6551724137931019,1.6551724137931019,1.6551724137931019,1.1317733562921992,1.1317733562921992,1.2038761336093198,1.0965813668205322,1.0965813668205322,1.3082175622061587,1.3082175622061587,3.3839475160679737
T000230,0.2787707603660613,0.2787707603660613,0.31239073739333817,0.3085837731390813,0.3085837731390813,0.3085837731390813,0.20676942100709844,0.20676942100709844,0.20676942100709844,1.4739469266986391,1.4739469266986391,0.6727946441253632
T000231,1.0376183873417308,1.0376183873417308,1.0376183873417308,1.0376183873417308,1.0376183873417308,1.0376183873417308,1.0376183873417308,1.0376183873417308,1.039363378245085,1.026367499273147,1.0392592889095489,1.4513008012246407
T000232,0.9555234467668553,0.9555234467668553,0.725080658093264,0.6279253124168154,0.6279253124168154,0.6279253124168154,0.6279253124168154,0.6279253124168154,0.600623693099746,0.6279253124168154,0.6151379318097303,0.6712728916713934
T000233,0.576821827375089,0.576821827375089,0.576821827375089,0.576821827375089,0.35913243239288195,0.5115877326838084,0.5115877326838084,0.5115877326838084,0.5115877326838084,0.5157566419500392,0.5157566419500392,0.44660981118785475
T000234,0.6947768157607301,0.7451981364574192,0.7451981364574192,0.7843911480049491,0.7373910938920626,0.7405225724841297,0.7405225724841297,0.7405225724841297,0.7451668406679676,0.7451668406679676,0.7451668406679676,0.7016895039846689
T000235,0.74881841124562,0.5684298670355562,0.6944075603140331,0.6141288223302919,0.7154685838297499,0.7154685838297499,0.6944075603140331,0.9677824928122591,0.9677824928122591,0.9677824928122591,0.8937158192790976,1.0674225542410698
T000236,0.665085779356758,0.7722708868834613,0.7722708868834613,0.8898063222645571,0.7013284740644143,0.5448411550009014,0.5448411550009014,0.5448411550009014,0.5448411550009014,0.5073351442308195,0.5073351442308195,0.5073351442308195
T000237,0.6468699760442952,0.6468699760442952,0.6468699760442952,0.6468699760442952,0.5995341038508225,0.5995341038508225,0.5995341038508225,0.9204367033529827,0.8668291882778273,0.5430442003934413,0.5430442003934413,0.6542769702645325
T000238,0.8602529137128038,0.7407553745481599,0.7407553745481599,0.5648709282513928,0.5648709282513928,0.5648709282513928,0.735685864616246,0.7231673542500848,0.7231673542500848,0.735685864616246,0.735685864616246,0.6072031696265999
T000239,2.894621994751724,3.0543553521296447,3.194264540690236,3.194264540690236,3.194264540690236,3.3635627553349505,3.3635627553349505,3.194264540690236,3.324776335913562,3.426058134492097,2.897954667485733,2.897954667485733
T000240,0.7377624858165706,0.7377624858165706,0.7632562072253631,0.7632562072253631,0.7632562072253631,0.7399513539101661,0.7399513539101661,0.6479663211903041,0.6479663211903041,0.6479663211903041,0.6479663211903041,0.6327745105597413
T000241,0.747032682679867,0.747032682679867,0.747032682679867,0.6872213217634507,0.6211487431220319,0.6943092414004749,0.6943092414004749,0.6943092414004749,0.6943092414004749,0.6943092414004749,0.865485118283334,0.6321561575941191
T000242,1.0090525735142788,0.8218210929135235,0.8592461946037822,0.8592461946037822,0.8592461946037822,0.8547376802917206,0.8547376802917206,0.8547376802917206,0.8766338003935614,0.8766338003935614,0.8766338003935614,0.9563453737550339
T000243,0.4729729729729728,0.4729729729729728,0.4729729729729728,0.3632884010577507,0.3515491666621214,0.3868528648002473,0.33586376072149504,0.33586376072149504,0.33586376072149504,0.34319242667390115,0.338054894527819,0.3632884010577507
T000244,0.4651162790697674,0.4651162790697674,0.4651162790697674,0.4651162790697674,0.5212591763613879,0.5212591763613879,0.5212591763613879,0.3939432660589264,0.3939432660589264,0.3803870608355699,0.37803074811199966,0.6223147107620655
T000245,1.090909090909091,1.090909090909091,0.9395269880707269,0.9395269880707269,0.9395269880707269,0.6560308472881562,0.695056569435664,0.695056569435664,0.695056569435664,0.695056569435664,0.695056569435664,0.7521512795760515
T000246,0.6614785992217902,0.6614785992217902,0.6614785992217902,0.5816486335085006,0.5816486335085006,0.5330114086122076,0.5330114086122076,0.5330114086122076,0.6865757415511743,0.6865757415511743,0.4904214819136926,0.6082296668076537
T000247,1.4573477199226523,1.4573477199226523,1.4573477199226523,1.4573477199226523,1.339436688860494,1.3102888735101477,1.3365116025993937,1.3365116025993937,1.504643540634657,1.2475695223561871,1.2837025365963195,1.26218217461895
T000248,1.3857409694994949,1.3857409694994949,0.7025213231741237,0.7025213231741237,1.5985079284599881,1.5985079284599881,1.5985079284599881,0.7403209582720033,0.7403209582720033,0.7403209582720033,0.89519717008511,0.969896383976658
T000249,1.2841005452332153,1.2841005452332153,1.2841005452332153,1.2818680221534093,1.3275292131822654,1.3275292131822654,1.3275292131822654,1.282439651813653,1.282439651813653,1.282439651813653,1.3009844459534052,1.17536385180528
T000250,0.714219604701857,0.7410462129082392,0.7410462129082392,0.7034573835939332,0.714219604701857,0.714219604701857,0.7083683260725949,0.6855552245535478,0.6855552245535478,0.7447712179573056,0.6494019791581566,0.6663586914247638
T000251,1.0558987671525273,1.0558987671525273,0.8750189716894713,0.8750189716894713,0.8750189716894713,0.8750189716894713,0.885174803361994,0.8918276025873652,0.8918276025873652,0.8918276025873652,0.8918276025873652,1.2211115418767584
T000252,0.26110459703373345,0.26110459703373345,0.26110459703373345,0.26110459703373345,0.220108570728519,0.220108570728519,0.220108570728519,0.220108570728519,0.22565554449139497,0.22961655520970792,0.22961655520970792,0.5024568805506764
T000253,0.5420390800678662,0.5420390800678662,0.5359209296705293,0.46824925619107916,0.44995631468210406,0.43408438887105993,0.42644731298756106,0.42644731298756106,0.42644731298756106,0.42644731298756106,0.42644731298756106,0.6527003338672385
T000254,0.709250137634557,0.44124113056786185,0.44339340757729595,0.4572362076366464,0.3425918489527779,0.43081655616830133,0.3898963781688622,0.43081655616830133,0.43081655616830133,0.43081655616830133,0.43081655616830133,0.3113051871776526
T000255,0.52313331739146,0.52313331739146,0.52313331739146,0.44937538018510775,0.42559437580397164,0.43454363917694866,0.43454363917694866,0.37045377491970605,0.37045377491970605,0.3723441695660977,0.3723441695660977,0.3723441695660977
T000256,1.2287932481927835,1.0538034152430282,1.0385245623338195,0.9852742491812821,0.9612808085851037,0.9852742491812821,0.9800422653513404,0.9800422653513404,0.9630398699337352,0.9630398699337352,1.0775637011181554,1.0775637011181554
T000257,0.8140415483774489,0.7704866135318863,0.7422171545670148,0.7006207629833758,0.7006207629833758,0.7006207629833758,0.7006207629833758,0.5692160348326603,0.5574435416098965,0.5574435416098965,0.5574435416098965,0.5628714475233257
T000258,1.0850052047059529,1.0850052047059529,0.5281844383056098,0.5296692769937856,0.5296692769937856,0.523794197774986,0.523794197774986,0.523794197774986,0.5422075702302236,0.5422075702302236,0.6846107051535016,1.1962255947859928
T000259,2.2129358152643306,2.2129358152643306,0.5745241705200411,1.2665381426189848,0.8380334024325012,1.181138253458054,1.2665381426189848,1.181138253458054,1.181138253458054,1.181138253458054,0.9237063944410379,0.9237063944410379
T000260,0.6978680432235437,0.6978680432235437,0.6106222946362793,0.4178712918180579,0.712981535914636,0.712981535914636,0.6373140022775563,0.6373140022775563,0.6373140022775563,0.6373140022775563,0.6373140022775563,1.8964898089708837
T000261,1.0060337892196305,0.5387236440314125,0.5469321029043762,0.5469321029043762,0.48457569752184604,0.49625581536896307,0.49625581536896307,0.4831165768114268,0.4040373404986631,0.393383981672913,0.393383981672913,0.4282425081034464
T000262,0.3811456923770862,0.3811456923770862,0.3811456923770862,0.36275154295606427,0.30633088995186236,0.28761524563904506,0.28761524563904506,0.28761524563904506,0.28761524563904506,0.3968922020591038,0.3968922020591038,0.46872714825041506
T000263,0.6606618540152023,0.6606618540152023,0.6606618540152023,0.682154010165867,0.682154010165867,0.682154010165867,0.6558691117260238,0.5830468878740962,0.634612667436746,0.5964077083590141,0.5964077083590141,0.5964883690027014
T000264,0.47709686248164956,0.3979884890133027,0.3979884890133027,0.3979884890133027,0.4223814686176138,0.4223814686176138,0.36075943471742883,0.36075943471742883,0.5116081070824957,0.5153850362110272,0.4406489790365113,0.548679444003962
T000265,0.7586269952006606,0.7586269952006606,1.3062652870319806,0.5343243650675585,0.5343243650675585,0.7793808947928618,0.7793808947928618,0.7793808947928618,0.8774474891264701,0.8774474891264701,0.8774474891264701,0.5107802736462306
T000266,0.32783279475913296,0.32783279475913296,0.32783279475913296,0.32783279475913296,0.32783279475913296,0.32783279475913296,0.32505708943767914,0.3308367374851178,0.3298940674922737,0.3298940674922737,0.3329092763306568,0.3329092763306568
T000267,0.7948573748932972,0.7948573748932972,0.7636240861651317,0.7948573748932972,0.7948573748932972,0.7948573748932972,0.7575628845898252,0.7243006653208547,0.7009534774284567,0.6899634430788495,0.712437147923987,0.7288328167595587
T000268,1.250661409911716,1.250661409911716,1.250661409911716,1.250661409911716,1.250661409911716,1.250661409911716,0.7862364323480837,0.7844298181824495,0.7844298181824495,0.7844298181824495,0.7844298181824495,0.7844298181824495
T000269,1.0755972510090548,0.5755374172245535,0.5755374172245535,0.5755374172245535,0.6987965225873819,0.6987965225873819,0.6987965225873819,0.44945746644340107,0.44945746644340107,0.44945746644340107,0.44945746644340107,0.39731325330288486
T000270,0.6394563912695256,0.6394563912695256,0.6394563912695256,0.604525313765831,0.604525313765831,0.604525313765831,0.6137312280797488,0.6137312280797488,0.6137312280797488,0.7223287049010333,0.7223287049010333,0.6137312280797488
T000271,1.1287481729864013,1.1287481729864013,1.1287481729864013,1.1287481729864013,1.1287481729864013,1.174049006894362,1.1917173566506645,1.1307934691575432,1.1307934691575432,1.1944512079694327,1.1944512079694327,1.1748953523066328
T000272,0.9642415432992704,0.9740583886222252,0.9740583886222252,0.9740583886222252,0.8792449708249317,0.8850587656692237,0.8850587656692237,0.8850587656692237,0.8286673859117684,0.8286673859117684,0.8286673859117684,0.8286673859117684
T000273,0.4271157156753894,0.4271157156753894,0.4271157156753894,0.4271157156753894,0.4271157156753894,0.4271157156753894,0.38936156729829874,0.38936156729829874,0.38936156729829874,0.38936156729829874,0.38936156729829874,0.4018243211135937
T000274,1.0407643852470736,1.0407643852470736,1.098401462254,0.8922134868308763,0.8982391295597969,0.9038788344935977,0.8978606009514026,0.9063700097838812,0.9063700097838812,0.9187011447616967,0.9187011447616967,1.4365893451332807
T000275,0.6323164888484817,0.7399820030894892,0.7399820030894892,0.6962331069241865,0.8326327588622686,0.6129436854822853,0.6129436854822853,0.5476778787508,0.5476778787508,0.5586149358911043,0.5586149358911043,0.5476778787508
T000276,0.6318884047375724,0.6318884047375724,0.6318884047375724,0.47038737862746866,0.47038737862746866,0.47038737862746866,0.6631603146725983,0.6631603146725983,0.6631603146725983,0.7392614923477369,0.7392614923477369,1.2467395174462135
T000277,0.8170585623699629,0.8170585623699629,0.8170585623699629,0.8170585623699629,0.5993992570580381,0.5993992570580381,0.5948816043804284,0.5948816043804284,0.5993992570580381,1.0214954650595518,1.0214954650595518,1.1347611584907522
T000278,0.8178511385228775,0.8178511385228775,0.8178511385228775,0.8465653111446773,0.8465653111446773,0.8147289412405829,0.8287567563327859,0.8147289412405829,0.8147289412405829,0.8147289412405829,0.8147289412405829,0.7716977812625606
T000279,1.1188072222231655,1.0860417898909702,1.0860417898909702,1.0257752055211429,1.0850517890401004,1.124761543673848,1.124761543673848,1.1450249079417294,1.1450249079417294,1.1450249079417294,1.124761543673848,0.8721586528630321
T000280,1.1494064651223332,1.2154689181232101,1.2154689181232101,1.2154689181232101,0.8697041684952259,0.8697041684952259,0.8697041684952259,0.8697041684952259,0.8697041684952259,0.8699711096055737,0.8699711096055737,1.1500791594310598
T000281,0.5829968355036045,0.5829968355036045,0.5829968355036045,0.5553192511016138,0.5668312416432868,0.5668312416432868,0.5553192511016138,0.5553192511016138,0.7897708698443006,0.7897708698443006,0.7897708698443006,0.5545812448999821
T000282,0.44420185455847433,0.44420185455847433,0.44420185455847433,0.44420185455847433,0.44420185455847433,0.44420185455847433,0.4905156264572288,0.45331697850599867,0.45331697850599867,0.45331697850599867,0.45331697850599867,0.45331697850599867
T000283,0.8125314656835582,0.8125314656835582,0.8419038668880625,0.8419038668880625,0.8419038668880625,0.8419038668880625,0.8419038668880625,0.9262844514861095,0.9262844514861095,0.8542594219790695,0.8542594219790695,0.9262753975199117
T000284,0.5101295992617886,0.5101295992617886,0.5101295992617886,0.5101295992617886,0.6745183880444872,0.6745183880444872,0.6745183880444872,0.5231587823456995,0.5231587823456995,0.5231587823456995,0.5231587823456995,0.5011444737078143
T000285,0.7512026500328615,0.7512026500328615,1.2071400301676318,1.2071400301676318,1.2071400301676318,1.2071400301676318,1.2071400301676318,1.2071400301676318,1.2071400301676318,1.2071400301676318,1.2071400301676318,0.8110231572631471
T000286,0.8458656103962191,0.6707753329516503,0.848699549573042,0.7522429413066417,0.7522429413066417,0.8116780376193173,0.9131761760439561,0.9131761760439561,0.9679306174941564,0.7528910392932331,0.7528910392932331,0.8630882320205538
T000287,0.9617721037945478,1.060595262422021,1.060595262422021,0.9814248106737883,1.0868610715689158,1.0868610715689158,1.3728067740955479,1.3728067740955479,1.1227701027336392,1.1227701027336392,0.9736033712814829,1.4023931295003973
T000288,0.37013816618156126,0.37013816618156126,0.37013816618156126,0.3660024662081234,0.37141032374041205,0.3660024662081234,0.3586098474611313,0.3586098474611313,0.3231282753608389,0.33836013608957777,0.33836013608957777,0.4191459183277769
T000289,0.7684731026074647,0.7684731026074647,0.7211545857981106,0.7267285289505698,0.9645025194337941,0.8992205193010052,0.7841215398337925,0.647961260899678,0.647961260899678,0.5916320250657947,0.5916320250657947,0.7589973151967064
T000290,0.6390620081767737,0.6390620081767737,0.6390620081767737,0.8233106496657897,0.634340969136982,0.634340969136982,0.7293963822074281,0.7293963822074281,0.7293963822074281,0.7293963822074281,0.7293963822074281,0.9823132432227448
T000291,0.6010031515268969,0.6010031515268969,0.6010031515268969,0.6248008998813516,0.6408094705597877,0.6408094705597877,0.6408094705597877,0.6231407206324568,0.6231407206324568,0.6231407206324568,0.552525980939369,1.7003471989915067
T000292,0.7884682642339933,0.6398117598786709,0.6398117598786709,0.6398117598786709,0.48770222692505705,0.48770222692505705,0.6813351478499081,0.675336862999074,0.675336862999074,0.675336862999074,0.675336862999074,0.5758987836705807
T000293,0.7754442649434561,1.0840645498679224,1.0840645498679224,0.7275734964299132,0.7830539602941055,0.9642264904615249,0.9642264904615249,0.6800388870267537,0.520749657213524,0.4474317091081181,0.4474317091081181,0.43204882347617424
T000294,1.5569326881595829,0.49739992082013523,1.1923527842443025,0.49739992082013523,1.5569326881595829,0.6921808657556942,0.45642665919653835,0.6945485173552909,0.6345117447210044,0.5540615489649721,0.5540615489649721,0.6139105748757984
T000295,0.865274172112914,0.865274172112914,0.865274172112914,0.865274172112914,0.7408647133091043,0.7700354619181301,0.7700354619181301,0.9411927891163456,1.1171268562080323,1.073713882365503,1.073713882365503,1.1439975474659891
T000296,1.414063625383991,1.414063625383991,1.4381428358450417,1.4381428358450417,1.3888845070098739,1.3890679485621547,1.3890679485621547,1.3890679485621547,1.3890679485621547,1.3896798715216767,1.3896798715216767,1.3830272995568202
T000297,1.1359271237925461,1.1610167687181747,1.1610167687181747,1.4150337291752082,1.4150337291752082,1.5065899450823645,1.5065899450823645,1.560309945060522,1.560309945060522,1.2971541112776548,1.2971541112776548,1.2318030918108513
T000298,0.7382949650704034,0.7382949650704034,1.0381004126511397,1.0381004126511397,1.1091815200957704,1.0599777125401673,1.0599777125401673,1.0426931237168584,1.0426931237168584,1.0426931237168584,1.0426931237168584,1.0436566801661857
T000299,0.6581311769991013,0.6581311769991013,0.33104772334629157,0.33104772334629157,0.33209634950154376,0.31006493452680706,0.31006493452680706,0.31006493452680706,0.31006493452680706,0.356675621666167,0.356675621666167,0.3569998292584821
T000300,0.8338246328412411,0.8577528233974776,0.7057526396649073,0.7057526396649073,1.0285197515979019,1.0285197515979019,0.8211130916861049,0.8211130916861049,0.8211130916861049,0.8211130916861049,0.8211130916861049,0.9238584652681439
T000301,0.8252507646786179,0.854559843243783,0.854559843243783,0.854559843243783,0.5892900888146242,0.5892900888146242,0.5969864323466442,0.5969864323466442,0.5969864323466442,0.5969864323466442,0.5969864323466442,0.6086508294758473
T000302,0.5746960309068864,0.5653846872535339,0.4035451228284166,0.4035451228284166,0.4035451228284166,0.5570130803404886,0.5570130803404886,0.5570130803404886,0.5570130803404886,0.47442931331568633,0.47442931331568633,0.44086268148921387
T000303,0.526561605361799,0.5350748719025387,0.526561605361799,0.526561605361799,0.526561605361799,0.526561605361799,0.526561605361799,0.526561605361799,0.526561605361799,0.526561605361799,0.526561605361799,0.526561605361799
T000304,1.6610563765736182,1.7973514752926383,1.7973514752926383,2.4412315906060296,2.4412315906060296,2.4412315906060296,1.363838978370631,1.4240255741204948,1.4240255741204948,1.4240255741204948,1.4240255741204948,1.4240255741204948
T000305,0.6581206250620768,0.6356706292720884,0.7669719839679704,0.6563786809915554,0.6598069546501,0.6598069546501,0.6598069546501,0.6598069546501,0.6598069546501,0.6598069546501,0.6598069546501,0.6627744682893858
T000306,0.5624456251553566,0.5624456251553566,0.5624456251553566,0.6387736030733873,0.6387736030733873,0.6387736030733873,0.6387736030733873,0.6055429284259637,0.428099033736233,0.428099033736233,0.428099033736233,0.428099033736233
T000307,1.194422697081973,1.194422697081973,1.194422697081973,1.194422697081973,1.194422697081973,0.9887615430328143,0.9887615430328143,0.942479244335953,0.9725354659187411,0.9725354659187411,0.9725354659187411,1.0196814984851232
T000308,1.2539653024986275,1.189661559017846,1.189661559017846,1.189661559017846,1.2933447685391875,1.2933447685391875,1.3306389700054977,1.3306389700054977,1.3306389700054977,1.5598207977072178,1.5598207977072178,1.073794461816158
T000309,0.5515838563982304,0.5372087034357054,0.5372087034357054,0.5561833599254918,0.5561833599254918,0.5561833599254918,0.5561833599254918,0.6136638383138365,0.6764429446181819,0.6764429446181819,0.6764429446181819,0.519001150485085
T000310,0.5253210156055879,0.5430200126241536,0.5430200126241536,0.6734343797313482,0.8059014489613937,0.7267389399704589,0.7267389399704589,0.7267389399704589,0.8679417016144088,0.8679417016144088,0.8679417016144088,0.74253616720934
T000311,0.2830141687308858,0.2930333846916812,0.2930333846916812,0.2930333846916812,0.296166602771846,0.547946296494335,0.547946296494335,0.45721032039670556,0.45721032039670556,0.4675044506032681,0.4675044506032681,0.4675044506032681
T000312,0.6691217446091041,0.6691217446091041,0.6691217446091041,0.6691217446091041,0.7278315595841517,0.7588304991612443,0.7167148070404322,0.742074420413841,0.5008213938394774,0.5008213938394774,0.5008213938394774,0.44423062258927487
T000313,0.9702823660573775,0.9702823660573775,0.9702823660573775,0.9702823660573775,0.9702823660573775,1.3258105683765087,1.1863579731036258,1.039420873709114,1.039420873709114,1.039420873709114,1.039420873709114,1.184600126771771
T000314,0.453580418653948,0.535172245561209,0.535172245561209,0.5712610681381568,0.22706269543321497,0.6530098980938026,0.6530098980938026,0.6645505920262528,0.6474321933053997,0.6324750310378089,0.6324750310378089,0.6324750310378089
T000315,0.892070484581498,0.892070484581498,0.395023334895215,0.395023334895215,0.32241406197040445,0.3430411319763448,0.3430411319763448,0.553841859974004,0.7657145412960845,0.7657145412960845,0.7657145412960845,0.7611096645761097
T000316,0.7918332809925728,0.5924550611276712,0.6204965025861134,0.6204965025861134,0.573815970760218,0.573815970760218,0.573815970760218,0.5777784663973689,0.9598013459195545,0.9598013459195545,0.9598013459195545,0.978728738920497
T000317,2.899871526552037,2.7711220086875104,2.8668239692488093,2.8668239692488093,3.1220710543497643,3.1220710543497643,2.9376235099267687,2.9376235099267687,2.999289547781729,2.999289547781729,2.999289547781729,2.9200392043801275
T000318,1.2497311785413745,1.2613748738049655,1.2613748738049655,0.7982143769111798,1.4304046436617324,0.808250496582787,0.7629954495645513,0.7646000581103581,0.7646000581103581,0.7629954495645513,0.7646000581103581,0.7982143769111798
T000319,0.5153679795481655,0.5153679795481655,0.5153679795481655,0.5153679795481655,0.5153679795481655,0.5153679795481655,0.5153679795481655,0.5153679795481655,0.5153679795481655,0.5153679795481655,0.5153679795481655,0.5215784004132026
T000320,1.1292350763974563,1.1292350763974563,1.1292350763974563,0.5511190080955018,0.5511190080955018,0.5230166727312507,0.5230166727312507,0.5180240401793091,0.5557910546802661,0.46618367458776644,0.46618367458776644,0.501487632811774
T000321,0.8622821810005619,0.8622821810005619,0.8622821810005619,0.6768804995435272,0.6739583955172712,0.6739583955172712,0.6739583955172712,0.6739583955172712,0.7842376525885439,0.7842376525885439,0.7842376525885439,0.774650341640126
T000322,0.3285871432436849,0.5079236097261859,0.5079236097261859,0.5766399409785262,0.5766399409785262,0.36983395042573813,0.36983395042573813,0.32887130540024717,0.3297702295193264,0.3297702295193264,0.3297702295193264,0.3296540896635093
T000323,0.786041700802877,0.7753066122471919,0.7753066122471919,0.6052736033851215,0.6052736033851215,0.47231314463805163,0.5330738249230577,0.48319195354456396,0.48319195354456396,0.48319195354456396,0.48319195354456396,0.48319195354456396
T000324,0.8398771726198866,0.8398771726198866,0.8398771726198866,0.8398771726198866,0.8398771726198866,0.8398771726198866,1.0966586708947745,1.0966586708947745,1.0966586708947745,1.0966586708947745,1.0966586708947745,1.1701701905955415
T000325,1.0213968690886182,1.3463430044700349,1.2461240482149738,1.2461240482149738,1.2461240482149738,1.0205726430277289,1.3123011908234667,1.3123011908234667,1.3123011908234667,1.2936768565026966,1.2936768565026966,1.18107748159743
T000326,1.1237593224560856,1.0512401185471953,1.0512401185471953,1.0512401185471953,1.0512401185471953,1.0709454989215446,0.9345391068532591,0.9345391068532591,0.9355189014750203,0.9355189014750203,0.9355189014750203,1.0417054852346446
T000327,0.7329246506807013,0.6096489734229272,0.6096489734229272,0.9658018236586575,0.9658018236586575,0.9711852499777797,1.195176099459345,1.195176099459345,1.1565387224061447,1.1565387224061447,1.1565387224061447,0.965564813468851
T000328,0.8523423156976214,0.8523423156976214,0.8523423156976214,0.8523423156976214,0.8523423156976214,0.8523423156976214,0.8523423156976214,0.8953445842389682,0.9451607194358447,0.9453328576549604,0.9453328576549604,0.9628779355597954
T000329,1.5469416123785373,1.5469416123785373,1.6137728757766876,1.6137728757766876,1.6137728757766876,1.5077711206271287,1.5077711206271287,1.5077711206271287,1.5265280065376086,1.5265280065376086,1.554714873304832,1.4930858530086704
T000330,0.48492715341506465,0.48620243307083094,0.48620243307083094,0.48620243307083094,0.45867774867849653,0.45867774867849653,0.45867774867849653,0.45867774867849653,0.45867774867849653,0.4233899556428876,0.4233899556428876,0.606786732834622
T000331,1.1876956396596519,1.2357942479466668,1.2357942479466668,1.2591919824164683,1.019378417227272,1.019378417227272,1.019378417227272,0.690898568296322,0.8686681510102374,0.8686681510102374,0.8686681510102374,0.6942541086192694
T000332,0.47888528876279607,0.46734336682963573,0.4354033846353686,0.4354033846353686,0.4354033846353686,0.6069906093461493,0.6042432199484853,0.5644282491750112,0.5644282491750112,0.5644282491750112,0.5644282491750112,0.6003845012400768
T000333,0.4954875427704939,0.6246589482054696,0.6246589482054696,0.5301052607654223,0.5301052607654223,0.5230392626114709,0.5230392626114709,0.574439608784377,0.574439608784377,0.574439608784377,0.574439608784377,0.5839247111939824
T000334,1.3147509668631707,1.4812796208530805,1.3086811818304374,1.3086811818304374,1.412771708716757,1.4694876258124718,1.412771708716757,1.43444539578664,1.43444539578664,1.43444539578664,1.43444539578664,1.4337246565161663
T000335,2.4463816318867013,2.4463816318867013,0.7600886910140058,0.7600886910140058,0.7584485572953229,0.7584485572953229,0.7307847695839019,0.7307847695839019,0.7280286336005571,0.7280286336005571,0.7280286336005571,0.7280286336005571
T000336,1.1959886917259808,1.1959886917259808,1.5892554961269305,1.414689894076622,1.414689894076622,1.4172138489019488,1.387345164375616,1.4334888662035656,1.4334888662035656,1.0366353153833452,1.0366353153833452,1.0448495404969318
T000337,1.0992155018320255,0.9658557224118564,0.9658557224118564,0.5089658067757445,0.5089658067757445,0.49641925830485284,0.43480559047524286,0.43480559047524286,0.43480559047524286,0.43480559047524286,0.43480559047524286,0.43480559047524286
T000338,2.143651682167872,0.7675677694516719,0.7675677694516719,0.7675677694516719,0.9728325044894571,0.7983046835272739,0.7684498470254637,0.7426509291278387,0.7334845247086327,0.7334845247086327,0.7334845247086327,0.7455519666143398
T000339,3.394504624534169,1.2262433242732782,1.2262433242732782,1.2375829658631936,1.8081522904024199,1.672471865876542,1.6637076398193307,1.6940355202567516,1.6940355202567516,1.6940355202567516,1.6940355202567516,1.8250444886153785
T000340,0.5088020658057001,0.473988234785505,0.4922755752362545,0.48853432496722876,0.49421841987593995,0.5027421281010367,0.5027421281010367,0.2306776949907751,0.2772984854595949,0.2772984854595949,0.2772984854595949,0.2668401533057342
T000341,0.6067840445638124,0.2708193328791726,0.2708193328791726,0.2708193328791726,0.2708193328791726,0.323828460618856,0.323828460618856,0.30926532671057433,0.30926532671057433,0.30926532671057433,0.30926532671057433,0.30926532671057433
T000342,0.7236707297545114,0.8367024465433409,0.8367024465433409,0.8367024465433409,0.9076969020128914,0.7128919686004251,0.6779200565204989,0.6779200565204989,0.6779200565204989,0.7099522055694923,0.7099522055694923,0.7099522055694923
T000343,0.4216558687611167,0.510794593736543,0.510794593736543,0.4775897446829476,0.4775897446829476,0.4400732159713228,0.4400732159713228,0.47179588857990207,0.47179588857990207,0.47179588857990207,0.5236686329925473,0.3653372895441559
T000344,1.1057265823258517,0.8861367917869512,0.8861367917869512,1.7896553419709917,1.7896553419709917,1.2594003355472534,1.2594003355472534,1.3064401459001211,1.7553519353025149,1.7553519353025149,1.2966161652210557,1.9446795753535782
T000345,0.909002817281583,0.894677281256052,0.894677281256052,0.894677281256052,0.9016484071749264,0.9016484071749264,0.9016484071749264,0.2959756446082907,0.2959756446082907,0.2959756446082907,0.2959756446082907,0.3032929972169676
T000346,1.2506359131462166,1.2506359131462166,1.2341460760029705,1.2872307525430324,1.2866572994761494,1.2866572994761494,1.2866572994761494,1.2866572994761494,1.2866572994761494,1.2866572994761494,1.2866572994761494,1.252019633532404
T000347,3.4338226585023417,2.8235602371663737,2.774561197583568,3.108449369568103,3.263885819139805,3.263885819139805,3.2191823037127985,3.383679120450002,3.383679120450002,3.199290105939678,3.199290105939678,3.199290105939678
T000348,0.6692011715780289,0.6692011715780289,0.6692011715780289,0.6692011715780289,0.9802391949396193,1.1366682304792095,1.1366682304792095,1.1366682304792095,1.353088771181489,1.353088771181489,0.6960805069634324,0.5828518081836522
T000349,1.1421335865780324,1.1421335865780324,0.769274750107716,0.7858501465349744,0.7890103179356546,0.7730131194215848,0.7730131194215848,0.7761501330037397,0.782007828045284,0.8103931039925987,0.8103931039925987,0.9487247889669773
T000350,0.9094035323090228,0.9094035323090228,0.9094035323090228,0.9094035323090228,0.9094035323090228,0.9094035323090228,0.9094035323090228,0.9094035323090228,0.9337335997382483,0.9337335997382483,1.00189605762224,1.00189605762224
T000351,0.9446360676030985,0.9446360676030985,0.4108612817487623,0.5752399309366019,0.3883538323127815,0.3883538323127815,0.5752399309366019,0.5201881826584066,0.3883538323127815,0.37077674712247183,0.37077674712247183,0.3883538323127815
T000352,0.7544974492079117,0.7544974492079117,0.5607012346643634,0.3855511865548863,0.4907800755677394,0.5042696235990605,0.5042696235990605,0.6281060087317569,0.6281060087317569,0.48391932885757105,0.48391932885757105,0.42257598237431565
T000353,1.5542769978081863,1.5542769978081863,1.5542769978081863,0.5604605400177417,1.032612098863621,0.8863258310497368,0.8863258310497368,0.8863258310497368,1.217924324059527,1.217924324059527,0.9900997889228258,0.7063091457641968
T000354,0.6472905862911493,0.6472905862911493,0.6472905862911493,0.4718369694164295,0.4961975307963074,0.5125034881576881,0.46364117282947226,0.4433036230004829,0.4433036230004829,0.5015875572083563,0.5222224182896198,0.542418441236418
T000355,0.6804745858636135,0.6804745858636135,0.6804745858636135,0.6804745858636135,0.6804745858636135,0.6804745858636135,0.6804745858636135,0.6974131139103593,0.6974131139103593,0.6460687882665505,0.6460687882665505,0.7413260324875425
T000356,1.3096788170437155,1.3096788170437155,1.3096788170437155,0.8818097039972888,0.8514599341485268,0.9234374039943205,0.8514599341485268,0.9078192712515744,0.9356930875471339,0.9356930875471339,0.9356930875471339,1.1071927384538152
T000357,0.4154712162713689,0.4154712162713689,0.47167973926280926,0.44562665402515594,0.4736741132330656,0.4802631754262688,0.4736741132330656,0.4802631754262688,0.47967431709422637,0.5562515367872812,0.5562515367872812,0.5619736587957141
T000358,0.8812941177156587,1.5295652070403392,1.5295652070403392,1.5295652070403392,1.5295652070403392,2.2729011381792326,2.2729011381792326,2.2729011381792326,1.5301307190976765,1.36309966164496,1.36309966164496,1.3179003520075208
T000359,1.4184046391792646,1.4184046391792646,1.4184046391792646,1.058127496243095,0.6793193788278858,0.665751265778644,0.665751265778644,0.6793193788278858,0.6793193788278858,0.6759806875536906,0.6885876589327047,0.775184241672263
T000360,0.7357229350707127,0.7357229350707127,0.7611431536630693,0.5943237850479735,0.619631257922235,0.619631257922235,0.6293552159248341,0.6514064887728618,0.6514064887728618,0.6168272723593475,0.6168272723593475,0.6301534673948909
T000361,0.527298524404086,0.6921947315234306,0.6921947315234306,0.8420613719762453,0.7577685417783969,0.7577685417783969,0.7577685417783969,0.7577685417783969,0.7577685417783969,0.7514597932560679,0.7524604295051194,0.7301679161846908
T000362,0.8176838810641628,1.1851874140318093,1.1851874140318093,0.7753438789989295,0.745526860432832,0.7684976650984706,0.7684976650984706,0.745526860432832,0.745526860432832,0.7455370074889247,0.7406652355262604,0.7384180320538276
T000363,0.4455780200014187,0.4455780200014187,0.4455780200014187,0.4455780200014187,0.4455780200014187,0.4455780200014187,0.4455780200014187,0.4455780200014187,0.4285753515159195,0.4285753515159195,0.4285753515159195,0.6498605654917151
T000364,1.0283272011918578,1.0283272011918578,1.0283272011918578,0.4309228699840631,0.4309228699840631,0.6975101187197242,0.4293227568250389,0.4293227568250389,0.4293227568250389,0.4293227568250389,0.4293227568250389,0.9027022134588586
T000365,1.4380243969866613,1.4380243969866613,1.4380243969866613,1.557124144174596,1.557124144174596,1.3987982852722252,1.3637821433720925,1.3637821433720925,1.3637821433720925,1.3637821433720925,1.3834397698161922,1.615313356403636
T000366,0.8296117158095825,0.8296117158095825,0.8296117158095825,0.8296117158095825,0.8296117158095825,0.8296117158095825,0.8296117158095825,0.8296117158095825,0.8296117158095825,0.7552605465542145,0.7552605465542145,0.7552605465542145
T000367,0.9986046761332338,0.9986046761332338,0.9986046761332338,0.9986046761332338,0.9986046761332338,0.9986046761332338,0.9986046761332338,0.9986046761332338,0.953847412358117,0.953847412358117,0.953847412358117,1.564471482829617
T000368,0.7162961146482589,0.7162961146482589,0.7162961146482589,0.7162961146482589,0.7162961146482589,0.7162961146482589,0.7162961146482589,0.7167126429515313,0.7339833348249146,0.7176869761417766,0.7176869761417766,0.7989403396935516
T000369,0.7013172424672661,0.7013172424672661,0.7013172424672661,0.653044710349923,0.725160090803849,0.6304065952639207,0.6304065952639207,0.6680375064111874,0.6622960763427197,0.6635305284482387,0.6635305284482387,0.7436663376753075
T000370,1.3635142396560989,1.3635142396560989,1.1141321368188166,1.1141321368188166,1.1141321368188166,1.1141321368188166,0.6278140403959324,0.6278140403959324,0.6278140403959324,0.6278140403959324,0.6278140403959324,0.9195754352317562
T000371,0.7319880418535116,0.7319880418535116,0.4158321376932913,0.4309085127644904,0.4114089376489979,0.42114375970527473,0.4114089376489979,0.419253232378109,0.42178440387322946,0.42178440387322946,0.42178440387322946,0.4577483559084056
T000372,0.8038269589391789,0.8038269589391789,0.8038269589391789,0.6108524170413586,0.4295304196836303,0.4431911227579855,0.46383311374713615,0.4295304196836303,0.4353172035350895,0.4208252817909181,0.42096636071412724,0.4469226211607244
T000373,0.8590337235715535,0.8590337235715535,0.8590337235715535,0.8590337235715535,0.3160093289321352,0.3160093289321352,0.3166046171827057,0.31626042295488205,0.3159119563485028,0.3159119563485028,0.30755031664434346,0.3108066471539836
T000374,0.9694182304244212,0.9694182304244212,0.9694182304244212,0.9694182304244212,0.9694182304244212,0.9694182304244212,0.9688903679029942,0.9673275894135064,0.9688903679029942,0.9688903679029942,0.9642791313272735,0.9741436576906853
T000375,1.384876219882009,1.384876219882009,1.384876219882009,1.0332535026288803,1.0304710316712162,0.9259289038143466,1.0876008730248687,1.0984370315525556,1.1383505786469952,1.1383505786469952,1.1383505786469952,1.0587018152853302
T000376,0.25913369681718634,0.25913369681718634,0.25913369681718634,0.2614056248412327,0.2614056248412327,0.2614056248412327,0.2425709170729366,0.2425709170729366,0.2425709170729366,0.28502913260972085,0.28502913260972085,0.25688575174002515
T000377,0.7530564171100516,0.7530564171100516,0.7530564171100516,0.7771423708652828,0.7760670043396279,0.7760670043396279,0.8349090001040496,0.6674668055220201,0.6674668055220201,0.6674668055220201,0.6674668055220201,0.9409074271424078
T000378,1.6098870568154258,1.6098870568154258,1.1043820332024947,1.1043820332024947,0.9528598839017699,0.9528598839017699,0.9528598839017699,0.6670755848668154,0.6670755848668154,0.6670755848668154,0.6670755848668154,0.6670755848668154
T000379,1.0524660487334574,1.0524660487334574,1.0524660487334574,1.0524660487334574,0.903300033872609,1.0912525133131004,1.0159380974667476,1.0159380974667476,1.0113783284076674,1.0113783284076674,1.0113783284076674,1.0113783284076674
T000380,1.028263246563133,1.028263246563133,1.1736181871486089,1.3465194203310569,1.3465194203310569,1.2578305714453633,1.2578305714453633,1.2578305714453633,1.3465194203310569,1.1109308636479764,1.1109308636479764,1.0524073692139488
T000381,1.4514197741356738,1.211518871505658,1.0436367267051683,1.013086002099449,0.7055759471534412,0.927590111296092,0.927590111296092,0.7683120491049394,0.7055759471534412,0.7055759471534412,0.7055759471534412,0.6244068310587932
T000382,0.5143291740239705,0.5143291740239705,0.5143291740239705,0.5143291740239705,0.6310205422687561,1.328984831658419,0.8479428839187204,1.0062032705411235,0.6088335840888421,0.6088335840888421,0.6088335840888421,2.460516842489598
T000383,0.37822618488972315,0.37822618488972315,0.37822618488972315,0.37822618488972315,0.3873669899248398,0.35982605711302496,0.3873669899248398,0.35982605711302496,0.3842037815758387,0.38049865068976224,0.3812524090511894,0.4007077606682908
T000384,1.3759081831922098,1.3759081831922098,2.055686198853047,2.055686198853047,1.9409477850729466,1.9409477850729466,1.97264062400885,1.97264062400885,1.97264062400885,1.3956622653387902,1.3956622653387902,1.2670234167791585
T000385,0.439493248988486,0.439493248988486,0.439493248988486,0.439493248988486,0.439493248988486,0.40741872135594465,0.39129849977787634,0.39129849977787634,0.39129849977787634,0.4596353259668968,0.4596353259668968,0.5980198292118689
T000386,1.7720277869407846,1.7394131657310468,1.9231120695537984,2.2122282797706774,2.2122282797706774,1.9097133656374987,1.854169308693418,1.854169308693418,1.854169308693418,1.6622905921004654,2.047494872050375,1.9301688526418355
T000387,0.6215626952741083,0.6215626952741083,0.6215626952741083,0.6215626952741083,0.6215626952741083,0.6184534680696075,0.6184534680696075,0.6286714100318468,0.5558315884074762,0.5558315884074762,0.5558315884074762,0.6948671106164103
T000388,1.291411623514999,1.291411623514999,1.291411623514999,1.4865095047958576,1.4865095047958576,1.5895116628830734,1.5895116628830734,2.0267242433618615,2.0267242433618615,2.218009046121347,2.218009046121347,2.7430570440928586
T000389,2.838960514974233,2.838960514974233,2.838960514974233,5.67269166437397,3.687734642204559,3.687734642204559,3.669889478143255,4.3402890211770115,4.3402890211770115,4.3402890211770115,4.3402890211770115,4.5066832736051525
T000390,0.6649846300450676,0.6649846300450676,0.6649846300450676,0.6649846300450676,0.6075997022139941,0.579639717403069,0.4295951239645917,0.4612627788478282,0.4612627788478282,0.46354518077139173,0.46354518077139173,0.4828408515502818
T000391,0.664704575744113,0.664704575744113,0.664704575744113,0.664704575744113,0.9602389294550558,0.9602389294550558,1.2553118665396756,1.3201084794595817,1.2966182623432314,1.2966182623432314,1.2966182623432314,0.9329187027987569
T000392,1.2517462978485585,1.2517462978485585,1.2517462978485585,1.2517462978485585,1.3594755500037485,1.590723552862416,1.590723552862416,1.590723552862416,1.7074649885255921,1.7074649885255921,1.7074649885255921,1.7300313974999646
T000393,0.5768649587020244,0.5768649587020244,0.5768649587020244,0.5768649587020244,1.3473536963021544,1.3473536963021544,1.4749759256669586,1.4749759256669586,1.4749759256669586,1.4749759256669586,1.4749759256669586,1.3436802335565854
T000394,0.32024588538568277,0.32024588538568277,0.32024588538568277,0.32024588538568277,0.32024588538568277,0.32024588538568277,0.329602457979167,0.454693535203545,0.454693535203545,0.454693535203545,0.4464464334673392,0.4483442395399579
T000395,0.5083440308087291,0.28593613002561213,0.2785457757374829,0.2785457757374829,0.2785457757374829,0.4366151489260703,0.4366151489260703,0.4366151489260703,0.3894261097985112,0.3894261097985112,0.301322538193467,0.4437669582620907
T000396,0.8540162253722038,0.8540162253722038,0.8540162253722038,0.8540162253722038,0.8540162253722038,0.8540162253722038,0.8951061222605387,0.7813196373913777,0.7813196373913777,0.7813196373913777,0.7813196373913777,1.6775869205744771
T000397,1.551566217266741,1.551566217266741,1.709978225882798,1.709978225882798,1.709978225882798,1.709978225882798,1.5300524549901195,1.5300524549901195,1.5300524549901195,1.5300524549901195,1.5300524549901195,1.490296317334092
T000398,0.6254166574932946,0.46487006737247355,0.6217068811883979,0.6217068811883979,0.6217068811883979,0.5770058077323491,0.5647417365046127,0.5647417365046127,0.5026697601113838,0.5026697601113838,0.5048915698893093,0.339489579306203
T000399,1.2984072005229537,1.2984072005229537,1.2984072005229537,1.2984072005229537,1.2984072005229537,1.2984072005229537,1.2984072005229537,1.4900947081830995,1.297503600835443,1.297503600835443,1.297503600835443,2.190492316231781
T000400,1.1187465344872836,1.1187465344872836,1.4006113746750315,1.4006113746750315,1.4006113746750315,1.4006113746750315,1.4006113746750315,1.332362230699546,1.332362230699546,1.332362230699546,1.295080387646548,1.2734574349176455
T000401,0.5889849963614489,0.41237516743852554,0.33129668713838295,0.33129668713838295,0.319712075139276,0.319712075139276,0.34208033512080793,0.34208033512080793,0.34208033512080793,0.34208033512080793,0.34208033512080793,0.31976076187814667
T000402,0.4798716452742124,0.4798716452742124,0.3603166336216372,0.4798716452742124,0.3572567439929919,0.3572567439929919,0.32863821599417037,0.32863821599417037,0.32863821599417037,0.338260115074265,0.338260115074265,0.3450031902852331
T000403,0.3884078458777648,0.3884078458777648,0.3884078458777648,0.3729889594981851,0.3729889594981851,0.385514338860585,0.40613783156199434,0.40613783156199434,0.3810052933020351,0.3810052933020351,0.3810052933020351,0.4281174971021302
T000404,0.3767168259509752,0.4010242607295847,0.3529251139890813,0.3529251139890813,0.3529251139890813,0.4268137629640252,0.4268137629640252,0.4504649410521386,0.4504649410521386,0.4268137629640252,0.4268137629640252,0.6292881522567565
T000405,0.45086765989514305,0.37859902772006276,0.3705527633715191,0.4005208645480412,0.4005208645480412,0.3705527633715191,0.3705527633715191,0.3705527633715191,0.36902930614965734,0.3644475283406083,0.3644475283406083,0.5588552927548089
T000406,0.46867907131921194,0.46867907131921194,0.4344803069436177,0.4344803069436177,0.4344803069436177,0.43426290368822484,0.43426290368822484,0.41627472149355615,0.3874663995829284,0.3874663995829284,0.3874663995829284,0.3874663995829284
T000407,1.0733578463944986,1.0733578463944986,1.1393865859747718,1.1393865859747718,1.1378371114250772,1.1378371114250772,1.1378371114250772,1.1393865859747718,1.1050943113851233,1.1050943113851233,1.1050943113851233,0.7286167269089915
T000408,0.9646918596356414,0.6353639532368018,0.6353639532368018,0.5523722901421613,0.5523722901421613,0.5792099247066915,0.6826869952914577,0.6826869952914577,0.5924469166166354,0.6599881409024968,0.6599881409024968,0.6363629545858283
T000409,2.058295444649985,2.514050126726987,2.514050126726987,2.514050126726987,1.4421241895339338,1.8319422587032144,1.6934075573377434,1.3835108949300419,1.5167617809074512,1.152770439453884,1.152770439453884,1.788466418416477
T000410,0.1504557591382332,0.1504557591382332,0.1504557591382332,0.18782666785259078,0.1550306005951776,0.12325050699650998,0.1347934291445248,0.13431543248357014,0.13431543248357014,0.1347934291445248,0.17267507957959607,0.2934715911493266
T000411,1.2692130462282982,1.3014351421547066,1.3768848973764876,1.2880545505714207,1.6873986290571616,1.6873986290571616,1.6873986290571616,1.317261190483601,1.317261190483601,1.3354232606932497,1.3354232606932497,1.410223804414774
T000412,0.33440164101433195,0.33440164101433195,0.33440164101433195,0.33440164101433195,0.24462263480278976,0.24462263480278976,0.16129592606477708,0.16129592606477708,0.24462263480278976,0.4493224923616833,0.4493224923616833,0.4006626350158934
T000413,1.170532131105209,1.170532131105209,1.170532131105209,0.9728462711386525,1.3587742795334772,1.3587742795334772,1.379372160555147,0.9449808492668366,0.9449808492668366,0.9449808492668366,0.9449808492668366,1.1693318692887391
T000414,1.6897055302032615,1.9806837937652786,2.125092423350139,2.421719524724168,2.421719524724168,2.083437628406763,2.083437628406763,2.083437628406763,2.083437628406763,1.9339714485882011,2.237671720563101,2.2560532960634685
T000415,3.786025194629584,3.7157812061466364,3.8838715121803227,3.691686505220211,3.691686505220211,3.7758364280768584,3.7758364280768584,3.7758364280768584,3.7758364280768584,3.769319044645693,3.769319044645693,3.7568920417953335
T000416,3.5879551414217414,3.346323640551363,3.522307962352161,3.522307962352161,3.522307962352161,3.7165775441728788,3.7165775441728788,3.7165775441728788,3.7088108447401913,3.7088108447401913,3.6937072468469503,3.6932079358345025
T000417,1.2202405026804863,0.9382460502230352,1.2013365607463582,1.2013365607463582,1.2013365607463582,1.2013365607463582,0.9808641350413307,0.9808641350413307,0.888405097086273,0.888405097086273,0.8882748997448415,0.8734609349243794
T000418,0.992006010450819,0.992006010450819,0.992006010450819,0.992006010450819,0.992006010450819,0.992006010450819,0.992006010450819,0.5530007812454318,0.5568323769575586,0.5568323769575586,0.5568323769575586,0.6812340297642967
T000419,1.3614874205142378,0.581124486636147,0.581124486636147,0.6822753935590172,0.6822753935590172,0.6131205351578901,0.6123528769056551,0.7978895718320562,0.619025590023241,0.619025590023241,0.619025590023241,0.619025590023241
T000420,0.8504566319166303,0.8504566319166303,0.8504566319166303,0.8504566319166303,0.8504566319166303,0.8504566319166303,0.8504566319166303,1.1713251742331425,1.1376660996813113,1.1376660996813113,1.1376660996813113,1.1785982876290768
T000421,0.6321752702061438,0.6321752702061438,0.6321752702061438,0.4103146364702962,0.4228346830271164,0.4228346830271164,0.2611216320291036,0.2611216320291036,0.2611216320291036,0.2749739129711036,0.2874511667322964,0.2616710605926474
T000422,1.677535965799042,1.677535965799042,1.677535965799042,1.6455744828409908,1.6740386429260863,1.6740386429260863,1.6740386429260863,2.075981654905564,2.075981654905564,2.075981654905564,2.075981654905564,1.7211596842744383
T000423,0.5851388060690386,0.5851388060690386,0.5851388060690386,1.4544577845571054,1.1913132231976706,1.5292854402275504,1.3283749022700893,1.3283749022700893,1.3283749022700893,1.3420459815808659,1.3420459815808659,1.278597958041201
T000424,0.5683295931871803,0.5683295931871803,0.5683295931871803,0.5683295931871803,2.070994097575779,1.4348236477059304,1.3833279168975254,1.3833279168975254,1.3833279168975254,1.3833279168975254,1.3833279168975254,1.314484565297442
T000425,0.6513700155936742,0.6513700155936742,0.6513700155936742,1.0611028227062802,1.394453293561343,1.394453293561343,0.9263796463910873,0.9467646775280514,0.9467646775280514,0.9467646775280514,0.9467646775280514,0.9297170862107371
T000426,0.6058555636610112,0.6058555636610112,0.6058555636610112,0.6058555636610112,0.6197133311460052,1.6114832740420542,1.6114832740420542,1.6114832740420542,1.073890171600935,1.073890171600935,1.073890171600935,0.8610432075910612
T000427,1.0269415268818962,1.0269415268818962,1.0269415268818962,1.4684522212020392,1.4677971992027814,1.4677971992027814,1.4677971992027814,1.362115275526204,1.362115275526204,1.362115275526204,1.362115275526204,1.35070214338507
T000428,0.708491228070176,0.708491228070176,0.708491228070176,0.7226110789821629,0.7182546129190855,0.7226110789821629,1.207034154939837,1.1045170381519689,1.1045170381519689,1.1045170381519689,1.1045170381519689,1.127298245614036
T000429,0.15362146690146092,0.15362146690146092,0.15362146690146092,0.15224553870418467,0.15031368247649948,0.3541588785575157,0.15031368247649948,0.15031368247649948,0.25868608626559403,0.25868608626559403,0.25868608626559403,0.28813559322033905
T000430,0.6485059644668946,0.6485059644668946,0.6485059644668946,0.5123596070652295,0.5351193246754213,0.5351193246754213,0.6841495126217522,0.49590791358744535,0.360975915210828,0.360975915210828,0.360975915210828,0.35690789473684187
T000431,1.4601612768446561,1.4601612768446561,1.4601612768446561,1.4601612768446561,1.4601612768446561,1.4601612768446561,1.2383508565357402,1.2383508565357402,1.3320203954311844,1.3320203954311844,1.3320203954311844,1.2902924681105814
T000432,0.9575904916261447,0.9575904916261447,0.9575904916261447,1.1330237658319304,0.9783415886363529,0.9783415886363529,0.9555979412803781,0.9783415886363529,0.957405129597177,0.8153047515525884,0.8153047515525884,0.6489599128395463
T000433,1.0513432781095369,0.9194090593180332,0.9397951620510746,1.013393127668535,1.013393127668535,1.013393127668535,1.013393127668535,1.013393127668535,1.0565186179774122,0.9123639365027242,0.4981670137681656,0.4981670137681656
T000434,1.3882554588648155,1.1855068047938244,1.1855068047938244,1.1855068047938244,1.4563824636446772,1.1855068047938244,1.1490051980735878,1.1490051980735878,0.6790039943099857,0.6790039943099857,0.6790039943099857,0.6500727797937805
T000435,1.779648454044897,1.779648454044897,1.779648454044897,1.7895048519359271,1.7895048519359271,1.8012414687293632,2.7335638763883874,1.6668517684412916,1.6668517684412916,1.6668517684412916,1.6668517684412916,1.6336298178737818
T000436,1.9172176844288848,1.9172176844288848,1.9172176844288848,1.9172176844288848,1.7181295949878097,1.7181295949878097,1.6569853661101697,1.616093531258627,1.616093531258627,1.616093531258627,1.616093531258627,1.629067807597562
T000437,0.8805936253759092,0.8805936253759092,0.8805936253759092,0.9948560072640608,0.9948560072640608,0.9948560072640608,0.9948560072640608,0.9948560072640608,1.2030292638839382,1.3399982705818876,1.339656416230134,0.6208263785831096
T000438,0.4981508771235413,0.4981508771235413,0.4981508771235413,0.4981508771235413,0.5108076488308358,0.5198118101193966,0.5198118101193966,0.5198118101193966,0.5198118101193966,0.535924971693822,0.535924971693822,0.6438197382961254
T000439,1.2914514184723884,1.110825386881259,1.0852534958852418,1.3266523958334475,1.3266523958334475,1.3266523958334475,1.2961416619447328,1.0786496461478774,1.0786496461478774,1.0786496461478774,1.0786496461478774,1.0537069021407346
T000440,1.296308382727121,1.296308382727121,1.296308382727121,0.9148429610288054,1.1811454314090204,1.0378149197085156,1.0378149197085156,1.1492581098911772,1.2092681433209354,1.347972574755552,1.347972574755552,0.8888029394276744
T000441,1.4072495267752003,1.4943670815687342,1.4364127928127663,1.416948392702564,1.416948392702564,1.4072495267752003,1.2793047596156688,1.2793047596156688,1.439003114458134,1.439003114458134,1.3924692869377642,1.2466552235262784
T000442,1.751249631882706,1.751249631882706,1.751249631882706,1.751249631882706,3.055299701421121,3.055299701421121,3.055299701421121,2.8678082384859627,3.055299701421121,3.055299701421121,2.6259363988078603,2.6228206752797156
T000443,0.7226792535496568,0.7226792535496568,0.7226792535496568,0.7226792535496568,0.7226792535496568,0.6413041660595259,0.6434824496295635,0.6601912127557967,0.17031263200556793,0.17031263200556793,0.17031263200556793,0.22471129902861017
T000444,0.4576233637865733,0.4222066891411729,0.4787986743029469,0.4180441087297234,0.4180441087297234,0.4222066891411729,0.4222066891411729,0.4222066891411729,0.683245866020582,0.683245866020582,0.683245866020582,0.5323647932257448
T000445,0.2749225676517395,0.2749225676517395,0.18197828818314393,0.18197828818314393,0.22686232853511293,0.28577915564794526,0.14678005126606608,0.14678005126606608,0.14678005126606608,0.14678005126606608,0.14678005126606608,0.16797813668222783
T000446,0.4780128790745146,0.4780128790745146,0.4780128790745146,0.4780128790745146,0.4780128790745146,0.4780128790745146,0.4527913256967108,0.44892135571514064,0.5862727312944175,0.5862727312944175,0.48089471961052815,0.4657612835332786
T000447,1.9251336137758128,1.7639715418076698,1.8702519631772925,1.9686626421026485,1.915827405497069,1.915827405497069,1.915827405497069,1.915827405497069,1.915827405497069,1.915827405497069,1.915827405497069,2.01987160213295
T000448,1.0940954955836424,1.0940954955836424,1.0940954955836424,1.0940954955836424,1.0940954955836424,1.0940954955836424,1.0934281560606365,1.0902270275938537,1.0902270275938537,1.0902270275938537,1.0902270275938537,1.1638751903157643
T000449,0.18927134282543276,0.18927134282543276,0.18927134282543276,0.18927134282543276,0.26802979482016787,0.26802979482016787,0.26802979482016787,0.25944433792217286,0.25944433792217286,0.25944433792217286,0.25944433792217286,0.2158354147708745
T000450,1.7971387508606365,1.7971387508606365,1.7971387508606365,1.7971387508606365,1.7626909239565471,1.7928570085561641,1.7392389414044696,1.7392389414044696,1.7591274607544365,1.7591274607544365,1.7591274607544365,1.7360885233979573
T000451,0.5454212254250714,0.570045545729543,0.5863118935135985,0.8938205542510861,0.822411561706998,0.7335090216420097,0.7335090216420097,0.7335090216420097,1.0106953992334144,0.9811434626036823,1.0950112225517845,1.184795319346361
T000452,2.4557689666244342,2.4557689666244342,2.316209733015811,2.260279285782027,2.260279285782027,2.2192080363105244,2.1165133711045683,2.8041350277292914,2.8041350277292914,2.8041350277292914,2.8041350277292914,2.44716431790892
T000453,2.116936619357426,2.116936619357426,2.116936619357426,0.997903077933412,0.997903077933412,1.181244078768916,1.2828108658500892,1.8711853533239624,1.8711853533239624,1.8711853533239624,1.4031736419933571,1.2982859320192799
T000454,1.7785280716325755,1.7785280716325755,1.7785280716325755,1.7785280716325755,1.7785280716325755,1.7785280716325755,1.718568706381779,1.7092460316959508,1.7689048443873532,1.7689048443873532,1.7689048443873532,2.1983736041136206
T000455,0.6955727782898411,0.6955727782898411,0.44075085559596444,0.44075085559596444,0.519435828091956,0.5493671295774717,0.5493671295774717,0.49602167029517785,0.5197469345107993,0.5197469345107993,1.120120700480253,0.5923088180338155
T000456,2.4179362972819307,2.4179362972819307,2.4179362972819307,2.155638266256312,2.155638266256312,3.1757640706247305,3.1757640706247305,2.3191445828665564,2.2984876632670193,2.2984876632670193,2.2984876632670193,2.349829428106296
T000457,1.5991028295376135,1.5991028295376135,0.5552223801793644,0.5552223801793644,0.4906993760745132,0.4906993760745132,0.973822519275354,0.5024973939757835,0.5024973939757835,0.7812142199306876,0.7812142199306876,0.7672790283582981
T000458,0.8741620518799184,0.8741620518799184,0.8741620518799184,0.8741620518799184,0.6747751601021671,0.3824047080730265,0.3824047080730265,0.41612239855336935,0.4437660415483931,0.4437660415483931,0.4437660415483931,0.46298315012577684
T000459,0.8194525334886432,0.8194525334886432,0.8194525334886432,0.49643142987141187,0.49643142987141187,0.49643142987141187,0.49643142987141187,0.32323820617355853,0.32323820617355853,0.3411853337532127,0.3411853337532127,0.3411853337532127
T000460,0.5417618270799347,0.5417618270799347,0.5417618270799347,0.5167501402140428,0.7814609362929745,0.7814609362929745,0.22918908276240949,0.22918908276240949,0.22918908276240949,0.22918908276240949,0.22918908276240949,0.4350842637206499
T000461,0.44996383537849793,0.44996383537849793,0.44996383537849793,0.29970076777163246,0.7301229658301369,0.42453439238684176,0.4720841984087945,0.42453439238684176,0.3230580116646157,0.11881402230827547,0.11881402230827547,0.24057465458433286
T000462,1.0619335347432024,1.0619335347432024,1.0619335347432024,1.0619335347432024,0.29347838268351695,0.29347838268351695,0.5174170256427949,0.5174170256427949,0.29347838268351695,0.29347838268351695,0.3142861124030497,0.6979597817244613
T000463,0.7775260534662447,0.5521717914833016,0.5521717914833016,0.3070797962175463,0.1510322318190602,0.14457876235399233,0.11087524662197015,0.11087524662197015,0.11087524662197015,0.11087524662197015,0.11087524662197015,0.16072954671324244
T000464,0.6830546651650364,0.6830546651650364,0.6830546651650364,0.7489303674078375,0.5751396161703601,0.07520409808917262,0.1963818690569444,0.1963818690569444,0.1963818690569444,0.1963818690569444,0.1963818690569444,0.3120420152593196
T000465,0.38596491228070173,0.38596491228070173,0.38596491228070173,0.38596491228070173,0.36995293117756534,0.31815266633334993,0.31815266633334993,0.31815266633334993,0.31815266633334993,0.31815266633334993,0.31815266633334993,0.33771929824561436
T000466,0.5082351801419152,0.5082351801419152,0.5082351801419152,0.6030562650803148,0.6030562650803148,0.6030562650803148,0.6054184584670304,0.6054184584670304,0.6054184584670304,0.6054184584670304,0.5235581156086766,0.5591526311036126
T000467,0.5075808063978672,0.5075808063978672,0.6963647112891844,0.4992393259869188,0.5253287373320195,0.39815648044847524,0.5253287373320195,0.4916935304533381,0.5468764120809358,0.6623970465412368,0.5128174832727828,0.5128174832727828
T000468,1.1146814948299868,1.050083074404543,1.0285455028851194,1.0285455028851194,0.9478248345576274,1.0948747593636479,1.038371174660566,1.0948747593636479,1.0948747593636479,1.0948747593636479,1.0728500996124453,1.0539386845036993
T000469,0.7681552080851445,0.7681552080851445,0.7681552080851445,0.8310139313019778,0.8310139313019778,0.8310139313019778,0.8310139313019778,0.8310139313019778,0.7416954013547432,0.758270696845394,0.758270696845394,0.449479519434528
T000470,0.3739899541384591,0.3739899541384591,0.2188476932648866,0.21420658995497807,0.21420658995497807,0.21420658995497807,0.21420658995497807,0.21420658995497807,0.21420658995497807,0.26627229319139817,0.26627229319139817,0.2819317341343018
T000471,0.8202971271153093,0.8202971271153093,0.579326140201387,0.4745886540297567,0.4745886540297567,0.7491152873998483,0.7701696898986541,0.7810485011673113,0.7810485011673113,0.7810485011673113,0.7810485011673113,0.8089889483398492
T000472,0.9725343320848937,0.9725343320848937,0.9725343320848937,0.9725343320848937,0.22410589934739936,0.1977920522612834,0.1977920522612834,0.22410589934739936,0.5251184063211469,0.5251184063211469,0.5251184063211469,0.5744064188696911
T000473,0.3866026520347508,0.3866026520347508,0.3866026520347508,0.3866026520347508,0.48569464670918716,0.5064332895255624,0.1326559716343696,0.3473711509755576,0.43857898570462134,0.43857898570462134,0.43857898570462134,0.4976770987782282
T000474,0.7816257816257817,0.7816257816257817,1.2365679222830694,1.2365679222830694,1.2365679222830694,1.2365679222830694,0.9118468869600113,1.2914393815113894,0.8008626242966345,0.8008626242966345,0.8008626242966345,1.0378655749263237
T000475,0.6671907756813372,0.6671907756813372,0.3802861738268307,0.3802861738268307,0.3802861738268307,0.5029291359356717,0.5029291359356717,0.5438130766688515,0.5438130766688515,0.4322437752070781,0.4117582694189573,0.5964175609543853
T000476,0.6674907728550462,0.6674907728550462,0.6674907728550462,0.6674907728550462,0.6674907728550462,0.6674907728550462,0.6674907728550462,0.6674907728550462,0.6698100336911044,0.662446080907116,0.662446080907116,0.7257317891035069
T000477,1.075710014947683,1.075710014947683,1.075710014947683,1.075710014947683,0.4595137414241033,0.4731418608870852,0.4731418608870852,0.4731418608870852,0.5405447115770143,0.7076783724396436,0.4699171627405128,0.4731418608870852
T000478,0.3588658781730634,0.3588658781730634,0.3588658781730634,0.24371512465095052,0.24371512465095052,0.4349805442337007,0.47162668192772866,0.47162668192772866,0.47162668192772866,0.47162668192772866,0.47162668192772866,0.47162668192772866
T000479,1.22296317773268,1.22296317773268,1.233585215667045,1.233585215667045,1.233585215667045,1.243169211693929,1.243169211693929,1.2535428902087598,1.2535428902087598,1.2614823392100352,0.5387966823731599,0.953811142698526
T000480,0.38955384566669843,0.38955384566669843,0.26518197388844217,0.24130263287646925,0.24130263287646925,0.24130263287646925,0.2706026416204355,0.2365168686374572,0.2365168686374572,0.29131480354463085,0.29131480354463085,0.2706026416204355
T000481,0.7587149692412808,0.7587149692412808,0.7587149692412808,0.36053807785658654,0.36455594574561656,0.4782080451009683,0.4782080451009683,0.7627270776714906,1.0738967819411662,1.0738967819411662,1.0738967819411662,0.6173793231239704
T000482,0.22541391569324543,0.22541391569324543,0.22541391569324543,0.22541391569324543,0.22541391569324543,0.24380230335854733,0.24380230335854733,0.2227566178495384,0.2227566178495384,0.24907147761008938,0.25836527032196965,0.24380230335854733
T000483,1.1785641725244744,1.1785641725244744,0.6914765193469592,0.6914765193469592,0.6914765193469592,1.0470836607738214,0.42620809270560833,0.42878267675760817,0.42878267675760817,0.42878267675760817,0.42878267675760817,1.1505748967284972
T000484,2.0032733569859773,2.0032733569859773,2.03304114896818,2.03304114896818,2.1007062784690396,2.43714359619287,2.547795028568535,2.0020543876881143,2.0020543876881143,2.0020543876881143,2.0020543876881143,2.0020543876881143
T000485,0.27790388361911283,0.27790388361911283,0.27790388361911283,0.27790388361911283,0.27790388361911283,0.28279673446024195,0.28279673446024195,0.28279673446024195,0.28279673446024195,0.28279673446024195,0.28279673446024195,0.28279673446024195
T000486,0.554474055178895,0.554474055178895,0.554474055178895,0.554474055178895,0.6868341750366693,0.6868341750366693,0.6868341750366693,0.47495141374302224,0.4438773203761186,0.4438773203761186,0.4438773203761186,0.5789193278616902
T000487,0.7523543957489347,0.6417375349420893,0.6417375349420893,0.7158290780481429,0.9383250512015718,0.9383250512015718,0.9383250512015718,0.5509540999399454,0.5509540999399454,0.6415328562163928,0.6415328562163928,0.4901509654633262
T000488,0.7157515345835693,0.7157515345835693,0.718600800400008,0.76688426569347,0.7225382218188179,0.7386681403405192,0.7386681403405192,0.7386681403405192,0.6838373545223262,0.6688244638430629,0.6688244638430629,0.7193110992615123
T000489,1.8003371868978817,1.8003371868978817,1.1462181595307106,1.1462181595307106,1.026161073540872,1.208752598627101,1.208752598627101,1.208752598627101,1.4040681607050003,1.4040681607050003,1.4040681607050003,1.4040681607050003
T000490,1.0354132514874346,0.8910339204849291,0.8910339204849291,0.9770280387763082,1.0822635223843105,0.972537250292275,0.9728433225026161,0.9728433225026161,0.9927362478423084,0.9927362478423084,0.9927362478423084,1.4514884367063092
T000491,1.1464777583825208,1.1464777583825208,0.8405419482450776,0.8405419482450776,0.9993688929592334,0.9993688929592334,0.937082637485324,1.0512317668335982,0.9993688929592334,0.9993688929592334,0.9938589072585765,0.9893672725321473
T000492,0.6584865638078469,0.6584865638078469,0.6584865638078469,0.7147653694953564,0.7147653694953564,0.7147653694953564,0.7012520231766096,0.7012520231766096,0.6833207867888325,0.6833207867888325,0.6833207867888325,0.6354059009129199
T000493,0.4692444404865995,0.4692444404865995,0.5592582672557743,0.5172509062755598,0.5172509062755598,0.5172509062755598,0.5172509062755598,0.4804089071784132,0.4804089071784132,0.4804089071784132,0.6153036059339054,0.6886822641820153
T000494,0.758183169559129,0.3141831238779174,0.5540905733480422,0.5540905733480422,0.5540905733480422,0.6071674511214932,0.5540905733480422,0.6071674511214932,0.6071674511214932,0.6071674511214932,0.6071674511214932,0.7184054342554688
T000495,1.0762509928514703,1.0762509928514703,0.7777242073206059,0.7784322814709418,0.7784322814709418,0.7784322814709418,0.8286847090143638,0.8239499482857097,0.8239499482857097,0.8239499482857097,0.8239499482857097,0.8506751389992061
T000496,0.6662805647408651,0.6662805647408651,0.5770955820708528,0.6386796310681337,0.6386796310681337,0.6386796310681337,0.6386796310681337,0.31040627238692675,0.31040627238692675,0.31040627238692675,0.31040627238692675,0.30516814716905033
T000497,0.6183130948473908,1.6355465049407147,1.6820788471432442,1.4272373783430135,0.7858596151109434,1.6355465049407147,0.7374466688546111,0.7374466688546111,0.7374466688546111,0.7374466688546111,0.7374466688546111,0.7374466688546111
T000498,0.25596473029045663,0.25596473029045663,0.25596473029045663,0.25596473029045663,0.24682569079849986,0.31794491509256634,0.31794491509256634,0.31794491509256634,0.31794491509256634,0.31794491509256634,0.1418271089544585,0.14548755186722015
T000499,0.3854838709677423,0.3854838709677423,0.5372043938571351,0.3854838709677423,0.5468914484463062,0.5468914484463062,0.4651783717739701,0.4651783717739701,0.4651783717739701,0.4651783717739701,0.4651783717739701,0.4651783717739701
T000500,0.5644399460188932,0.5644399460188932,0.5644399460188932,1.4497963390563764,1.4497963390563764,1.4497963390563764,1.3751950480564825,1.3751950480564825,1.3751950480564825,1.3751950480564825,1.3751950480564825,0.7061403508771928
T000501,0.47602302159978765,0.5854288105262743,0.5854288105262743,0.7922819427199983,0.35459322671036153,0.35459322671036153,0.35459322671036153,0.15646425888416501,0.15646425888416501,0.15646425888416501,0.15646425888416501,0.16309184235874125
T000502,0.49354786475167733,0.49354786475167733,0.4878480650630137,0.8822471725342208,0.8822471725342208,0.8822471725342208,0.3787544375204709,0.3787544375204709,0.3787544375204709,0.3787544375204709,0.3787544375204709,0.3787544375204709
T000503,0.7093263276412078,0.7093263276412078,0.7093263276412078,0.818813733969414,0.818813733969414,0.726625360131545,0.7147943091880505,0.7147943091880505,0.42952835090164776,0.42952835090164776,0.42952835090164776,0.39593403151903067
T000504,0.9871218553433782,0.9871218553433782,0.875532994050491,1.0150050388999239,0.4272639688971784,0.4272639688971784,0.4272639688971784,0.4272639688971784,0.2720953772343135,0.2720953772343135,0.2720953772343135,0.3125603926161
T000505,0.4113815563935554,0.4113815563935554,0.4113815563935554,0.4113815563935554,0.4611747262748241,0.5132006608380297,0.1855005972562181,0.1855005972562181,0.41678651450083964,0.41678651450083964,0.41678651450083964,0.1855005972562181
T000506,0.9467355298094496,0.9467355298094496,3.149582555772888,3.149582555772888,1.0344608284994552,1.2791500609215642,1.2791500609215642,1.2791500609215642,1.2791500609215642,1.2791500609215642,1.2791500609215642,0.9886241909906568
T000507,0.6673853541925333,0.6673853541925333,0.6591129655968653,1.388695090536871,1.388695090536871,1.388695090536871,1.388695090536871,1.388695090536871,1.388695090536871,1.388695090536871,1.388695090536871,0.4644759011551235
T000508,0.6901735321648088,0.6901735321648088,0.658477644313091,0.6898144370196312,0.7621233303421001,0.7621233303421001,0.7621233303421001,0.7621233303421001,0.2992701700719468,0.2992701700719468,0.2992701700719468,0.30548177898044454
T000509,0.44583926485642666,0.44583926485642666,0.7814244040410236,1.181309457190822,0.44504280236778304,0.2338079973648172,0.2338079973648172,0.2338079973648172,0.2338079973648172,0.2338079973648172,0.2338079973648172,0.2338079973648172
T000510,0.8027343749999997,0.8027343749999997,0.8027343749999997,0.8027343749999997,0.5859590778029289,0.5859590778029289,0.5859590778029289,0.5859590778029289,0.7803053320041631,0.7803053320041631,0.7803053320041631,0.7797778764617067
T000511,0.444609483236029,0.444609483236029,0.444609483236029,0.4471595207479111,0.6455042375866549,1.040910218633254,0.6455042375866549,0.2922935050815912,0.2922935050815912,0.2922935050815912,0.2922935050815912,0.26125677055766905
T000512,0.2202242061479151,0.2202242061479151,0.2202242061479151,0.2652114804471586,0.23486451392719918,0.23486451392719918,0.2811181858864823,0.2811181858864823,0.2811181858864823,0.26215023933186826,0.26215023933186826,0.21524190474871524
T000513,0.39185331576635923,0.39185331576635923,0.39185331576635923,0.5730672670479894,0.5471124850161299,0.6895410972184064,0.6242847717429038,0.6242847717429038,0.6242847717429038,0.5325014444281763,0.6653094496411394,0.5662043297925512
T000514,2.127551174706865,2.127551174706865,2.127551174706865,2.127551174706865,2.127551174706865,2.127551174706865,2.127551174706865,2.828712050713382,2.828712050713382,2.828712050713382,3.874155494333915,6.336274700436475
T000515,1.560188850628468,1.560188850628468,1.547879184063174,1.3548970280884094,1.3694154408093462,1.5720319350482543,1.5720319350482543,1.5720319350482543,1.5720319350482543,1.5720319350482543,1.5720319350482543,1.5720319350482543
T000516,0.49458060584627184,0.49458060584627184,0.49458060584627184,0.49458060584627184,0.47895105263244836,0.47895105263244836,0.47895105263244836,0.5282269150484848,0.42360390345108695,0.42360390345108695,0.42360390345108695,0.4966607301380976
T000517,0.782547119392881,0.782547119392881,0.782547119392881,0.8653741100794914,0.8653741100794914,0.8653741100794914,0.8653741100794914,0.8095554224525757,0.6283787758429273,0.6283787758429273,0.6283787758429273,0.9931146898492895
T000518,0.3945512513408617,0.45242667720946733,0.4465585857394855,0.49019205258985793,0.49019205258985793,0.49019205258985793,0.45160796313752455,0.45160796313752455,0.4851380833127686,0.4586274330016465,0.4586274330016465,0.46770686171810905
T000519,1.111429223919368,1.111429223919368,0.9221747142357567,0.9221747142357567,0.9221747142357567,0.9221747142357567,0.9221747142357567,0.9221747142357567,0.9611686564820948,1.0339923951645416,1.0339923951645416,0.9639886486222002
T000520,0.37276764455409817,0.276228426704189,0.37276764455409817,0.3368508479697799,0.26556760701848925,0.26556760701848925,0.26556760701848925,0.26556760701848925,0.4065258704285181,0.2656695381095762,0.2656695381095762,0.276228426704189
T000521,0.3485219906060108,0.3485219906060108,0.2783954147895147,0.4959459697122506,0.4959459697122506,0.5414465272504317,0.5162298761837583,0.6027156262961505,0.509469550492189,0.509469550492189,0.509469550492189,0.494981201366356
T000522,0.6466162156889077,0.8397807731046062,0.8397807731046062,0.8397807731046062,1.014699240005639,0.7929311801979448,0.9069732870046479,0.9069732870046479,0.9069732870046479,0.9069732870046479,0.5221501145192787,1.0426096501924231
T000523,0.919104793153154,0.6161624239684562,0.6774646693882665,0.8805959691322188,0.6099307547417873,0.6893215799913325,0.8110297781068928,0.6977191336386658,0.6699213539340927,0.6679464327736592,0.6679464327736592,0.6099307547417873
T000524,1.634815437638122,1.634815437638122,1.353057981401406,1.353057981401406,1.353057981401406,1.353057981401406,1.353057981401406,1.562188494822633,1.3691053803724562,1.1280286098923882,1.119211731499125,1.1929443495466872
T000525,0.8817000749271192,1.1101478322145404,1.1101478322145404,1.1510469143019924,1.143797340056755,1.143797340056755,1.143797340056755,1.143797340056755,1.143797340056755,1.1626755196592953,1.1626755196592953,1.1560616289332095
T000526,0.31960672847447,0.5018291220787255,0.5018291220787255,0.5018291220787255,0.6631557849474523,0.6631557849474523,0.6631557849474523,0.49269275832172926,0.689263647346878,0.689263647346878,0.5963076182160063,0.5579090512419944
T000527,0.43997781506469225,0.43997781506469225,0.43997781506469225,0.43997781506469225,0.43997781506469225,0.43997781506469225,0.43997781506469225,0.43997781506469225,0.43997781506469225,0.4451440802087269,0.4451440802087269,0.4185048447943492
T000528,0.9541912338024363,0.9541912338024363,1.1867179873838953,0.9917977236885973,0.8466449140751098,0.8466449140751098,1.1490021144029436,1.052977758494924,0.9202240169252297,0.9202240169252297,0.9202240169252297,0.8844405269994435
T000529,0.17238119248707903,0.17238119248707903,0.16971207321573595,0.17091972163903804,0.17091972163903804,0.16971207321573595,0.17750046523991608,0.17180045841514388,0.17750046523991608,0.17750046523991608,0.17750046523991608,0.29924354966880584
T000530,3.889909921602652,4.072387980123845,4.072387980123845,4.112305591265159,3.7945831865230812,3.7945831865230812,4.112305591265159,4.036182019929882,4.036182019929882,4.036182019929882,4.036182019929882,3.9359589708343643
T000531,0.34064143193649815,0.34064143193649815,0.35672169630331774,0.35672169630331774,0.3072567136903872,0.3072567136903872,0.3072567136903872,0.3072567136903872,0.3018093316684488,0.3018093316684488,0.3018093316684488,0.5235768104910422
T000532,0.5165989634402555,0.5165989634402555,0.5165989634402555,0.5165989634402555,0.4706841572886754,0.42318926458393114,0.6075712296378508,0.6187672006102923,0.6075712296378508,0.6075712296378508,0.6075712296378508,0.7014988093570531
T000533,0.1818928832949526,0.1818928832949526,0.1818928832949526,0.1818928832949526,0.1818928832949526,0.1818928832949526,0.19342491201968523,0.2665269691472217,0.2665269691472217,0.2665269691472217,0.2665269691472217,0.23420296270832655
T000534,0.4682296786913569,0.4682296786913569,0.4682296786913569,0.4682296786913569,0.4682296786913569,0.5081634191916801,0.5081634191916801,0.5051435880961804,0.5702310810635121,0.4209646511474139,0.4209646511474139,0.5702310810635121
T000535,1.0852026293396386,1.0852026293396386,1.0852026293396386,1.0852026293396386,1.0947141303976038,1.1735290198977388,1.0999669702962271,1.1982804899971335,1.0999669702962271,1.0999669702962271,1.1482449823856111,1.2015542806429238
T000536,0.29084486093157347,0.29084486093157347,0.29084486093157347,0.29084486093157347,0.3359104025537032,0.3273846288637451,0.3359104025537032,0.37333090269014996,0.38316224858353615,0.3484806688276446,0.3484806688276446,0.6455576837000537
T000537,1.4001341548256603,1.5026904955638676,1.2551386850166417,1.542410148368405,1.542410148368405,1.6487609717227956,1.6487609717227956,1.3868916580500705,1.4660449720605548,1.3079842283661927,1.4660449720605548,1.1154009977497892
T000538,3.246747405496971,3.246747405496971,3.246747405496971,3.246747405496971,3.246747405496971,3.2146656627933257,3.26043402718231,3.2222755068095426,3.2222755068095426,3.2933309426702815,3.2933309426702815,3.2623392271798344
T000539,1.3840595523833805,1.3840595523833805,1.3840595523833805,1.3840595523833805,1.2891530343927233,1.32886055073084,1.32886055073084,1.3235511957926434,1.4996051992304154,1.4440266826153056,1.4440266826153056,1.482875002243039
T000540,0.49902451878446646,0.49902451878446646,0.49902451878446646,0.6281660152350071,0.4483775190369351,0.5844189464818343,0.5844189464818343,0.575002192185329,0.5782831214066522,0.5782831214066522,0.5782831214066522,1.319385672860058
T000541,0.8315394846945434,0.8302315212155873,0.8302315212155873,0.8302315212155873,0.9093542897470267,0.9093542897470267,0.7462789816741806,0.7308380441537673,0.7308380441537673,0.7308380441537673,0.7308380441537673,1.9288464658661062
T000542,0.2934285669523963,0.5754207876001692,0.5433023351281349,0.4474393241229099,0.5754207876001692,0.4474393241229099,0.5754207876001692,0.5754207876001692,0.5754207876001692,0.5754207876001692,0.5754207876001692,0.40394140371462556
T000543,0.15307559723839298,0.15307559723839298,0.15307559723839298,0.15307559723839298,0.15307559723839298,0.15307559723839298,0.2991923076207165,0.2991923076207165,0.2991923076207165,0.2991923076207165,0.2991923076207165,0.3059691694056702
T000544,2.0214654380311523,2.0214654380311523,1.9806626063997592,1.9806626063997592,2.1560396981786187,2.3748456018578095,2.3748456018578095,2.3748456018578095,2.3748456018578095,2.2029770954857644,2.2029770954857644,2.3435178482372843
T000545,0.14199783542945277,0.1371428571428574,0.1371428571428574,0.13577133885514248,0.15979534960964933,0.15979534960964933,0.1371428571428574,0.1371428571428574,0.163635050845747,0.163635050845747,0.163635050845747,0.3096167266635307
T000546,1.4305650439650948,1.4305650439650948,1.4305650439650948,1.4023307747004499,1.4896696163708676,1.4627469685414356,1.4627469685414356,1.4563411047994308,1.4563411047994308,1.4563411047994308,1.4563411047994308,1.4282146870484989
T000547,0.8632282313635448,0.8632282313635448,0.8632282313635448,0.8632282313635448,1.0284363525202969,1.0284363525202969,1.0284363525202969,1.0284363525202969,1.0284363525202969,1.0284363525202969,0.6220505974054388,1.013325325118234
T000548,0.7526315789473683,0.7526315789473683,1.117989597127215,1.1106465137267623,1.1106465137267623,1.0870636046656674,1.0870636046656674,1.0870636046656674,1.0870636046656674,1.0870636046656674,1.0870636046656674,1.0870636046656674
T000549,1.023111446755757,1.023111446755757,1.023111446755757,0.9674238839535327,0.9639296193818188,0.9639296193818188,0.9639296193818188,0.9639296193818188,0.9639296193818188,0.9639296193818188,1.0570069023719293,0.9598331478154054
T000550,1.705426356589146,1.705426356589146,1.1275715054730193,1.1275715054730193,1.1407456949186743,0.8282884470405445,0.8282884470405445,0.7755163172381704,0.7547161829111998,0.7547161829111998,0.7547161829111998,0.7842976230318396
T000551,0.9101123595505626,0.4805421844840601,0.4805421844840601,0.4805421844840601,0.4379081069143144,0.4379081069143144,0.3391402731110253,0.3391402731110253,0.3391402731110253,0.3391402731110253,0.3391402731110253,0.3391402731110253
T000552,1.883309772649541,1.883309772649541,1.883309772649541,1.4075782832744639,1.9473212930726536,1.6762728852142204,1.8666957790414516,1.6762728852142204,1.6762728852142204,1.8666957790414516,1.8666957790414516,1.9411144758218706
T000553,1.8162854808705058,1.8162854808705058,1.7972279188868667,1.83521091890182,1.6109592912425506,1.6109592912425506,1.6109592912425506,1.6109592912425506,1.6109592912425506,1.83521091890182,1.934126968994889,1.7847791684649685
T000554,4.934591702836378,1.4310428689822374,0.8186993728429559,0.6953619579741783,0.8419398627835724,0.6963046429846892,0.8419398627835724,0.8419398627835724,0.8419398627835724,1.0794892473541147,1.0794892473541147,0.8390895508812907
T000555,1.0481415177430211,1.0481415177430211,1.2259814310966657,0.7146456985757295,0.7567652068725602,0.5233185244334916,0.5233185244334916,0.9334794007660174,0.9334794007660174,0.9334794007660174,1.0702265350221183,0.7011865888741912
T000556,0.15230967524239789,0.15230967524239789,0.1579526434490294,0.13992694799122254,0.13992694799122254,0.13992694799122254,0.13992694799122254,0.13992694799122254,0.13666132941935194,0.13666132941935194,0.13666132941935194,0.13666132941935194
T000557,0.24075405935742605,0.24075405935742605,0.24075405935742605,0.24075405935742605,0.24075405935742605,0.24075405935742605,0.10345970712745343,0.10345970712745343,0.10345970712745343,0.10345970712745343,0.10345970712745343,0.1048986917942297
T000558,0.44997690357135994,0.44997690357135994,0.44997690357135994,0.44997690357135994,0.10870570820612452,0.10870570820612452,0.10870570820612452,0.10870570820612452,0.10870570820612452,0.10800283439751635,0.10800283439751635,0.10870570820612452
T000559,0.10538116591928244,0.10538116591928244,0.10538116591928244,0.19112612719201547,0.19112612719201547,0.19112612719201547,0.19112612719201547,0.1958593534064172,0.19112612719201547,0.19112612719201547,0.19112612719201547,0.1958593534064172
T000560,0.595211617809905,0.595211617809905,0.595211617809905,0.595211617809905,0.595211617809905,0.29200964675474816,0.29200964675474816,0.29200964675474816,0.29200964675474816,0.5165327955385586,0.5165327955385586,0.047623496641660865
T000561,0.2907072495612636,0.2907072495612636,0.2907072495612636,0.2907072495612636,0.2907072495612636,0.08816509586247277,0.022506864926196603,0.022506864926196603,0.022506864926196603,0.022506864926196603,0.022506864926196603,0.021451907370039398
T000562,0.05036954915003702,0.05036954915003702,0.05036954915003702,0.05292630285639999,0.027750382782101735,0.02522068485545359,0.02522068485545359,0.02522068485545359,0.02522068485545359,0.01566136178367971,0.016987465452578704,0.015161788757240932
T000563,0.09832489054258005,0.09832489054258005,0.09832489054258005,0.09832489054258005,0.14225172301671932,0.4020433672611339,0.10447019620149132,0.10447019620149132,0.10447019620149132,0.10447019620149132,0.10447019620149132,0.10447019620149132
T000564,0.04256654918101609,0.04256654918101609,0.042792310512875804,0.03937737289676019,0.03807099278472435,0.03807099278472435,0.03807099278472435,0.03807099278472435,0.0715325966253087,0.0715325966253087,0.0715325966253087,0.05807796467279897
T000565,0.1973668194912159,0.1973668194912159,0.1973668194912159,0.1973668194912159,0.11429228725163396,0.13751838610359388,0.10894476795691192,0.11429228725163396,0.11429228725163396,0.11429228725163396,0.11429228725163396,0.1016428973370694
T000566,0.5267042200700385,0.5267042200700385,0.500349257531416,0.500349257531416,0.5299622969265002,0.5299622969265002,0.39760857700877417,0.41900867455537255,0.4216305582225486,0.42126710965205577,0.42126710965205577,0.42126710965205577
T000567,1.0263053425672957,1.0263053425672957,1.1273850339461173,1.1273850339461173,1.1179505636877858,1.1658127479338407,1.1658127479338407,1.1658127479338407,1.1658127479338407,1.1658127479338407,1.1658127479338407,1.2726883762598022
T000568,2.206733671776212,2.206733671776212,2.206733671776212,2.206733671776212,1.0683863779169314,1.2586674381163496,1.1747703273195351,1.1747703273195351,1.1747703273195351,1.1747703273195351,1.1747703273195351,1.1782956210168
T000569,0.2114238738484725,0.2114238738484725,0.2114238738484725,0.2114238738484725,0.2114238738484725,0.2114238738484725,0.2114238738484725,0.22755519267141763,0.18861096211589704,0.21132314324384238,0.20632542813457555,0.4142971951899259
T000570,0.5292176253665659,0.5292176253665659,0.4872286150596663,0.4872286150596663,0.47043026486609985,0.47043026486609985,0.47043026486609985,0.47043026486609985,0.47043026486609985,0.47043026486609985,0.47043026486609985,0.7438720059292808
T000571,0.768666666666666,0.768666666666666,0.9149345742463293,0.9177411003515817,0.9177411003515817,0.9177411003515817,0.9177411003515817,0.9177411003515817,0.9177411003515817,0.9177411003515817,0.9177411003515817,0.9177411003515817
T000572,0.20047546829527924,0.20047546829527924,0.3230451561390372,0.3199643731464934,0.548218455669357,0.37724381696403786,0.3428903166406081,0.3428903166406081,0.3428903166406081,0.3428903166406081,0.5385796466534343,0.6037498764231122
T000573,0.2940217981677957,0.2940217981677957,0.33710764838935103,0.6733709830648533,0.5450220731657092,0.6583195486775834,0.6583195486775834,0.5450220731657092,0.5450220731657092,0.5515020905214866,0.5515020905214866,0.6137606714299935
T000574,0.1481796632832912,0.1481796632832912,0.1481796632832912,0.16033378834936965,0.17879462501893084,0.17879462501893084,0.2176125564369805,0.2176125564369805,0.2176125564369805,0.21565920884066558,0.49752357805437997,0.44196121916978104
T000575,0.9502641604354297,0.7484336956983725,0.7484336956983725,1.0514193496831497,1.0514193496831497,0.8061382609454572,1.2951079576687492,1.2951079576687492,1.2951079576687492,1.4362229352256466,1.4362229352256466,1.0895472762456078
T000576,0.5909735172106073,0.5909735172106073,0.5909735172106073,0.5909735172106073,0.5909735172106073,0.6016631526494322,0.6016631526494322,0.5571916954324447,0.5571916954324447,0.5571916954324447,0.5844271284328451,0.6251938904307024
T000577,0.638630191154878,0.638630191154878,0.638630191154878,0.638630191154878,0.638630191154878,0.6520014590075426,0.6520014590075426,0.6115910994097189,0.6115910994097189,0.6115910994097189,0.6115910994097189,0.5946100004906517
T000578,0.5830795903528757,0.5830795903528757,0.5830795903528757,0.5830795903528757,0.5830795903528757,0.5281564532356109,0.5597870473827362,0.5597870473827362,0.5597870473827362,0.5597870473827362,0.5597870473827362,0.5660377358490564
T000579,0.35061262959472167,0.6561179934887302,0.6561179934887302,0.6561179934887302,0.5652784672401002,0.7681964040127551,0.7681964040127551,0.6500661705533622,0.43681455797785035,0.43681455797785035,0.43681455797785035,0.5289746847057465
T000580,0.33306015393902494,0.33306015393902494,0.33306015393902494,0.33306015393902494,0.33306015393902494,0.5779107712641712,0.5667644164448775,0.5667644164448775,0.5667644164448775,0.5667644164448775,0.5667644164448775,0.5667644164448775
T000581,0.4159577601276436,0.4159577601276436,0.4159577601276436,0.4159577601276436,0.4159577601276436,0.36152785538852167,0.45612563038480625,0.45612563038480625,0.4112730027476291,0.4112730027476291,0.4112730027476291,0.4112730027476291
T000582,0.5253385944589692,0.5253385944589692,0.5253385944589692,0.5253385944589692,0.530903455082316,0.5346760044534203,0.5616731048425733,0.5616731048425733,0.5616731048425733,0.5616731048425733,0.5616731048425733,0.5616731048425733
T000583,0.43504180095756995,0.43504180095756995,0.43504180095756995,0.43504180095756995,0.43504180095756995,0.4645807747935329,0.4645807747935329,0.4621678102292029,0.4621678102292029,0.4621678102292029,0.4621678102292029,0.4621678102292029
T000584,0.651540173424337,0.651540173424337,0.651540173424337,0.651540173424337,0.651540173424337,0.6540771484970611,0.6540771484970611,0.6463219664327924,0.6463219664327924,0.6463219664327924,0.6463219664327924,0.7554819982961211
T000585,0.5797040412262312,0.5797040412262312,0.5797040412262312,0.5797040412262312,0.5797040412262312,0.6069605343319812,0.6069605343319812,0.607710575203973,0.607710575203973,0.607710575203973,0.607710575203973,0.607710575203973
T000586,0.5064478311840565,0.5064478311840565,0.5064478311840565,0.836478420524831,0.9678068948878681,0.7743359866435486,0.7028354764193118,0.8264024829618747,0.5212068392764679,0.5212068392764679,0.5212068392764679,0.5181711606096132
T000587,0.7795247997550252,0.7795247997550252,0.7795247997550252,0.7795247997550252,0.7795247997550252,0.7777165223599398,0.7898244625249348,0.7898244625249348,0.7898244625249348,0.7898244625249348,0.7898244625249348,0.7898244625249348
T000588,0.7918841686097495,0.7918841686097495,0.7918841686097495,0.7918841686097495,0.7701744493600449,0.7603160692405143,0.7611914635033469,0.7611914635033469,0.7611914635033469,0.7611914635033469,0.7611914635033469,0.7611914635033469
T000589,1.315470337304831,1.315470337304831,1.315470337304831,0.9440617532947878,0.8549474279487221,0.8549474279487221,0.8549474279487221,0.8549474279487221,0.8549474279487221,0.8549474279487221,0.8549474279487221,1.0896865156133695
T000590,0.1856209150326798,0.1856209150326798,0.1856209150326798,0.1856209150326798,0.1856209150326798,0.20283838674144264,0.20283838674144264,0.10996244704661175,0.10735252324852369,0.10735252324852369,0.10735252324852369,0.12738256272115633
T000591,0.10232558139534884,0.10232558139534884,0.10232558139534884,0.10232558139534884,0.10232558139534884,0.15982670917221375,0.1218797284686787,0.1218797284686787,0.2013969906894721,0.2013969906894721,0.2013969906894721,0.3193829392339876
T000592,0.2906976744186051,0.2906976744186051,0.2906976744186051,0.2906976744186051,0.2906976744186051,0.29131760893339037,0.29131760893339037,0.8489844063581277,0.8489844063581277,0.8489844063581277,0.8489844063581277,0.36328954128164825
T000593,0.7056537871316689,0.7056537871316689,0.7056537871316689,0.4151300633411925,0.2589928854906874,0.23776083844770612,0.23776083844770612,0.11809392243765905,0.11809392243765905,0.11809392243765905,0.11809392243765905,0.11809392243765905
T000594,0.3169638870750193,0.3169638870750193,0.3169638870750193,0.3169638870750193,0.3169638870750193,0.3169638870750193,0.16614025625364637,0.16614025625364637,0.16614025625364637,0.16614025625364637,0.16614025625364637,0.12468397428818956
T000595,0.37189359897140384,0.3513903224222276,0.5162400231561065,0.5162400231561065,0.3513903224222276,0.3513903224222276,0.32072934390559893,0.5162400231561065,0.34417440384555886,0.34417440384555886,0.5162400231561065,0.36349307438009293
T000596,0.3369967994905532,0.3369967994905532,0.3369967994905532,0.47786839183660323,0.348525357806836,0.338268539387404,0.47786839183660323,0.348525357806836,0.348525357806836,0.25587605286050896,0.25587605286050896,0.3412251012000671
T000597,0.6214445978817601,0.6214445978817601,0.6214445978817601,0.7662197970631253,0.7662197970631253,0.8909768337702318,0.8909768337702318,0.8909768337702318,0.8909768337702318,0.4579184617725167,0.4579184617725167,0.3892783073635949
T000598,1.2218120730431368,1.2218120730431368,1.2218120730431368,1.2855272674416376,1.2793999470610837,1.3284455728805968,1.2793999470610837,0.9999846387031301,0.9765304258186229,1.0621498061005241,1.0621498061005241,1.2760312886458243
T000599,0.8699895210157729,0.8699895210157729,0.8957754834962106,0.7698233896497261,0.8530303563171262,0.789791970085104,0.9035457915565185,0.9280464600277631,1.0443847257497285,1.0443847257497285,1.0443847257497285,0.8113208894257469
T000600,1.2626521790015814,1.2626521790015814,1.2419129821865247,1.207689425484303,1.2282893079414818,1.1849836321722875,1.1324909378870927,1.1836993235187268,1.1836993235187268,1.1836993235187268,1.1703238659347,1.2626521790015814
T000601,1.0936635915809878,1.0936635915809878,0.8294124813376491,1.0936635915809878,1.0936635915809878,0.9000098452866532,0.9000098452866532,0.7553710393148879,0.7553710393148879,0.7553710393148879,0.7553710393148879,0.7764539706479991
T000602,2.5037037037037053,2.5037037037037053,0.8138944480615056,1.3119068348041782,1.3119068348041782,1.1204702506928053,1.1204702506928053,1.1204702506928053,1.1204702506928053,1.1204702506928053,1.1204702506928053,1.1204702506928053
T000603,0.6868833430063842,0.6868833430063842,0.8451116057259931,0.8451116057259931,0.8841330394357562,0.947695471282083,0.9080933767520863,0.9607216041383071,0.9607216041383071,0.9607216041383071,0.9607216041383071,0.9607216041383071
T000604,0.8018606492478226,0.8018606492478226,0.8293260398479615,0.6686172140725128,0.8488087325680641,1.2565114776559267,1.2575804380773166,1.2575804380773166,1.2575804380773166,1.2575804380773166,1.2575804380773166,1.2575804380773166
T000605,2.1288135593220336,2.1288135593220336,1.033306361066233,1.033306361066233,0.9371754713294833,0.9371754713294833,0.9426745439894747,0.9426745439894747,0.849412939599802,0.849412939599802,0.7927573756982201,0.6677489355272843
T000606,1.2425201681467852,1.1152747659556426,1.1201697379772053,1.4432859797266575,0.8426328328051499,0.9036384475109014,0.8426328328051499,0.8426328328051499,0.8426328328051499,1.2100011699266535,1.163183621547151,1.2087888013728338
T000607,0.8994131197534196,0.8994131197534196,0.690252272151185,0.9924816338447371,0.6621091455106731,0.6621091455106731,0.8203212421046847,0.6604817998685311,0.6604817998685311,0.6604817998685311,0.6604817998685311,0.8191714455866015
T000608,0.658370227950067,0.7562232091324896,0.658370227950067,0.912786433321661,0.6885933882846521,0.8753200722270913,0.7465124891956807,0.7465124891956807,0.8363589686249938,0.6912778826843011,0.6912778826843011,0.6754607119827213
T000609,1.4194731906865676,1.4194731906865676,1.4154985238553124,1.4278259131471114,1.5348653782916173,1.42045069965329,1.42045069965329,1.42045069965329,1.42045069965329,1.4549597629372253,1.4122611999451449,1.4192083659077386
T000610,1.9105326501891926,2.1354175609713906,2.144497969037548,2.144497969037548,2.144497969037548,2.14025305066068,2.1813941228128066,2.1813941228128066,2.1813941228128066,2.0883775454955953,2.0883775454955953,2.0900889684155435
T000611,1.3968259591243835,1.4638235894471567,1.1156713125687068,1.1156713125687068,1.1156713125687068,0.9768127636982613,1.019205448398036,1.0375685956148926,1.0375685956148926,1.0375685956148926,1.0375685956148926,1.3886126950250326
T000612,1.0764894059760302,1.0764894059760302,1.12199016511211,1.061341268911118,1.1010754293584033,1.1010754293584033,1.1010754293584033,1.1010754293584033,1.0445114778403053,1.0445114778403053,1.0445114778403053,1.1123014970073106
T000613,1.1850577183151634,1.1850577183151634,1.894067796610169,1.0857195630296395,1.0857195630296395,1.0050382753070646,1.0857195630296395,1.1659979818025492,1.1659979818025492,1.1659979818025492,1.160820624247907,1.00883241907805
T000614,0.7539430039427338,0.8965832800460564,0.8965832800460564,0.8820949192741798,0.9133284831120847,0.9133284831120847,0.9133284831120847,0.9133284831120847,0.9047710437097726,0.9047710437097726,0.9047710437097726,0.9047710437097726
T000615,1.0827526011733786,1.0827526011733786,1.0827526011733786,1.0827526011733786,1.0827526011733786,1.0827526011733786,1.0746310929706466,0.961382245390584,0.961382245390584,1.1319280593393588,1.1892761698735996,1.0532972710635782
T000616,0.7304228600942315,0.7304228600942315,0.7304228600942315,0.9036299349717049,0.8136829924710243,0.8136829924710243,0.8136829924710243,0.8136829924710243,0.8136829924710243,0.8136829924710243,0.8136829924710243,0.8642912346698494
