unique_id,MetaARIMA(0.0),MetaARIMA(0.1),MetaARIMA(0.2),MetaARIMA(0.3),MetaARIMA(0.4),MetaARIMA(0.5),MetaARIMA(0.6),MetaARIMA(0.7),MetaARIMA(0.8),MetaARIMA(0.9),MetaARIMA(1.0),AutoARIMA
T000000,2.6965776371023176,2.6965776371023176,2.6965776371023176,2.6965776371023176,2.6965776371023176,2.6965776371023176,2.6965776371023176,2.6965776371023176,2.6965776371023176,2.6965776371023176,2.6965776371023176,1.4064229140833235
T000001,1.6690908110926248,1.6690908110926248,2.016570544548273,2.016570544548273,2.016570544548273,4.864440148175606,4.864440148175606,4.864440148175606,4.864440148175606,4.864440148175606,4.864440148175606,2.0546138005384185
T000002,4.611812456181343,4.611812456181343,4.684079804787271,4.684079804787271,4.259938697189107,4.259938697189107,4.737357421206442,4.737357421206442,4.737357421206442,4.737357421206442,4.737357421206442,4.737357421206442
T000003,5.8063763363636,5.8063763363636,5.860535800335887,5.8063763363636,5.860535800335887,5.860535800335887,5.860535800335887,5.860535800335887,5.860535800335887,5.860535800335887,5.860535800335887,5.860535800335887
T000004,3.0955371307249417,3.0955371307249417,3.0955371307249417,3.0955371307249417,3.1825220616314267,3.1825220616314267,3.1825220616314267,3.1825220616314267,3.1825220616314267,3.1825220616314267,3.1825220616314267,3.1825220616314267
T000005,4.267852184694219,4.267852184694219,4.534878481567877,4.534878481567877,4.534878481567877,4.534878481567877,4.534878481567877,4.534878481567877,4.534878481567877,4.534878481567877,4.534878481567877,4.534878481567877
T000006,8.081385585854184,8.081385585854184,8.081385585854184,8.56614128055411,8.362739396758936,8.362739396758936,8.362739396758936,8.362739396758936,8.362739396758936,8.362739396758936,8.362739396758936,8.362739396758936
T000007,0.8509083260500504,0.8509083260500504,0.844996092227057,0.844996092227057,0.844996092227057,0.844996092227057,0.844996092227057,0.844996092227057,0.844996092227057,0.844996092227057,0.844996092227057,0.844996092227057
T000008,6.819686511826016,6.819686511826016,6.819686511826016,6.819686511826016,6.819686511826016,6.819686511826016,6.819686511826016,6.819686511826016,6.819686511826016,6.819686511826016,6.819686511826016,5.564180911555963
T000009,4.661703170965131,4.661703170965131,4.58430394783717,4.647405251130976,4.647405251130976,4.647405251130976,4.647405251130976,4.647405251130976,4.647405251130976,4.647405251130976,4.647405251130976,4.647405251130976
T000010,5.847824519680797,5.847824519680797,4.76055958112391,4.76055958112391,4.76055958112391,4.76055958112391,4.76055958112391,4.76055958112391,4.76055958112391,5.73567498048196,5.73567498048196,5.620563712102766
T000011,3.8844633474967054,3.8844633474967054,3.9996512019929096,3.9996512019929096,3.9996512019929096,3.9719749795778507,3.9719749795778507,3.9719749795778507,3.9719749795778507,3.9719749795778507,3.9719749795778507,3.9719749795778507
T000012,4.340471116602156,4.340471116602156,3.830733764639043,3.830733764639043,2.659500078894847,2.659500078894847,2.659500078894847,2.659500078894847,2.659500078894847,2.659500078894847,2.659500078894847,2.659500078894847
T000013,3.2788316677541625,3.2788316677541625,3.2788316677541625,3.2788316677541625,3.2788316677541625,3.2788316677541625,3.2788316677541625,3.2788316677541625,3.2788316677541625,3.2788316677541625,3.2788316677541625,3.2788316677541625
T000014,3.1494894379062455,3.1494894379062455,3.1494894379062455,2.41131891681278,3.4106299187086635,3.4106299187086635,3.4106299187086635,3.4106299187086635,3.4106299187086635,3.4106299187086635,3.4106299187086635,3.4106299187086635
T000015,7.158235234244541,6.303041401946835,6.303041401946835,6.303041401946835,6.303041401946835,8.001645051693837,6.303041401946835,6.303041401946835,6.303041401946835,6.303041401946835,6.303041401946835,6.303041401946835
T000016,2.9391158766070746,4.098110943320246,4.098110943320246,3.2640308392534476,3.2640308392534476,3.2640308392534476,3.2085127566709892,3.2085127566709892,3.2085127566709892,3.2085127566709892,3.2085127566709892,3.2085127566709892
T000017,19.74024205649037,18.411331271679142,18.411331271679142,18.411331271679142,18.411331271679142,18.411331271679142,18.411331271679142,18.411331271679142,18.411331271679142,18.411331271679142,18.411331271679142,18.411331271679142
T000018,1.3185338107177063,1.3185338107177063,1.2102661442274754,1.2102661442274754,1.2102661442274754,1.2102661442274754,1.2102661442274754,1.2102661442274754,1.2102661442274754,1.2102661442274754,1.2102661442274754,1.2102661442274754
T000019,4.021359051727488,4.021359051727488,3.714418359902118,3.714418359902118,3.714418359902118,3.714418359902118,3.714418359902118,3.714418359902118,3.714418359902118,3.714418359902118,3.714418359902118,3.8214606985427952
T000020,1.5675361877968959,1.5675361877968959,1.8002384634816544,1.8002384634816544,1.8002384634816544,1.6242238172601207,1.6242238172601207,1.6242238172601207,1.6242238172601207,1.6242238172601207,1.6242238172601207,1.6242238172601207
T000021,26.43052624723913,26.43052624723913,25.965047863646976,25.965047863646976,25.4754968570428,25.965047863646976,25.965047863646976,25.965047863646976,25.965047863646976,25.965047863646976,25.965047863646976,25.965047863646976
T000022,11.573303925267588,11.573303925267588,8.06226397021394,8.106582923858788,8.06226397021394,8.06226397021394,8.06226397021394,8.06226397021394,8.06226397021394,8.06226397021394,8.06226397021394,12.691981007034897
T000023,1.8773092916111267,1.3643845426707764,1.3643845426707764,1.3643845426707764,1.3643845426707764,1.3643845426707764,1.3643845426707764,1.3643845426707764,1.3643845426707764,1.3643845426707764,1.3643845426707764,0.7057246605987398
T000024,5.69000243696676,5.69000243696676,5.69000243696676,5.69000243696676,5.582136313685083,5.582136313685083,5.582136313685083,5.582136313685083,5.582136313685083,5.582136313685083,5.582136313685083,5.886185611709455
T000025,5.360648326849287,3.3450530835797383,3.3450530835797383,3.3450530835797383,3.3450530835797383,6.128471608931435,6.128471608931435,6.128471608931435,6.128471608931435,6.128471608931435,6.128471608931435,2.482065507087245
T000026,3.3413030655676046,0.8584060387977189,0.8584060387977189,0.8584060387977189,1.3588918775306338,0.8584060387977189,0.8584060387977189,0.8584060387977189,0.8584060387977189,0.8584060387977189,0.8584060387977189,3.5337029246946066
T000027,4.262235708646091,4.3217435750570825,4.6223451298811815,4.3217435750570825,4.3217435750570825,3.247026982107453,3.247026982107453,3.247026982107453,3.247026982107453,3.247026982107453,3.247026982107453,3.247026982107453
T000028,6.229919197027544,5.55440445684361,5.55440445684361,5.657068631974418,5.657068631974418,5.657068631974418,5.657068631974418,5.657068631974418,5.657068631974418,5.657068631974418,5.657068631974418,4.514758518366947
T000029,1.697620738533431,2.884007917630741,2.884007917630741,2.884007917630741,1.8836729658527582,1.8836729658527582,1.8836729658527582,1.8836729658527582,1.8836729658527582,1.8836729658527582,1.8836729658527582,5.678761290154932
T000030,1.5417067474940072,0.8742995475418568,2.597781756689545,2.597781756689545,2.597781756689545,2.597781756689545,2.597781756689545,2.597781756689545,2.597781756689545,2.597781756689545,2.597781756689545,2.597781756689545
T000031,5.505349749045094,5.505349749045094,5.396741855043954,5.5262535704987705,5.396741855043954,5.396741855043954,5.396741855043954,5.396741855043954,5.396741855043954,5.396741855043954,5.396741855043954,5.396741855043954
T000032,3.2188238146881263,3.2188238146881263,3.2188238146881263,3.2188238146881263,3.2188238146881263,3.2188238146881263,3.2188238146881263,3.2188238146881263,3.2188238146881263,3.2188238146881263,3.2188238146881263,1.3662344318821544
T000033,1.5950822090176107,0.8585580320997926,1.0664843221444378,1.0664843221444378,0.8585580320997926,1.0664843221444378,1.0664843221444378,1.0664843221444378,1.0664843221444378,1.0664843221444378,1.0664843221444378,0.88798936211819
T000034,1.280614276404352,1.6333810865427585,1.6333810865427585,0.9641281737849262,0.9641281737849262,0.9641281737849262,0.9641281737849262,0.9641281737849262,0.9641281737849262,0.9641281737849262,0.9641281737849262,0.9641281737849262
T000035,2.2122449132138233,1.1111331438165886,2.2122449132138233,2.2122449132138233,1.1495596914373631,1.1495596914373631,1.1495596914373631,1.1495596914373631,1.1495596914373631,1.1495596914373631,1.1495596914373631,1.3026325059346506
T000036,1.583379217211051,1.583379217211051,1.9935141509433962,0.9286142461513487,0.9286142461513487,0.9286142461513487,0.9286142461513487,0.9286142461513487,0.9286142461513487,0.9286142461513487,0.9286142461513487,0.9286142461513487
T000037,1.6098736636522297,1.6098736636522297,1.6098736636522297,1.6098736636522297,1.623029001655841,1.623029001655841,1.623029001655841,1.623029001655841,1.623029001655841,1.623029001655841,1.623029001655841,1.623029001655841
T000038,0.8237594209827154,0.8237594209827154,0.6468162639048715,0.6468162639048715,0.6468162639048715,0.6468162639048715,0.6468162639048715,0.6468162639048715,0.6468162639048715,0.6468162639048715,0.6468162639048715,0.9144624679983517
T000039,4.968524172382565,4.968524172382565,3.161610546578186,3.161610546578186,3.161610546578186,3.161610546578186,3.161610546578186,3.161610546578186,3.161610546578186,3.161610546578186,3.161610546578186,4.254400014946403
T000040,1.3919779395501446,1.3919779395501446,1.2660969238524507,2.0859931485180447,2.0859931485180447,2.0859931485180447,2.0859931485180447,2.0859931485180447,2.0859931485180447,2.0859931485180447,2.0859931485180447,3.6037151756810775
T000041,3.347489464886562,3.347489464886562,3.347489464886562,3.940490510454784,3.940490510454784,3.940490510454784,3.940490510454784,3.940490510454784,3.940490510454784,3.940490510454784,3.940490510454784,3.940490510454784
T000042,2.1673382816974827,2.1673382816974827,1.5147861080317722,1.5147861080317722,1.5147861080317722,1.5147861080317722,1.5147861080317722,1.5147861080317722,1.5147861080317722,1.5147861080317722,1.5147861080317722,1.6888872393201457
T000043,6.2542612464602945,4.393397845529358,5.541331665065111,5.541331665065111,4.404693674602798,5.541331665065111,5.541331665065111,5.541331665065111,5.541331665065111,5.541331665065111,5.541331665065111,3.1395015754798057
T000044,6.715337395998269,6.715337395998269,6.715337395998269,6.715337395998269,6.715337395998269,6.715337395998269,6.715337395998269,6.715337395998269,3.4153448860546636,3.4153448860546636,3.4153448860546636,6.715337395998269
T000045,7.271522464257787,7.740012173332548,7.740012173332548,8.441760879240427,5.213425460000113,5.213425460000113,5.213425460000113,5.213425460000113,5.213425460000113,5.213425460000113,5.213425460000113,7.740012173332548
T000046,10.907143607256488,9.469340153922804,9.174918844483061,4.9697076438021295,9.469340153922804,9.469340153922804,9.469340153922804,9.469340153922804,9.469340153922804,9.469340153922804,9.469340153922804,9.469340153922804
T000047,6.334278720158874,6.334278720158874,6.334278720158874,6.334278720158874,2.741463264648108,2.741463264648108,2.741463264648108,2.741463264648108,2.741463264648108,2.741463264648108,2.741463264648108,6.7054750598515644
T000048,6.146494241646614,6.542122769118088,8.530652860883544,8.530652860883544,8.530652860883544,8.530652860883544,8.530652860883544,8.530652860883544,8.530652860883544,8.530652860883544,8.530652860883544,10.441563437604156
T000049,5.3141643590852174,2.170852975792483,2.170852975792483,1.73915652934568,1.73915652934568,1.73915652934568,1.73915652934568,1.73915652934568,1.73915652934568,1.73915652934568,1.73915652934568,2.133598840010335
T000050,4.022732506111963,4.022732506111963,4.022732506111963,4.022732506111963,4.022732506111963,4.817772309084466,4.817772309084466,4.817772309084466,4.817772309084466,4.817772309084466,4.817772309084466,5.136196873961157
T000051,8.630038029557811,8.630038029557811,8.630038029557811,6.468113729960095,6.468113729960095,6.468113729960095,6.468113729960095,6.468113729960095,6.468113729960095,6.468113729960095,6.468113729960095,4.7488523584839
T000052,2.56476701950209,2.56476701950209,2.6136974386785834,2.6136974386785834,2.56476701950209,2.56476701950209,2.56476701950209,2.56476701950209,2.56476701950209,2.56476701950209,2.56476701950209,2.7151429163973626
T000053,2.892383226133853,2.892383226133853,1.492256873761058,1.6659342631993936,1.6659342631993936,1.6659342631993936,1.6659342631993936,1.6659342631993936,1.6659342631993936,1.6659342631993936,1.6659342631993936,8.199282821211302
T000054,10.715270710551719,10.715270710551719,10.715270710551719,10.878252589440136,10.878252589440136,11.046766508701747,11.046766508701747,11.046766508701747,11.046766508701747,11.046766508701747,11.046766508701747,10.826356554519124
T000055,2.9720305805607703,2.9720305805607703,6.219435132836406,4.316792734761008,4.316792734761008,4.316792734761008,4.316792734761008,4.316792734761008,4.316792734761008,4.316792734761008,4.316792734761008,4.147761806186451
T000056,13.97280345813184,13.755555454846744,8.355149562826899,8.355149562826899,8.355149562826899,8.355149562826899,8.355149562826899,8.355149562826899,8.355149562826899,8.355149562826899,8.355149562826899,11.91664425792403
T000057,1.2646596430001065,1.2646596430001065,1.2646596430001065,1.4107939479910834,1.4107939479910834,1.4107939479910834,1.4107939479910834,1.4107939479910834,1.4107939479910834,1.4107939479910834,1.4107939479910834,1.4107939479910834
T000058,1.867702816826605,1.867702816826605,1.867702816826605,1.1457569394385767,1.1457569394385767,1.1457569394385767,1.1457569394385767,1.1457569394385767,1.1457569394385767,1.1457569394385767,1.1457569394385767,1.1457569394385767
T000059,4.81731235306064,4.81731235306064,2.6561591943813747,5.796618849371734,5.796618849371734,5.796618849371734,5.796618849371734,5.796618849371734,5.796618849371734,5.796618849371734,5.796618849371734,4.528355426454234
T000060,2.158010453755763,1.7647849449254855,1.5748287748884275,2.1717444752516375,2.1717444752516375,2.1717444752516375,2.1717444752516375,2.1717444752516375,2.1717444752516375,2.1717444752516375,2.1717444752516375,2.1717444752516375
T000061,1.6978489899788054,1.6978489899788054,1.6978489899788054,2.5229465681579337,2.5229465681579337,2.5229465681579337,2.5229465681579337,2.5229465681579337,2.5229465681579337,2.5229465681579337,2.5229465681579337,2.5324735744101745
T000062,4.81844802548296,4.81844802548296,3.973340033559115,3.973340033559115,3.973340033559115,3.973340033559115,4.816875823691722,4.816875823691722,4.816875823691722,4.816875823691722,4.816875823691722,4.696636525551446
T000063,2.5447300747595696,2.5447300747595696,2.5447300747595696,4.4890258165396535,4.4890258165396535,4.4890258165396535,4.4890258165396535,4.4890258165396535,4.4890258165396535,4.4890258165396535,4.4890258165396535,3.619718376846086
T000064,1.668716555470449,1.668716555470449,1.653058830934712,1.653058830934712,1.653058830934712,1.653058830934712,1.653058830934712,1.653058830934712,1.653058830934712,1.653058830934712,1.653058830934712,1.653058830934712
T000065,0.8804213444107561,0.8804213444107561,0.8804213444107561,1.1226501025562956,1.1226501025562956,1.1226501025562956,1.1226501025562956,1.1226501025562956,1.1226501025562956,1.1226501025562956,1.1226501025562956,1.1226501025562956
T000066,1.2244446098505786,0.6466939727139768,0.6052804341970137,0.6052804341970137,0.6052804341970137,0.6052804341970137,0.6052804341970137,0.6052804341970137,0.6052804341970137,0.6052804341970137,0.6052804341970137,4.127534142127688
T000067,3.058893054858786,3.058893054858786,3.058893054858786,2.385879191644207,1.696152334778532,1.4334066909403673,1.4334066909403673,1.4334066909403673,1.4334066909403673,1.4334066909403673,1.4334066909403673,1.6584476684263596
T000068,2.0160574306325474,2.435274075345516,1.7202761025121953,1.8908456157657658,1.8908456157657658,2.378080667683385,2.378080667683385,2.378080667683385,2.378080667683385,2.378080667683385,2.378080667683385,2.378080667683385
T000069,1.6467341891208351,1.6467341891208351,1.166537091628969,1.166537091628969,1.166537091628969,1.166537091628969,1.166537091628969,1.166537091628969,1.166537091628969,1.166537091628969,1.166537091628969,1.166537091628969
T000070,4.3907827530671,4.3907827530671,4.3907827530671,4.3907827530671,4.3907827530671,5.014318625188292,5.014318625188292,5.014318625188292,5.014318625188292,5.014318625188292,5.014318625188292,4.344874945990068
T000071,1.3099073605374707,1.3099073605374707,1.3099073605374707,1.3099073605374707,1.3099073605374707,1.3099073605374707,1.3099073605374707,1.3099073605374707,1.2266253467708896,1.2266253467708896,1.2266253467708896,1.2266253467708896
T000072,4.91335283211131,4.900197597106182,4.900197597106182,2.85644561616981,2.85644561616981,2.85644561616981,2.85644561616981,2.85644561616981,2.85644561616981,2.85644561616981,2.85644561616981,3.2340562459573565
T000073,2.130515294754661,2.130515294754661,2.365037758222556,2.365037758222556,2.365037758222556,2.020474204089856,2.020474204089856,2.020474204089856,2.020474204089856,2.020474204089856,2.020474204089856,2.020474204089856
T000074,18.202402198084194,18.202402198084194,18.202402198084194,18.202402198084194,18.202402198084194,18.202402198084194,18.202402198084194,18.202402198084194,18.202402198084194,18.202402198084194,18.202402198084194,20.739316932504295
T000075,6.385974312312182,6.385974312312182,6.385974312312182,6.385974312312182,6.385974312312182,6.385974312312182,6.385974312312182,6.385974312312182,6.385974312312182,6.385974312312182,6.385974312312182,4.025762219416406
T000076,1.672743163724279,1.672743163724279,1.672743163724279,1.672743163724279,1.0512184754888068,1.0512184754888068,1.0512184754888068,1.0512184754888068,1.0512184754888068,1.0512184754888068,1.0512184754888068,1.0512184754888068
T000077,0.48815042640778716,0.48815042640778716,0.2538505717120032,0.6566993909388616,0.6566993909388616,0.6566993909388616,0.6566993909388616,0.6566993909388616,0.6566993909388616,0.6566993909388616,0.6566993909388616,0.6566993909388616
T000078,7.004448950203176,3.484353723856624,3.484353723856624,3.484353723856624,3.484353723856624,3.484353723856624,3.484353723856624,3.484353723856624,3.484353723856624,4.032631139159678,3.484353723856624,4.191728691762981
T000079,0.8784763270215791,1.0203022775117632,1.0203022775117632,1.572444139266807,1.572444139266807,1.572444139266807,1.572444139266807,1.572444139266807,1.572444139266807,1.572444139266807,1.572444139266807,1.7031808021016686
T000080,3.0845057722657017,3.0845057722657017,3.0845057722657017,3.0845057722657017,3.0845057722657017,3.0845057722657017,3.0845057722657017,3.0845057722657017,3.0845057722657017,3.0845057722657017,3.0845057722657017,2.7074202964938108
T000081,4.618088285742808,4.618088285742808,4.618088285742808,4.2845993236872415,4.2845993236872415,4.2845993236872415,4.2845993236872415,4.2845993236872415,4.2845993236872415,4.2845993236872415,4.2845993236872415,4.70601042057489
T000082,1.7037557859012948,1.7037557859012948,1.0763810579843054,0.8303854219310313,1.0763810579843054,1.0763810579843054,1.0763810579843054,1.0763810579843054,1.0763810579843054,1.0763810579843054,1.0763810579843054,1.0308689774744952
T000083,2.031169864445444,2.031169864445444,1.8187649706002267,1.8339993672724135,1.8339993672724135,1.8339993672724135,1.4714044838944704,1.4714044838944704,1.4714044838944704,1.4714044838944704,1.4714044838944704,1.351805456204212
T000084,4.420251365805531,4.420251365805531,4.420251365805531,4.420251365805531,4.420251365805531,4.420251365805531,4.420251365805531,4.420251365805531,4.420251365805531,4.420251365805531,4.420251365805531,1.237222305245727
T000085,6.58602032031674,6.58602032031674,6.1628979466042315,4.7311725616383375,6.1628979466042315,6.1628979466042315,6.1628979466042315,6.1628979466042315,6.1628979466042315,6.1628979466042315,6.1628979466042315,6.1628979466042315
T000086,1.4213587901051499,1.4213587901051499,1.4213587901051499,1.6825124287799447,1.1501505861106747,1.1501505861106747,1.1501505861106747,1.1501505861106747,1.1501505861106747,1.1501505861106747,1.1501505861106747,1.1501505861106747
T000087,1.0131425889540535,1.0131425889540535,1.0131425889540535,1.0131425889540535,1.0131425889540535,1.0089085134402356,1.0089085134402356,1.0089085134402356,1.0089085134402356,1.0089085134402356,1.0089085134402356,1.0089085134402356
T000088,5.709464577342809,5.709464577342809,5.709464577342809,5.709464577342809,5.709464577342809,5.770916498642487,5.770916498642487,5.770916498642487,5.747832898427133,5.747832898427133,5.747832898427133,5.720564392705977
T000089,4.673046028133443,4.673046028133443,4.926493108728942,4.153281364121279,4.549735325871186,4.549735325871186,4.549735325871186,4.549735325871186,4.4503433169137905,4.4503433169137905,4.4503433169137905,4.926493108728942
T000090,1.1091145311605652,1.1091145311605652,1.1399513605219276,1.1399513605219276,1.1399513605219276,1.1399513605219276,1.1399513605219276,1.1399513605219276,1.1399513605219276,1.1399513605219276,1.1399513605219276,1.1399513605219276
T000091,3.7464931281466476,3.82168516642938,3.3839235017493814,3.3839235017493814,3.3839235017493814,3.3839235017493814,3.2894839806514393,3.2894839806514393,3.2894839806514393,3.2894839806514393,3.2894839806514393,3.2894839806514393
T000092,2.111277207895675,2.111277207895675,2.111277207895675,2.111277207895675,2.111277207895675,2.0702275407314956,2.0702275407314956,1.6959223775349992,2.0422940576001873,2.0422940576001873,2.0422940576001873,1.7014255765331077
T000093,1.9629014889332879,1.9629014889332879,1.9629014889332879,1.9629014889332879,1.9629014889332879,1.9629014889332879,1.9629014889332879,1.9629014889332879,1.9629014889332879,1.9629014889332879,1.9629014889332879,1.02358797539633
T000094,5.232645166440138,5.232645166440138,5.7005172770535895,5.7005172770535895,5.7005172770535895,5.7005172770535895,5.7005172770535895,5.7005172770535895,5.7005172770535895,5.7005172770535895,5.7005172770535895,5.7005172770535895
T000095,1.4234461386401371,1.6534575633604889,1.6534575633604889,1.6534575633604889,1.6534575633604889,1.6534575633604889,1.6534575633604889,1.6890488628072784,1.6890488628072784,1.6890488628072784,1.6890488628072784,1.6890488628072784
T000096,1.6197530680514383,1.6197530680514383,1.6197530680514383,1.696142788954556,1.6807562479368685,1.6807562479368685,1.6807562479368685,1.6807562479368685,1.6807562479368685,1.6807562479368685,1.6807562479368685,1.6593748294542663
T000097,1.5904329750603687,1.5904329750603687,1.8069882407408733,1.8069882407408733,2.2845233178316566,2.2845233178316566,2.2845233178316566,2.2845233178316566,2.2845233178316566,2.2845233178316566,2.2845233178316566,2.2845233178316566
T000098,7.841203199935436,7.841203199935436,7.841203199935436,2.1603177231616306,2.1603177231616306,2.1603177231616306,2.1603177231616306,2.1603177231616306,2.1603177231616306,2.1603177231616306,2.1603177231616306,4.333028790231094
T000099,11.342316944518737,11.342316944518737,10.42801492264354,5.930725983558088,5.930725983558088,5.930725983558088,5.930725983558088,5.930725983558088,5.930725983558088,5.930725983558088,5.930725983558088,7.750480712714328
T000100,5.415415977211321,5.415415977211321,2.8262732236554537,2.8262732236554537,2.8262732236554537,2.8262732236554537,2.8262732236554537,2.8262732236554537,2.8262732236554537,2.8262732236554537,2.8262732236554537,4.68926322198456
T000101,1.8227224819315868,1.8227224819315868,1.8227224819315868,1.72995885707758,1.959119496855347,1.959119496855347,1.959119496855347,1.959119496855347,1.959119496855347,1.959119496855347,1.959119496855347,2.2283738010767418
T000102,9.566288626708598,9.566288626708598,4.3516485483798935,4.3516485483798935,4.3516485483798935,4.3516485483798935,4.3516485483798935,4.3516485483798935,4.3516485483798935,4.3516485483798935,4.3516485483798935,6.054690291694145
T000103,3.5600152518615564,3.8645565355685356,3.8645565355685356,3.6111154907441914,3.6111154907441914,3.6111154907441914,3.6111154907441914,3.9172944966506673,3.9172944966506673,3.9172944966506673,3.9172944966506673,3.9172944966506673
T000104,2.757586900251066,2.757586900251066,2.757586900251066,2.757586900251066,2.0075757575757573,2.0075757575757573,2.0075757575757573,2.0075757575757573,2.0075757575757573,2.0075757575757573,2.0075757575757573,2.1583510901330882
T000105,7.093872262559954,10.130463562252855,10.130463562252855,7.626428530988484,7.626428530988484,7.626428530988484,7.626428530988484,7.626428530988484,7.626428530988484,7.626428530988484,7.626428530988484,14.70598994055784
T000106,3.5041357063286,3.5041357063286,3.5041357063286,3.5041357063286,4.598798874767065,4.598798874767065,4.598798874767065,4.598798874767065,4.598798874767065,5.256860071859298,5.256860071859298,5.256860071859298
T000107,2.0471957163455983,1.84553151423101,1.3928858791767587,1.8503140774843108,1.8503140774843108,1.8503140774843108,1.8503140774843108,1.8503140774843108,1.8503140774843108,1.8503140774843108,1.8503140774843108,1.6278645370294254
T000108,1.4880987809577586,1.4880987809577586,1.4880987809577586,1.4880987809577586,1.3741641642282563,1.3741641642282563,1.3741641642282563,1.3741641642282563,1.3741641642282563,1.3741641642282563,1.3741641642282563,1.3741641642282563
T000109,1.1344704469050275,1.1344704469050275,1.650002488075012,1.650002488075012,1.3536780190572388,1.3536780190572388,1.2374523334750915,1.650002488075012,1.650002488075012,1.650002488075012,1.650002488075012,1.650002488075012
T000110,1.6080863829404404,1.6080863829404404,1.6080863829404404,1.6080863829404404,1.9795679691799672,1.9795679691799672,1.9795679691799672,1.9795679691799672,1.9795679691799672,1.9795679691799672,1.9795679691799672,1.6891606667859378
T000111,1.7655088672766597,1.7655088672766597,1.4552358583849505,1.4552358583849505,1.4552358583849505,1.4552358583849505,1.4552358583849505,1.4552358583849505,1.4552358583849505,1.4552358583849505,1.4552358583849505,1.243944549499678
T000112,1.5179208760570717,1.5179208760570717,1.5179208760570717,1.5179208760570717,1.5179208760570717,1.5179208760570717,1.5179208760570717,1.5179208760570717,1.5179208760570717,1.5179208760570717,1.5179208760570717,1.5179208760570717
T000113,1.5943123225689546,1.5943123225689546,1.5943123225689546,1.5943123225689546,1.5943123225689546,1.5943123225689546,1.5943123225689546,1.5943123225689546,1.5943123225689546,1.5943123225689546,1.5943123225689546,1.5943123225689546
T000114,1.482469708463461,1.482469708463461,1.482469708463461,1.4645177104906255,1.525513033832502,1.525513033832502,1.525513033832502,1.525513033832502,1.525513033832502,1.525513033832502,1.525513033832502,1.525513033832502
T000115,0.5708444079846756,0.5708444079846756,0.5708444079846756,0.5708444079846756,0.528242792555673,0.4896940212520805,0.4896940212520805,0.4896940212520805,0.4896940212520805,0.4896940212520805,0.4896940212520805,0.5851960434554615
T000116,1.7111340333158849,1.7111340333158849,1.7111340333158849,1.7111340333158849,1.8326046124949964,1.8326046124949964,1.8326046124949964,1.8326046124949964,1.8326046124949964,1.8326046124949964,1.8326046124949964,1.8326046124949964
T000117,3.185464201571548,3.185464201571548,3.214379792776444,3.214379792776444,3.214379792776444,3.214379792776444,3.214379792776444,3.214379792776444,3.214379792776444,3.214379792776444,3.214379792776444,3.214379792776444
T000118,2.383383066020142,2.383383066020142,2.383383066020142,2.383383066020142,2.383383066020142,2.383383066020142,2.383383066020142,2.383383066020142,2.383383066020142,2.383383066020142,2.383383066020142,2.6379950359784696
T000119,4.601754185515554,4.601754185515554,4.577683098161383,4.577683098161383,4.66882269453881,4.66882269453881,4.577683098161383,4.577683098161383,4.577683098161383,4.577683098161383,4.577683098161383,4.577683098161383
T000120,0.9107633984984759,0.9107633984984759,0.9107633984984759,0.9107633984984759,0.9107633984984759,0.9107633984984759,0.9107633984984759,0.9107633984984759,0.9107633984984759,0.9107633984984759,0.9107633984984759,0.9107633984984759
T000121,2.5882934787036067,2.5882934787036067,2.480930739382343,2.480930739382343,2.480930739382343,2.480930739382343,2.480930739382343,2.480930739382343,2.480930739382343,2.480930739382343,2.480930739382343,2.658492071889202
T000122,1.2767179492208462,1.2767179492208462,1.2767179492208462,1.2767179492208462,1.2767179492208462,1.2767179492208462,1.2767179492208462,1.2767179492208462,1.2767179492208462,1.2767179492208462,1.2767179492208462,0.6414157066762013
T000123,0.6985637621631038,0.6985637621631038,0.6985637621631038,0.6985637621631038,0.6985637621631038,0.6985637621631038,0.6985637621631038,0.6985637621631038,0.6985637621631038,0.6985637621631038,0.6985637621631038,0.3567705622369515
T000124,1.708017749768732,1.708017749768732,1.708017749768732,1.708017749768732,1.708017749768732,1.708017749768732,1.708017749768732,1.708017749768732,1.708017749768732,1.708017749768732,1.708017749768732,1.708017749768732
T000125,2.1546562983061133,2.1546562983061133,2.1546562983061133,1.7723653619542021,1.7723653619542021,1.7723653619542021,1.7723653619542021,1.7723653619542021,1.7723653619542021,1.7723653619542021,1.7723653619542021,1.7723653619542021
T000126,1.2414060919421919,1.2414060919421919,1.2414060919421919,1.2414060919421919,1.2414060919421919,1.2414060919421919,1.2414060919421919,1.2414060919421919,1.2414060919421919,1.2414060919421919,1.2414060919421919,0.5004257297179147
T000127,0.8937099035735655,0.8937099035735655,1.1922037366856357,0.9857278561664465,0.9857278561664465,0.9857278561664465,0.9857278561664465,0.9857278561664465,0.9857278561664465,0.9857278561664465,0.9857278561664465,0.9857278561664465
T000128,1.110111339096505,1.110111339096505,1.110111339096505,1.110111339096505,1.110111339096505,1.110111339096505,1.110111339096505,1.110111339096505,1.110111339096505,1.110111339096505,1.110111339096505,1.110111339096505
T000129,2.132037148669749,2.132037148669749,1.8073660810635819,1.8073660810635819,1.8073660810635819,1.8073660810635819,1.8073660810635819,1.8073660810635819,1.8073660810635819,1.8073660810635819,1.8073660810635819,1.8073660810635819
T000130,3.2861089612169136,3.2861089612169136,2.9891041162227605,2.9891041162227605,2.9891041162227605,2.9891041162227605,2.9891041162227605,2.9891041162227605,2.9891041162227605,2.9891041162227605,2.9891041162227605,2.9891041162227605
T000131,1.150406671767625,1.150406671767625,1.150406671767625,1.1475766657356312,1.1475766657356312,1.1475766657356312,1.1475766657356312,1.1475766657356312,1.1475766657356312,1.1475766657356312,1.1475766657356312,1.1475766657356312
T000132,1.5527150857762004,1.5527150857762004,1.5527150857762004,1.5527150857762004,1.5527150857762004,1.5205369856061355,1.5205369856061355,1.5205369856061355,1.5205369856061355,1.5205369856061355,1.5205369856061355,1.5205369856061355
T000133,0.7077698491835972,0.7077698491835972,0.7077698491835972,0.7077698491835972,0.9734686841590696,0.9734686841590696,0.9734686841590696,0.9734686841590696,0.9734686841590696,0.9734686841590696,0.9734686841590696,0.9734686841590696
T000134,1.3637779152912763,1.3637779152912763,1.3637779152912763,1.3633679551306659,1.3633679551306659,1.3484459459459457,1.3484459459459457,1.3484459459459457,1.3484459459459457,1.3484459459459457,1.3484459459459457,1.3484459459459457
T000135,1.07068928552826,1.07068928552826,1.07068928552826,0.939874342489772,0.9848058301588607,0.9848058301588607,0.9848058301588607,0.9848058301588607,0.9848058301588607,0.9848058301588607,0.9848058301588607,0.9848058301588607
T000136,0.8214264652864752,0.8214264652864752,0.8214264652864752,0.8214264652864752,0.8214264652864752,0.8929814843240765,0.8929814843240765,0.8929814843240765,0.8929814843240765,0.8929814843240765,0.8929814843240765,0.8929814843240765
T000137,1.500494859689609,1.500494859689609,1.524880143301196,1.524880143301196,1.524880143301196,1.524880143301196,1.524880143301196,1.524880143301196,1.524880143301196,1.524880143301196,1.524880143301196,1.524880143301196
T000138,1.8327392109739813,1.8327392109739813,1.5714616932766707,1.5714616932766707,1.5714616932766707,1.5714616932766707,1.5714616932766707,1.5714616932766707,1.5714616932766707,1.5714616932766707,1.5714616932766707,1.8327392109739813
T000139,1.744721691768325,1.744721691768325,1.744721691768325,2.1994199542407937,2.1994199542407937,2.1994199542407937,2.1994199542407937,2.1994199542407937,2.1994199542407937,2.1994199542407937,2.1994199542407937,2.1399234056724197
T000140,3.0851155221555806,3.0851155221555806,3.0851155221555806,1.611962740208303,1.611962740208303,3.0025915097450206,3.0025915097450206,3.0025915097450206,3.0025915097450206,3.0025915097450206,3.0025915097450206,3.0025915097450206
T000141,1.5023007855679131,1.5023007855679131,1.6164689083488133,1.6164689083488133,1.6164689083488133,2.0034013674219855,2.0034013674219855,2.0034013674219855,2.0034013674219855,2.0034013674219855,2.0034013674219855,2.0034013674219855
T000142,4.774118599393268,4.774118599393268,4.794156332706232,4.794156332706232,4.794156332706232,4.794156332706232,4.794156332706232,4.794156332706232,4.794156332706232,4.794156332706232,4.794156332706232,4.958075513114948
T000143,5.570421372470006,5.570421372470006,5.337789473426175,5.337789473426175,5.337789473426175,5.337789473426175,5.337789473426175,5.337789473426175,5.337789473426175,5.337789473426175,5.337789473426175,5.337789473426175
T000144,5.879885409572619,5.879885409572619,5.797048186193065,5.797048186193065,5.797048186193065,5.797048186193065,5.797048186193065,5.797048186193065,5.797048186193065,5.797048186193065,5.797048186193065,5.797048186193065
T000145,2.006213734180107,2.006213734180107,2.006213734180107,2.006213734180107,2.006213734180107,2.006213734180107,2.006213734180107,2.006213734180107,2.006213734180107,2.006213734180107,2.006213734180107,2.006213734180107
T000146,5.579693434244012,5.579693434244012,5.42896297714285,5.42896297714285,5.42896297714285,5.42896297714285,5.42896297714285,5.42896297714285,5.42896297714285,5.42896297714285,5.42896297714285,5.183919679952378
T000147,7.198956391860643,7.198956391860643,6.295978777600239,4.791859157556891,4.791859157556891,4.791859157556891,4.791859157556891,4.791859157556891,4.791859157556891,4.791859157556891,4.791859157556891,5.97548490832551
T000148,3.1660119918326375,2.5441707218471707,4.31691481234,4.31691481234,3.1656990280378676,4.31691481234,4.31691481234,4.31691481234,4.31691481234,4.31691481234,4.31691481234,4.31691481234
T000149,8.972250614813385,8.972250614813385,8.972250614813385,8.131648283614616,8.131648283614616,8.131648283614616,8.131648283614616,8.131648283614616,8.131648283614616,8.131648283614616,8.131648283614616,7.362860468348047
T000150,1.2501254998764568,1.2501254998764568,1.2501254998764568,1.2501254998764568,1.2498406088069722,1.0831133261923065,1.0191029387938726,4.87055771953703,4.87055771953703,1.1559088965408595,1.7031229996429613,0.9682019710685277
T000151,5.208913103738436,6.50984986753567,6.50984986753567,5.918953810330951,5.918953810330951,7.348968299080206,7.348968299080206,7.348968299080206,7.348968299080206,7.348968299080206,7.348968299080206,7.348968299080206
T000152,1.2966913059021556,1.2966913059021556,0.5804506331889699,0.5804506331889699,0.5804506331889699,1.8969736071099876,1.8969736071099876,1.8969736071099876,1.8969736071099876,1.8969736071099876,1.8969736071099876,4.0189088116944935
T000153,0.47566433464545177,0.5794505159792638,0.5794505159792638,0.47224903847484295,0.5325102239554479,0.5325102239554479,0.5325102239554479,0.5325102239554479,0.5325102239554479,0.5325102239554479,0.5325102239554479,0.5325102239554479
T000154,1.7025948394800654,1.7025948394800654,1.487988224189851,1.487988224189851,1.487988224189851,1.487988224189851,1.487988224189851,1.487988224189851,1.487988224189851,1.487988224189851,1.487988224189851,1.487988224189851
T000155,1.3229801454688421,1.3229801454688421,1.3229801454688421,1.3229801454688421,1.3229801454688421,1.3229801454688421,1.3229801454688421,1.3229801454688421,1.3229801454688421,1.3229801454688421,1.3229801454688421,3.160150769319003
T000156,0.38519632516485036,0.38519632516485036,0.38519632516485036,0.38519632516485036,0.38519632516485036,0.38519632516485036,0.38519632516485036,0.38519632516485036,0.38519632516485036,0.38519632516485036,0.38519632516485036,0.38519632516485036
T000157,2.6710260791046996,2.6710260791046996,2.6710260791046996,2.6710260791046996,2.6533200317118633,2.6533200317118633,2.6533200317118633,2.6533200317118633,2.6533200317118633,2.6533200317118633,2.6533200317118633,2.8633785419978737
T000158,0.7627407452767042,0.7627407452767042,0.763347405461578,0.7395689987342053,0.7395689987342053,0.7395689987342053,0.7395689987342053,0.7395689987342053,0.7395689987342053,0.7395689987342053,0.7395689987342053,0.7395689987342053
T000159,3.7129969154690654,3.8570358281459747,3.8570358281459747,3.8570358281459747,3.8570358281459747,3.2413966904873597,3.2413966904873597,3.2413966904873597,3.2413966904873597,3.2413966904873597,3.2413966904873597,5.808048531623031
T000160,6.183359713264338,6.04012166669826,6.04012166669826,6.183359713264338,6.3562023781602015,6.3562023781602015,6.3562023781602015,6.3562023781602015,6.3562023781602015,6.3562023781602015,6.3562023781602015,7.522537507567447
T000161,1.6726720119285128,1.6726720119285128,0.8186556717365178,0.8186556717365178,0.8186556717365178,0.8186556717365178,0.8186556717365178,0.8186556717365178,0.8186556717365178,0.8186556717365178,0.8186556717365178,0.8186556717365178
T000162,1.077402446733899,1.077402446733899,1.077402446733899,1.077402446733899,1.077402446733899,1.077402446733899,1.077402446733899,1.077402446733899,1.077402446733899,1.077402446733899,1.077402446733899,1.077402446733899
T000163,1.0739846980918681,1.2059681372589468,1.2059681372589468,1.2059681372589468,1.2059681372589468,1.2059681372589468,1.2059681372589468,1.2059681372589468,1.2059681372589468,1.2059681372589468,1.2059681372589468,1.2059681372589468
T000164,0.7423193610633494,0.7423193610633494,0.7423193610633494,0.7423193610633494,0.7423193610633494,0.7423193610633494,0.7423193610633494,0.7423193610633494,0.7423193610633494,0.7423193610633494,0.7423193610633494,0.7423193610633494
T000165,2.262129593418604,2.262129593418604,2.389170455594848,2.389170455594848,2.389170455594848,2.389170455594848,2.389170455594848,2.389170455594848,2.389170455594848,2.389170455594848,2.389170455594848,2.389170455594848
T000166,5.027475915088865,5.027475915088865,5.431904064115706,5.431904064115706,4.936579501273217,4.936579501273217,4.936579501273217,4.936579501273217,4.936579501273217,4.936579501273217,4.936579501273217,2.7955654491531496
T000167,4.055277288852138,6.0963562639321,5.342343802623774,6.0963562639321,5.342343802623774,5.342343802623774,5.342343802623774,5.342343802623774,5.342343802623774,5.342343802623774,5.342343802623774,7.528064854809109
T000168,6.525175195411007,5.412520121002711,3.591970110105809,3.591970110105809,6.265685093469236,6.265685093469236,6.265685093469236,6.265685093469236,6.265685093469236,6.265685093469236,6.265685093469236,4.053149624237033
T000169,1.7456616856341107,1.7456616856341107,1.4565108641414841,0.993242765439272,1.4565108641414841,1.4565108641414841,1.4565108641414841,1.4565108641414841,1.4565108641414841,1.4565108641414841,1.4565108641414841,1.8767906805898096
T000170,1.0678696592152699,1.864536824885579,0.356682508179877,1.864536824885579,0.356682508179877,0.356682508179877,0.356682508179877,0.356682508179877,0.356682508179877,0.356682508179877,0.356682508179877,3.504212320675082
T000171,1.598739789991737,1.598739789991737,0.8660765856890694,0.8660765856890694,0.8660765856890694,0.8660765856890694,0.8660765856890694,0.8660765856890694,0.8660765856890694,0.8660765856890694,0.8660765856890694,0.8222391029139812
T000172,6.977008529653788,6.977008529653788,9.901488748592065,9.901488748592065,9.901488748592065,9.901488748592065,9.901488748592065,9.901488748592065,9.901488748592065,9.901488748592065,9.901488748592065,13.120671066575634
T000173,5.862267150491511,5.862267150491511,6.6902703121045555,6.6902703121045555,4.822414436744722,4.822414436744722,4.822414436744722,4.822414436744722,4.822414436744722,4.822414436744722,4.822414436744722,7.742822152070882
T000174,1.4239678533208138,1.4239678533208138,2.6531092191012466,2.3832760640526534,2.3832760640526534,2.3832760640526534,2.3832760640526534,2.3832760640526534,2.3832760640526534,2.3832760640526534,2.3832760640526534,2.3832760640526534
T000175,2.3446870365102632,2.3446870365102632,2.2665726252361917,2.2665726252361917,2.2665726252361917,2.2665726252361917,2.2665726252361917,2.2665726252361917,2.2665726252361917,2.2665726252361917,2.2665726252361917,2.2665726252361917
T000176,1.3597771903901832,1.3597771903901832,1.3597771903901832,1.6933478026325446,1.6933478026325446,1.6933478026325446,1.6933478026325446,1.6933478026325446,1.6933478026325446,1.6933478026325446,1.6933478026325446,1.6933478026325446
T000177,4.661802951490728,4.661802951490728,4.659141756607618,4.659141756607618,4.659141756607618,4.659141756607618,4.659141756607618,4.659141756607618,4.659141756607618,4.659141756607618,4.659141756607618,4.659141756607618
T000178,5.782822867216531,5.857889466586284,5.857889466586284,5.0325597193173675,5.0325597193173675,5.0325597193173675,5.0325597193173675,5.0325597193173675,5.0325597193173675,5.0325597193173675,5.0325597193173675,5.0325597193173675
T000179,1.1216868896688719,1.3256086568387353,0.6645773558108702,0.6645773558108702,0.6645773558108702,0.6645773558108702,0.6645773558108702,0.6645773558108702,0.6645773558108702,0.6645773558108702,0.6645773558108702,0.6645773558108702
T000180,1.1492287870578373,1.1492287870578373,1.1492287870578373,1.1492287870578373,0.9250147117726246,0.9250147117726246,0.9250147117726246,0.9250147117726246,0.9250147117726246,0.9250147117726246,0.9250147117726246,0.9250147117726246
T000181,2.4968401957521906,1.2825905708344842,1.2825905708344842,1.2825905708344842,1.2825905708344842,1.2825905708344842,1.2825905708344842,1.2825905708344842,1.2825905708344842,1.2825905708344842,1.2825905708344842,1.2825905708344842
T000182,0.5917141198801512,0.5917141198801512,0.5917141198801512,0.5917141198801512,0.5917141198801512,0.5917141198801512,0.5917141198801512,0.5917141198801512,0.5917141198801512,0.5917141198801512,0.5917141198801512,0.5917141198801512
T000183,3.0127606504248075,3.0127606504248075,3.0127606504248075,2.38997772580179,2.38997772580179,2.38997772580179,2.38997772580179,2.38997772580179,2.38997772580179,2.38997772580179,2.38997772580179,2.38997772580179
T000184,10.65748055344945,10.65748055344945,10.65748055344945,10.65748055344945,10.65748055344945,10.65748055344945,10.65748055344945,10.65748055344945,10.65748055344945,10.65748055344945,10.65748055344945,7.6207415119440105
T000185,4.452420706946676,4.452420706946676,4.452420706946676,3.2797847892812597,3.2797847892812597,3.2797847892812597,3.2797847892812597,3.2797847892812597,3.2797847892812597,3.2797847892812597,3.2797847892812597,3.2797847892812597
T000186,3.167757230594748,3.167757230594748,2.2867272724544323,2.2867272724544323,2.2867272724544323,2.3781424276803986,2.3781424276803986,2.3781424276803986,2.3781424276803986,2.3781424276803986,2.3781424276803986,2.3781424276803986
T000187,1.9850674370707482,1.9850674370707482,2.197550477527571,2.197550477527571,2.197550477527571,2.197550477527571,2.197550477527571,2.197550477527571,2.197550477527571,2.197550477527571,2.197550477527571,2.197550477527571
T000188,1.7967368329742377,1.7967368329742377,1.7967368329742377,1.7967368329742377,1.092661168701579,1.092661168701579,1.092661168701579,1.092661168701579,1.092661168701579,1.092661168701579,1.092661168701579,1.092661168701579
T000189,0.9493748559489708,0.9646356844008769,0.9646356844008769,1.2550659676830287,1.2550659676830287,1.2550659676830287,1.2550659676830287,1.2550659676830287,1.2550659676830287,1.2550659676830287,1.2550659676830287,0.9296718781965608
T000190,7.524706891269123,7.524706891269123,7.524706891269123,8.779437312287557,4.178718116071814,4.178718116071814,4.178718116071814,4.178718116071814,4.178718116071814,4.178718116071814,4.178718116071814,4.178718116071814
T000191,3.429296683485191,3.429296683485191,3.429296683485191,3.26948068999086,3.26948068999086,1.935024516819496,1.935024516819496,1.935024516819496,1.935024516819496,1.935024516819496,1.935024516819496,2.0985311687398975
T000192,1.3882441713144764,1.3882441713144764,1.25123018562558,1.3363636680682844,1.3363636680682844,1.3363636680682844,1.3363636680682844,1.3363636680682844,1.3363636680682844,1.3363636680682844,1.3363636680682844,1.3363636680682844
T000193,2.294024539465562,3.8670592493999996,2.267949055516874,2.267949055516874,2.522676018145235,2.522676018145235,2.522676018145235,2.522676018145235,2.522676018145235,2.522676018145235,2.522676018145235,2.6019462903910706
T000194,3.4553375533075363,3.4553375533075363,3.4553375533075363,3.4553375533075363,3.4553375533075363,3.4553375533075363,3.4553375533075363,3.4553375533075363,3.4553375533075363,3.4553375533075363,3.4553375533075363,7.682453209073851
T000195,2.1547508565532945,2.1547508565532945,1.9886066987343798,2.185739082848079,2.185739082848079,2.185739082848079,2.185739082848079,2.185739082848079,2.185739082848079,2.185739082848079,2.185739082848079,2.185739082848079
T000196,3.6109419066059854,3.6109419066059854,2.6062038309535343,2.6062038309535343,2.6062038309535343,2.6062038309535343,2.6062038309535343,2.6062038309535343,2.6062038309535343,2.6062038309535343,2.6062038309535343,4.770015891174697
T000197,1.4158090265311236,1.4158090265311236,1.9875095003377667,1.9875095003377667,1.9875095003377667,1.9875095003377667,1.9875095003377667,1.9875095003377667,1.9875095003377667,1.9875095003377667,1.9875095003377667,1.676274222439342
T000198,0.7564463619431797,0.7564463619431797,0.7564463619431797,0.8625122782689085,0.8625122782689085,0.8625122782689085,0.8625122782689085,0.8625122782689085,0.8625122782689085,0.8625122782689085,0.8625122782689085,0.8625122782689085
T000199,2.5921514037371463,2.5921514037371463,2.677724176692518,2.677724176692518,2.388839877392469,2.388839877392469,2.388839877392469,2.388839877392469,2.388839877392469,2.388839877392469,2.388839877392469,2.388839877392469
T000200,1.6717471302097506,1.6717471302097506,1.8523296975659007,1.8523296975659007,1.8523296975659007,1.8523296975659007,1.8523296975659007,1.8523296975659007,1.8523296975659007,1.8523296975659007,1.8523296975659007,3.9985070452151925
T000201,3.226196879304512,1.4323479792537464,1.4323479792537464,1.4323479792537464,1.4323479792537464,1.4323479792537464,1.4323479792537464,1.4323479792537464,1.4323479792537464,1.4323479792537464,1.4323479792537464,1.4268177525967893
T000202,5.322537272414524,4.7124996231040415,4.603471441900078,4.603471441900078,4.603471441900078,4.603471441900078,4.603471441900078,4.603471441900078,4.603471441900078,4.603471441900078,4.603471441900078,2.5368555910427832
T000203,5.6772810748013445,5.6772810748013445,6.380630384522386,5.326532122314245,5.326532122314245,5.326532122314245,5.326532122314245,5.326532122314245,5.326532122314245,5.326532122314245,5.326532122314245,5.326532122314245
T000204,7.886311650398502,8.752530754994744,12.320516056495878,12.320516056495878,8.971519669074919,12.320516056495878,12.320516056495878,12.320516056495878,12.320516056495878,12.320516056495878,12.320516056495878,11.207366653709725
T000205,1.469570699702783,1.469570699702783,1.469570699702783,1.7862627436268836,1.7862627436268836,1.7862627436268836,1.7862627436268836,1.7862627436268836,1.7862627436268836,2.179404120102961,2.179404120102961,2.1236539799026306
T000206,1.2499250204295131,1.2499250204295131,1.2499250204295131,1.2499250204295131,1.822169393476484,1.822169393476484,1.822169393476484,1.822169393476484,1.822169393476484,1.822169393476484,1.822169393476484,1.822169393476484
T000207,2.7954127381825775,2.7954127381825775,2.071913605497832,2.071913605497832,2.071913605497832,2.071913605497832,2.071913605497832,2.071913605497832,2.071913605497832,2.071913605497832,2.071913605497832,2.071913605497832
T000208,4.684801362541472,4.684801362541472,4.830066937634247,4.358168663004946,4.358168663004946,4.358168663004946,4.358168663004946,4.358168663004946,4.358168663004946,4.358168663004946,4.358168663004946,4.358168663004946
T000209,4.22969924103159,4.22969924103159,4.494805805451155,4.22969924103159,4.494805805451155,4.494805805451155,4.494805805451155,4.494805805451155,4.494805805451155,4.494805805451155,4.494805805451155,4.494805805451155
T000210,7.2957660775649105,7.2957660775649105,7.347525480255572,7.122830619896489,7.122830619896489,7.122830619896489,7.122830619896489,7.122830619896489,7.122830619896489,7.122830619896489,7.122830619896489,7.122830619896489
T000211,2.3407775972444504,2.3407775972444504,2.4821050182696425,2.4821050182696425,2.798683024665472,2.798683024665472,2.798683024665472,2.798683024665472,2.798683024665472,2.798683024665472,2.798683024665472,2.798683024665472
T000212,1.3822398674843168,1.3822398674843168,1.5198997964615626,1.5198997964615626,1.5198997964615626,1.5198997964615626,1.5198997964615626,1.5198997964615626,1.5198997964615626,1.5198997964615626,1.5198997964615626,1.5198997964615626
T000213,2.7505845857322226,2.750223965966491,2.750223965966491,2.9203602752417663,2.9203602752417663,2.9203602752417663,2.9203602752417663,2.9203602752417663,2.9203602752417663,2.9203602752417663,2.9203602752417663,2.9203602752417663
T000214,6.2518122418510025,5.31565311108891,6.2518122418510025,5.31565311108891,5.31565311108891,5.31565311108891,5.31565311108891,9.783590759279006,9.783590759279006,9.783590759279006,9.783590759279006,8.371597721255622
T000215,1.4070099314082831,1.4070099314082831,1.3082212533250754,1.2271111701088575,1.3082212533250754,1.3082212533250754,1.3082212533250754,1.3082212533250754,1.3082212533250754,1.3082212533250754,1.3082212533250754,1.3860526498576091
T000216,0.9941301086463913,0.9941301086463913,0.9941301086463913,1.025275415457215,1.025275415457215,1.025275415457215,1.025275415457215,1.025275415457215,1.025275415457215,1.025275415457215,1.025275415457215,1.025275415457215
T000217,3.0194977761301525,3.546790791712025,3.546790791712025,3.8474805466129944,3.8474805466129944,3.8474805466129944,3.8474805466129944,3.8474805466129944,3.8474805466129944,3.8474805466129944,3.8474805466129944,4.545322366747276
T000218,3.594536052226164,3.594536052226164,3.594536052226164,3.575806351761283,3.575806351761283,3.575806351761283,3.575806351761283,3.575806351761283,3.575806351761283,3.575806351761283,3.575806351761283,3.575806351761283
T000219,2.1191300257244094,2.1191300257244094,2.6691864260012164,2.6691864260012164,2.6691864260012164,2.6691864260012164,2.6691864260012164,2.6691864260012164,2.6691864260012164,2.6691864260012164,2.6691864260012164,2.2829285627033573
T000220,4.166263517018538,4.166263517018538,5.669994456895293,5.669994456895293,5.669994456895293,5.669994456895293,5.669994456895293,5.669994456895293,5.669994456895293,5.669994456895293,5.669994456895293,3.3040274431509964
T000221,3.4170442797302387,3.4170442797302387,4.443779997025386,4.443779997025386,4.443779997025386,4.443779997025386,4.443779997025386,4.443779997025386,4.443779997025386,4.443779997025386,4.443779997025386,3.626622599966249
T000222,1.7535446048156103,1.7535446048156103,1.7690305969425826,1.7690305969425826,1.7690305969425826,1.7690305969425826,1.7690305969425826,1.7690305969425826,1.7690305969425826,1.7690305969425826,1.7690305969425826,1.7690305969425826
T000223,2.336148950383079,2.336148950383079,2.336148950383079,2.336148950383079,2.336148950383079,3.0913009912317864,3.0913009912317864,3.0913009912317864,3.0913009912317864,3.0913009912317864,3.0913009912317864,1.7249358408010436
T000224,1.1332097013214018,1.1332097013214018,1.1332097013214018,1.118472754332054,1.118472754332054,1.118472754332054,1.118472754332054,1.118472754332054,1.118472754332054,1.118472754332054,1.118472754332054,1.0889799493980208
T000225,4.54461019286178,3.7249182987789484,3.342951953709022,3.342951953709022,3.342951953709022,3.342951953709022,3.342951953709022,3.342951953709022,3.342951953709022,3.342951953709022,3.342951953709022,3.342951953709022
T000226,6.015021663354244,6.015021663354244,6.015021663354244,3.4865848149530922,4.342838911991473,3.4865848149530922,3.4865848149530922,3.4865848149530922,3.4865848149530922,3.4865848149530922,3.4865848149530922,3.148025309905205
T000227,5.531124534991185,5.531124534991185,4.675766745213505,4.675766745213505,4.675766745213505,4.675766745213505,3.619045074857169,3.619045074857169,3.619045074857169,3.619045074857169,3.619045074857169,6.002926361400115
T000228,2.3244196355425424,2.3244196355425424,2.5785860263513998,2.5785860263513998,2.6471062387769955,2.6471062387769955,2.6471062387769955,2.6471062387769955,2.6471062387769955,2.6471062387769955,2.6471062387769955,2.6471062387769955
T000229,4.36278263174456,4.36278263174456,4.36278263174456,4.345110966691315,4.694825685957524,4.694825685957524,4.694825685957524,4.694825685957524,4.694825685957524,4.694825685957524,4.694825685957524,5.0617645932236925
T000230,5.158398609465402,5.158398609465402,5.142727146486633,5.488711506170129,5.244423902319417,5.244423902319417,5.244423902319417,5.244423902319417,5.244423902319417,5.244423902319417,5.244423902319417,5.488711506170129
T000231,2.3639125770716363,2.3819845404950897,2.3819845404950897,2.4862879790576615,2.4862879790576615,2.4862879790576615,2.4862879790576615,2.4862879790576615,2.4862879790576615,2.4862879790576615,2.4862879790576615,2.4862879790576615
T000232,11.103272746740254,11.103272746740254,6.36375973641276,6.36375973641276,6.36375973641276,6.36375973641276,6.36375973641276,6.36375973641276,6.36375973641276,6.36375973641276,6.36375973641276,10.485440887287208
T000233,7.655481479655964,7.655481479655964,6.944805920317572,6.944805920317572,6.944805920317572,6.783982636364773,6.944805920317572,6.944805920317572,6.944805920317572,6.944805920317572,6.944805920317572,6.944805920317572
T000234,1.8845966072652787,1.8845966072652787,1.8845966072652787,1.8845966072652787,1.8845966072652787,1.8845966072652787,1.8845966072652787,1.8845966072652787,1.8845966072652787,1.8845966072652787,1.8845966072652787,1.8845966072652787
T000235,3.9081084722957624,3.9081084722957624,3.9081084722957624,3.9081084722957624,3.9081084722957624,3.9081084722957624,3.9081084722957624,3.9081084722957624,3.9081084722957624,3.9081084722957624,3.9081084722957624,3.9081084722957624
T000236,4.134304682747387,4.134304682747387,3.9655367472166234,3.9655367472166234,3.9655367472166234,3.9655367472166234,3.9655367472166234,3.9655367472166234,3.9655367472166234,3.9655367472166234,3.9655367472166234,5.301696769744276
T000237,5.393741322361801,5.393741322361801,5.16180696005814,6.636935025954349,5.16180696005814,5.16180696005814,5.16180696005814,5.16180696005814,5.16180696005814,5.16180696005814,5.16180696005814,5.382276056629655
T000238,7.682434890885298,7.682434890885298,7.682434890885298,7.682434890885298,7.682434890885298,8.01042644182891,8.01042644182891,8.01042644182891,8.01042644182891,8.01042644182891,8.01042644182891,8.01042644182891
T000239,4.70317432013825,4.70317432013825,4.70317432013825,4.70317432013825,4.70317432013825,4.70317432013825,4.70317432013825,4.70317432013825,4.70317432013825,4.70317432013825,4.70317432013825,5.829384981695113
T000240,5.84379484997274,5.84379484997274,5.84379484997274,6.613939692823225,6.613939692823225,3.166026196656291,3.166026196656291,3.166026196656291,3.166026196656291,3.166026196656291,3.166026196656291,10.467203994950886
T000241,2.3345978695604486,2.3345978695604486,2.8393132716049383,2.8393132716049383,2.8393132716049383,2.8393132716049383,2.8393132716049383,2.8393132716049383,2.8393132716049383,2.8393132716049383,2.8393132716049383,2.8393132716049383
T000242,7.031202225202984,7.031202225202984,7.031202225202984,6.971863494272357,6.971863494272357,6.971863494272357,6.971863494272357,6.971863494272357,6.971863494272357,6.971863494272357,6.971863494272357,6.971863494272357
T000243,5.747962131719934,5.747962131719934,5.747962131719934,5.747962131719934,6.299083503823079,6.299083503823079,6.299083503823079,6.299083503823079,6.299083503823079,6.299083503823079,6.299083503823079,6.974508807588075
T000244,2.2216511241563404,2.2216511241563404,2.2216511241563404,2.2216511241563404,2.2216511241563404,4.377259574732512,4.377259574732512,4.377259574732512,4.377259574732512,4.377259574732512,4.377259574732512,8.45486287600563
T000245,2.135508995659765,2.135508995659765,2.140282101332703,2.140282101332703,2.140282101332703,2.140282101332703,2.140282101332703,2.140282101332703,2.140282101332703,2.140282101332703,2.140282101332703,2.258984339639721
T000246,3.825494867395686,3.825494867395686,4.622468705675297,4.622468705675297,4.622468705675297,4.622468705675297,4.622468705675297,4.622468705675297,4.622468705675297,4.62077333071912,4.62077333071912,4.211078065239781
T000247,1.2309368191721133,1.2309368191721133,1.2309368191721133,1.2309368191721133,1.5795206971677558,1.5795206971677558,1.5795206971677558,1.5795206971677558,1.5795206971677558,1.5795206971677558,1.5795206971677558,1.5795206971677558
T000248,6.072911589866662,6.072911589866662,6.072911589866662,5.798104022546759,5.798104022546759,5.798104022546759,5.798104022546759,5.798104022546759,5.798104022546759,5.798104022546759,5.798104022546759,6.15257457558833
T000249,2.7122591915497085,2.7122591915497085,2.6739926739926743,2.6739926739926743,2.6739926739926743,2.6739926739926743,2.6739926739926743,2.6739926739926743,2.6739926739926743,2.6739926739926743,2.6739926739926743,3.0430515487243177
T000250,3.822069623213185,3.822069623213185,3.822069623213185,4.2244841444031405,3.8952380952380956,3.8952380952380956,3.8952380952380956,3.8952380952380956,3.8952380952380956,3.8952380952380956,3.8952380952380956,3.593897380602367
T000251,4.925222809931682,4.925222809931682,4.925222809931682,4.925222809931682,6.1909666495874776,6.1909666495874776,6.1909666495874776,6.1909666495874776,6.1909666495874776,6.1909666495874776,6.1909666495874776,7.351490697153105
T000252,3.4785893109808756,3.4785893109808756,3.5416666666666665,3.5416666666666665,3.5416666666666665,3.5416666666666665,3.5416666666666665,3.5416666666666665,3.5416666666666665,3.5416666666666665,3.5416666666666665,3.5416666666666665
T000253,3.965748383761749,3.965748383761749,3.965748383761749,3.965748383761749,3.9536621823617337,3.9536621823617337,3.9536621823617337,3.9536621823617337,3.9536621823617337,3.9536621823617337,3.9536621823617337,4.0639843081405695
T000254,6.393171976274015,6.393171976274015,6.393171976274015,7.155272511906812,7.155272511906812,7.155272511906812,7.155272511906812,7.155272511906812,7.164179104477612,7.164179104477612,7.164179104477612,7.164179104477612
T000255,5.479084161789095,5.479084161789095,5.479084161789095,5.479084161789095,5.479084161789095,5.533333333333333,5.533333333333333,5.533333333333333,5.533333333333333,5.533333333333333,5.533333333333333,5.533333333333333
T000256,3.5115523718783006,3.5115523718783006,3.5030303030303034,3.5030303030303034,3.5030303030303034,3.5030303030303034,3.5030303030303034,3.5030303030303034,3.5030303030303034,3.5030303030303034,3.5030303030303034,3.5030303030303034
T000257,4.706922121691294,4.706922121691294,4.770833333333333,4.770833333333333,4.770833333333333,4.253861950681312,4.253861950681312,4.253861950681312,4.253861950681312,4.253861950681312,4.253861950681312,4.176693558107818
T000258,6.496839975335307,6.496839975335307,6.496839975335307,8.299824141966234,8.299824141966234,8.299824141966234,8.299824141966234,8.299824141966234,8.299824141966234,8.299824141966234,8.299824141966234,9.497926540284361
T000259,2.916465157657854,2.916465157657854,2.889908256880734,2.889908256880734,2.889908256880734,2.889908256880734,2.889908256880734,2.889908256880734,2.889908256880734,2.889908256880734,2.889908256880734,2.889908256880734
T000260,5.193035787736859,5.193035787736859,5.916414904330312,5.916414904330312,5.916414904330312,5.916414904330312,5.916414904330312,5.916414904330312,5.916414904330312,5.916414904330312,5.916414904330312,5.916414904330312
T000261,5.964710570118995,5.964710570118995,5.964710570118995,6.330839806605825,6.330839806605825,6.330839806605825,6.139935058982283,6.139935058982283,6.392592592592593,6.392592592592593,6.392592592592593,6.392592592592593
T000262,2.964405618759189,5.339783978358497,5.339783978358497,2.962046204620462,2.962046204620462,2.962046204620462,2.962046204620462,2.962046204620462,2.962046204620462,2.962046204620462,2.962046204620462,2.962046204620462
T000263,1.8679155114545112,2.3181818181818183,2.3181818181818183,2.3181818181818183,1.8960316608302628,1.8960316608302628,1.8960316608302628,1.8960316608302628,1.8960316608302628,1.8960316608302628,1.8960316608302628,2.603625074911733
T000264,2.679653918616,2.679653918616,2.679653918616,2.452408986436403,3.037037037037037,3.037037037037037,3.037037037037037,3.037037037037037,3.037037037037037,3.037037037037037,3.037037037037037,3.037037037037037
T000265,3.502885953479072,3.502885953479072,3.502885953479072,3.854961832061069,3.4430577616213194,3.4430577616213194,3.4430577616213194,3.4430577616213194,3.4430577616213194,3.4430577616213194,3.4430577616213194,3.4430577616213194
T000266,5.481479314979909,5.481479314979909,5.481479314979909,5.477811609344609,5.487179487179487,5.487179487179487,5.487179487179487,5.487179487179487,5.487179487179487,5.487179487179487,5.487179487179487,5.487179487179487
T000267,4.214859290340631,4.214859290340631,4.214859290340631,4.670010295594396,4.670010295594396,4.670010295594396,4.670010295594396,4.692556634304207,4.692556634304207,4.692556634304207,4.692556634304207,4.692556634304207
T000268,5.880324710126315,5.880324710126315,5.992494824016563,5.992494824016563,5.992494824016563,5.992494824016563,5.992494824016563,5.992494824016563,5.992494824016563,5.992494824016563,5.992494824016563,5.992494824016563
T000269,2.7678868268689163,2.7678868268689163,2.7678868268689163,2.7678868268689163,6.342731196019248,6.342731196019248,6.342731196019248,6.342731196019248,6.342731196019248,6.342731196019248,6.342731196019248,2.5706666666666664
T000270,2.9925914038061108,2.9245229285876384,2.7761341222879685,2.7761341222879685,2.7761341222879685,2.7761341222879685,2.7761341222879685,2.7761341222879685,2.7761341222879685,2.7761341222879685,2.7761341222879685,2.7761341222879685
T000271,5.045500535065264,5.045500535065264,5.045500535065264,5.045500535065264,5.337631483823493,5.337631483823493,5.337631483823493,5.337631483823493,5.337631483823493,5.337631483823493,5.337631483823493,5.389150943396227
T000272,3.848090200425985,3.848090200425985,3.893155349869461,3.82716049382716,3.8305992909883115,3.82716049382716,3.82716049382716,3.82716049382716,3.82716049382716,3.82716049382716,3.82716049382716,3.82716049382716
T000273,1.5768540413774015,1.5768540413774015,1.5768540413774015,1.149425287356322,1.149425287356322,1.149425287356322,1.149425287356322,1.149425287356322,1.149425287356322,1.149425287356322,1.149425287356322,1.7247439127075217
T000274,3.232151556187851,3.232151556187851,3.1592039800995027,3.1592039800995027,3.1592039800995027,3.1592039800995027,3.1592039800995027,3.1592039800995027,3.1592039800995027,3.1592039800995027,3.1592039800995027,3.1592039800995027
T000275,3.762971890731973,3.762971890731973,4.107445008460237,3.737707766340717,3.737707766340717,3.737707766340717,4.107445008460237,4.107445008460237,4.107445008460237,4.107445008460237,4.107445008460237,4.107445008460237
T000276,3.6449731532132845,3.6449731532132845,3.6449731532132845,3.6449731532132845,3.6449731532132845,3.6449731532132845,3.6449731532132845,3.6449731532132845,3.6449731532132845,3.6449731532132845,4.179302045728039,4.179302045728039
T000277,3.6736460545511704,3.6736460545511704,3.3969465648854964,3.3969465648854964,3.40284379963055,3.3969465648854964,3.3969465648854964,3.3969465648854964,3.3969465648854964,3.3969465648854964,3.3969465648854964,3.3969465648854964
T000278,3.7540453074433655,3.7540453074433655,3.7540453074433655,3.7540453074433655,3.7540453074433655,3.7540453074433655,3.7540453074433655,3.7540453074433655,3.7540453074433655,3.7540453074433655,3.7540453074433655,7.232873838840428
T000279,5.563038547510565,5.563038547510565,5.367965367965367,5.367965367965367,5.367965367965367,5.367965367965367,5.367965367965367,5.367965367965367,5.367965367965367,5.367965367965367,5.367965367965367,5.367965367965367
T000280,3.038501653808947,3.0822664228227645,3.0822664228227645,3.0884084303952903,3.0884084303952903,3.0884084303952903,2.882940263024226,2.8813559322033897,2.8813559322033897,2.8813559322033897,2.8813559322033897,2.8813559322033897
T000281,5.877765150519983,5.877765150519983,5.877765150519983,5.877765150519983,5.877765150519983,6.27849854836511,6.27849854836511,6.27849854836511,6.27849854836511,6.27849854836511,6.27849854836511,10.294520547945206
T000282,6.1639333833881125,6.1639333833881125,6.1639333833881125,7.386845404613739,7.386845404613739,7.386845404613739,7.386845404613739,7.386845404613739,7.386845404613739,7.386845404613739,7.386845404613739,7.95662100456621
T000283,6.633108948210115,6.633108948210115,6.633108948210115,7.5838950936384775,7.5838950936384775,7.5838950936384775,7.5838950936384775,7.5838950936384775,7.5838950936384775,7.5838950936384775,7.5838950936384775,7.5838950936384775
T000284,3.5109289617486334,3.5109289617486334,3.5109289617486334,3.4498555671123263,3.5109289617486334,3.5109289617486334,3.5109289617486334,3.5109289617486334,3.5109289617486334,3.5109289617486334,3.5109289617486334,2.8688524590163933
T000285,3.8413209672213524,3.8413209672213524,3.8413209672213524,3.8413209672213524,3.826819318331359,3.826819318331359,3.826819318331359,3.826819318331359,3.826819318331359,3.826819318331359,3.826819318331359,3.826819318331359
T000286,4.907081301668425,4.907081301668425,4.904306220095694,4.904306220095694,4.904306220095694,4.904306220095694,4.904306220095694,4.904306220095694,4.904306220095694,4.904306220095694,4.904306220095694,4.904306220095694
T000287,5.349166358268148,5.349166358268148,5.349166358268148,5.3120704527115725,5.437549721559268,5.437549721559268,5.437549721559268,5.437549721559268,5.437549721559268,5.437549721559268,5.437549721559268,5.437549721559268
T000288,5.707466485485309,5.707466485485309,5.707466485485309,5.707466485485309,5.707466485485309,5.707466485485309,5.707466485485309,5.707466485485309,5.707466485485309,5.707466485485309,5.707466485485309,5.737463126843658
T000289,5.8772858535710295,5.8772858535710295,5.8772858535710295,5.8772858535710295,5.8772858535710295,5.8772858535710295,5.8772858535710295,5.8772858535710295,6.013974096796183,6.013974096796183,6.013974096796183,6.013974096796183
T000290,5.177141638840571,5.177141638840571,5.177141638840571,5.4738468049335225,5.4738468049335225,5.4738468049335225,5.4738468049335225,5.4738468049335225,5.4738468049335225,5.4738468049335225,5.4738468049335225,5.4738468049335225
T000291,3.6716373908658295,3.8666666666666663,3.8666666666666663,3.8666666666666663,3.8666666666666663,3.8666666666666663,3.8666666666666663,3.8666666666666663,3.8666666666666663,3.8666666666666663,3.8666666666666663,3.8666666666666663
T000292,4.991804101466608,4.991804101466608,5.493522516964837,5.493522516964837,5.485300590879924,5.493522516964837,5.493522516964837,5.493522516964837,5.493522516964837,5.493522516964837,5.493522516964837,5.493522516964837
T000293,5.980473656641312,11.717598821192903,6.3659467466264825,6.3659467466264825,6.637306996717354,6.637306996717354,6.637306996717354,6.637306996717354,6.637306996717354,6.637306996717354,6.637306996717354,6.637306996717354
T000294,4.552796197864415,4.552796197864415,4.552796197864415,4.546391752577319,4.546391752577319,4.546391752577319,4.546391752577319,4.546391752577319,4.546391752577319,4.546391752577319,4.546391752577319,4.62447334540629
T000295,6.616459931203394,6.616459931203394,6.816425120772947,6.616459931203394,6.616459931203394,6.816425120772947,6.816425120772947,6.816425120772947,6.816425120772947,6.816425120772947,6.816425120772947,6.816425120772947
T000296,3.8152945634515665,3.8152945634515665,3.8152945634515665,3.8152945634515665,3.921127794187063,3.921127794187063,3.921127794187063,3.921127794187063,4.070735358228765,4.070735358228765,4.070735358228765,4.025341130604288
T000297,2.914207243124698,3.0307076388979275,2.997465145754119,2.997465145754119,2.997465145754119,2.997465145754119,2.997465145754119,2.997465145754119,2.997465145754119,2.997465145754119,2.997465145754119,2.997465145754119
T000298,3.02644228749054,3.02644228749054,3.02644228749054,3.02644228749054,2.0989396097846718,2.0989396097846718,2.0989396097846718,2.0989396097846718,2.0989396097846718,2.0989396097846718,2.0989396097846718,2.5285714285714285
T000299,8.689195518286375,11.662913699204024,8.513704750949666,8.111592731375811,8.513704750949666,8.513704750949666,8.513704750949666,8.513704750949666,8.513704750949666,8.513704750949666,8.513704750949666,8.513704750949666
T000300,8.983778816347819,8.983778816347819,8.983778816347819,9.69276105370648,9.69276105370648,9.69276105370648,9.859762675296656,9.859762675296656,9.859762675296656,9.859762675296656,9.859762675296656,9.859762675296656
T000301,4.023587064254492,4.023587064254492,3.888888888888889,3.888888888888889,3.888888888888889,3.888888888888889,3.888888888888889,3.888888888888889,3.888888888888889,3.888888888888889,3.888888888888889,3.888888888888889
T000302,3.707615858492361,3.707615858492361,3.8028169014084505,3.8028169014084505,3.8028169014084505,3.8028169014084505,3.8028169014084505,3.8028169014084505,3.8028169014084505,3.8028169014084505,3.8028169014084505,3.8028169014084505
T000303,6.578513197577623,6.578513197577623,6.578513197577623,6.5421489396896595,6.5421489396896595,6.5421489396896595,6.5421489396896595,6.5421489396896595,6.5421489396896595,6.5421489396896595,6.5421489396896595,6.5421489396896595
T000304,7.109021246997956,5.074436305459137,4.865900383141762,4.865900383141762,4.865900383141762,4.865900383141762,4.865900383141762,4.865900383141762,4.865900383141762,4.865900383141762,4.865900383141762,4.865900383141762
T000305,9.011054916741394,9.71515251335219,9.011054916741394,9.46021377035954,9.46021377035954,9.46021377035954,9.46021377035954,9.46021377035954,9.46021377035954,9.46021377035954,9.46021377035954,9.46021377035954
T000306,2.026964918379797,2.026964918379797,2.026964918379797,2.0606899636287572,2.0297029702970297,2.0297029702970297,2.0297029702970297,2.0297029702970297,2.0297029702970297,2.0297029702970297,2.0297029702970297,2.0297029702970297
T000307,4.3540060468720005,4.3540060468720005,4.3540060468720005,4.641724079335679,4.641724079335679,4.641724079335679,4.641724079335679,4.641724079335679,4.641724079335679,4.641724079335679,4.641724079335679,4.5321637426900585
T000308,3.5468011121772824,3.5468011121772824,3.5468011121772824,3.574264745877836,3.574264745877836,3.574264745877836,3.574264745877836,3.574264745877836,3.574264745877836,3.574264745877836,3.574264745877836,3.5709759188846637
T000309,7.538959575195234,7.538959575195234,7.441860465116279,7.441860465116279,7.441860465116279,7.441860465116279,7.441860465116279,7.441860465116279,7.441860465116279,7.441860465116279,7.441860465116279,7.441860465116279
T000310,4.798105887566235,4.798105887566235,3.9583333333333335,3.9583333333333335,3.9583333333333335,3.9583333333333335,3.9583333333333335,3.9583333333333335,3.9583333333333335,3.9583333333333335,3.9583333333333335,3.9583333333333335
T000311,3.060749016277669,3.060749016277669,3.0930621069182394,3.0930621069182394,3.0930621069182394,3.011497641509434,3.011497641509434,3.011497641509434,3.011497641509434,3.011497641509434,3.011497641509434,3.320776372007427
T000312,5.909509783166122,5.909509783166122,5.718390804597701,5.718390804597701,5.718390804597701,5.718390804597701,5.718390804597701,5.718390804597701,5.718390804597701,5.718390804597701,5.718390804597701,5.718390804597701
T000313,3.5677851672906686,3.5677851672906686,3.5677851672906686,3.5677851672906686,3.560114256037393,3.560114256037393,3.560114256037393,3.560114256037393,3.560114256037393,3.560114256037393,3.560114256037393,3.560114256037393
T000314,2.5831145094187837,2.5831145094187837,2.5831145094187837,2.664319248826291,2.664319248826291,2.664319248826291,2.664319248826291,2.664319248826291,2.664319248826291,2.664319248826291,2.664319248826291,2.664319248826291
T000315,4.9432008954822875,4.9432008954822875,4.849340866290019,4.849340866290019,4.849340866290019,4.849340866290019,4.849340866290019,4.849340866290019,4.849340866290019,4.849340866290019,4.849340866290019,4.849340866290019
T000316,3.585270464513735,3.585270464513735,3.5240464344941955,3.5240464344941955,3.5240464344941955,3.5240464344941955,3.5240464344941955,3.5240464344941955,3.5240464344941955,3.5240464344941955,3.5240464344941955,3.5240464344941955
T000317,7.0645873657650435,7.0645873657650435,5.857740585774058,5.857740585774058,5.857740585774058,5.857740585774058,5.857740585774058,5.857740585774058,5.857740585774058,5.857740585774058,5.857740585774058,5.857740585774058
T000318,4.515510256344947,4.515510256344947,4.515510256344947,5.421707080888883,5.421707080888883,5.421707080888883,5.421707080888883,5.421707080888883,5.421707080888883,4.967502321262766,4.967502321262766,4.967502321262766
T000319,6.877998641941549,6.877998641941549,6.877998641941549,6.877998641941549,6.877998641941549,6.877998641941549,6.877998641941549,6.877998641941549,6.877998641941549,6.877998641941549,6.877998641941549,7.685430388628595
T000320,5.555966393587854,5.555966393587854,6.137891678771529,6.137891678771529,6.137891678771529,6.137891678771529,6.137891678771529,6.137891678771529,6.137891678771529,6.137891678771529,6.137891678771529,6.137891678771529
T000321,7.694562384760153,7.694562384760153,7.694562384760153,6.328268144364612,6.328268144364612,4.904387386648694,4.904387386648694,4.904387386648694,4.904387386648694,4.904387386648694,4.904387386648694,4.862467785530203
T000322,7.39001985585501,7.39001985585501,7.456096287663712,7.481719416342868,7.481719416342868,7.481719416342868,7.481719416342868,7.481719416342868,7.481719416342868,7.481719416342868,7.481719416342868,7.481719416342868
T000323,4.969647474424623,4.97497308934338,4.97497308934338,4.97497308934338,4.97497308934338,4.97497308934338,4.97497308934338,4.97497308934338,4.97497308934338,4.97497308934338,4.97497308934338,4.97497308934338
T000324,2.1578510777379276,2.1578510777379276,2.7453994144709326,2.7453994144709326,2.7453994144709326,2.7453994144709326,2.7453994144709326,2.7453994144709326,2.7453994144709326,2.7453994144709326,2.7453994144709326,2.7453994144709326
T000325,4.96287467468077,4.96287467468077,4.96287467468077,4.431032748126164,4.96287467468077,4.271572018733505,4.271572018733505,4.271572018733505,4.271572018733505,5.719058607811353,5.719058607811353,4.431032748126164
T000326,6.4054259817159975,6.4054259817159975,6.542633005069635,6.542633005069635,6.542633005069635,6.542633005069635,6.542633005069635,6.542633005069635,6.542633005069635,6.542633005069635,6.542633005069635,6.542633005069635
T000327,3.719458494052998,3.719458494052998,3.719458494052998,2.295729786350578,2.295729786350578,2.295729786350578,2.295729786350578,2.295729786350578,2.295729786350578,2.295729786350578,2.295729786350578,2.295729786350578
T000328,1.745989139572457,1.745989139572457,1.745989139572457,1.745989139572457,3.186500512094883,3.186500512094883,3.186500512094883,3.186500512094883,3.186500512094883,3.186500512094883,3.186500512094883,3.186500512094883
T000329,5.021085270236256,5.021085270236256,5.048229196659948,5.048229196659948,5.048229196659948,5.048229196659948,5.048229196659948,5.048229196659948,5.048229196659948,5.048229196659948,5.048229196659948,5.048229196659948
T000330,3.8693529641238396,3.8693529641238396,3.8693529641238396,4.992859482795886,4.992859482795886,4.992859482795886,4.992859482795886,4.992859482795886,4.992859482795886,4.992859482795886,4.992859482795886,8.026162792715681
T000331,0.6017362453532897,0.426516265219806,0.426516265219806,0.49702871896839984,0.49702871896839984,0.4773568105893738,0.4773568105893738,0.4773568105893738,0.4773568105893738,0.4773568105893738,0.4773568105893738,0.4773568105893738
T000332,2.830076651053175,1.7665095368845714,1.6949988832145984,1.7665095368845714,1.7665095368845714,1.7665095368845714,1.7665095368845714,1.7665095368845714,1.7665095368845714,1.7665095368845714,1.7665095368845714,4.3388866986621375
T000333,1.7304837533681163,1.7304837533681163,1.4412233275181632,2.035378057453099,2.035378057453099,2.035378057453099,2.035378057453099,2.035378057453099,2.035378057453099,2.035378057453099,2.035378057453099,1.4892723880597014
T000334,1.516532102315576,1.516532102315576,1.516532102315576,1.4672193366254722,1.4672193366254722,1.4672193366254722,1.4672193366254722,1.4672193366254722,1.4672193366254722,1.4672193366254722,1.4672193366254722,1.4672193366254722
T000335,1.5423690690887617,1.5423690690887617,1.5423690690887617,0.5218016681823127,0.5218016681823127,1.0085414844694347,1.0085414844694347,1.0085414844694347,1.0085414844694347,1.0085414844694347,1.0085414844694347,1.0085414844694347
T000336,3.9080638635585574,3.9080638635585574,3.9080638635585574,3.9080638635585574,3.9080638635585574,3.9080638635585574,3.9080638635585574,3.9080638635585574,3.9080638635585574,3.9080638635585574,3.9080638635585574,4.333979333535628
T000337,1.581814990938953,1.581814990938953,1.581814990938953,1.9541795395014456,1.9541795395014456,1.9541795395014456,1.9541795395014456,1.9541795395014456,1.9541795395014456,1.9541795395014456,1.9541795395014456,3.010820244328098
T000338,1.0363025258184784,1.0363025258184784,1.0363025258184784,1.0601699561403508,1.0601699561403508,1.0601699561403508,1.0601699561403508,1.0601699561403508,1.0601699561403508,1.0601699561403508,1.0601699561403508,1.0601699561403508
T000339,0.37638508900109285,0.37638508900109285,0.5653170359052712,0.5653170359052712,0.4871327651558558,0.4871327651558558,0.4871327651558558,0.4871327651558558,0.4871327651558558,0.4871327651558558,0.4871327651558558,0.5653170359052712
T000340,3.4173121150392527,3.4173121150392527,3.4173121150392527,3.3854603597983752,3.3854603597983752,3.3854603597983752,3.3854603597983752,3.3854603597983752,3.3854603597983752,3.3854603597983752,3.3854603597983752,3.6884164056991477
T000341,3.13293098558268,3.13293098558268,2.833318510107641,3.137078002276944,2.833318510107641,2.833318510107641,2.833318510107641,2.833318510107641,2.833318510107641,2.833318510107641,2.833318510107641,2.833318510107641
T000342,5.014143199850575,5.014143199850575,5.014143199850575,5.014143199850575,4.62109063301189,4.62109063301189,4.62109063301189,4.62109063301189,4.62109063301189,4.62109063301189,4.62109063301189,4.908482928546286
T000343,2.847856827413338,2.847856827413338,3.325434439178515,3.325434439178515,3.325434439178515,3.325434439178515,3.325434439178515,3.325434439178515,3.325434439178515,3.325434439178515,3.325434439178515,3.325434439178515
T000344,3.0622297007869292,3.0622297007869292,3.0622297007869292,2.419505266054057,2.419505266054057,2.419505266054057,2.419505266054057,2.419505266054057,2.419505266054057,2.419505266054057,2.419505266054057,3.1077475862152126
T000345,2.385045533320071,2.385045533320071,2.385045533320071,2.3843558665602473,2.3843558665602473,2.3843558665602473,2.3843558665602473,2.3843558665602473,2.3843558665602473,2.3843558665602473,2.3843558665602473,2.2705596107055963
T000346,1.8450847807649162,1.8450847807649162,1.8422632447846317,1.509939585872744,1.8450847807649162,1.9396664652962008,1.9396664652962008,1.9396664652962008,1.9396664652962008,1.9396664652962008,1.9396664652962008,1.8422632447846317
T000347,3.1847641302696874,2.8332083020755188,3.1847641302696874,2.8332083020755188,3.0042251761403094,3.1438171090683253,2.8332083020755188,2.8332083020755188,2.8332083020755188,2.8332083020755188,2.8332083020755188,2.8332083020755188
T000348,2.2545562519614153,2.2545562519614153,2.2545562519614153,2.2194142441869005,2.2194142441869005,2.2194142441869005,2.2194142441869005,2.2194142441869005,2.2194142441869005,2.2194142441869005,2.2194142441869005,2.2194142441869005
T000349,1.736823281489027,1.736823281489027,1.736823281489027,1.736823281489027,1.772013303680758,1.772013303680758,1.8925070944227338,1.8925070944227338,1.8925070944227338,1.8925070944227338,1.8925070944227338,1.8925070944227338
T000350,2.2721426483842153,2.2721426483842153,2.2721426483842153,2.164584475307296,2.164584475307296,2.164584475307296,2.164584475307296,2.164584475307296,2.356876388461463,2.356876388461463,2.356876388461463,2.2530766803408016
T000351,0.8411468480035921,0.8411468480035921,0.8411468480035921,1.6272083284277439,1.6272083284277439,0.6838424423552011,0.6838424423552011,0.6838424423552011,0.6838424423552011,0.6838424423552011,0.6838424423552011,0.6838424423552011
T000352,1.42167725680531,1.2285634397791803,1.2285634397791803,1.2285634397791803,1.2285634397791803,1.2285634397791803,1.2285634397791803,1.2285634397791803,1.2285634397791803,1.2285634397791803,1.2285634397791803,4.009358643997632
T000353,1.7228103376260953,1.7228103376260953,1.5696749724725745,1.9705828200637419,1.9705828200637419,1.9705828200637419,1.9705828200637419,1.9705828200637419,1.9705828200637419,1.9705828200637419,1.9705828200637419,1.5696749724725745
T000354,1.4462469883334736,1.5197241237801495,1.5197241237801495,1.3840778299551022,1.5923144686309856,1.5923144686309856,1.5923144686309856,1.5923144686309856,1.5923144686309856,1.5923144686309856,1.5923144686309856,1.7800128029988056
T000355,1.7182985884538677,1.7182985884538677,1.7182985884538677,0.8722249287382497,0.8722249287382497,1.4246903413006207,1.4246903413006207,1.4246903413006207,1.4246903413006207,1.4246903413006207,1.4246903413006207,1.4246903413006207
T000356,1.0613038597232396,1.0613038597232396,1.0613038597232396,1.043558087434609,1.043558087434609,1.043558087434609,1.043558087434609,1.043558087434609,1.043558087434609,1.043558087434609,1.043558087434609,1.043558087434609
T000357,2.3217905458905674,2.2900040491720453,2.3217905458905674,2.264256026381804,2.264256026381804,2.264256026381804,2.264256026381804,2.264256026381804,2.264256026381804,2.264256026381804,2.264256026381804,2.751984716800857
T000358,1.4557118673193656,1.4557118673193656,1.3285767007011933,1.3285767007011933,1.3285767007011933,1.2785500471562716,1.2785500471562716,1.2785500471562716,1.2785500471562716,1.2785500471562716,1.2785500471562716,1.2785500471562716
T000359,5.212888148537914,5.212888148537914,5.212888148537914,5.461404815090593,5.461404815090593,5.461404815090593,5.461404815090593,5.461404815090593,5.461404815090593,5.461404815090593,5.461404815090593,5.461404815090593
T000360,1.1385770470139671,1.1385770470139671,1.1385770470139671,1.1043538007088414,1.1043538007088414,1.1043538007088414,1.1043538007088414,1.1043538007088414,1.1043538007088414,1.1043538007088414,1.1043538007088414,1.1043538007088414
T000361,2.7343760883608605,2.7343760883608605,2.7343760883608605,3.0859486019239135,3.0340062342081406,3.0340062342081406,3.0340062342081406,3.0340062342081406,3.0340062342081406,3.0340062342081406,3.0340062342081406,3.0859486019239135
T000362,5.793761764641391,5.793761764641391,5.860407761271304,5.860407761271304,5.860407761271304,4.975948437242621,4.975948437242621,4.975948437242621,4.975948437242621,4.975948437242621,4.975948437242621,4.975948437242621
T000363,1.1802108615835984,1.1802108615835984,1.1802108615835984,0.8237572881351684,0.8237572881351684,0.8237572881351684,0.8237572881351684,0.8237572881351684,0.8237572881351684,0.8237572881351684,0.8237572881351684,0.8237572881351684
T000364,3.1990095383409463,3.1990095383409463,3.1990095383409463,3.1990095383409463,3.1990095383409463,3.1990095383409463,3.1990095383409463,3.1990095383409463,3.1990095383409463,3.1990095383409463,3.1990095383409463,3.1990095383409463
T000365,2.3988086332802907,2.315350159993965,2.4761888753405317,2.5203416605229427,2.5203416605229427,2.5203416605229427,2.5203416605229427,2.5203416605229427,2.5203416605229427,2.5203416605229427,2.5203416605229427,2.4880305974114822
T000366,2.8010834478237885,3.6067135212556876,3.6067135212556876,2.876321490162295,2.7718406102260538,2.7718406102260538,2.7718406102260538,2.7718406102260538,2.7718406102260538,2.7718406102260538,2.7718406102260538,2.7718406102260538
T000367,0.9298836787899427,1.030950253769159,0.9770536692274172,1.0783856830321474,1.0783856830321474,1.0783856830321474,1.0783856830321474,1.0783856830321474,1.0783856830321474,1.0783856830321474,1.0783856830321474,0.9770536692274172
T000368,1.6346346270828063,1.6393442622950818,1.6393442622950818,1.6393442622950818,1.6393442622950818,1.6393442622950818,1.6393442622950818,1.6393442622950818,1.6393442622950818,1.6393442622950818,1.6393442622950818,1.6393442622950818
T000369,1.6289656571532283,1.6289656571532283,1.5999820378104093,1.5999820378104093,1.5999820378104093,1.5999820378104093,1.5999820378104093,1.5999820378104093,1.5999820378104093,1.5999820378104093,1.5999820378104093,1.5999820378104093
T000370,1.8088620462593576,1.8088620462593576,1.747771454225897,3.096471643684652,3.096471643684652,3.096471643684652,3.096471643684652,3.096471643684652,3.096471643684652,3.096471643684652,3.096471643684652,1.747771454225897
T000371,2.626553053230765,2.626553053230765,2.153943918231926,2.153943918231926,2.153943918231926,2.153943918231926,2.153943918231926,2.153943918231926,2.153943918231926,2.153943918231926,2.153943918231926,2.153943918231926
T000372,10.384627462658047,10.384627462658047,10.313843161599157,7.363655997146847,7.363655997146847,7.363655997146847,7.363655997146847,7.363655997146847,7.363655997146847,7.363655997146847,7.363655997146847,9.379470699681201
T000373,3.685684571060121,3.685684571060121,3.767049144836545,3.767049144836545,3.767049144836545,3.767049144836545,3.767049144836545,3.767049144836545,3.767049144836545,3.767049144836545,3.767049144836545,3.767049144836545
T000374,6.81499435004021,7.433440284283446,7.433440284283446,6.776327038986848,6.776327038986848,6.776327038986848,6.776327038986848,6.776327038986848,6.776327038986848,6.776327038986848,6.776327038986848,6.547111478125545
T000375,3.486249996300622,3.486249996300622,3.486249996300622,2.886508622247719,2.886508622247719,2.886508622247719,2.886508622247719,2.886508622247719,2.886508622247719,2.886508622247719,2.886508622247719,2.886508622247719
T000376,22.263976272341694,22.263976272341694,20.115752269138092,22.88708879074695,22.88708879074695,22.88708879074695,22.88708879074695,22.88708879074695,22.88708879074695,22.88708879074695,22.88708879074695,16.7159631613297
T000377,8.768510416942643,8.768510416942643,8.734112395583498,8.266122685169998,8.266122685169998,8.266122685169998,8.266122685169998,8.266122685169998,8.266122685169998,8.266122685169998,8.266122685169998,2.321755683379314
T000378,12.741517880175005,12.741517880175005,12.741517880175005,11.778270030102622,11.778270030102622,11.778270030102622,11.778270030102622,11.778270030102622,11.778270030102622,11.778270030102622,11.778270030102622,11.758006134100519
T000379,15.657267206733446,18.662873092565423,18.662873092565423,16.169984152651786,16.169984152651786,16.169984152651786,16.169984152651786,16.169984152651786,16.169984152651786,16.169984152651786,16.169984152651786,8.904871996908922
T000380,12.201969977909146,12.201969977909146,16.987517416030506,16.987517416030506,16.987517416030506,16.987517416030506,16.987517416030506,16.987517416030506,16.987517416030506,16.987517416030506,16.987517416030506,9.823286159932104
T000381,1.9966250994958874,1.9966250994958874,1.9966250994958874,1.9966250994958874,1.9966250994958874,1.9966250994958874,1.9966250994958874,1.9966250994958874,1.9966250994958874,1.9966250994958874,1.9966250994958874,1.9966250994958874
T000382,3.9524055366638704,4.391376794438395,3.4077989777673294,3.4077989777673294,4.222895727483479,4.222895727483479,4.222895727483479,4.222895727483479,4.222895727483479,4.222895727483479,4.222895727483479,3.8903264683013545
T000383,7.192466813151493,7.192466813151493,4.5169333010261585,7.192466813151493,4.5169333010261585,4.5169333010261585,4.5169333010261585,4.5169333010261585,4.5169333010261585,4.5169333010261585,4.5169333010261585,7.3063717192457105
T000384,5.050639497784218,5.050639497784218,6.16744949397496,6.451976845316669,6.712826060392468,6.712826060392468,6.712826060392468,6.712826060392468,6.712826060392468,6.712826060392468,6.712826060392468,6.712826060392468
T000385,1.9793760326788052,1.9793760326788052,1.9793760326788052,1.9793760326788052,1.9793760326788052,1.9793760326788052,1.9793760326788052,1.9793760326788052,1.9793760326788052,1.9793760326788052,1.9793760326788052,1.9793760326788052
T000386,5.035833260122223,5.1536012185532325,5.035833260122223,5.035833260122223,5.035833260122223,5.035833260122223,5.035833260122223,5.035833260122223,5.035833260122223,5.035833260122223,5.035833260122223,3.065425424267831
T000387,1.1098011534573147,1.1098011534573147,1.8322903059688946,1.1098011534573147,1.8322903059688946,1.8322903059688946,1.8322903059688946,1.8322903059688946,1.8322903059688946,1.8322903059688946,1.8322903059688946,1.8322903059688946
T000388,1.6071177984938065,2.831087691574448,2.9765296161244006,2.9765296161244006,2.9765296161244006,2.9765296161244006,2.9765296161244006,2.9765296161244006,2.9765296161244006,2.9765296161244006,2.9765296161244006,4.1799532463058116
T000389,1.8447836603165946,1.8287354072914628,1.8287354072914628,1.8287354072914628,1.8287354072914628,1.8287354072914628,1.8287354072914628,1.8287354072914628,1.8287354072914628,1.8287354072914628,1.8287354072914628,1.8287354072914628
T000390,4.21670006971924,4.21670006971924,3.3930603914571473,3.3930603914571473,3.3930603914571473,3.3930603914571473,3.3930603914571473,3.3930603914571473,2.3151213933615113,2.3151213933615113,2.3151213933615113,2.0421359503046634
T000391,1.424689471860888,1.424689471860888,1.424689471860888,1.424689471860888,1.424689471860888,0.6989598782439365,0.6989598782439365,0.6989598782439365,0.6989598782439365,0.6989598782439365,0.6989598782439365,0.6301496275789334
T000392,3.3358875960132797,3.5057434012207875,3.266097750193949,3.266097750193949,3.266097750193949,3.266097750193949,3.266097750193949,3.266097750193949,3.266097750193949,3.266097750193949,3.266097750193949,3.266097750193949
T000393,6.722428609472827,6.722428609472827,6.722428609472827,5.7853036236499324,5.7853036236499324,5.7853036236499324,5.7853036236499324,5.7853036236499324,5.7853036236499324,5.7853036236499324,5.7853036236499324,5.7853036236499324
T000394,5.34901375369563,5.34901375369563,5.566289663839146,5.566289663839146,5.566289663839146,5.566289663839146,5.566289663839146,5.566289663839146,5.566289663839146,5.566289663839146,5.566289663839146,5.566289663839146
T000395,1.2041466563850978,1.2041466563850978,1.2041466563850978,1.3137124273113703,1.3137124273113703,1.1991641319352553,1.1991641319352553,1.1991641319352553,1.1991641319352553,1.1991641319352553,1.1991641319352553,1.171666910581004
T000396,2.35731208308023,2.35731208308023,2.35731208308023,2.35731208308023,2.35731208308023,2.35731208308023,2.35731208308023,2.35731208308023,2.35731208308023,2.35731208308023,2.35731208308023,2.35731208308023
T000397,3.0485344326984523,3.0485344326984523,2.925941978201891,2.925941978201891,3.556351445908879,3.556351445908879,3.556351445908879,3.556351445908879,3.556351445908879,3.556351445908879,3.556351445908879,3.556351445908879
T000398,3.3937253467872575,3.3937253467872575,3.2249491392590635,3.4056952836595937,3.4056952836595937,3.4056952836595937,3.4056952836595937,3.4056952836595937,3.4056952836595937,3.4056952836595937,3.4056952836595937,3.4056952836595937
T000399,2.300063670759728,1.1363094055788296,1.10571509009009,1.0596657878464733,1.0596657878464733,1.0594757355923088,1.10571509009009,1.10571509009009,1.10571509009009,1.10571509009009,1.10571509009009,1.10571509009009
T000400,2.569542833950693,2.569542833950693,2.569542833950693,1.575300606416138,1.6709915211897564,1.6709915211897564,1.6709915211897564,1.6709915211897564,1.6709915211897564,1.6709915211897564,1.6709915211897564,1.6709915211897564
T000401,3.061615206559609,3.061615206559609,3.061615206559609,3.061615206559609,3.061615206559609,2.6441145489517655,2.6441145489517655,2.6441145489517655,2.6441145489517655,2.6441145489517655,2.6441145489517655,2.6441145489517655
T000402,3.1137471168378394,3.1137471168378394,3.1137471168378394,3.403966555909838,3.403966555909838,3.403966555909838,3.403966555909838,3.403966555909838,3.403966555909838,3.403966555909838,3.403966555909838,3.403966555909838
T000403,1.1329759972955982,1.1652739090064996,1.1652739090064996,1.1652739090064996,1.1652739090064996,1.1652739090064996,1.1652739090064996,1.1652739090064996,1.1652739090064996,1.1652739090064996,1.1652739090064996,1.1652739090064996
T000404,1.1858973786215272,1.1858973786215272,1.312087281079529,1.312087281079529,1.312087281079529,1.312087281079529,1.312087281079529,1.312087281079529,1.312087281079529,1.312087281079529,1.312087281079529,1.312087281079529
T000405,2.264599124301834,2.264599124301834,1.054145438411285,1.054145438411285,1.6797041768891185,1.6797041768891185,1.6797041768891185,1.6797041768891185,1.6797041768891185,1.6797041768891185,1.6797041768891185,1.6797041768891185
T000406,3.4284962087921373,3.4284962087921373,3.3245481867388125,3.3245481867388125,3.42185778173389,3.42185778173389,3.42185778173389,3.42185778173389,3.42185778173389,3.42185778173389,3.42185778173389,3.7360784310644317
T000407,11.882082370909805,11.882082370909805,11.843296183721716,11.843296183721716,11.843296183721716,11.843296183721716,11.843296183721716,11.843296183721716,11.843296183721716,11.843296183721716,11.843296183721716,11.843296183721716
T000408,4.126488312110426,4.126488312110426,4.126488312110426,3.230114991080486,3.230114991080486,4.3505187736776,4.3505187736776,4.3505187736776,4.3505187736776,4.3505187736776,4.3505187736776,4.3505187736776
T000409,14.370394154689857,14.370394154689857,14.370394154689857,14.209918833815067,14.209918833815067,14.209918833815067,14.209918833815067,14.209918833815067,14.372365019286871,14.372365019286871,14.372365019286871,14.152643209246984
T000410,9.485180404000072,9.485180404000072,8.161140814592397,9.963676967789707,9.963676967789707,9.963676967789707,9.963676967789707,9.963676967789707,9.963676967789707,9.963676967789707,9.963676967789707,6.20134790857619
T000411,1.3254595958274882,1.3254595958274882,1.6663942910061558,1.6663942910061558,1.6663942910061558,1.6663942910061558,1.6663942910061558,1.6663942910061558,1.6663942910061558,1.6663942910061558,1.6663942910061558,1.6663942910061558
T000412,5.223710072241505,5.223710072241505,5.419266097277914,5.419266097277914,5.419266097277914,5.419266097277914,5.419266097277914,5.419266097277914,5.419266097277914,5.419266097277914,5.419266097277914,5.419266097277914
T000413,0.9934290868794073,0.9719674764579349,0.9682299546142208,0.9682299546142208,0.9682299546142208,0.9682299546142208,0.9682299546142208,0.9682299546142208,0.9682299546142208,0.9682299546142208,0.9682299546142208,0.9682299546142208
T000414,1.2474435383963864,1.2558798891681164,1.268692547143924,1.5637515241073667,1.5637515241073667,1.5637515241073667,1.5637515241073667,1.5637515241073667,1.5637515241073667,1.2816248203536003,1.2816248203536003,1.2558798891681164
T000415,1.8782285869287916,1.9189364100403292,1.9189364100403292,1.9189364100403292,1.9189364100403292,1.9189364100403292,1.9189364100403292,1.9189364100403292,1.9189364100403292,1.9189364100403292,2.4391931449252224,2.4391931449252224
T000416,1.424235722145395,1.4814027866187662,1.8417060981284408,2.268062842056264,2.268062842056264,1.999759366393541,1.8417060981284408,1.8417060981284408,1.8417060981284408,1.8417060981284408,1.8417060981284408,1.8417060981284408
T000417,3.718376090208632,3.718376090208632,3.1113917893737764,3.1113917893737764,2.775745743206906,2.775745743206906,2.775745743206906,2.775745743206906,2.775745743206906,2.775745743206906,2.775745743206906,2.775745743206906
T000418,1.6671002558400423,2.45875967839209,1.6671002558400423,2.45875967839209,2.45875967839209,2.45875967839209,2.45875967839209,2.45875967839209,2.45875967839209,2.45875967839209,2.45875967839209,1.4510198561536227
T000419,4.126927485685274,3.9177192982456144,3.9177192982456144,3.9177192982456144,3.9177192982456144,3.9177192982456144,3.9177192982456144,3.9177192982456144,3.9177192982456144,3.9177192982456144,3.9177192982456144,3.9177192982456144
T000420,0.36655224411610116,0.36655224411610116,0.7619745387155508,0.7619745387155508,0.7619745387155508,0.7619745387155508,0.7619745387155508,0.7619745387155508,0.7619745387155508,0.7619745387155508,0.7619745387155508,0.3916230930947119
T000421,1.0313255465092188,1.0313255465092188,1.0313255465092188,1.0313255465092188,1.0313255465092188,1.0313255465092188,1.0313255465092188,1.0313255465092188,1.0313255465092188,1.0313255465092188,1.0313255465092188,1.0313255465092188
T000422,3.130315861731749,3.462871608888392,3.462871608888392,4.3346941064116455,4.3346941064116455,4.3346941064116455,4.3346941064116455,4.3346941064116455,4.3346941064116455,4.3346941064116455,4.3346941064116455,3.462871608888392
T000423,4.913106316560396,4.913106316560396,4.913106316560396,4.913106316560396,5.479305205257245,5.479305205257245,5.479305205257245,5.479305205257245,5.479305205257245,5.479305205257245,5.479305205257245,5.479305205257245
T000424,8.33121331344677,8.33121331344677,7.456023905985115,7.456023905985115,7.515678901198343,7.456023905985115,7.456023905985115,7.456023905985115,7.456023905985115,7.456023905985115,7.456023905985115,7.456023905985115
T000425,2.866461492464392,2.866461492464392,1.1887681315657328,3.4032335192486594,3.4032335192486594,3.4032335192486594,3.4032335192486594,3.4032335192486594,3.4032335192486594,3.4032335192486594,3.4032335192486594,3.4032335192486594
T000426,5.994813157745272,5.749871534848777,5.8122500750700565,5.8122500750700565,5.8122500750700565,5.8122500750700565,5.8122500750700565,5.8122500750700565,5.8122500750700565,5.8122500750700565,5.8122500750700565,2.7355927980090313
T000427,0.941797611280461,0.941797611280461,0.941797611280461,0.7906662482727884,0.7906662482727884,0.7906662482727884,0.7906662482727884,0.7906662482727884,0.7906662482727884,0.7906662482727884,0.7906662482727884,3.3542511347858968
T000428,2.176624754014207,2.176624754014207,2.0505825674790055,1.76541344970348,1.76541344970348,1.76541344970348,1.76541344970348,1.76541344970348,1.76541344970348,1.76541344970348,1.76541344970348,1.76541344970348
T000429,3.539997593870275,3.539997593870275,3.539997593870275,3.539997593870275,3.0938956257562884,3.0938956257562884,3.0938956257562884,3.0938956257562884,3.0938956257562884,3.0938956257562884,3.0938956257562884,3.0938956257562884
T000430,1.0472199330037302,1.6881064358838178,1.6881064358838178,1.6881064358838178,1.6881064358838178,1.6881064358838178,1.6881064358838178,1.6881064358838178,1.6881064358838178,1.6881064358838178,1.6881064358838178,1.1240131018369643
T000431,1.7280046527401167,1.7280046527401167,1.7280046527401167,0.7000656255077872,0.7000656255077872,0.7000656255077872,0.7000656255077872,0.7000656255077872,0.7000656255077872,0.7000656255077872,0.7000656255077872,0.7000656255077872
T000432,2.4237089201877935,2.4237089201877935,2.406920126985198,1.5262566034291736,1.5262566034291736,1.5262566034291736,1.5262566034291736,1.5262566034291736,1.5262566034291736,1.5262566034291736,1.5262566034291736,2.4237089201877935
T000433,1.5306813002014767,1.5306813002014767,1.5730337078651684,1.5730337078651684,1.5730337078651684,1.5730337078651684,1.5730337078651684,1.5730337078651684,1.5730337078651684,1.5730337078651684,1.5730337078651684,1.5730337078651684
T000434,0.56645631575454,0.5845218011759794,0.5693985790053037,0.5693985790053037,0.5964393227193151,0.5902689131370877,0.5902689131370877,0.5902689131370877,0.5902689131370877,0.5902689131370877,0.5902689131370877,0.5902689131370877
T000435,0.46216517534387824,0.485711668445277,0.485711668445277,0.47203093241184363,0.47203093241184363,0.47203093241184363,0.47203093241184363,0.47203093241184363,0.47203093241184363,0.47203093241184363,0.47203093241184363,0.47203093241184363
T000436,1.7051459400447804,1.7051459400447804,1.7051459400447804,1.7051459400447804,1.7051459400447804,1.7051459400447804,1.7051459400447804,1.7051459400447804,1.7051459400447804,1.7051459400447804,1.7051459400447804,1.938248099049299
T000437,1.6741396174143264,1.6741396174143264,5.914395950032606,2.9050235021420594,5.914395950032606,5.914395950032606,5.914395950032606,5.914395950032606,5.914395950032606,5.914395950032606,5.914395950032606,1.6925684005597195
T000438,3.797979287212347,3.797979287212347,3.797979287212347,3.797979287212347,3.797979287212347,3.797979287212347,1.7085294862711589,1.7085294862711589,1.7085294862711589,1.7085294862711589,1.7085294862711589,3.797979287212347
T000439,8.57757991898861,8.541796653076286,8.672008924473634,8.672008924473634,8.672008924473634,8.672008924473634,8.672008924473634,8.771084337349398,8.771084337349398,8.771084337349398,8.771084337349398,8.771084337349398
T000440,1.557608230084029,1.557608230084029,1.557608230084029,1.557608230084029,2.5313957687092676,2.5313957687092676,2.5313957687092676,2.5313957687092676,2.5313957687092676,2.5313957687092676,2.5313957687092676,2.004011947012236
T000441,5.735739584979641,6.569015552743947,6.569015552743947,2.9816289782534664,1.2356067430525328,1.2356067430525328,1.2356067430525328,1.2356067430525328,1.2356067430525328,1.2356067430525328,1.2356067430525328,3.1862513074931775
T000442,0.9545749938684461,0.9545749938684461,0.9545749938684461,0.8276299071655235,0.8276299071655235,0.8276299071655235,0.8276299071655235,0.8276299071655235,0.8276299071655235,0.8276299071655235,0.8276299071655235,3.4096008839114154
T000443,2.1889057503953135,1.664418092735923,1.664418092735923,2.1701835095050344,2.1701835095050344,2.1701835095050344,2.1701835095050344,2.1701835095050344,2.1701835095050344,2.1701835095050344,2.1701835095050344,1.664418092735923
T000444,2.7316136298866645,2.7316136298866645,2.7316136298866645,2.7316136298866645,2.697652843491975,2.697652843491975,2.697652843491975,2.697652843491975,2.697652843491975,2.697652843491975,2.697652843491975,2.697652843491975
T000445,1.605598327920552,1.605598327920552,1.605598327920552,1.605598327920552,1.4363463027337438,1.4363463027337438,1.4363463027337438,1.4363463027337438,1.4363463027337438,1.4363463027337438,1.4363463027337438,5.345126181443278
T000446,2.0882846567130393,2.0882846567130393,2.10949376902783,2.10949376902783,2.10949376902783,2.10949376902783,2.10949376902783,2.10949376902783,2.10949376902783,2.10949376902783,2.10949376902783,2.10949376902783
T000447,3.1162883747900945,3.1162883747900945,3.1162883747900945,3.1162883747900945,3.1162883747900945,3.1162883747900945,3.1162883747900945,3.1162883747900945,3.1162883747900945,3.1162883747900945,3.1162883747900945,5.517563527653214
T000448,1.6148195332236468,1.6148195332236468,1.5279319274879763,1.5279319274879763,1.5279319274879763,1.5279319274879763,1.5279319274879763,1.5279319274879763,1.5279319274879763,1.5279319274879763,1.5279319274879763,1.5279319274879763
T000449,2.8229355008109254,2.8229355008109254,2.8229355008109254,2.8229355008109254,2.8229355008109254,2.8229355008109254,2.8229355008109254,2.8229355008109254,2.8229355008109254,2.8229355008109254,2.8229355008109254,2.8229355008109254
T000450,2.1935869421126637,2.1935869421126637,1.851652766680852,1.851652766680852,1.851652766680852,1.851652766680852,1.851652766680852,1.851652766680852,1.851652766680852,1.851652766680852,1.851652766680852,1.851652766680852
T000451,5.5148695741018985,5.5148695741018985,5.5148695741018985,5.5148695741018985,5.137119768255086,5.137119768255086,5.137119768255086,5.137119768255086,5.137119768255086,5.137119768255086,5.137119768255086,12.080230157072922
T000452,1.380072918534457,1.380072918534457,2.085875221101787,2.085875221101787,2.085875221101787,2.085875221101787,2.085875221101787,2.085875221101787,1.4372313449298983,1.4372313449298983,1.4372313449298983,1.380072918534457
T000453,0.9469567810920038,0.9469567810920038,0.9469567810920038,0.9469567810920038,0.773244361803552,0.773244361803552,0.773244361803552,0.773244361803552,0.773244361803552,0.773244361803552,0.773244361803552,0.7329255308699661
T000454,2.044878002188801,2.044878002188801,2.044878002188801,2.044878002188801,2.044878002188801,2.044878002188801,2.044878002188801,2.044878002188801,2.044878002188801,2.044878002188801,2.044878002188801,1.932367149758454
T000455,5.9933868821931995,5.9933868821931995,5.9933868821931995,5.9933868821931995,6.338749084423123,6.338749084423123,6.338749084423123,6.338749084423123,6.338749084423123,6.338749084423123,6.338749084423123,12.815899511886316
T000456,1.0169308622071207,1.0169308622071207,1.0169308622071207,1.0169308622071207,1.0169308622071207,1.0169308622071207,1.0169308622071207,1.0169308622071207,1.0169308622071207,1.0169308622071207,1.0169308622071207,1.0169308622071207
T000457,1.6178480890821967,1.6178480890821967,1.6178480890821967,1.6178480890821967,1.4688629571357164,1.4688629571357164,1.6178480890821967,1.6178480890821967,1.6178480890821967,1.6178480890821967,1.6178480890821967,1.6178480890821967
T000458,6.089770205788282,5.921342134213421,5.921342134213421,5.921342134213421,5.90827755777987,5.921342134213421,5.921342134213421,5.921342134213421,5.921342134213421,5.921342134213421,5.921342134213421,5.921342134213421
T000459,0.677559627881962,0.677559627881962,0.677559627881962,0.677559627881962,0.7205764611689351,0.7205764611689351,0.7205764611689351,0.7205764611689351,0.7205764611689351,0.7205764611689351,0.7205764611689351,0.7205764611689351
T000460,0.6594658273252033,0.6594658273252033,0.6594658273252033,0.6594658273252033,0.6594658273252033,0.6594658273252033,0.6594658273252033,0.6594658273252033,0.6594658273252033,0.6594658273252033,0.6594658273252033,0.6594658273252033
T000461,4.239476818377652,4.239476818377652,4.239476818377652,4.239476818377652,4.170301786736139,4.170301786736139,4.170301786736139,4.170301786736139,4.170301786736139,4.170301786736139,4.170301786736139,4.170301786736139
T000462,3.631843475514427,8.920839598693817,8.920839598693817,3.631843475514427,3.631843475514427,3.631843475514427,3.631843475514427,3.631843475514427,3.631843475514427,3.631843475514427,3.631843475514427,8.91086447445238
T000463,1.9830360694900535,1.9830360694900535,2.2673635859665797,2.1712891626242405,2.1712891626242405,2.240613088055161,2.240613088055161,2.240613088055161,2.240613088055161,2.240613088055161,2.240613088055161,2.2673635859665797
T000464,5.254496967140589,5.065386075866297,5.100117785630154,5.100117785630154,5.100117785630154,5.100117785630154,5.100117785630154,5.100117785630154,5.100117785630154,5.100117785630154,5.100117785630154,5.100117785630154
T000465,1.6342906753869861,1.9870781008526623,1.9870781008526623,4.286865143991822,1.744406338309579,1.744406338309579,1.744406338309579,1.744406338309579,1.744406338309579,1.744406338309579,1.744406338309579,1.744406338309579
T000466,4.21304953722069,4.21304953722069,2.628992079766163,2.668266568070545,3.4165298627657927,3.4165298627657927,2.668266568070545,3.4165298627657927,3.4165298627657927,2.668266568070545,2.668266568070545,2.802917593462855
T000467,7.710509759959527,7.710509759959527,6.580411898292412,6.580411898292412,6.580411898292412,6.580411898292412,6.580411898292412,6.580411898292412,6.580411898292412,6.580411898292412,6.580411898292412,7.277248238707004
T000468,0.4303434651437995,0.4303434651437995,0.4303434651437995,0.37649027400125495,0.4247974670848257,0.4404951020922938,0.4404951020922938,0.4404951020922938,0.4404951020922938,0.4404951020922938,0.4404951020922938,0.4404951020922938
T000469,2.1705775838267094,2.070416386206575,2.070416386206575,2.070416386206575,2.185026736586489,2.185026736586489,2.185026736586489,2.185026736586489,2.185026736586489,2.185026736586489,2.185026736586489,2.327658711887419
T000470,3.0249297516837395,3.0249297516837395,3.0249297516837395,3.7086473008846594,3.7086473008846594,3.7086473008846594,3.7086473008846594,3.7086473008846594,4.4971831743422435,4.4971831743422435,4.4971831743422435,4.471504887209274
T000471,4.467470922487122,4.467470922487122,4.467470922487122,3.507599481836391,3.507599481836391,3.507599481836391,3.507599481836391,3.507599481836391,3.507599481836391,3.507599481836391,3.507599481836391,3.507599481836391
T000472,2.735815796475181,2.735815796475181,4.0231314527019695,4.0231314527019695,3.1265737745535525,3.1265737745535525,3.1265737745535525,3.1265737745535525,3.1265737745535525,3.1265737745535525,3.1265737745535525,1.3316604394231872
T000473,1.424589718140674,1.4184818972567097,1.424589718140674,1.4184818972567097,1.4335743056265862,1.4184818972567097,1.4184818972567097,1.4184818972567097,1.4184818972567097,1.4184818972567097,1.4184818972567097,1.4184818972567097
T000474,4.464034697407216,4.464034697407216,4.447388940760846,4.447388940760846,4.470054156441891,4.470054156441891,4.470054156441891,4.470054156441891,4.470054156441891,4.470054156441891,4.470054156441891,4.470054156441891
T000475,2.674437124382149,2.674437124382149,2.674437124382149,3.0412200322638276,3.0412200322638276,3.0412200322638276,3.0412200322638276,3.0412200322638276,3.0412200322638276,3.0412200322638276,3.0412200322638276,3.0412200322638276
T000476,1.7787146165756877,4.578749232600579,4.578749232600579,4.578749232600579,5.656647473300014,5.656647473300014,5.656647473300014,5.656647473300014,5.656647473300014,5.656647473300014,5.656647473300014,2.231909197080771
T000477,0.866953934253651,0.866953934253651,0.866953934253651,0.8823746327908677,0.8823746327908677,0.8823746327908677,0.8823746327908677,0.8823746327908677,0.8823746327908677,0.8823746327908677,0.8823746327908677,3.651159419479942
T000478,1.7127066407816738,1.6121433486845587,1.6121433486845587,1.6121433486845587,1.711254206340383,1.6121433486845587,1.6121433486845587,1.6121433486845587,1.6121433486845587,1.6121433486845587,1.6121433486845587,1.6121433486845587
T000479,4.045889473103609,4.045889473103609,4.103331956491808,4.103331956491808,4.103331956491808,4.103331956491808,4.103331956491808,4.103331956491808,4.103331956491808,4.103331956491808,4.103331956491808,4.103331956491808
T000480,0.964922143955769,0.964922143955769,0.964922143955769,0.9441123778352895,0.9441123778352895,0.9441123778352895,0.9441123778352895,0.9441123778352895,0.9441123778352895,0.9441123778352895,0.9441123778352895,0.964922143955769
T000481,1.7285102509250982,1.7285102509250982,1.7285102509250982,1.7104953738761315,1.7460198257735058,1.7460198257735058,1.7460198257735058,1.7460198257735058,1.7460198257735058,1.7460198257735058,1.7460198257735058,1.7460198257735058
T000482,1.304765855959992,1.304765855959992,3.7915432525881796,3.7915432525881796,1.304765855959992,1.304765855959992,1.304765855959992,1.304765855959992,1.304765855959992,1.304765855959992,1.304765855959992,3.6391490446806936
T000483,3.075918335503609,3.075918335503609,3.133218932641043,3.638023539026905,3.638023539026905,3.638023539026905,3.638023539026905,3.638023539026905,3.638023539026905,3.638023539026905,3.638023539026905,3.638023539026905
T000484,1.1437400620433162,1.1437400620433162,1.2412443345694273,1.1373683329806388,1.1702471749419312,1.1702471749419312,1.1501445211317194,1.2412443345694273,1.2412443345694273,1.2412443345694273,1.2412443345694273,1.2412443345694273
T000485,0.8932370560827833,0.8932370560827833,0.6955174906938184,0.8932370560827833,0.6955174906938184,0.6955174906938184,0.6955174906938184,0.6955174906938184,0.6955174906938184,0.6955174906938184,0.6937463953200955,0.6937463953200955
T000486,3.067339195133686,3.067339195133686,3.9551910810955673,3.9551910810955673,3.9551910810955673,3.9551910810955673,3.9551910810955673,3.9551910810955673,3.9551910810955673,3.9551910810955673,3.9551910810955673,3.9551910810955673
T000487,1.995724987287665,1.995724987287665,1.995724987287665,1.477575362860648,1.477575362860648,1.477575362860648,1.477575362860648,1.477575362860648,1.477575362860648,1.477575362860648,1.477575362860648,1.477575362860648
T000488,1.698589472473914,1.698589472473914,1.698589472473914,3.851177252444151,3.851177252444151,3.851177252444151,3.851177252444151,3.851177252444151,3.851177252444151,3.851177252444151,3.851177252444151,5.438493614803232
T000489,3.7350714446892224,3.7350714446892224,3.3879117590098415,3.552610389322797,3.552610389322797,3.7909527233470586,3.7909527233470586,3.7909527233470586,3.7909527233470586,3.7909527233470586,3.7909527233470586,3.7909527233470586
T000490,2.1313351062554413,2.1313351062554413,2.1313351062554413,2.1313351062554413,2.5353362597953923,2.5353362597953923,2.5353362597953923,2.5353362597953923,2.5353362597953923,2.5353362597953923,2.5353362597953923,2.5353362597953923
T000491,1.386110023619632,1.386110023619632,1.4062444562710663,1.4062444562710663,1.4062444562710663,1.4062444562710663,1.4062444562710663,1.4062444562710663,1.4062444562710663,1.4062444562710663,1.4062444562710663,1.4062444562710663
T000492,0.723825435943957,0.723825435943957,0.8237846426497999,0.821979816402814,0.821979816402814,0.6089395702863002,0.6089395702863002,0.6089395702863002,0.6089395702863002,0.6089395702863002,0.6089395702863002,0.6089395702863002
T000493,1.3762478586440041,1.3762478586440041,1.3926016758634785,1.3926016758634785,1.3926016758634785,1.3926016758634785,1.3926016758634785,1.3926016758634785,1.3926016758634785,1.3926016758634785,1.3926016758634785,1.3926016758634785
T000494,2.4350451250594736,2.4350451250594736,2.261700574977108,2.261700574977108,2.261700574977108,2.261700574977108,2.261700574977108,2.261700574977108,2.261700574977108,2.261700574977108,2.261700574977108,2.261700574977108
T000495,1.9451839643054996,1.9451839643054996,1.8796835178211417,1.8796835178211417,1.8796835178211417,1.8796835178211417,1.8796835178211417,1.8796835178211417,1.8796835178211417,1.8796835178211417,1.8796835178211417,1.8796835178211417
T000496,2.027061355376243,2.027061355376243,2.0294384018881795,2.0294384018881795,2.0294384018881795,2.0294384018881795,2.0294384018881795,2.0294384018881795,2.0294384018881795,2.0294384018881795,2.0294384018881795,2.002046744021551
T000497,1.4682019752908175,1.4682019752908175,1.4682019752908175,1.7264922531811475,1.7264922531811475,1.7264922531811475,1.7264922531811475,1.7264922531811475,1.7264922531811475,1.7264922531811475,1.7264922531811475,1.7264922531811475
T000498,3.740077032769511,3.740077032769511,2.863502196960373,2.863502196960373,2.863502196960373,3.3933246137997357,3.3933246137997357,3.3933246137997357,3.3933246137997357,3.3933246137997357,3.3933246137997357,3.6676474709261595
T000499,2.064839968290003,2.064839968290003,2.064839968290003,2.064839968290003,2.064839968290003,2.064839968290003,2.064839968290003,2.064839968290003,2.064839968290003,2.064839968290003,2.064839968290003,2.064839968290003
T000500,1.217019529238969,1.217019529238969,1.2936263493546851,1.9722725983760234,1.9722725983760234,1.9722725983760234,1.9722725983760234,1.9722725983760234,1.9722725983760234,1.9722725983760234,1.9722725983760234,2.4449503773906804
T000501,2.424421697708763,2.6875954627208416,2.6875954627208416,1.097078146160761,1.097078146160761,1.097078146160761,1.097078146160761,1.097078146160761,1.097078146160761,1.097078146160761,1.097078146160761,3.3250566474064023
T000502,1.3529096630502715,1.7449902666964592,1.7449902666964592,1.7449902666964592,1.7449902666964592,1.7449902666964592,1.7449902666964592,1.7449902666964592,1.7449902666964592,1.7449902666964592,1.7449902666964592,1.7960086322717181
T000503,2.5763898715526734,2.5763898715526734,1.7535587986248953,1.7535587986248953,2.761052256683076,2.761052256683076,2.761052256683076,2.761052256683076,2.761052256683076,2.761052256683076,2.761052256683076,2.761052256683076
T000504,4.119922201420463,4.119922201420463,4.119922201420463,4.750485173620824,3.4585335149907177,3.4585335149907177,3.4585335149907177,3.4585335149907177,3.4585335149907177,3.4585335149907177,3.4585335149907177,3.4585335149907177
T000505,2.5310930225106847,2.5310930225106847,0.5986753023122524,0.5986753023122524,1.255627993715011,1.255627993715011,1.255627993715011,1.255627993715011,1.255627993715011,1.255627993715011,1.255627993715011,1.255627993715011
T000506,1.565741448365596,1.333316698886126,1.8068529607451764,1.8068529607451764,1.8068529607451764,1.8068529607451764,1.8068529607451764,1.8068529607451764,1.8068529607451764,1.8068529607451764,1.8068529607451764,1.8068529607451764
T000507,1.8275445428758879,1.8275445428758879,1.0238455079764905,1.0238455079764905,1.0756505442749729,1.0756505442749729,1.0756505442749729,1.394568298174827,1.394568298174827,1.394568298174827,1.394568298174827,1.5204765408854837
T000508,0.6257009345794392,0.6257009345794392,0.6257009345794392,0.6257009345794392,0.6257009345794392,0.6257009345794392,0.6257009345794392,0.6257009345794392,0.6257009345794392,0.6257009345794392,0.6257009345794392,0.6257009345794392
T000509,0.6951231857854239,0.6951231857854239,0.6951231857854239,0.6951231857854239,0.6951231857854239,0.6716533995220199,0.6814009661835749,0.6814009661835749,0.6814009661835749,0.6814009661835749,0.6814009661835749,0.6814009165279437
T000510,0.3333284327453864,0.3333284327453864,0.3333284327453864,0.3333284327453864,0.5852604494873455,0.3207885304659498,0.3207885304659498,0.3207885304659498,0.3207885304659498,0.3207885304659498,0.3207885304659498,0.261428771617
T000511,1.1467772589572622,1.1467772589572622,0.9909452443391006,0.9909452443391006,1.1775969767945387,1.1775969767945387,1.0799067314879016,1.0799067314879016,1.0799067314879016,1.0799067314879016,1.0799067314879016,1.0515901510723489
T000512,1.6508281152322046,1.6508281152322046,1.6508281152322046,1.66006709350915,1.6357291077155254,1.6357291077155254,1.6357291077155254,1.6357291077155254,1.6357291077155254,1.6357291077155254,1.6357291077155254,1.6357291077155254
T000513,0.4503973569068668,0.4503973569068668,0.4503973569068668,0.4503973569068668,0.4503973569068668,0.4503973569068668,0.747480953239627,0.747480953239627,0.747480953239627,0.747480953239627,0.747480953239627,0.747480953239627
T000514,1.5858863232078662,1.5858863232078662,1.5858863232078662,1.5850038032985911,1.7367249846531616,1.7367249846531616,1.7367249846531616,1.7367249846531616,1.7367249846531616,1.7367249846531616,1.7367249846531616,2.178394474516898
T000515,0.8715742502393872,0.8715742502393872,0.8715742502393872,0.8715742502393872,0.5889163576763612,0.5889163576763612,0.5889163576763612,0.5731664507795728,0.5731664507795728,0.5731664507795728,0.5731664507795728,0.679059053983363
T000516,2.0379514664402314,2.0379514664402314,2.0379514664402314,2.0379514664402314,1.2776019690576654,1.9582234423660247,2.0119477916651505,2.0119477916651505,2.0119477916651505,2.0119477916651505,2.0119477916651505,1.9570170225475927
T000517,0.6737366411588105,0.6737366411588105,0.6737366411588105,0.6737366411588105,0.836558194077983,0.836558194077983,0.7296209513653352,0.7296209513653352,0.7296209513653352,0.7296209513653352,0.7296209513653352,0.6177693411089857
