unique_id,MetaARIMA(0.0),MetaARIMA(0.1),MetaARIMA(0.2),MetaARIMA(0.3),MetaARIMA(0.4),MetaARIMA(0.5),MetaARIMA(0.6),MetaARIMA(0.7),MetaARIMA(0.8),MetaARIMA(0.9),MetaARIMA(1.0),AutoARIMA
T000000,1.0221098147484382,1.0221098147484382,1.0221098147484382,1.0380631985788225,1.0234938174531296,2.3070113207030074,0.7184087279125188,0.7184087279125188,0.7184087279125188,0.7184087279125188,0.7184087279125188,0.7184087279125188
T000001,0.5802256444624677,0.5802256444624677,0.5802256444624677,0.5802256444624677,0.5525934824055727,0.6610075602467115,0.6610075602467115,0.6610075602467115,0.6610075602467115,0.6610075602467115,0.6610075602467115,0.6302798637755809
T000002,1.4847906261195738,1.4847906261195738,1.4847906261195738,1.4847906261195738,0.7106584109478251,0.5850942180073349,0.7106584109478251,0.7106584109478251,0.29899799980367375,0.29899799980367375,0.29899799980367375,0.7498324729326424
T000003,1.2313954265952711,1.2313954265952711,1.2313954265952711,0.6662892732001563,1.245674568896637,0.6662892732001563,0.6662892732001563,0.8730744052304914,0.8730744052304914,0.8730744052304914,0.8730744052304914,0.8730744052304914
T000004,1.7091881169117396,2.282788114901883,2.3096018763573647,2.4884611299554704,2.520019681790457,2.5198578005596364,2.5614289074206598,1.358290436702272,1.358290436702272,1.358290436702272,1.358290436702272,1.816378058663533
T000005,1.7706712616881675,1.7706712616881675,0.867720034994998,0.867720034994998,0.737473142433956,0.737473142433956,0.8538807220997425,0.9533611667458269,0.9533611667458269,0.9533611667458269,0.9533611667458269,1.1243849887463249
T000006,0.470166682906544,0.470166682906544,0.8991603398768516,0.8991603398768516,0.5936830109726312,0.37584248134644527,0.26248732509123907,0.26248732509123907,0.26248732509123907,0.26248732509123907,0.26248732509123907,0.57111672347501
T000007,0.3144016691302892,0.3144016691302892,0.3144016691302892,0.2229246517655545,0.15077963299197963,0.15077963299197963,0.15077963299197963,0.15077963299197963,0.15077963299197963,0.15077963299197963,0.15077963299197963,0.30663269541469235
T000008,0.4875582018402878,0.4875582018402878,0.5124127676611132,0.5124127676611132,0.5124127676611132,0.5124127676611132,0.5124127676611132,0.48730509340067435,0.48730509340067435,0.48730509340067435,0.48730509340067435,0.48730509340067435
T000009,1.4150750586508167,1.4150750586508167,1.4150750586508167,1.3733597751203073,0.6662314639027648,0.6662314639027648,0.6662314639027648,0.6662314639027648,0.6662314639027648,0.6662314639027648,0.6662314639027648,1.48067672832751
T000010,2.292603792599749,2.292603792599749,2.291857833241571,2.291857833241571,2.2109117214079386,2.223133438568104,2.223133438568104,2.223133438568104,2.223133438568104,2.223133438568104,2.223133438568104,2.60775796728033
T000011,0.6902896255733788,0.6902896255733788,0.6902896255733788,0.6902896255733788,0.6902896255733788,0.6902896255733788,0.5350959265789721,0.5350959265789721,0.5350959265789721,0.5350959265789721,0.5350959265789721,0.2474289826730907
T000012,4.04961550818807,4.04961550818807,4.04961550818807,3.9504328147105343,3.9504328147105343,4.2319595295073205,4.2319595295073205,4.162099762293401,4.162099762293401,4.162099762293401,4.162099762293401,4.162099762293401
T000013,0.45577057152503875,0.45577057152503875,0.46954382672988104,0.46954382672988104,0.46954382672988104,0.42727250641525294,0.42727250641525294,0.42727250641525294,0.42727250641525294,0.42727250641525294,1.1403092473853975,0.6979452527950952
T000014,0.7905375313007879,0.7905375313007879,0.9196384337754457,0.9196384337754457,0.9196384337754457,1.7192309347519497,0.5504371177179304,0.5504371177179304,0.5504371177179304,0.7496232076424898,0.7496232076424898,0.7142795557035375
T000015,1.143667451927012,1.143667451927012,0.26341958115180186,0.26341958115180186,0.6405586119545814,0.535479829171519,0.45505480136824195,0.45505480136824195,0.45505480136824195,0.45505480136824195,0.3375515684397894,0.4810150863682722
T000016,0.28381880233800666,0.28381880233800666,0.28381880233800666,0.3075678635937766,0.3075678635937766,0.25753823739118265,0.25753823739118265,0.25753823739118265,0.25753823739118265,0.25753823739118265,0.25753823739118265,0.50187632685458
T000017,0.5481130074087522,0.5481130074087522,0.49153989291432815,0.4971929727323036,0.4971929727323036,0.4971929727323036,0.499471863392216,0.499471863392216,0.499471863392216,0.6742411983625101,0.6742411983625101,0.6742411983625101
T000018,1.7183645809803478,1.4637762485104415,1.797069470426568,1.9027698475321178,1.9027698475321178,3.025182830061356,3.025182830061356,3.00450492498669,3.00450492498669,3.00450492498669,3.00450492498669,1.8553782483101182
T000019,1.4947205233544363,1.4947205233544363,1.4947205233544363,1.4991887988594839,1.355977254963566,1.4353050872271242,1.4353050872271242,1.4353050872271242,1.4353050872271242,1.4353050872271242,1.4353050872271242,0.1412088578616159
T000020,2.4067888417441545,2.4067888417441545,2.4067888417441545,2.4091018019397814,1.1912671582785916,1.1912671582785916,1.1912671582785916,1.5846252644933205,1.5846252644933205,1.5846252644933205,1.5846252644933205,2.423757770789603
T000021,0.31922511321167146,0.31922511321167146,0.31922511321167146,0.2843111107522171,0.2843111107522171,0.2843111107522171,0.31922511321167146,0.31922511321167146,0.31922511321167146,0.31922511321167146,0.31922511321167146,0.3767477966957802
T000022,1.2168718985480604,2.1750513720205404,2.4577372855961266,2.4577372855961266,2.60245216034142,2.60245216034142,2.286522556056507,2.0890397895880364,2.0890397895880364,2.0890397895880364,2.0890397895880364,2.0890397895880364
T000023,1.0550505275341637,1.0550505275341637,1.0085234113481527,1.0085234113481527,1.2878982714634486,0.4168816780444166,0.4168816780444166,0.4168816780444166,0.8776470281609254,1.2252558491571695,1.2252558491571695,0.8460279264316799
T000024,5.67192727741708,5.67192727741708,4.933581166391048,4.933581166391048,4.933581166391048,5.115694937534857,5.115694937534857,5.115694937534857,4.19418039420749,4.19418039420749,4.19418039420749,5.093901339116032
T000025,1.4276681875785202,1.4276681875785202,1.4276681875785202,1.4276681875785202,1.5881739936045445,1.5881739936045445,1.5881739936045445,1.4642473120931392,1.4642473120931392,1.4642473120931392,1.4642473120931392,1.4276681875785202
T000026,1.219211329429763,1.219211329429763,1.219211329429763,1.0607529572480567,1.1802539379011947,1.1802539379011947,1.1802539379011947,1.1802539379011947,1.1802539379011947,1.1802539379011947,1.1802539379011947,2.1083724538052326
T000027,2.716030982279076,2.716030982279076,2.7807002998515924,2.7807002998515924,2.568615954506431,2.6304895424614005,2.697012304386135,2.6100559739771536,2.6100559739771536,2.554370841360293,2.554370841360293,2.554370841360293
T000028,0.88014872252943,0.88014872252943,0.88014872252943,0.6651453796602169,0.6598346893642668,0.7518952096475847,0.7518952096475847,0.7518952096475847,0.7518952096475847,0.7518952096475847,0.7518952096475847,0.6276037289294935
T000029,1.6429605195878603,1.5313739751288462,1.3688520967690927,1.4918186395666433,1.412480383510792,1.412480383510792,1.412480383510792,1.5900278679618514,1.5900278679618514,1.5900278679618514,1.5900278679618514,1.6072109806715205
T000030,8.963892174550102,2.4053125221619567,2.4053125221619567,2.4053125221619567,2.4053125221619567,2.4053125221619567,2.4053125221619567,2.4053125221619567,2.4053125221619567,2.4053125221619567,2.4053125221619567,4.417255644571346
T000031,0.23129257403621825,0.23129257403621825,0.23129257403621825,0.23129257403621825,0.23129257403621825,0.23129257403621825,0.23129257403621825,0.23129257403621825,0.23129257403621825,0.23129257403621825,0.23129257403621825,0.19256150883996712
T000032,0.2967897166630108,0.6029540156288271,0.6029540156288271,0.6012218091714371,0.6012218091714371,0.6012218091714371,1.0315964955667953,1.0315964955667953,1.0315964955667953,1.0315964955667953,1.1260113695907552,0.7525507790836172
T000033,0.4339938970923482,0.4339938970923482,1.453773916481309,1.453773916481309,1.453773916481309,1.453773916481309,0.9792298248437014,0.9792298248437014,0.9792298248437014,1.6392570527334027,1.6392570527334027,1.6392570527334027
T000034,1.2943344884565635,1.2943344884565635,1.2943344884565635,1.2943344884565635,0.4748582266495515,0.4748582266495515,0.5772781259922147,0.5772781259922147,0.5772781259922147,0.5772781259922147,0.5772781259922147,0.5772781259922147
T000035,0.48671667774484934,0.48671667774484934,0.916907492924177,0.916907492924177,0.916907492924177,0.48671667774484934,0.49647542772174574,0.49647542772174574,0.49647542772174574,0.49647542772174574,0.49647542772174574,0.9894196543116103
T000036,1.048166943029567,1.048166943029567,1.048166943029567,0.572820208843884,0.572820208843884,0.572820208843884,0.40759806739682125,0.22602269012325193,0.20839218656227967,0.20839218656227967,0.20839218656227967,0.2269676002927489
T000037,1.4058988074003949,1.4058988074003949,1.1350339143690007,1.1350339143690007,1.1350339143690007,1.1350339143690007,1.2096630292763855,1.2096630292763855,1.2096630292763855,1.2096630292763855,1.2096630292763855,0.927795433766259
T000038,1.7112211063337908,1.7112211063337908,1.7112211063337908,1.3671668133825623,1.3671668133825623,1.3671668133825623,1.5744502635304414,1.5744502635304414,1.5744502635304414,1.5744502635304414,1.5744502635304414,2.534012762053264
T000039,0.5602339803779722,0.5602339803779722,0.9899904702598523,0.5312443313373074,0.5312443313373074,0.5312443313373074,0.5312443313373074,0.4220894663107367,0.4220894663107367,0.4220894663107367,0.4220894663107367,0.7776519843526392
T000040,2.6557180640018045,2.6557180640018045,1.3689080355906034,1.7475156667575775,1.0313864447932732,2.1442111905769545,1.5992608205894956,1.5992608205894956,1.4475079238176065,1.4475079238176065,1.4475079238176065,2.217732290598061
T000041,5.942825430095738,5.942825430095738,5.942825430095738,6.360454798627538,4.701715880780412,4.67356046496456,4.759056079719862,4.838910587336311,4.838910587336311,4.838910587336311,4.838910587336311,4.838910587336311
T000042,1.0514356461513568,1.0514356461513568,1.1056034873458982,1.1056034873458982,1.1056034873458982,1.1056034873458982,1.1012226375400007,1.3239351398214583,1.3239351398214583,1.3239351398214583,1.3239351398214583,1.3239351398214583
T000043,0.28147151019500505,0.28147151019500505,0.24337306429952835,0.24337306429952835,0.2182787891064007,0.2172014406892194,0.3350275943208317,0.3350275943208317,0.3350275943208317,0.3350275943208317,0.3350275943208317,0.04159989753331516
T000044,0.5532083753616278,0.6437032724760264,0.6437032724760264,0.5404901147640386,0.5404901147640386,0.5404901147640386,0.8172349653527167,0.47399426231021596,0.47399426231021596,0.47399426231021596,0.47399426231021596,0.5555063192351132
T000045,0.4607842593568206,0.4607842593568206,0.6418051682626361,0.6864584657511772,0.6864584657511772,0.6368900925519301,0.5998083121794773,0.6368900925519301,0.6368900925519301,0.6368900925519301,0.6368900925519301,1.2005269601965873
T000046,0.6621985743493783,0.6621985743493783,0.8386629712038348,0.8386629712038348,0.5765307707254547,0.4747045454661935,0.4747045454661935,0.3805534810899388,0.3805534810899388,0.3805534810899388,0.3805534810899388,0.6327126988388622
T000047,1.064780519843523,1.064780519843523,1.064780519843523,0.9115741444049338,0.9115741444049338,0.9115741444049338,0.9115741444049338,0.9068998948576615,0.9068998948576615,0.9068998948576615,0.9068998948576615,0.14707744233174777
T000048,2.1448097902455228,1.1874240770614852,1.0125424509836487,1.0125424509836487,1.0125424509836487,1.1874240770614852,1.1874240770614852,1.0376827276560898,1.2265910426407094,1.2265910426407094,1.2265910426407094,1.2265910426407094
T000049,1.0899148178015996,1.1956039594544825,1.0899148178015996,1.0899148178015996,1.1460250387768414,1.1956039594544825,1.0650869032051973,1.0650869032051973,1.0650869032051973,1.0650869032051973,1.0650869032051973,2.0663748557186805
T000050,1.3007954168365914,1.3968677901937094,1.3968677901937094,1.3968677901937094,0.9824035680164703,0.9824035680164703,0.9824035680164703,0.9824035680164703,0.9824035680164703,0.9824035680164703,0.9824035680164703,1.1254422494611653
T000051,1.3252303603385596,1.2566706419476468,1.2724372926469458,1.2724372926469458,1.2724372926469458,1.2724372926469458,1.2724372926469458,1.2724372926469458,1.2724372926469458,1.2724372926469458,1.2724372926469458,1.1658028139745598
T000052,0.46248283660447814,0.46248283660447814,0.46248283660447814,1.0005788416041006,1.0005788416041006,1.0005788416041006,1.0243559557771817,0.3978677005088442,0.3978677005088442,0.3978677005088442,0.3978677005088442,0.2353310481784742
T000053,3.224836238703499,3.224836238703499,3.224836238703499,3.224836238703499,3.224836238703499,3.224836238703499,3.224836238703499,3.224836238703499,3.224836238703499,3.224836238703499,3.224836238703499,3.8062132805900752
T000054,1.5997038667790173,1.5997038667790173,1.6495893425597503,1.1004365321969527,1.1004365321969527,1.1369663425378247,1.2754740413242267,1.4530399925966695,1.4530399925966695,1.4530399925966695,1.4530399925966695,1.4530399925966695
T000055,0.6874327329325249,0.6874327329325249,0.49215160045311634,0.31540525134764147,0.49215160045311634,0.49215160045311634,0.49215160045311634,0.49215160045311634,0.49215160045311634,0.49215160045311634,0.49215160045311634,0.5508135985393012
T000056,0.9473037519593422,0.9473037519593422,0.6418716453098358,0.6418716453098358,0.6418716453098358,0.6418716453098358,0.6418716453098358,0.6418716453098358,0.6418716453098358,0.6418716453098358,0.6418716453098358,0.6418716453098358
T000057,1.9625885213789134,1.9625885213789134,1.7981142156609993,1.247214421138198,1.247214421138198,1.247214421138198,1.5098013127556882,1.2391227876735544,0.9819893973214286,0.9819893973214286,0.9819893973214286,0.9819893973214286
T000058,0.955594615360327,0.7843539885109561,0.7843539885109561,0.7843539885109561,0.7843539885109561,0.7931815414451484,0.7931815414451484,0.7796395760973168,0.7796395760973168,0.7796395760973168,0.7796395760973168,0.7931713170053996
T000059,0.7722837654611562,0.7722837654611562,0.6934026865702612,0.6934026865702612,0.6934026865702612,1.1727800037376326,0.925194852628563,1.1124794619412495,1.1124794619412495,1.1124794619412495,1.1124794619412495,1.1156410346149879
T000060,0.3652976587317156,0.3652976587317156,0.3652976587317156,0.3652976587317156,1.0197966233813778,1.0197966233813778,1.0197966233813778,1.0197966233813778,1.0197966233813778,1.0197966233813778,1.0197966233813778,0.8061670861901739
T000061,0.6562996288529531,0.6562996288529531,1.06509989152297,1.06509989152297,1.06509989152297,1.06509989152297,0.590317875730641,0.7312206738913892,0.7312206738913892,0.7312206738913892,0.7312206738913892,0.749459292276105
T000062,5.60174955747793,5.60174955747793,5.60174955747793,5.8395263469830745,5.136351489875453,5.8395263469830745,5.8395263469830745,5.502241229835674,5.502241229835674,5.502241229835674,5.502241229835674,5.090611539133057
T000063,0.9308619158208368,0.9308619158208368,0.8392167626599024,0.6676566291852682,0.7132007373991097,0.7132007373991097,0.7132007373991097,0.7961655054128681,0.952104689717185,0.952104689717185,0.952104689717185,0.9522305443240588
T000064,1.6196516309540059,1.6196516309540059,1.6196516309540059,1.6196516309540059,1.0182672634388947,1.1379450130187019,0.8959229544556865,0.8959229544556865,0.20331505276691658,0.20331505276691658,0.7270909313044251,0.2283865345471069
T000065,0.403330408221525,0.47738674636853384,0.47738674636853384,0.47738674636853384,0.4728477001714145,0.4728477001714145,0.4728477001714145,0.5351262866465434,0.5351262866465434,0.7997271529558585,0.5819608059834124,0.5819608059834124
T000066,1.2656311640377873,1.2656311640377873,1.7998249390110739,1.7998249390110739,1.7998249390110739,1.7998249390110739,1.7566344399656681,1.7566344399656681,1.7566344399656681,1.790879925371174,1.790879925371174,1.996968734905063
T000067,0.4752231455832564,0.4752231455832564,0.7981601331434897,0.7981601331434897,0.9001387153022091,0.808250844123629,0.808250844123629,0.808250844123629,0.808250844123629,0.808250844123629,0.808250844123629,0.4098763625976596
T000068,0.4078205711370688,0.4078205711370688,0.4078205711370688,0.4078205711370688,0.4078205711370688,0.4078205711370688,0.4078205711370688,0.4078205711370688,0.4078205711370688,0.4078205711370688,0.4078205711370688,0.5206912078248571
T000069,0.35174067209283577,0.35174067209283577,0.47187042703266374,0.49860335495627967,0.49860335495627967,0.5005825052667573,0.4641801326461021,0.44080368068136566,0.4524340199438654,0.4524340199438654,0.4524340199438654,1.0149684227676958
T000070,1.724165532698311,1.205902146857955,1.205902146857955,1.9426536062611406,1.9426536062611406,2.5152716967235946,2.5152716967235946,2.5152716967235946,2.999911591382177,2.999911591382177,2.999911591382177,1.9302842971458298
T000071,1.3226295965097687,1.3226295965097687,0.4752865685274289,0.4752865685274289,0.4752865685274289,0.7634445649479823,0.7634445649479823,0.7634445649479823,0.7634445649479823,0.7634445649479823,0.7634445649479823,0.6922990519469631
T000072,0.6015600719128815,0.6015600719128815,0.6015600719128815,1.960378112242253,1.960378112242253,1.5002504609662284,1.3778523204310456,1.2143362903019579,1.2143362903019579,1.2406854197991182,1.2406854197991182,1.7955134851370733
T000073,1.0749741085670055,0.9796501007554241,0.9796501007554241,1.3522470832260227,0.6095370925553354,0.7999242708393735,0.7680333567179827,0.7680333567179827,0.7680333567179827,0.7680333567179827,0.7680333567179827,0.7680333567179827
T000074,1.2789775869796134,1.2789775869796134,1.2789775869796134,0.9650248366559189,0.8226907452729453,0.7026469251212049,0.5478475399794448,0.7102264062706505,0.7102264062706505,0.7102264062706505,0.7102264062706505,0.7102264062706505
T000075,1.0316543817570631,1.0316543817570631,1.0316543817570631,1.453595244087983,0.9190355939323147,0.9190355939323147,0.9190355939323147,0.9190355939323147,0.9190355939323147,0.9190355939323147,0.9190355939323147,0.8213157863921677
T000076,1.1154861608986895,1.4034067783044228,1.4034067783044228,1.4034067783044228,1.0712417759489972,1.2227888824909225,1.2227888824909225,1.4219957371187075,1.5213474462714103,1.5213474462714103,1.500765779815432,1.498277257503924
T000077,1.3998921447517798,1.3998921447517798,1.3998921447517798,1.3998921447517798,0.7088062797708586,0.7088062797708586,1.3350065903553867,1.3350065903553867,1.3350065903553867,1.0989480153986635,1.0989480153986635,1.3350065903553867
T000078,0.9718793878014593,0.8307725808212788,0.8307725808212788,0.8307725808212788,0.8307725808212788,0.8519259206626257,0.8986383525879005,1.3761420808737377,0.8560935683463804,0.8798392030062047,0.8798392030062047,0.8798392030062047
T000079,1.2667136922956344,0.6226726751513296,0.6226726751513296,0.6226726751513296,0.6226726751513296,0.6226726751513296,0.8066169019862631,0.7235607402145747,0.7235607402145747,0.7235607402145747,0.6417127266132416,0.4856347009454945
T000080,1.0311739301138594,1.0311739301138594,1.0712027893472884,1.0712027893472884,0.8979574962022677,1.00818871359257,0.8103499003142444,0.7446474245685945,0.8103499003142444,0.8103499003142444,0.8103499003142444,1.0311739301138594
T000081,1.1197945052781002,1.1197945052781002,1.1197945052781002,1.1197945052781002,1.1197945052781002,1.1197945052781002,1.1197945052781002,1.1197945052781002,1.1197945052781002,1.125488482339406,1.125488482339406,1.0340638692653972
T000082,0.6605936984753772,0.6605936984753772,0.6605936984753772,1.0568947279080823,1.0568947279080823,0.648059228926418,0.648059228926418,0.5769741755015809,0.5769741755015809,0.5769741755015809,0.5769741755015809,1.0584784802268021
T000083,0.5733768898956925,0.5733768898956925,0.5733768898956925,1.377606119909065,1.377606119909065,0.6856182856266125,0.32146066923202604,0.3194427955653717,0.32146066923202604,0.32146066923202604,0.32146066923202604,1.3798613410251122
T000084,1.1265528374538796,1.1265528374538796,1.1265528374538796,1.10394152102569,0.6694921684346664,0.6694921684346664,0.6694921684346664,0.6694921684346664,0.6694921684346664,0.6694921684346664,0.6694921684346664,0.7003701068766319
T000085,0.3855597343942677,0.35966667667282637,0.35966667667282637,0.35966667667282637,0.35966667667282637,0.35966667667282637,0.3697975892675176,0.3697975892675176,0.3697975892675176,0.3697975892675176,0.3697975892675176,0.42011204661092993
T000086,1.968048624742804,1.968048624742804,1.968048624742804,1.968048624742804,1.513246008935319,1.513246008935319,1.513246008935319,1.513246008935319,1.692954582250559,1.1900877808447647,1.1900877808447647,1.1292245110328027
T000087,5.845231886594116,5.845231886594116,4.21800317488254,4.21800317488254,3.277701666869323,3.277701666869323,1.5480052908298438,0.7906949944882786,0.7906949944882786,3.1214893337097425,3.1214893337097425,7.921005781986051
T000088,0.9931179130890738,0.9931179130890738,0.9931179130890738,0.9931179130890738,0.9658380030409939,0.9658380030409939,0.9658380030409939,0.9658380030409939,0.9658380030409939,0.7888278428449408,0.9641921176145704,0.9706497860470078
T000089,0.6025765811372544,0.6025765811372544,0.6510822677606004,0.6025765811372544,0.6323539490812181,0.6517330065169898,0.6517330065169898,0.6517330065169898,0.6517330065169898,0.6517330065169898,0.6517330065169898,0.9027041187480547
T000090,2.3103146255457854,2.3103146255457854,2.388855651306191,2.388855651306191,2.3103146255457854,2.388855651306191,2.388855651306191,2.373076918438902,2.3540806389529587,2.3540806389529587,2.3540806389529587,2.388855651306191
T000091,2.6491711854575635,2.6491711854575635,2.49126041892727,2.2081817162561976,2.8462229238308407,2.8462229238308407,2.556480986180667,2.652176621073389,2.652176621073389,2.652176621073389,2.652176621073389,3.6063731680698394
T000092,0.4776614393329231,0.4776614393329231,0.4776614393329231,0.7211768682773508,0.710813413446552,0.710813413446552,0.5286245221801616,0.5286245221801616,0.5286245221801616,0.5286245221801616,0.6023488923526272,0.707401979931914
T000093,1.8829396088350898,1.8829396088350898,1.8829396088350898,3.397938601335783,2.806008809718359,2.806008809718359,2.806008809718359,2.7818065370613243,2.806008809718359,2.806008809718359,2.806008809718359,2.879985066105326
T000094,0.5847709506837913,0.5847709506837913,0.5562649630456796,0.4366490051159075,0.4366490051159075,0.6064259761598045,0.6064259761598045,0.6064259761598045,0.6064259761598045,0.6064259761598045,0.6064259761598045,0.6064259761598045
T000095,0.3024193548387097,0.3024193548387097,0.4667036823738576,0.39362385493936924,0.44309616515612665,1.2120367676135413,0.44309616515612665,0.44309616515612665,0.44846902213363693,0.6828773756555979,0.6828773756555979,0.6828773756555979
T000096,0.39222176251551355,0.39222176251551355,0.3155908102029086,0.3155908102029086,0.3535028228139724,0.3535028228139724,0.3535028228139724,0.35310096206925184,0.35310096206925184,0.35310096206925184,0.35310096206925184,0.40187138706675507
T000097,1.9615658485110996,1.9615658485110996,1.950994891826148,1.950994891826148,0.8380148904740828,0.8380148904740828,0.8380148904740828,0.8380148904740828,0.511556938555534,0.6313848455543801,0.6540483314849384,0.851188703320222
T000098,2.537051046507442,1.2448644677708642,1.2448644677708642,1.2448644677708642,1.3299726023835021,2.6079468683900386,2.080611781121341,2.080611781121341,2.080611781121341,2.080611781121341,2.080611781121341,1.6701129963855565
T000099,2.858137874734582,3.360136296202341,3.360136296202341,3.360136296202341,2.858137874734582,2.544168336534353,2.544168336534353,2.544168336534353,2.544168336534353,2.544168336534353,2.544168336534353,2.858137874734582
T000100,1.8729292204787988,1.8729292204787988,1.8729292204787988,1.751887304539474,2.3371130498082873,2.256855561419209,2.256855561419209,2.256855561419209,2.3264567568918393,2.3264567568918393,2.3264567568918393,2.060938446158328
T000101,5.089347530206775,5.089347530206775,4.95747581430688,4.95747581430688,4.95747581430688,4.95747581430688,4.008742089983403,4.008742089983403,3.9943699634092367,3.9943699634092367,3.9943699634092367,4.4188853746856065
T000102,2.3508459483526267,4.29790977642315,4.29790977642315,4.805024339109227,4.805024339109227,4.805024339109227,4.662176465987152,4.662176465987152,4.662176465987152,5.112347266588232,4.301252462694439,4.301252462694439
T000103,0.5014185682634198,0.6177153583527693,0.5014185682634198,0.45782586862822405,0.45782586862822405,0.45782586862822405,0.45782586862822405,0.45782586862822405,0.45782586862822405,0.6828811673278062,0.6828811673278062,0.6828811673278062
T000104,0.7591217629695957,0.345649153113563,0.8819250878509814,0.4804991910766109,0.4804991910766109,0.31424154708758734,0.4600583390147203,0.4600583390147203,0.4600583390147203,0.4600583390147203,0.315082597067251,0.5790055635006307
T000105,0.9816994686584581,0.9816994686584581,0.5858047562808248,0.8713516445305685,0.8713516445305685,0.8713516445305685,0.8713516445305685,0.8713516445305685,0.8713516445305685,0.9378131960437622,0.9378131960437622,0.4294763474851104
T000106,1.2639670578081423,1.2639670578081423,1.2639670578081423,1.4390944044317944,1.4390944044317944,0.7746161557602094,0.7746161557602094,0.7746161557602094,1.4390944044317944,1.4390944044317944,1.4390944044317944,0.7746161557602094
T000107,2.4416132971261515,2.4416132971261515,2.4416132971261515,2.5400714471847246,2.2352549561088524,2.2352549561088524,2.228658554101918,2.19948911853604,2.19948911853604,2.19948911853604,2.19948911853604,2.19948911853604
T000108,0.6124035559522246,0.6124035559522246,0.6652816163473886,0.6028613575990018,0.6028613575990018,0.6028613575990018,0.6028613575990018,0.6028613575990018,0.6028613575990018,0.6028613575990018,0.6028613575990018,0.8623729727076496
T000109,0.9667726342376916,0.9667726342376916,0.858143870974559,1.297462141321385,0.7668152454520322,1.2544517385994445,1.2544517385994445,1.1124618013741197,1.1124618013741197,1.1124618013741197,1.1124618013741197,0.7968120207073147
T000110,1.549922441045373,1.549922441045373,1.549922441045373,1.549922441045373,1.3659332773197748,1.549922441045373,0.8487023022258212,0.8487023022258212,1.7757088478964576,1.7757088478964576,1.7757088478964576,1.3659332773197748
T000111,3.597768250953775,3.597768250953775,3.039133158082978,3.2266690810420804,2.848215565312537,2.407719278414808,2.407719278414808,2.407719278414808,3.0710997402604425,3.0710997402604425,3.0710997402604425,2.407719278414808
T000112,0.6482664099319341,0.6482664099319341,0.6409669344968996,0.6478368710551192,0.6478368710551192,0.6478368710551192,0.5529222275874883,0.5521270827809781,0.5521270827809781,0.5521270827809781,0.5521270827809781,0.7541245184288413
T000113,2.4789382164022835,2.3465332873657423,2.3465332873657423,2.3465332873657423,3.0556288492617423,2.7008646468392636,2.7008646468392636,2.768117564722749,2.770839383969824,2.768117564722749,2.768117564722749,3.043683113214658
T000114,0.654516214926305,0.654516214926305,0.5249939572881475,0.6586570114345821,0.5309296015120504,0.51348390449251,0.51348390449251,0.51348390449251,0.610571567044503,0.610571567044503,0.610571567044503,1.0789799077056497
T000115,1.1744096663383699,1.1744096663383699,2.2711926265508473,2.2711926265508473,2.2711926265508473,2.3317558373711615,0.8492160214881319,0.8492160214881319,0.7472164644458277,0.7472164644458277,0.7472164644458277,1.4678477557616803
T000116,0.6986381519217185,0.6986381519217185,0.6986381519217185,3.9272817481443756,2.5212406248137826,2.5212406248137826,2.4686803136000792,2.4686803136000792,3.2664912007189817,3.2664912007189817,3.2664912007189817,3.2664912007189817
T000117,1.5984915492737306,1.5984915492737306,1.1837547893130889,1.1837547893130889,1.3767323504261093,1.7329443390476758,1.7329443390476758,1.6929124402778968,1.6929124402778968,1.798410741890042,1.798410741890042,1.6371402109201256
T000118,0.9471469088441239,0.9471469088441239,0.9471469088441239,0.9471469088441239,0.9471469088441239,0.9471469088441239,0.9471469088441239,0.9471469088441239,0.9471469088441239,0.9471469088441239,0.9471469088441239,0.9471469088441239
T000119,0.9317003233481801,0.9317003233481801,1.5965681521411403,1.871530887894723,1.871530887894723,1.6903022092249487,1.6691764637898416,1.6691764637898416,1.6691764637898416,1.6691764637898416,1.6691764637898416,0.9579342322005986
T000120,1.678119624806175,1.678119624806175,1.678119624806175,1.6039125573155517,1.6039125573155517,1.967925511795227,1.967925511795227,1.967925511795227,1.967925511795227,1.967925511795227,1.967925511795227,2.1598132217261448
T000121,0.31993917371738606,0.31993917371738606,0.31993917371738606,0.6162983608735512,0.4933614926809141,0.876420046017667,0.8331550293587766,0.8331550293587766,0.8331550293587766,0.8331550293587766,0.8331550293587766,0.7825247329659465
T000122,3.7873494791926596,3.7873494791926596,3.7873494791926596,3.494966261720902,3.494966261720902,3.494966261720902,3.494966261720902,3.494966261720902,3.494966261720902,3.494966261720902,3.494966261720902,1.2075244362376392
T000123,0.48325891714300734,0.48325891714300734,0.48325891714300734,0.48325891714300734,0.48325891714300734,0.48325891714300734,0.4753789275658962,0.4753789275658962,0.4753789275658962,0.4753789275658962,0.4753789275658962,0.5608632406345796
T000124,0.21143923646256638,0.21143923646256638,0.3355954017111262,0.3355954017111262,0.3355954017111262,0.3355954017111262,0.3198598242207137,0.3198598242207137,0.297156967626211,0.297156967626211,0.297156967626211,1.0511781400501912
T000125,4.654522435176626,6.335414062665601,6.335414062665601,6.335414062665601,6.300989661217194,6.300989661217194,6.300989661217194,6.300989661217194,6.300989661217194,6.300989661217194,6.300989661217194,6.696455156274605
T000126,2.1322104895715226,2.1322104895715226,2.1322104895715226,1.1228815288221372,1.6710488633515301,1.6710488633515301,1.6710488633515301,1.6710488633515301,1.6710488633515301,1.6710488633515301,1.6710488633515301,1.2047262737575526
T000127,1.3723089629036842,0.5115291747763863,0.5115291747763863,0.5115291747763863,0.7404062544640256,0.7262295660738217,0.7262295660738217,0.7262295660738217,0.7112054835844211,0.7112054835844211,0.7112054835844211,0.7112054835844211
T000128,2.8464050780190973,2.8464050780190973,1.4505475580182876,1.4505475580182876,1.4505475580182876,1.4505475580182876,1.2934346645453128,1.3040732128957686,1.3040732128957686,1.3040732128957686,1.3040732128957686,1.877561969214418
T000129,1.2543919490697957,1.2543919490697957,1.2543919490697957,0.3347913187096502,0.38038274783868514,0.38038274783868514,0.38038274783868514,0.38038274783868514,0.38038274783868514,0.38038274783868514,0.38038274783868514,1.3589953671131723
T000130,1.4628638196393182,1.4437940447191164,1.4299938956565228,1.4299938956565228,1.4795088550933708,1.545744801694782,1.545744801694782,1.4995871268676133,1.496142121994517,1.496142121994517,1.496142121994517,1.496142121994517
T000131,0.5545419855572282,0.5545419855572282,1.0864334154506983,1.0864334154506983,1.130098314455288,1.1344134927832563,1.130098314455288,1.130098314455288,1.1519417999229355,1.2399007760850427,1.2399007760850427,0.9545176026229024
T000132,5.920211211980213,2.4080076277507794,2.4080076277507794,2.4080076277507794,2.4080076277507794,3.9163384753671635,3.9163384753671635,3.9163384753671635,3.9163384753671635,3.9163384753671635,3.9163384753671635,4.1289711319827775
T000133,0.6517795548062965,0.6517795548062965,0.31153771473957076,0.31153771473957076,0.31153771473957076,0.3117581597944072,0.3117581597944072,0.3117581597944072,0.3117581597944072,0.3117581597944072,0.3117581597944072,0.5815850409797522
T000134,0.46342164678283826,0.46342164678283826,0.46342164678283826,0.46342164678283826,0.46342164678283826,0.7937478465989076,0.46342164678283826,0.5522555719388177,0.5522555719388177,0.7505880761562057,0.7505880761562057,0.6250617088443013
T000135,0.7942397177560614,0.7942397177560614,0.7166895771961437,0.7942397177560614,0.5919486506606373,0.6598550504588944,0.5819911808487013,0.7248597797862923,0.7248597797862923,0.7426126836660283,0.7426126836660283,0.7942397177560614
T000136,1.0611054150327144,1.0611054150327144,1.4039741822168084,1.4039741822168084,0.745868370013456,0.745868370013456,0.745868370013456,0.8146677201654425,0.8146677201654425,0.8146677201654425,0.8146677201654425,0.7560511569359167
T000137,1.3187021054781107,1.3187021054781107,0.49008635120165234,0.49008635120165234,0.49008635120165234,0.49008635120165234,0.49008635120165234,0.49008635120165234,0.49008635120165234,0.49008635120165234,0.49008635120165234,0.49008635120165234
T000138,0.4244374745961697,0.4244374745961697,0.4244374745961697,0.6238571981923221,0.7507250125076544,0.7507250125076544,0.40812888395426794,0.40812888395426794,0.40812888395426794,0.40812888395426794,0.40812888395426794,0.6747445200837754
T000139,1.141643672749889,1.141643672749889,1.141643672749889,0.6457430241495051,1.0919558208146245,1.0919558208146245,1.0919558208146245,1.0919558208146245,0.7024863586089675,0.7024863586089675,0.7024863586089675,0.674683212985036
T000140,0.7418335871274547,0.7418335871274547,0.7418335871274547,0.7418335871274547,0.7418335871274547,0.7418335871274547,0.7418335871274547,0.7418335871274547,0.7418335871274547,0.7418335871274547,0.7418335871274547,0.7129183618903772
T000141,0.277167333302684,0.277167333302684,0.277167333302684,0.5536931661649994,0.5536931661649994,0.7076927388861356,0.7076927388861356,0.7076927388861356,0.7076927388861356,0.7076927388861356,0.7076927388861356,0.7076927388861356
T000142,0.9084259787748267,1.0777127091696908,1.0777127091696908,1.0777127091696908,1.1647602659247989,1.2543996230792953,1.2543996230792953,1.0780186788113861,1.0780186788113861,0.39586463052465143,0.39586463052465143,0.41811578928225285
T000143,0.4882259287526267,0.6728629080464446,0.6728629080464446,0.6728629080464446,0.6728629080464446,0.6728629080464446,0.4964727454579693,0.4964727454579693,0.4964727454579693,0.4964727454579693,0.4964727454579693,0.6288554360552865
T000144,0.7433294442674946,0.7433294442674946,1.2672739622882097,0.7848475834526132,1.2672739622882097,1.3182491916037937,1.3182491916037937,0.6669851072280442,0.6669851072280442,0.6669851072280442,0.6669851072280442,0.7573898442775676
T000145,0.639758060384711,0.858735463084036,0.858735463084036,0.858735463084036,0.639758060384711,0.7016600105150792,0.7209367144453732,0.7209367144453732,1.7980806954316955,0.7209367144453732,0.7209367144453732,0.7209367144453732
T000146,1.0562867592018337,1.0562867592018337,0.9035885820795302,0.9035885820795302,0.9035885820795302,0.6375419265440081,0.6381434930778341,0.6531079163182855,0.6677893156804013,0.6677893156804013,0.6677893156804013,0.7478563432439861
T000147,1.420771657364717,1.6007513906092339,1.6007513906092339,1.6007513906092339,1.6007513906092339,0.5052674377587161,0.5052674377587161,0.5052674377587161,1.4314893130830415,1.1305789436453664,1.1305789436453664,1.3888479115524204
T000148,0.5963973576514062,0.5963973576514062,0.27759762169856717,0.27759762169856717,0.6846810186835651,0.27759762169856717,0.27759762169856717,0.45698531293824335,0.6019656787486025,0.5515263386120408,0.5515263386120408,0.3591770750287891
T000149,0.9376736710752609,0.40251161148213666,0.5516678981831268,0.4550133804913993,0.4550133804913993,0.4550133804913993,0.4550133804913993,0.4550133804913993,0.46445638017919105,0.46445638017919105,0.46445638017919105,0.5607311256844716
T000150,1.9425544450179568,1.9707881476941909,0.9841357039672093,1.0516464462305712,0.7703640892337036,0.7703640892337036,0.8136362967101005,0.841432890122369,0.841432890122369,0.841432890122369,0.841432890122369,0.825127126533644
T000151,0.5662328459921147,0.5662328459921147,0.5662328459921147,0.5320077974157815,0.5320077974157815,0.48826280551158424,0.6356950617153803,0.5591876686080035,0.6356950617153803,0.6356950617153803,0.6356950617153803,0.6879596895444756
T000152,4.096368304179935,4.096368304179935,4.096368304179935,4.096368304179935,4.096368304179935,4.096368304179935,4.096368304179935,4.096368304179935,4.262551284703739,4.262551284703739,4.262551284703739,4.262551284703739
T000153,6.08428691041027,6.08428691041027,2.4669748899820783,2.4669748899820783,2.5051720809833107,3.5625064864455043,3.5625064864455043,3.5625064864455043,3.5625064864455043,3.5625064864455043,3.5625064864455043,3.166439423155932
T000154,7.669945355191257,7.669945355191257,1.347949264313328,1.347949264313328,1.347949264313328,1.347949264313328,1.634874569588084,1.347949264313328,1.634874569588084,1.634874569588084,1.634874569588084,1.634874569588084
T000155,4.549905838041432,4.549905838041432,4.549905838041432,2.705679674403373,2.106242332019007,2.106242332019007,2.3524116761483675,2.3524116761483675,2.3524116761483675,2.3524116761483675,2.3524116761483675,1.9740519466949804
T000156,9.020019868693849,9.020019868693849,9.020019868693849,3.9688221141855236,3.9688221141855236,3.9688221141855236,1.1767321459725737,2.5081971281325095,2.5081971281325095,2.5081971281325095,2.5081971281325095,2.7720622797784826
T000157,11.160564532624267,11.160564532624267,6.13290415957985,3.216135390706614,6.13290415957985,6.13290415957985,3.216135390706614,3.216135390706614,5.249533203247004,5.249533203247004,5.249533203247004,5.437546656717843
T000158,0.44909844202456134,0.4287203917856963,0.4287203917856963,0.4287203917856963,0.42908955112757685,0.42908955112757685,0.4291095839979251,0.42908955112757685,0.42908955112757685,0.4263278967013259,0.4263278967013259,5.283419322371912
T000159,4.857225178156398,4.857225178156398,5.815049061006724,5.978572799471051,5.531785015433975,5.700106314312927,5.660465131529434,6.046383114592834,6.253169384183316,6.169476358485233,5.733019918268463,5.695472618658883
T000160,12.293282097028753,9.791345731127455,2.8142834403247208,2.8142834403247208,2.5851409389271747,2.5851409389271747,9.791345731127455,2.5851409389271747,2.5851409389271747,8.11655934129705,8.11655934129705,7.8981638962921465
T000161,0.8247558564232393,0.8677028343700867,0.8247558564232393,0.8247558564232393,0.8247558564232393,0.7975108541734061,0.7975108541734061,0.8951852845345365,0.8951852845345365,0.8951852845345365,0.8951852845345365,0.9048999845441856
T000162,1.3550805948265652,1.3127876352204872,1.3206534540272004,1.3206534540272004,1.2098720145399764,1.2098720145399764,1.1748785555157248,1.177497898088244,1.177497898088244,1.177497898088244,1.177497898088244,1.208906539608706
T000163,9.20201329163409,9.20201329163409,8.595562645586666,1.743307465558775,1.743307465558775,1.0326996806883546,1.0616468138332797,1.5767319401728714,1.5767319401728714,1.5767319401728714,1.5767319401728714,1.9853165116083622
T000164,0.32027198860073774,0.3412053858255648,0.32027198860073774,0.32027198860073774,0.4121236014504619,0.4121236014504619,0.34027080429015705,0.3562307373046778,0.3562307373046778,0.3562307373046778,0.3562307373046778,0.3562307373046778
T000165,0.3955796674644502,0.4339174273458907,0.3955796674644502,0.4339174273458907,0.3847687692901094,0.3847687692901094,0.3847687692901094,0.3439364679458785,0.3232783153101878,0.3232783153101878,0.3232783153101878,0.32891778287238066
T000166,1.1395993080231908,1.1395993080231908,0.3650921086811777,0.3879172815543758,0.3879172815543758,0.3879172815543758,0.7466165179448506,0.7466165179448506,0.7466165179448506,0.7466165179448506,0.5583904642229831,1.1039730309957627
T000167,0.6493299798270404,0.6493299798270404,0.6493299798270404,0.6493299798270404,0.6493299798270404,0.6490598891369055,0.6490598891369055,0.6490598891369055,0.5444320689228113,0.5444320689228113,0.5444320689228113,0.5554360778089605
T000168,1.2016937052263617,1.2016937052263617,0.8100633710450567,0.8100633710450567,0.7630062767981858,0.7630062767981858,0.7630062767981858,0.7630062767981858,0.7630062767981858,0.663448559815178,0.663448559815178,0.663448559815178
T000169,0.6565164534937412,0.9183323059487513,0.43351501305366885,0.43351501305366885,0.43351501305366885,0.6661965010479481,0.6460517001490442,0.6801681996744611,0.6801681996744611,0.6634978197474072,0.6634978197474072,0.6057458957887225
T000170,0.6673816890783941,0.7453555781910793,0.6673816890783941,0.6673816890783941,0.6626678645809453,0.6626678645809453,0.6626678645809453,0.6626678645809453,0.6626678645809453,0.5492593275456484,0.5492593275456484,0.5733857343071747
T000171,1.7008773221384683,1.7008773221384683,1.3111948274557972,1.3111948274557972,1.3111948274557972,0.9913105186185189,0.9913105186185189,0.8765324027155416,1.0161135670704338,1.0161135670704338,1.0161135670704338,1.0161135670704338
T000172,0.993628067967275,0.993628067967275,1.0224789946389508,0.8538078316983243,1.0070738279462748,0.8546604934802272,0.8546604934802272,0.8059409126856854,0.8059409126856854,0.8059409126856854,0.8059409126856854,1.065772086314509
T000173,12.524797804089193,12.524797804089193,2.7262613630466754,1.8313914093276558,1.8313914093276558,3.2786185054653827,1.8313914093276558,3.2786185054653827,1.8313914093276558,1.8313914093276558,4.520790014004166,3.745137756525262
T000174,4.429395114791907,4.429395114791907,0.9647703232959914,0.9647703232959914,0.9950918348386736,0.9950918348386736,1.0808334749409862,1.264680042052582,1.264680042052582,1.264680042052582,1.264680042052582,1.264680042052582
T000175,3.3351268530902383,3.3351268530902383,3.3351268530902383,3.3807123868884847,2.4124469938580826,2.4124469938580826,2.4124469938580826,2.4124469938580826,2.4124469938580826,2.4124469938580826,2.4124469938580826,2.4124469938580826
T000176,6.144961016459717,6.144961016459717,3.3046426379367233,3.3046426379367233,3.3046426379367233,3.2036876799381284,3.2036876799381284,3.2036876799381284,3.2036876799381284,3.2036876799381284,3.2036876799381284,3.2123476712593844
T000177,1.2555485504845947,1.2555485504845947,1.7526091795648526,1.7526091795648526,1.4258718983955019,1.4861601768683002,1.4861601768683002,1.4861601768683002,1.4861601768683002,1.4861601768683002,1.4861601768683002,1.984303942206025
T000178,0.9610885126879305,0.7083424258032043,0.7083424258032043,0.7083424258032043,0.7083424258032043,0.7083424258032043,0.7083424258032043,0.7083424258032043,0.7083424258032043,0.7083424258032043,0.7083424258032043,0.7509851859567503
T000179,0.46189725811534915,0.46189725811534915,1.864324501202675,1.6820092648101792,1.6820092648101792,0.7978825474608596,0.7978825474608596,0.7978825474608596,0.7978825474608596,0.7978825474608596,0.7978825474608596,1.0423811697376435
T000180,4.071546607311477,4.071546607311477,1.4533460806733374,1.4533460806733374,1.4533460806733374,1.4533460806733374,1.9473994449170795,1.4533460806733374,1.4533460806733374,1.9473994449170795,1.9473994449170795,2.0500534834773245
T000181,0.28395225734586965,0.28395225734586965,0.2682402779664827,0.2682402779664827,0.2682402779664827,0.2795458287275204,0.07533244889793667,0.07533244889793667,0.07533244889793667,0.07533244889793667,0.07533244889793667,0.07196909887216184
T000182,9.703855662511177,9.703855662511177,7.050530848356077,7.050530848356077,5.309322275995226,5.309322275995226,5.309322275995226,5.309322275995226,4.568186994301949,4.568186994301949,4.568186994301949,4.568186994301949
T000183,0.8167823179181573,0.8167823179181573,0.8623064042126426,0.8623064042126426,1.8127635760849914,1.8127635760849914,2.019311287947672,1.8127635760849914,1.8127635760849914,1.8127635760849914,1.8127635760849914,1.8127635760849914
T000184,0.4559468131960319,0.4559468131960319,0.593190377439932,0.3995515074516646,0.3995515074516646,0.3995515074516646,0.32845668265096095,0.32845668265096095,0.32845668265096095,0.32845668265096095,0.32845668265096095,1.0191094399366263
T000185,2.6443220676956525,2.6443220676956525,2.6443220676956525,2.6443220676956525,1.8335165198998205,2.001587593751055,2.001587593751055,2.001587593751055,2.001587593751055,2.001587593751055,2.001587593751055,2.441494654719106
T000186,0.8969249862106975,1.2975335318163155,0.9821440794671735,0.980438872802392,0.9481657523783746,0.9481657523783746,0.9481657523783746,0.8052107177499043,0.7929705829827113,0.9481657523783746,0.9481657523783746,1.5482056193795117
T000187,0.8957213776714115,0.8957213776714115,2.8202280868243697,2.8202280868243697,2.8202280868243697,1.4368360510242297,0.7997960063791844,0.7997960063791844,0.7997960063791844,1.0231065984231476,1.0231065984231476,2.5257783925598654
T000188,2.8062080536912752,2.8062080536912752,2.9333875032529804,3.045917657177243,3.410251226362263,3.42854968940085,3.42854968940085,3.42854968940085,3.42854968940085,3.42854968940085,3.42854968940085,2.4594689243874197
T000189,1.943639885509735,1.943639885509735,1.7148834712214422,1.7148834712214422,1.7148834712214422,2.03610116038713,1.7148834712214422,1.7656329905557893,1.7656329905557893,1.7654193601346386,1.7654193601346386,1.7465075283746947
T000190,3.69719323497661,0.5117507173484228,0.5117507173484228,0.5117507173484228,0.7020735208872693,0.7020735208872693,0.4465296933983457,0.5803389884933268,0.5803389884933268,0.7020735208872693,0.5201921779717131,0.850492454756775
T000191,0.9001174760234492,0.9001174760234492,0.9001174760234492,0.9001174760234492,2.330739712841771,2.330739712841771,2.330739712841771,2.388297879667958,2.870970921895685,2.6996388901167623,2.6996388901167623,2.8822167459507684
T000192,2.0876918880043647,2.919397717227143,2.919397717227143,2.8968481824480663,2.8968481824480663,2.8968481824480663,2.8968481824480663,3.315454921638035,3.315454921638035,3.315454921638035,3.315454921638035,2.516092318661504
T000193,2.880011643660328,2.720134678271557,2.720134678271557,2.720134678271557,2.784935043034426,2.784935043034426,2.784935043034426,2.784935043034426,2.784935043034426,2.909651775562307,2.909651775562307,2.720134678271557
T000194,0.7211531760688525,0.7211531760688525,0.7211531760688525,0.5975949943661659,0.5175655494304112,0.8718460077076129,0.6961182928302206,0.45779975652797,0.45779975652797,0.45779975652797,0.45779975652797,0.500732069880324
T000195,3.552663709918883,1.5121743002087018,1.7734178014216078,1.7734178014216078,1.5121743002087018,1.6357990030389775,3.604627834379228,3.140605143966612,2.7041281051975337,2.7041281051975337,2.7041281051975337,2.7041281051975337
T000196,0.6208946851773953,0.6208946851773953,1.540627101444432,1.540627101444432,1.7695954297134273,1.7695954297134273,0.8895823361024793,0.8895823361024793,0.8895823361024793,1.540627101444432,1.540627101444432,1.428607020311555
T000197,0.8733154132380825,0.8037483508336366,0.8037483508336366,0.8351905920819618,0.8351905920819618,0.8351905920819618,0.8351905920819618,0.8351905920819618,0.8288546001249053,0.8288546001249053,0.8288546001249053,0.8261444619243715
T000198,2.649485336641531,2.649485336641531,2.649485336641531,2.649485336641531,2.962127082479011,2.962127082479011,2.962127082479011,2.9646403587084604,2.9646403587084604,2.9646403587084604,2.9646403587084604,3.002022231401175
T000199,0.6393918385886065,0.6133235059668105,0.6325377947433285,0.6325377947433285,0.5987384016934264,0.49796977278533666,0.5420629931118222,0.49791996416104994,0.49791996416104994,0.4818198383182974,0.4818198383182974,0.4818198383182974
T000200,0.6031892904875538,0.8217310606596867,0.8805559733207357,0.8805559733207357,0.6820929104378667,0.7966389581927609,0.7966389581927609,0.7966389581927609,0.7966389581927609,0.5286102978632718,0.5286102978632718,0.5286102978632718
T000201,0.7513108978292278,0.5106580612481922,0.5894896524871707,0.7513108978292278,0.7531417223266131,0.675570266113802,0.40389766692215434,0.4055349605643122,0.4055349605643122,0.4055349605643122,0.4055349605643122,0.9167062438235418
T000202,3.1007930172170206,3.1007930172170206,3.2111075179908735,3.2111075179908735,2.9723477560122014,2.9723477560122014,2.9723477560122014,2.9723477560122014,2.9723477560122014,2.9723477560122014,2.9723477560122014,2.9723477560122014
T000203,1.2148610381021834,1.2148610381021834,1.0986614014430698,1.0986614014430698,1.0986614014430698,1.0986614014430698,1.0986614014430698,1.0986614014430698,1.0986614014430698,1.0986614014430698,1.0986614014430698,0.9295652807744822
T000204,0.8906060490241055,1.0302488612382454,1.0302488612382454,0.942345818913228,0.942345818913228,1.0864023159071694,1.0864023159071694,1.0461520920580711,1.0461520920580711,1.0461520920580711,1.0461520920580711,1.1307108220763538
T000205,0.507077668430825,0.507077668430825,0.507077668430825,0.7998377604460789,0.7998377604460789,0.7998377604460789,0.9123090434954533,0.8337273907087974,0.8337273907087974,0.8337273907087974,0.8337273907087974,0.6537840984738431
T000206,0.2627623134030446,0.2627623134030446,0.2629538949026997,0.2629538949026997,0.2970286160319683,0.2629538949026997,0.6730926118177156,0.6730926118177156,0.6730926118177156,0.6730926118177156,0.6730926118177156,0.3435964616345425
T000207,1.3449956913934649,1.345482052919033,1.6732350266000002,1.769871096220635,1.7668045798569945,1.7487666800044046,1.7487666800044046,2.0574182904987324,2.0574182904987324,1.7487666800044046,1.7487666800044046,1.4798007782927391
T000208,0.9079591210481412,0.9079591210481412,1.2867548560213329,0.9079591210481412,0.9079591210481412,1.03277229169444,1.0255088775649286,1.03277229169444,1.03277229169444,1.03277229169444,1.03277229169444,1.03277229169444
T000209,1.79074960082145,1.79074960082145,1.79074960082145,1.79074960082145,1.79074960082145,2.1137460440065783,2.1137460440065783,2.1137460440065783,2.1137460440065783,2.1137460440065783,2.766027281677727,1.5705421948508078
T000210,0.8024417096408322,0.5295349340859807,0.5295349340859807,0.5295349340859807,0.5295349340859807,0.500002224390309,0.5511972191284578,0.5817502543569433,0.5817502543569433,0.5817502543569433,0.5817502543569433,0.5817502543569433
T000211,1.58832929619163,0.6009662616921051,0.6009662616921051,0.6009662616921051,0.4881065162266676,0.4881065162266676,0.4881065162266676,0.47884224751373317,0.47884224751373317,0.47884224751373317,0.47884224751373317,0.47884224751373317
T000212,1.0139895878110603,1.0139895878110603,1.221663540046886,0.9791847285977939,0.9791847285977939,0.9791847285977939,1.0226906694922533,0.8724855124324218,0.844122556859276,0.844122556859276,0.844122556859276,1.0226906694922533
T000213,0.16702239716154427,0.16702239716154427,0.16702239716154427,0.1848934708259774,0.16769130605409086,0.16769130605409086,0.16769130605409086,0.16769130605409086,0.16769130605409086,0.14402066967435043,0.14402066967435043,0.1491092320471912
T000214,0.1429952135493242,0.1429952135493242,0.1429952135493242,0.15449201555014544,0.15449201555014544,0.15449201555014544,0.15449201555014544,0.11551655584974892,0.15449201555014544,0.15449201555014544,0.11857878974508196,0.12342574090102638
T000215,0.5315587266739846,0.5315587266739846,0.5315587266739846,0.5274747945497328,0.5206533062594529,0.5206533062594529,0.548383481245348,0.5102268953241083,0.5102268953241083,0.5206533062594529,0.5102268953241083,0.5158462945361565
T000216,1.3616649515424109,0.4775341029212066,0.9272740823988136,0.9272740823988136,0.9272740823988136,0.9272740823988136,0.9272740823988136,0.9272740823988136,0.9272740823988136,0.9272740823988136,0.9272740823988136,0.7944444444444445
T000217,0.41979586279183073,0.41979586279183073,0.4143964350844209,0.721477155697782,0.721477155697782,0.721477155697782,0.721477155697782,0.721477155697782,0.3797142263152794,0.3797142263152794,0.3797142263152794,0.5219180529020359
T000218,0.4606643952477235,0.4606643952477235,0.4606643952477235,0.4643632373200232,0.4643632373200232,0.4611048757656545,0.4574309941377575,0.4611048757656545,0.4611048757656545,0.4611048757656545,0.4611048757656545,0.4900101959233793
T000219,0.44834147250623346,0.44067021774031134,0.44067021774031134,0.44067021774031134,0.43301406971268525,0.43301406971268525,0.43301406971268525,0.43301406971268525,0.44067021774031134,0.44067021774031134,0.44067021774031134,0.5034984403504551
T000220,0.10197122685093533,0.10197122685093533,0.10197122685093533,0.10197122685093533,0.1636961247967995,0.10197122685093533,0.10349034184871703,0.10349034184871703,0.10349034184871703,0.10349034184871703,0.10349034184871703,0.10349034184871703
T000221,0.781955798011359,0.949438202247191,0.949438202247191,0.9399424390864477,0.9399424390864477,1.0228239259098868,0.9455309991305274,0.9413747931173211,0.9413747931173211,0.9413747931173211,0.9413747931173211,1.0056179775280898
T000222,2.4303026125824476,2.4303026125824476,2.618845719404971,2.4303026125824476,2.4303026125824476,2.4303026125824476,2.4303026125824476,2.4303026125824476,2.4303026125824476,2.4104917471662755,2.4104917471662755,2.739663582444852
T000223,0.4838552021627267,0.4838552021627267,0.4838552021627267,0.4838552021627267,0.4838552021627267,0.4838552021627267,0.4838552021627267,0.5564102736617628,0.5564102736617628,0.5564102736617628,0.5564102736617628,0.7232142426837068
T000224,1.0512205865208126,0.9765027442817589,1.837344239940259,1.135729240102311,1.135729240102311,1.135729240102311,1.135729240102311,1.1183497099229895,1.1183497099229895,1.1183497099229895,1.1183497099229895,1.837344239940259
T000225,0.8385252955390203,1.681542361164452,0.7899507308064055,0.6038428258928324,0.6038428258928324,0.6038428258928324,0.6501736425097762,0.6190714800627701,0.5879157482584837,0.5879157482584837,0.5879157482584837,0.655050784007936
T000226,0.14511515881378903,0.14511515881378903,0.2433360621396303,0.2433360621396303,0.2433360621396303,0.2433360621396303,0.18660285125093562,0.18660285125093562,0.19801538648103398,0.32334145853842994,0.32334145853842994,0.3311186536548835
T000227,0.31556903523974567,0.31556903523974567,0.35941312068580084,0.8083875722259358,0.8083875722259358,0.8083875722259358,0.18528950420753115,0.18528950420753115,0.5881778150666164,0.5881778150666164,0.4581507728292837,0.4159301007246861
T000228,1.5099679505788104,1.5099679505788104,1.7083868333600176,1.7034694399820343,1.7034694399820343,1.7034694399820343,1.5377798707370869,1.5377798707370869,1.5377798707370869,1.5377798707370869,1.5377798707370869,1.5328399039513905
T000229,1.3615061341467503,1.3615061341467503,1.3615061341467503,0.7980384181109144,0.3524627427715183,0.3997022080534473,0.47117195532656436,0.3997022080534473,0.7189417267716508,0.7189417267716508,0.3524627427715183,0.4396576778399737
T000230,1.2922773968922607,1.2922773968922607,1.2922773968922607,0.5040283782283698,0.5040283782283698,0.9668385386996892,0.4989618259662828,0.4989618259662828,0.4989618259662828,0.4989618259662828,0.4989618259662828,1.268379367125413
T000231,0.5962078651052533,0.5962078651052533,0.5962078651052533,0.5962078651052533,0.9509133786705698,0.9509133786705698,0.4852148121517167,0.4946180080499422,0.48741725769134564,0.48747521714755526,0.4852148121517167,0.4852148121517167
T000232,3.0204846158296683,3.0204846158296683,3.0204846158296683,3.15391720750071,3.0541181666742876,2.720239643931407,2.7321560198329786,2.7321560198329786,2.7321560198329786,2.7321560198329786,2.7758058676619664,3.4973963213892474
T000233,1.2270229397438919,1.2270229397438919,1.2270229397438919,0.3701304102188796,1.9272318075521098,0.7092113249034978,0.7092113249034978,0.6193946053905194,0.7092113249034978,0.7092113249034978,0.7092113249034978,1.1189032883214478
T000234,1.7608413258568056,1.7608413258568056,1.7608413258568056,1.3462317000254707,0.4760974994232547,0.5347598591820273,0.5347598591820273,0.4760974994232547,0.48547898676850104,0.5026019329654005,0.4760974994232547,1.205048789284566
T000235,1.7242144553057688,1.7242144553057688,1.7242144553057688,1.7242144553057688,0.17398923942311492,0.5043787861249629,0.3668141980593008,0.3668141980593008,0.2080265998778064,0.2327377515310146,0.2080265998778064,1.4477882505626325
T000236,0.7413684048133292,0.7413684048133292,0.7413684048133292,0.7413684048133292,1.1249334427530193,1.3492718578299394,0.7966109839266591,0.7966109839266591,0.7966109839266591,0.546316990271754,0.546316990271754,1.0634050509738509
T000237,1.5103494773131672,1.5103494773131672,1.5103494773131672,1.5103494773131672,1.3972727504329852,0.8388166914147482,0.8388166914147482,1.7554621132770805,1.7554621132770805,1.7554621132770805,1.7554621132770805,1.8468732337503866
T000238,0.640894511760515,0.640894511760515,0.6464416377351979,0.6464416377351979,0.6464416377351979,0.6464416377351979,0.6464416377351979,0.45045273586746215,0.6471996295029271,0.6471996295029271,0.6471996295029271,0.5053520837882599
T000239,2.3204079554123864,2.3204079554123864,2.3204079554123864,2.3204079554123864,2.3213595511499747,2.145767787674411,2.2339622742049667,2.2339622742049667,2.3213595511499747,2.500564747757521,2.500564747757521,2.2491807340459307
T000240,2.18570696721311,2.3313896230609377,2.3313896230609377,2.465087101918893,2.465087101918893,2.465087101918893,2.3313896230609377,1.7678348260312104,2.3313896230609377,2.3291044215734162,2.3291044215734162,2.3644944399580146
T000241,0.962956674473068,1.2069416779198663,1.0856958050952934,1.2069416779198663,1.0856958050952934,1.2069416779198663,0.8822539539467193,0.8822539539467193,0.8658125568189345,1.0856958050952934,1.0856958050952934,0.8432328195071941
T000242,1.5307945699943915,1.5307945699943915,0.8199549813285724,0.45115074470175975,0.4350566039782208,0.4350566039782208,0.4350566039782208,0.42731416260416427,0.42731416260416427,0.29929637165140727,0.29929637165140727,0.3124086585508318
T000243,3.0167627540237056,3.0167627540237056,1.0914108884391527,1.1250825943415743,0.7230481413562073,0.7228803732620092,0.7230481413562073,0.7230481413562073,0.8546343810134702,0.8546343810134702,0.8546343810134702,0.8546343810134702
T000244,2.0676187835089666,2.0676187835089666,1.9663242559035266,1.9663242559035266,0.7456685263665802,0.7456685263665802,0.7456685263665802,0.7456685263665802,0.7778772979298978,0.7778772979298978,0.7778772979298978,0.5896345596844765
T000245,2.127460517280842,2.127460517280842,2.127460517280842,2.52231418669475,2.5178575383073682,2.3721749226194198,2.5178575383073682,2.5178575383073682,2.3883679876456045,2.3883679876456045,2.3883679876456045,2.3883679876456045
T000246,0.29214641426597376,0.29214641426597376,0.29214641426597376,0.29303401094286713,0.7082567161576218,0.14854480321573305,0.14854480321573305,0.14854480321573305,0.4232604446269394,0.4232604446269394,0.4232604446269394,0.34389238015958734
T000247,0.502226883019281,0.502226883019281,0.502226883019281,0.22240464105623828,0.22240464105623828,0.2829984642663816,0.3341831161646239,0.3236862463827754,0.3236862463827754,0.3236862463827754,0.3593541806855867,0.3593541806855867
T000248,0.4971734163971504,0.4971734163971504,0.4971734163971504,0.2930535978083504,0.2930535978083504,0.2930535978083504,0.33211239896906736,0.32323181426078684,0.32323181426078684,0.32323181426078684,0.39798999958687514,0.39798999958687514
T000249,1.248335565931927,1.2804788961038962,1.2804788961038962,0.22408277269329427,0.22408277269329427,0.24875515599907033,0.24875515599907033,0.24875515599907033,0.24875515599907033,0.24875515599907033,0.3998509692139375,0.3998509692139375
T000250,0.7006369426751574,0.7006369426751574,0.3333955483897102,0.3333955483897102,0.3112512375779799,0.3112512375779799,0.3112512375779799,0.4175390621971159,0.4175390621971159,0.3112512375779799,0.3333955483897102,0.3112512375779799
T000251,0.36171063149480415,0.4511107130778167,0.4511107130778167,0.4493190633580986,0.4493190633580986,0.4493190633580986,0.4493190633580986,0.4511107130778167,0.4511107130778167,0.4511107130778167,0.4511107130778167,0.3452791878475766
T000252,0.2738984460719601,0.2738984460719601,0.2738984460719601,0.2521455095166074,0.2521455095166074,0.2521455095166074,0.23857815883335814,0.2548617870080856,0.2549183813013076,0.2549183813013076,0.2549183813013076,0.28360891445003594
T000253,0.7537820063984626,0.7537820063984626,0.8742500718120964,0.8742500718120964,0.8742500718120964,0.8742500718120964,0.423729088608836,0.4856914774533898,0.5657546432749707,0.423729088608836,0.423729088608836,0.4239737274220033
T000254,0.15268777397038422,0.15268777397038422,0.15268777397038422,0.21785497538721674,0.13607251233990886,0.13607251233990886,0.13607251233990886,0.3971861684371748,0.3971861684371748,0.3971861684371748,0.3971861684371748,0.3971861684371748
T000255,3.4873510206626674,3.4873510206626674,3.4873510206626674,3.4873510206626674,2.5687690217921095,2.5687690217921095,2.5687690217921095,3.0934802984026324,3.0934802984026324,3.0934802984026324,3.0934802984026324,2.8161599432154265
T000256,0.9619273134311608,0.9619273134311608,0.9619273134311608,0.9619273134311608,0.9619273134311608,0.9014926151168575,1.0024737397541905,0.9873265950942329,0.9873265950942329,0.9873265950942329,0.9873265950942329,0.9595654296139875
T000257,0.38325109603763025,0.3924280733472781,0.3924280733472781,0.3924280733472781,0.3924280733472781,0.3897368360494586,0.4017890608129233,0.4017890608129233,0.4017890608129233,0.4017890608129233,0.4017890608129233,0.4017890608129233
T000258,0.6379236578283265,0.6260506002196325,0.6260506002196325,0.6260506002196325,0.5431301086753179,0.5449439337603664,0.545330009421977,0.5449439337603664,0.5449439337603664,0.5449439337603664,0.5449439337603664,0.6201453851510593
T000259,0.700645898415531,0.700645898415531,0.700645898415531,0.9796560103855423,0.9796560103855423,1.56628927410443,1.56628927410443,1.2248360359713855,1.2248360359713855,1.2248360359713855,1.1953176184244045,1.1953176184244045
T000260,0.4476330632266065,0.4476330632266065,0.4476330632266065,0.7048412545350059,0.4476330632266065,0.4476330632266065,0.6012977497004189,0.3226371859348587,0.3226371859348587,0.3226371859348587,0.3226371859348587,0.3226371859348587
T000261,0.41009077164892976,0.41009077164892976,0.41009077164892976,1.0250584010112338,1.0250584010112338,1.0250584010112338,1.0250584010112338,1.0250584010112338,1.0250584010112338,1.0250584010112338,1.0250584010112338,1.0167739639276068
T000262,0.9955976555558602,0.9955976555558602,1.0294281131459808,1.0294281131459808,1.0294281131459808,1.0604196971258844,1.0604196971258844,1.0604196971258844,1.053652641526718,1.053652641526718,1.053652641526718,0.7663306115647391
T000263,0.7231942144973575,0.7231942144973575,0.7231942144973575,0.7231942144973575,0.7231942144973575,0.7544381681051006,0.7815878196810078,0.7815878196810078,0.7815878196810078,0.7815878196810078,1.0058560644329397,0.8372556442615723
T000264,0.6904500222181756,0.9197456225098,0.6904500222181756,0.6904500222181756,0.9197456225098,0.9197456225098,0.6179892492214122,0.6179892492214122,0.6697398425865753,0.6697398425865753,0.6697398425865753,0.7352694309216048
T000265,0.3087787641702587,0.3087787641702587,0.3087787641702587,0.43563703318894503,0.43563703318894503,0.43563703318894503,0.30584310187633557,0.30584310187633557,0.5535263694110191,0.5535263694110191,0.5535263694110191,0.5002983293556086
T000266,0.3084592615672223,0.3084592615672223,0.22606783047710952,0.22606783047710952,0.22606783047710952,0.22606783047710952,0.22606783047710952,0.22606783047710952,0.22606783047710952,0.22606783047710952,0.22606783047710952,0.3096149328647991
T000267,0.28206151916608935,0.3134137079013728,0.3134137079013728,0.3134137079013728,0.2968069824772389,0.3134137079013728,0.2968069824772389,0.2968069824772389,0.3134137079013728,0.3134137079013728,0.2968069824772389,0.542951076211685
T000268,0.4662586460344131,0.47298550137481304,0.47298550137481304,0.47298550137481304,0.47298550137481304,0.47298550137481304,0.47298550137481304,0.48119011636108444,0.47298550137481304,0.47480634451065395,0.47480634451065395,0.4615206877068888
T000269,1.5124365387821224,1.5124365387821224,1.5915828901313445,1.5124365387821224,1.5915828901313445,1.5915828901313445,1.5282229776151792,1.5114782986120028,1.5114782986120028,1.5114782986120028,1.5114782986120028,1.4809078449667377
T000270,0.33636229684863583,0.33636229684863583,0.33636229684863583,0.23923623602957567,0.2955954809798786,0.2635996495663214,0.2955954809798786,0.254683299712511,0.2667570732609911,0.2667570732609911,0.2667570732609911,0.2641624603139599
T000271,0.22122906653836322,0.22122906653836322,0.22122906653836322,0.22617389611716485,0.22122906653836322,0.22122906653836322,0.22155725637151996,0.5029161266432143,0.5029161266432143,0.5029161266432143,0.5029161266432143,0.320110184394899
T000272,0.9600456471300857,0.9416244326311698,0.860684382006356,0.88725549422713,0.88725549422713,0.88725549422713,0.88725549422713,0.88725549422713,0.6736893692797022,0.6736893692797022,0.6736893692797022,0.8188373276395163
T000273,2.5184755067567566,2.642028231966509,2.642028231966509,2.642028231966509,2.642028231966509,2.744065311791164,2.744065311791164,2.820913388178065,2.820913388178065,2.820913388178065,2.829373100014573,2.6682661878932294
T000274,3.5868875774811833,3.5868875774811833,3.2019795041428516,3.317458574157708,3.621745054292865,3.3005593435603364,3.621745054292865,3.387557062881001,3.387557062881001,3.387557062881001,3.387557062881001,3.387557062881001
T000275,1.4867924528301886,1.4867924528301886,1.4867924528301886,2.006322974158501,2.006322974158501,2.3609051517806323,2.34382980535808,1.9605306835012868,1.9605306835012868,1.9605306835012868,1.9605306835012868,1.9605306835012868
T000276,1.4112063780521127,1.4112063780521127,2.963258499100074,1.2041573757857822,1.2041573757857822,1.4176393906275946,1.4176393906275946,1.4176393906275946,1.4176393906275946,1.4176393906275946,1.4176393906275946,1.4463487076289696
T000277,1.6069182389937098,1.6069182389937098,1.9906868050076865,1.9906868050076865,2.2867400672556393,2.345177876548425,2.345177876548425,2.168787182132316,2.168787182132316,2.168787182132316,2.168787182132316,2.9045413938874356
T000278,1.0837155963302751,1.0837155963302751,1.1994213979277626,1.1994213979277626,0.9035511542623852,0.974080869757283,0.7454317443088458,0.7454317443088458,0.7454317443088458,0.7454317443088458,0.7454317443088458,1.1864528778202288
T000279,1.8694459532328238,1.8694459532328238,1.8694459532328238,4.586028384464578,3.086575273997632,3.086575273997632,3.086575273997632,2.904706236301696,1.8004779101919515,1.8004779101919515,1.8004779101919515,1.6944444444444444
T000280,0.8,0.8,2.4662961514624406,1.2188676379372172,1.9028954545088674,1.9028954545088674,1.9028954545088674,1.9028954545088674,1.9028954545088674,1.9028954545088674,1.9028954545088674,1.1320704814813507
T000281,4.64957264957265,4.64957264957265,4.64957264957265,4.64957264957265,2.210189130362055,2.210189130362055,2.210189130362055,2.210189130362055,1.815785320436165,0.9236927199822116,1.4586874050898129,2.9867802205570144
T000282,1.7757847533632287,1.7757847533632287,1.7757847533632287,1.862903214257171,1.8310360671703823,0.676718970597056,0.676718970597056,0.676718970597056,1.5530186071415775,1.5530186071415775,1.561445893174602,1.8383126265567846
T000283,4.622575832918946,4.622575832918946,2.1592973064355077,2.3479981605552878,2.4113722466927743,2.497351103945544,2.497351103945544,2.497351103945544,2.497351103945544,2.497351103945544,2.497351103945544,4.0604853707274575
T000284,0.6075920829507607,0.6075920829507607,0.9033048170457595,0.9033048170457595,1.1121638065131898,1.1171533041321986,1.1171533041321986,0.8298554799044245,0.8243174487366569,0.8243174487366569,0.8243174487366569,0.8243174487366569
T000285,3.061107372513829,3.061107372513829,2.3295103856434385,0.8518690935051775,0.9370580057804047,0.7011854543628381,0.7011854543628381,0.7549588271017103,0.7549588271017103,0.7549588271017103,1.1724245510495066,1.173718778902529
T000286,1.6273462855536538,1.6273462855536538,1.1792071966335533,1.224300143746457,1.1792071966335533,1.3179947842587953,1.3179947842587953,1.3179947842587953,1.2822210525900277,1.2822210525900277,1.2079894955589063,1.1708699624338759
T000287,0.6112252515295368,0.6112252515295368,0.6112252515295368,0.6112252515295368,1.058883171109189,0.9248040313806251,0.9248040313806251,0.9248040313806251,0.9248040313806251,0.9248040313806251,0.9248040313806251,0.4096869070057975
T000288,1.1504424778760947,1.1504424778760947,1.1504424778760947,1.1504424778760947,0.956716781270085,1.0344309379413132,0.956716781270085,0.3128604757822471,0.3128604757822471,0.3128604757822471,0.3128604757822471,0.9042691905400877
T000289,0.6892490994735447,0.6892490994735447,0.29252389753945374,0.3407063764047891,0.5139617977982819,0.5139617977982819,0.41070640014077486,0.1840580608973992,0.1871659874782095,0.1351540128805533,0.1351540128805533,0.6602707062542196
T000290,1.5973451327433628,1.5973451327433628,1.5973451327433628,1.8334913654417786,1.8334913654417786,2.223995386705187,0.9861360409726218,0.980684106937509,0.9407536834362784,0.9407536834362784,0.9407536834362784,1.045132743362832
T000291,1.3876684786655757,1.3876684786655757,1.3876684786655757,2.1427466386970635,2.6674419619327407,2.6674419619327407,3.194166293858764,3.1694183168335788,3.1694183168335788,3.1694183168335788,3.1694183168335788,1.9818440866138682
T000292,0.3810390135435618,0.3810390135435618,0.7717128015950897,0.3810390135435618,0.5637237946003646,0.5898312599348555,0.5898312599348555,0.5898312599348555,0.7259148857935777,0.7259148857935777,0.7259148857935777,0.1691294919784115
T000293,1.9312061782339194,1.9312061782339194,1.9312061782339194,0.7196639592549027,2.1740629852337388,0.32374064271859704,0.8998846437901704,0.8998846437901704,1.5737121314490432,1.5737121314490432,1.5737121314490432,1.2845728526534548
T000294,0.27243759957514413,0.27243759957514413,0.27243759957514413,0.27243759957514413,0.2887926015096405,0.274769428698665,0.274769428698665,0.274769428698665,0.27984275221067856,0.6006936144847538,0.6006936144847538,0.23441746304203612
T000295,0.4945054945054891,0.4945054945054891,0.4945054945054891,0.4574711183729172,0.4574711183729172,0.41952506637641124,0.41952506637641124,0.41952506637641124,0.47768840271325647,0.47768840271325647,0.47768840271325647,0.5537535992379091
T000296,1.4466419034233493,1.4466419034233493,1.4466419034233493,1.1631497287977297,1.170463542025983,1.170463542025983,1.1631497287977297,1.1631497287977297,1.170463542025983,0.6858281703725249,0.6858281703725249,1.5122462813079587
T000297,0.3627873727998487,0.3627873727998487,0.2897516407653128,0.2897516407653128,0.3631222179384448,0.3631222179384448,0.9845454057971128,0.6447222724442395,0.6447222724442395,0.6447222724442395,0.6447222724442395,0.9592863677950595
T000298,2.0799667300380356,2.0799667300380356,2.4179759489102457,2.6323466711980803,2.6323466711980803,2.6059130811715794,2.6059130811715794,2.5750046123302006,2.5750046123302006,2.5750046123302006,1.3643599086134632,2.162800343385288
T000299,0.10899961743815505,0.10899961743815505,0.6116912714783427,1.1825193534856115,1.2768573802503453,1.2543229131745888,1.3122596350211464,1.0754353650138773,1.0754353650138773,1.0754353650138773,1.0754353650138773,0.2003011643295771
T000300,0.37693645928257963,0.37693645928257963,0.37693645928257963,0.3621161438833688,0.3336944384567939,0.29650241340557554,0.29650241340557554,0.29650241340557554,0.29650241340557554,0.29650241340557554,0.29650241340557554,0.10960160851918654
T000301,0.5382045929018789,0.5382045929018789,0.5382045929018789,0.4066228697783134,0.4066228697783134,0.4066228697783134,0.5256036203698754,0.25687732298275007,0.25687732298275007,0.25687732298275007,0.25687732298275007,0.7899020006932053
T000302,0.17673536972222648,0.17673536972222648,0.17673536972222648,0.17673536972222648,0.25091214590486255,0.25091214590486255,0.19505187815919944,0.19505187815919944,0.19505187815919944,0.19505187815919944,0.19505187815919944,0.2813505106068894
T000303,0.2953271028037383,0.2953271028037383,0.2953271028037383,0.4036111065307404,0.4036111065307404,0.4036111065307404,0.4036111065307404,0.34864075486888496,0.34864075486888496,0.34864075486888496,0.34864075486888496,1.236448598130841
T000304,1.1213744003934434,0.3729125389187672,0.3729125389187672,0.46816114256930075,0.3729125389187672,0.4756040504856893,0.42627475869279363,0.1506024666246952,0.1506024666246952,0.1506024666246952,0.1506024666246952,0.6912955055687693
T000305,0.9870892018779343,1.9659676031296585,1.9659676031296585,1.9659676031296585,1.9659676031296585,1.9659676031296585,1.9659676031296585,1.9659676031296585,1.9659676031296585,1.9659676031296585,1.9659676031296585,2.064554742712591
T000306,1.439852031016583,1.439852031016583,2.529040913776604,2.529040913776604,1.982718257018395,2.55017705757792,2.746220492832739,2.746220492832739,2.746220492832739,2.746220492832739,2.746220492832739,1.5914245834985152
T000307,0.4508932791379147,0.4508932791379147,0.4508932791379147,0.48757048306415846,0.4060850407445075,0.4060850407445075,0.16745894618504237,0.4060850407445075,0.4060850407445075,0.4060850407445075,0.4060850407445075,0.6072585601756464
T000308,1.634634338655626,1.634634338655626,1.634634338655626,1.634634338655626,1.6563002897313686,1.6563002897313686,1.6563002897313686,0.6950559244342093,0.6950559244342093,0.6950559244342093,0.6950559244342093,1.6612929512694117
T000309,0.23271762984637895,0.2721430664047945,0.1585512130050958,0.22929873913302076,0.15925362589855807,0.15925362589855807,0.21858777531252865,0.21858777531252865,0.24311782414765873,0.21858777531252865,0.1367242941404843,0.4047922035712857
T000310,0.25861174852367586,0.25861174852367586,0.25861174852367586,0.25861174852367586,0.6577783394260851,0.6577783394260851,0.5774808571861603,0.5774808571861603,0.5774808571861603,0.5774808571861603,0.5774808571861603,0.3526161885088506
T000311,1.2102898705744067,1.2102898705744067,1.2102898705744067,0.9768283865655796,0.3679163339494932,0.3679163339494932,0.3679163339494932,0.3679163339494932,0.3679163339494932,0.5659285264127154,0.5659285264127154,0.6479620610050013
T000312,0.9822365462449407,0.9822365462449407,0.9822365462449407,0.24398456109545805,0.24398456109545805,0.24398456109545805,0.2812234392849775,0.27091217908233245,0.3331130969129018,0.3331130969129018,0.3331130969129018,0.32866137010942886
T000313,1.8924798011187074,1.8924798011187074,1.0672596115463413,0.7662308938551465,0.7662308938551465,0.7324239458626345,0.7893859226903026,0.925097832092351,0.925097832092351,0.7782697099792393,0.7782697099792393,0.7437331675989227
T000314,0.7638120129900458,0.7638120129900458,0.7954012850214565,0.7954012850214565,0.7954012850214565,0.8588225523377635,0.9022340864709658,0.9022340864709658,0.8244517862891385,0.8244517862891385,0.8244517862891385,0.34632066298457703
T000315,0.8886695525093022,0.8886695525093022,0.8886695525093022,0.8886695525093022,0.3199323796812622,0.3199323796812622,0.5741170484038757,0.5741170484038757,0.5035254800696707,0.5035254800696707,0.5035254800696707,0.2708859157175114
T000316,0.38614410395604004,0.38614410395604004,0.41519901373723467,0.3522216236409144,0.32108489205450513,0.3102805114791848,0.3102805114791848,0.33312134459636406,0.33312134459636406,0.3102805114791848,0.5385557516915943,0.4520554322661203
T000317,0.4457032932016522,0.4457032932016522,0.4457032932016522,0.4457032932016522,0.4457032932016522,0.4457032932016522,0.4457032932016522,0.4457032932016522,0.4457032932016522,0.4457032932016522,0.4457032932016522,1.5854432387841868
T000318,1.153190683582634,1.153190683582634,1.153190683582634,1.2545983840174257,1.2545983840174257,1.1247760142980212,1.1247760142980212,1.1247760142980212,1.1247760142980212,1.1247760142980212,1.1247760142980212,1.5151237448948927
T000319,1.315313504823151,1.315313504823151,1.209207537665845,0.9790908971045027,0.9790908971045027,0.9790908971045027,0.9790908971045027,0.9278269943157961,0.9112596423958792,0.9112596423958792,0.9112596423958792,0.3832934670199998
T000320,5.380743443237257,4.222408026755895,2.924187092505801,2.924187092505801,2.924187092505801,2.679071743799345,2.924187092505801,2.924187092505801,2.924187092505801,2.924187092505801,2.924187092505801,3.007713974659453
T000321,0.7961778752731018,0.7961778752731018,0.7961778752731018,0.7961778752731018,0.7273495374460907,0.7273495374460907,0.7273495374460907,0.794710728221361,0.794710728221361,0.794710728221361,0.794710728221361,0.724087291536568
T000322,0.18845301221633484,0.18845301221633484,0.18845301221633484,0.18845301221633484,0.18845301221633484,0.34227070897003403,0.34227070897003403,0.3381619719371768,0.3381619719371768,0.28413618251657763,0.3381619719371768,0.21826551347093723
T000323,0.5863256923280773,0.5863256923280773,1.044919062654554,1.0381984443887706,1.0381984443887706,0.9755811089820604,1.0381984443887706,0.9207622723118675,0.9207622723118675,0.9207622723118675,0.9207622723118675,0.8866553641714449
T000324,0.26612885412674575,0.26612885412674575,0.26612885412674575,0.26612885412674575,0.20608973011591833,0.26612885412674575,0.20608973011591833,0.2666783542162413,0.2666783542162413,0.2666783542162413,0.2666783542162413,0.26056755362391715
T000325,1.0423497267759563,1.0423497267759563,0.32210670613834114,0.28850430618388123,0.33778025614977086,0.2969073343865967,0.2969073343865967,0.2969073343865967,0.2969073343865967,0.2969073343865967,0.2969073343865967,0.7567744555413969
T000326,0.8995160831198405,0.8995160831198405,0.7106706520977104,0.7106706520977104,0.5912204235434351,0.679488565695377,0.679488565695377,0.679488565695377,0.679488565695377,0.679488565695377,0.679488565695377,0.5834076718468956
T000327,0.9466535134314781,0.9466535134314781,0.9900987196452864,0.9723894560373163,0.5591436422485089,0.5409819531954926,0.5409819531954926,0.5409819531954926,0.5409819531954926,0.5409819531954926,0.5409819531954926,0.726979481976514
T000328,1.6484839897988073,1.6484839897988073,1.6484839897988073,1.3967387282673798,0.6495921218599405,0.9461043404557978,0.9461043404557978,0.9461043404557978,0.9461043404557978,0.9461043404557978,0.9461043404557978,0.19355062242216212
T000329,0.5621277637268499,0.5621277637268499,0.37507924462335196,0.5652847508802651,0.5652847508802651,0.4356406327611918,0.46831941870902,0.46831941870902,0.46831941870902,0.46831941870902,0.46831941870902,0.06118952435339804
T000330,1.1160132986945446,1.1160132986945446,1.1160132986945446,1.0213812353174359,0.8579073687671563,1.1424338323155596,0.9719614977112256,0.9719614977112256,0.9649757180616795,0.9328816905075397,0.9328816905075397,1.6543851536470875
T000331,1.2941493664060508,1.2941493664060508,1.2941493664060508,1.1246119496176767,1.0590914008607217,1.0590914008607217,1.0590914008607217,1.0590914008607217,1.0315553735003526,1.0315553735003526,1.0315553735003526,0.7620312464750311
T000332,0.890126237899318,0.890126237899318,0.890126237899318,0.890126237899318,1.5268034593847948,1.4587089193732734,1.4587089193732734,1.4587089193732734,1.2742201987538968,1.024025641633566,1.024025641633566,0.8824042767763883
T000333,0.6266793108898372,0.538083943579392,0.9218515286818862,0.9218515286818862,0.857424722257441,0.9093975400310815,0.9183851515943198,0.9183851515943198,0.9183851515943198,0.9183851515943198,0.9183851515943198,0.47643830507374013
T000334,0.7224716818560697,0.7224716818560697,0.7224716818560697,0.6567787519233826,0.7224716818560697,1.1761505948456272,1.1761505948456272,1.1046022268845,1.1046022268845,0.3804811056176301,0.3804811056176301,0.15328228849857362
T000335,2.74730495158048,2.74730495158048,2.3093692425778793,2.3093692425778793,2.3093692425778793,2.3093692425778793,2.3093692425778793,2.3093692425778793,2.3093692425778793,2.3093692425778793,2.3093692425778793,1.8368353736524758
T000336,1.159356725146203,1.159356725146203,4.21283333251873,4.21283333251873,3.9531172504508385,4.21283333251873,3.938230994152047,4.134693666749088,4.134693666749088,4.134693666749088,3.931148071143793,3.938230994152047
T000337,0.9049129219522625,0.4571802352474217,0.7278417323202953,0.7278417323202953,0.7047346065843039,0.7278417323202953,0.7278417323202953,0.1990466567267541,0.38388020814213475,0.38388020814213475,0.38388020814213475,0.7784257023940486
T000338,1.3153228330030202,0.5021722158338134,1.0098074450261385,1.1153100011759791,0.8652855628706793,0.8652855628706793,0.5878870559015668,0.5878870559015668,0.5878870559015668,0.5878870559015668,0.5878870559015668,1.5723005710362805
T000339,0.5780251630327395,0.5780251630327395,0.5780251630327395,0.8322670660539611,0.5097388958708067,0.5097388958708067,0.4716491650065705,0.4716491650065705,0.4716491650065705,0.4716491650065705,0.4716491650065705,0.6111830449297136
T000340,2.1779979501195763,2.1779979501195763,2.1779979501195763,2.1779979501195763,2.162723873267023,2.162723873267023,2.069916500107744,1.8036630206579105,2.069916500107744,2.069916500107744,2.069916500107744,2.1006831555753003
T000341,1.0540656819159606,0.6046279703437438,0.6674566398425015,0.6674566398425015,0.6674566398425015,0.5706636085831006,0.6366800454182797,0.5682058865026945,0.6470949725096432,0.6209324884424128,0.6209324884424128,0.6209324884424128
T000342,1.2029822162091601,1.2473559933724987,0.9648852901548022,0.807757632160538,0.807757632160538,0.807757632160538,0.8465159616988874,0.9279359927992731,0.9279359927992731,0.9279359927992731,0.9279359927992731,0.5142869024065926
T000343,1.5685065972697803,1.5685065972697803,1.5685065972697803,1.5685065972697803,4.658212863855679,3.9029783746404556,3.9029783746404556,3.9029783746404556,3.7209181677288057,3.7209181677288057,3.7209181677288057,3.1253709537506276
T000344,0.5678588141004709,0.5678588141004709,0.8877026193539328,0.8877026193539328,1.1995231269749005,1.3665974335171394,1.3665974335171394,1.4546308637650558,1.4546308637650558,1.4546308637650558,1.4546308637650558,0.6143591729544673
T000345,0.8724512373625626,0.8724512373625626,0.8724512373625626,0.6996083204127612,0.6996083204127612,0.6996083204127612,0.4932211332949635,0.49817563638875134,0.49817563638875134,0.49817563638875134,0.3901399901453573,0.31592437153347397
T000346,1.1216719771021224,1.1216719771021224,0.6648756852918103,0.6648756852918103,0.6648756852918103,0.8046357673187833,0.8046357673187833,0.825984578335459,0.8737568198381696,0.7729616853289737,0.7173472941638424,0.6636387855313781
T000347,1.5457211835900009,2.238956239422728,2.238956239422728,2.238956239422728,1.2039740499315372,1.2039740499315372,1.2039740499315372,1.2039740499315372,1.2039740499315372,1.293196562648186,1.2039740499315372,2.08664457385541
T000348,2.0277422484893926,2.0277422484893926,2.0277422484893926,1.7702292283105694,0.5875158833704466,1.1741938259103102,0.7946018621424278,1.0944672610265447,1.0944672610265447,1.0944672610265447,1.0944672610265447,0.8161690115997
T000349,0.8744272651630702,0.8744272651630702,0.8744272651630702,0.9443816169602194,1.1180117050469025,0.773340357029068,0.773340357029068,0.773340357029068,0.773340357029068,0.773340357029068,0.773340357029068,1.5337330031712932
T000350,1.296516522837298,0.9857575279100121,0.9285838642122554,0.6553824969138141,0.6553824969138141,0.44740791283978537,0.44740791283978537,0.44740791283978537,0.44740791283978537,0.44740791283978537,0.44740791283978537,0.8033571879604293
T000351,1.2884769599559351,1.2884769599559351,1.6563604330649582,1.1754440334867249,0.873780773384964,1.2752071281487698,1.2752071281487698,0.9225279743463123,0.9225279743463123,0.9225279743463123,0.9225279743463123,0.9683631262165239
T000352,1.0240063290937338,1.0240063290937338,0.45807662469685484,0.45807662469685484,0.45807662469685484,0.46539426088428393,1.6319222616512332,0.39979533144735896,1.6319222616512332,1.6319222616512332,1.6319222616512332,1.3241946758941476
T000353,2.686158519525161,2.686158519525161,2.686158519525161,2.686158519525161,2.082430590799454,0.78543618979771,0.78543618979771,0.78543618979771,0.9991193044490025,0.9991193044490025,0.9991193044490025,2.3832241950611914
T000354,1.8313537191475024,1.8313537191475024,1.8313537191475024,1.6485918432221236,1.5531381228694483,1.3579671677798437,1.3579671677798437,1.3731155023074713,1.3731155023074713,1.3731155023074713,0.6015256221369315,0.5888299216578217
T000355,0.5321667216012944,0.5321667216012944,0.5321667216012944,0.5880917256117535,0.3092667915444897,0.3093088124545554,0.28985317317480525,0.28985317317480525,0.28985317317480525,0.28985317317480525,0.28985317317480525,0.8001977370328646
T000356,0.25613967766691986,0.25613967766691986,0.25613967766691986,0.26395710228442193,0.36834983792599696,0.36834983792599696,0.27562453342539883,0.2148962884359352,0.2148962884359352,0.2148962884359352,0.2148962884359352,1.230813507290867
T000357,0.9170002450780166,0.6533687682063407,0.6533687682063407,0.8861105523479663,0.5241294018968489,0.5241294018968489,0.5241294018968489,0.3909968499663507,0.3909968499663507,0.3909968499663507,0.3909968499663507,1.4765950494240667
T000358,0.964506602774837,0.964506602774837,0.9769355522746784,0.9201620345621324,1.162162668282688,1.3869691736787244,1.3869691736787244,1.073703191367358,1.3869691736787244,1.3869691736787244,1.0960997379746558,0.5389724575725732
T000359,1.0040928714333082,1.0040928714333082,0.7943927699070175,0.7943927699070175,0.2081443773429748,0.2081443773429748,0.12995478953276202,0.32287393879211984,0.32287393879211984,0.32287393879211984,0.32287393879211984,1.0029201422259264
T000360,0.53369623099225,0.53369623099225,0.53369623099225,1.1130772556334025,0.6018269755978525,0.6018269755978525,0.6018269755978525,0.6018269755978525,0.6018269755978525,0.6018269755978525,0.6018269755978525,0.6644577243950063
T000361,0.2600439903109948,0.2600439903109948,0.4978523994647447,0.4519701883601581,0.4519701883601581,0.5144275119440544,0.5144275119440544,0.2932023480483643,0.3968908827012529,0.3968908827012529,0.36171575433403036,0.3317074692438337
T000362,1.4483535069837576,0.6471358900071342,0.6471358900071342,0.6471358900071342,0.6471358900071342,1.101114795516346,1.101114795516346,0.7678899062350139,0.6951551874898597,0.6951551874898597,0.6951551874898597,1.3322252593272943
T000363,1.076729611610459,1.076729611610459,1.0058217774570866,0.9885800442071347,0.9885800442071347,0.9463300779702245,0.9463300779702245,0.9463300779702245,0.9737087724115427,0.9737087724115427,0.9737087724115427,0.9463300779702245
T000364,1.1472136014033194,1.1472136014033194,0.7662500168163325,0.7662500168163325,0.7662500168163325,0.7662500168163325,0.8148229882511512,1.3896561390406932,1.3896561390406932,1.3896561390406932,1.3896561390406932,1.4237359133037082
T000365,0.9401328587005973,0.9396151309826116,0.9396151309826116,0.9486798573701009,0.9486798573701009,0.9486798573701009,0.9486798573701009,0.9072940335690908,0.9072940335690908,0.9072940335690908,0.9072940335690908,1.3914044512663086
T000366,2.3757524261960157,2.3757524261960157,1.0632846265538474,2.3757524261960157,2.3757524261960157,1.9817544289289848,0.8935008339352326,1.5899364007228858,1.5899364007228858,1.3590654202923802,1.3590654202923802,1.3724036431355968
T000367,0.176337912651223,0.176337912651223,0.7490036933590352,0.5250479720225024,0.8946198858762887,0.8946198858762887,0.4296883728687198,0.4296883728687198,0.4296883728687198,0.4296883728687198,0.4296883728687198,0.7754447679954715
T000368,1.797342344399288,1.797342344399288,1.797342344399288,1.5225476222285754,1.5225476222285754,0.4166170817234399,0.4166170817234399,0.4166170817234399,1.5131255262681647,2.761456137268258,2.761456137268258,2.4699976288815924
T000369,1.1885498377756787,1.1885498377756787,0.43750913335742264,0.5853892014818639,0.39519471049269,0.4284344458017645,0.7758552730043903,0.7758552730043903,0.7758552730043903,0.7758552730043903,0.7758552730043903,0.9868988459484989
T000370,1.3457565846100878,1.3457565846100878,1.3457565846100878,2.569296497619891,2.569296497619891,2.599887234558142,2.599887234558142,0.8018799531117743,0.8018799531117743,0.8018799531117743,0.8018799531117743,0.8153988050757642
T000371,0.4453793703757408,0.4453793703757408,0.4453793703757408,0.43194324345318047,0.499897108982609,0.499897108982609,0.499897108982609,1.054639477263066,1.1037816339317346,1.1037816339317346,1.1037816339317346,1.1037816339317346
T000372,0.6012979763154369,0.5625692006859841,0.6012979763154369,0.4101046991792099,0.42401294849818133,0.42401294849818133,0.42401294849818133,0.42401294849818133,0.42401294849818133,0.5340028251314717,0.5340028251314717,0.5821967924057623
T000373,1.0179819720382677,1.0179819720382677,0.4935369284750175,0.4935369284750175,0.4935369284750175,1.38746176863028,0.4477437322565168,0.4477437322565168,0.4477437322565168,0.4477437322565168,0.4477437322565168,0.4817420897718911
T000374,0.84896643984551,0.84896643984551,0.84896643984551,0.84896643984551,0.84896643984551,0.84896643984551,1.288696172363617,1.288696172363617,1.288696172363617,1.288696172363617,1.288696172363617,0.4391915978642374
T000375,0.5106274443121918,0.5106274443121918,0.4892134562172277,0.4892134562172277,0.4892134562172277,0.4863088396257702,0.4863088396257702,0.5396918497166322,0.5396918497166322,0.49849409563304153,0.49646295191404366,0.5374490437297231
T000376,1.2455837481933514,1.2455837481933514,1.1343942763263792,1.1343942763263792,1.1343942763263792,1.1343942763263792,1.3483567546868018,1.0421279431904236,1.0421279431904236,1.2367317149693426,1.2367317149693426,1.5443010415436784
T000377,0.18344909345931107,0.18344909345931107,0.18344909345931107,0.18344909345931107,0.18344909345931107,0.18344909345931107,0.18946242393469098,0.18946242393469098,0.18946242393469098,0.18946242393469098,0.18946242393469098,0.25281840712576686
T000378,1.4652442946906075,1.4652442946906075,1.4652442946906075,1.4652442946906075,0.42838663582158787,1.8733406603936713,1.8733406603936713,1.634872954024005,1.634872954024005,1.634872954024005,1.634872954024005,0.6448445775138237
T000379,0.7720316256704272,0.7720316256704272,0.7720316256704272,0.3461646430767217,0.23335205646956078,0.23335205646956078,0.23335205646956078,0.2700095355374436,0.2700095355374436,0.2700095355374436,0.2700095355374436,0.2995206745849826
T000380,0.8763422237616904,0.8763422237616904,0.9121597398436556,0.9094484906358916,0.5730940359991125,0.5730940359991125,0.5730940359991125,0.5730940359991125,0.5730940359991125,0.5730940359991125,0.5730940359991125,0.510677242739827
T000381,0.6830726396773996,0.6830726396773996,0.6830726396773996,0.6830726396773996,0.6830726396773996,0.7262943042593586,0.7262943042593586,0.7262943042593586,0.7262943042593586,0.7262943042593586,0.7262943042593586,0.7386293328655764
T000382,0.17704931229170245,0.17704931229170245,0.17704931229170245,0.17704931229170245,0.2510016747452281,0.2510016747452281,0.19553593154102364,0.19553593154102364,0.19553593154102364,0.19553593154102364,0.19553593154102364,0.27985333581950717
T000383,0.44568584169421044,0.44568584169421044,0.44568584169421044,0.44568584169421044,0.44568584169421044,0.44568584169421044,0.44568584169421044,0.44568584169421044,0.44568584169421044,0.44568584169421044,0.44568584169421044,1.5856035753339988
T000384,0.8918498967826214,0.8918498967826214,0.8918498967826214,0.8918498967826214,1.527620528399672,1.4594014261891939,1.4594014261891939,1.4594014261891939,1.2752271776445137,1.0254013921803855,1.0254013921803855,0.8829691278230436
T000385,1.546028177296215,2.2500888619876247,2.2500888619876247,2.2500888619876247,1.2039662849388546,1.2039662849388546,1.2039662849388546,1.2039662849388546,1.2039662849388546,1.293109271054115,1.2039662849388546,2.086466165413534
T000386,1.4470537487645658,0.6467998448906875,0.6467998448906875,0.6467998448906875,0.6467998448906875,1.100854520768643,1.100854520768643,0.7677114910999281,0.6947202156112006,0.6947202156112006,0.6947202156112006,1.3307497354813163
T000387,0.6114183439268976,0.6114183439268976,0.6114183439268976,0.6114183439268976,1.0589060525790184,0.9252236916400416,0.9252236916400416,0.9252236916400416,0.9252236916400416,0.9252236916400416,0.9252236916400416,0.4081056339130977
T000388,0.5579346826302704,0.5579346826302704,0.5579346826302704,0.5579346826302704,0.5579346826302704,0.5681893306616951,0.6048272366645198,0.6048272366645198,0.6048272366645198,0.6048272366645198,0.6048272366645198,0.35778409735315453
T000389,0.7020072222397117,0.7020072222397117,0.7020072222397117,0.7020072222397117,0.7020072222397117,0.7020072222397117,0.7020072222397117,0.9196488823935438,0.9196488823935438,0.9196488823935438,0.9196488823935438,0.17799213772768002
T000390,1.3333735012351629,1.3333735012351629,1.3333735012351629,2.1828837042073146,2.098613054650654,2.098613054650654,2.098613054650654,2.098613054650654,2.098613054650654,2.098613054650654,2.098613054650654,1.1241311513618253
T000391,1.0371504783507242,1.0371504783507242,1.1807310469314078,1.4099666559583628,1.4099666559583628,0.967732677579142,0.5994437361691025,0.4653899644465028,0.4653899644465028,0.5994437361691025,0.4653899644465028,0.4699909747292419
T000392,0.755080458184365,0.755080458184365,0.755080458184365,0.755080458184365,0.755080458184365,0.755080458184365,0.755080458184365,0.755080458184365,0.8407865437458256,0.8407865437458256,0.8407865437458256,0.43168741261632126
T000393,0.973882018053256,0.973882018053256,0.973882018053256,0.973882018053256,0.973882018053256,1.036570747064678,0.8242974128275409,0.7600587345961164,0.7600587345961164,0.7600587345961164,0.7600587345961164,0.549766680927561
T000394,0.9040886003022078,0.9040886003022078,0.9040886003022078,0.9040886003022078,0.9040886003022078,0.9052180736505334,0.9288857616245048,0.9288857616245048,0.9288857616245048,0.9288857616245048,0.9288857616245048,0.1824670498149179
T000395,0.6830726396773996,0.6830726396773996,0.6830726396773996,0.6830726396773996,0.6830726396773996,0.7262943042593586,0.7262943042593586,0.7262943042593586,0.7262943042593586,0.7262943042593586,0.7262943042593586,0.7386293328655764
T000396,0.9381040689082228,0.9381040689082228,0.9381040689082228,1.5852537261602737,1.5852537261602737,0.9031319405314983,0.6721249047981721,0.6721249047981721,0.6721249047981721,0.6849337316159257,0.6721249047981721,0.6721249047981721
T000397,0.7175724586450634,0.7175724586450634,0.7175724586450634,0.7175724586450634,0.7175724586450634,0.7175724586450634,0.7175724586450634,0.8233677196776958,0.8233677196776958,0.8233677196776958,0.8233677196776958,0.6874553165107306
T000398,0.6830726396773996,0.6830726396773996,0.6830726396773996,0.6830726396773996,0.6830726396773996,0.7262943042593586,0.7262943042593586,0.7262943042593586,0.7262943042593586,0.7262943042593586,0.7262943042593586,0.7386293328655764
T000399,0.3912036586100342,0.4632501376142734,0.4632501376142734,1.1701509257818734,0.7846790255801948,0.7846790255801948,0.7846790255801948,0.3458716419622919,0.3458716419622919,0.3458716419622919,0.3458716419622919,0.37886470372298364
T000400,0.7437770661877057,0.7437770661877057,0.7437770661877057,0.7437770661877057,0.7437770661877057,0.8840684237872267,0.8840684237872267,0.8840684237872267,0.8840684237872267,0.8840684237872267,0.8840684237872267,0.4760417310041914
T000401,0.6114183439268976,0.6114183439268976,0.6114183439268976,0.6114183439268976,1.0589060525790184,0.9252236916400416,0.9252236916400416,0.9252236916400416,0.9252236916400416,0.9252236916400416,0.9252236916400416,0.4081056339130977
T000402,0.38102704180827907,0.38102704180827907,0.38102704180827907,0.38102704180827907,0.38102704180827907,0.5976136807262535,0.5976136807262535,0.5976136807262535,0.5976136807262535,0.5976136807262535,0.5976136807262535,0.3108420603116862
T000403,1.018534667279733,1.018534667279733,1.1902217348167143,1.6287517193720575,1.7623563404346632,1.2535808613955295,1.2535808613955295,1.2535808613955295,1.2535808613955295,1.2535808613955295,1.2535808613955295,1.9839460779795808
T000404,1.1962750716332373,1.1962750716332373,1.1962750716332373,1.2157820212102386,0.9570469542379669,0.9570469542379669,0.9570469542379669,0.9570469542379669,0.9570469542379669,0.9570469542379669,0.9570469542379669,1.7251947118347482
T000405,1.7480531154916088,1.7480531154916088,1.7480531154916088,1.7480531154916088,0.7461945837333344,1.8816369572784726,1.8816369572784726,1.6020103181516068,1.9983407033098026,1.9342401653459695,1.9342401653459695,1.3705975050514152
T000406,1.4652442946906075,1.4652442946906075,1.4652442946906075,1.4652442946906075,0.42838663582158787,1.8733406603936713,1.8733406603936713,1.634872954024005,1.634872954024005,1.634872954024005,1.634872954024005,0.6448445775138237
T000407,0.5085510631918988,0.5085510631918988,0.8994645328199267,0.6684218858461237,0.6684218858461237,0.5189810968612215,0.5421920882346866,0.5421920882346866,0.5358046049696027,0.5358046049696027,0.5193561497899523,0.521556274766836
T000408,0.6712876233295866,0.6712876233295866,0.6712876233295866,2.5141532146974823,2.5141532146974823,2.5141532146974823,2.5141532146974823,2.5141532146974823,2.115972761271757,2.115972761271757,2.115972761271757,2.1267574842631474
T000409,0.7204658901830283,0.7204658901830283,0.7204658901830283,1.0725683669471089,1.0725683669471089,2.0251673603211184,2.0105290421586726,1.2538466985316832,1.2538466985316832,1.3544869475035919,1.3544869475035919,1.4193011647254576
T000410,0.338172281452557,0.338172281452557,0.338172281452557,0.6006115922714247,0.6006115922714247,0.36773351834726214,0.38232366593799666,0.3219869626762885,0.3219869626762885,0.4605223072157201,0.4605223072157201,0.39101173418372
T000411,0.4236054698077444,0.4236054698077444,0.4236054698077444,0.7714877427920797,0.7714877427920797,0.7320462291189571,1.2792400564103465,1.2910696564561686,1.2910696564561686,1.3987906770161684,1.3987906770161684,0.8759801726173243
T000412,1.8120981788247315,1.8120981788247315,1.8120981788247315,1.555751391439523,1.6950349613779692,1.555751391439523,1.555751391439523,1.6559974405023772,1.6559974405023772,1.6559974405023772,1.6559974405023772,1.6412092752793526
T000413,1.2042045409355124,1.2042045409355124,0.527330064514365,1.2042045409355124,1.7413827688178747,1.5746145359671004,1.2848350894513032,1.2848350894513032,1.2848350894513032,1.2848350894513032,1.2560127015823106,1.3450225388562143
T000414,0.8918498967826214,0.8918498967826214,0.8918498967826214,0.8918498967826214,1.527620528399672,1.4594014261891939,1.4594014261891939,1.4594014261891939,1.2752271776445137,1.0254013921803855,1.0254013921803855,0.8829691278230436
T000415,0.48957517122812705,0.310691678699712,0.6927745084778275,0.6927745084778275,0.4283521778960356,0.4601094522296369,0.5099374804390555,0.41729615422719074,0.41729615422719074,0.41729615422719074,0.41729615422719074,0.42068295711775855
T000416,0.49719613980177363,0.49719613980177363,0.49719613980177363,1.6601672337173015,1.6601672337173015,2.0108311699024712,2.0430176394626796,2.0430176394626796,2.0430176394626796,2.0430176394626796,2.1153058712156483,2.0639178778876066
T000417,0.6033230264873524,0.6033230264873524,0.6033230264873524,1.8471861860689267,1.8471861860689267,1.6761778538769516,1.6357742348751192,1.6357742348751192,1.6357742348751192,1.6357742348751192,1.6357742348751192,1.4642551130648584
T000418,1.1279456105140913,1.0852000321640114,1.0852000321640114,1.0852000321640114,0.4635690956828835,0.3446460662275571,0.545945607979612,0.46707065544542853,0.46707065544542853,0.46707065544542853,0.46707065544542853,0.4307518294841445
T000419,0.9053376867767244,0.9053376867767244,0.4207634470792365,0.5540747507268773,0.5540747507268773,1.3939713372807156,1.2416672109334423,1.3094594995185058,1.2416672109334423,0.595136679119546,0.595136679119546,1.1691953724205215
T000420,0.37320921777140187,0.37320921777140187,0.37320921777140187,0.4603703409213795,0.41732141204510687,0.4237755073746884,0.4237755073746884,0.4237755073746884,0.4237755073746884,0.4237755073746884,0.4237755073746884,0.5933860398891926
T000421,0.33584322106301845,0.33584322106301845,0.33584322106301845,0.33584322106301845,0.33584322106301845,0.33584322106301845,0.254932430412315,0.254932430412315,0.254932430412315,0.254932430412315,0.254932430412315,0.5188317264294078
T000422,0.8764484591933316,0.8764484591933316,0.8764484591933316,0.8764484591933316,0.8764484591933316,0.8764484591933316,1.0210651354448015,1.0210651354448015,0.8623714795673691,0.8623714795673691,1.0210651354448015,1.287144104202565
T000423,0.5294927420968792,0.5294927420968792,0.5294927420968792,0.5294927420968792,0.12500590850535517,0.3326061131507653,0.3326061131507653,0.12178489136374361,0.122470850729265,0.122470850729265,0.122470850729265,0.8859194905104232
T000424,0.14500065802146392,0.19190573770491803,0.19190573770491803,0.19190573770491803,0.19190573770491803,0.14500065802146392,0.14500065802146392,0.14500065802146392,0.14500065802146392,0.14500065802146392,0.14500065802146392,0.2107436210945245
T000425,0.8413344182261899,0.8413344182261899,0.7691474657608752,0.7691474657608752,0.7378706122797654,0.7378706122797654,0.7378706122797654,0.7378706122797654,0.7378706122797654,0.7380191729455664,0.7380191729455664,0.7380191729455664
T000426,1.6908462867012177,1.6908462867012177,1.6908462867012177,0.6519436556134749,0.6519436556134749,0.6519436556134749,0.6103414422095176,0.6519436556134749,1.052013048618823,1.052013048618823,1.052013048618823,1.249190231725719
T000427,0.6754050925925923,0.6754050925925923,0.6754050925925923,0.502075308487136,0.502075308487136,0.502075308487136,0.502075308487136,0.502075308487136,0.502075308487136,0.502075308487136,0.502075308487136,1.2788773148148147
T000428,2.7673119294932382,2.7673119294932382,2.7673119294932382,1.0481153533655292,1.0481153533655292,1.0481153533655292,1.0481153533655292,1.0481153533655292,1.0481153533655292,1.0481153533655292,1.0481153533655292,1.3858199559332705
T000429,0.20147193295392285,0.20147193295392285,0.3833693638048178,0.4476624685868984,0.8941419464664898,0.8941419464664898,0.8941419464664898,0.4476624685868984,0.4476624685868984,0.4476624685868984,0.4476624685868984,0.5936288682551543
T000430,0.17704931229170245,0.17704931229170245,0.17704931229170245,0.17704931229170245,0.2510016747452281,0.2510016747452281,0.19553593154102364,0.19553593154102364,0.19553593154102364,0.19553593154102364,0.19553593154102364,0.27985333581950717
T000431,0.1514276347627891,0.1514276347627891,0.1514276347627891,0.1904897624384804,0.1904897624384804,0.1904897624384804,0.11818213251225093,0.11818213251225093,0.11818213251225093,0.1392696236272817,0.1392696236272817,0.8299319475052936
T000432,0.9166542756193737,0.9166542756193737,0.9166542756193737,1.2838069617214187,1.1785134464933933,1.1785134464933933,1.1847947505217362,1.2838069617214187,1.269064233880066,1.1785134464933933,1.1785134464933933,1.2984653402152828
T000433,0.7199923815633825,0.7199923815633825,1.0071777219063118,1.0071777219063118,0.7704810267411395,1.0932793550734472,1.0932793550734472,1.0932793550734472,1.0932793550734472,0.9735305646201321,0.9990350053872644,0.8675798196277623
T000434,1.3915173823153326,1.3915173823153326,1.3915173823153326,1.3761368205117328,0.6905029741693995,0.7170901534044896,0.6631613678901309,0.6905029741693995,0.6905029741693995,0.6905029741693995,0.6905029741693995,0.8119565874293279
T000435,0.8208680972940436,0.8208680972940436,0.8208680972940436,0.5780802265942488,0.8283685920828938,0.5780802265942488,0.5780802265942488,0.5780802265942488,0.5780802265942488,0.5780802265942488,0.5780802265942488,0.5462256200325575
T000436,0.48161296263114634,0.48161296263114634,0.4581403478107211,0.4581403478107211,0.46452322398811435,0.4573120470862682,0.4581403478107211,0.4581403478107211,0.4581403478107211,0.4581403478107211,0.4573120470862682,0.5168679401239801
T000437,0.32264659320843014,0.32264659320843014,0.32264659320843014,0.27350481313276453,0.252740027901497,0.26712202854449535,0.26712202854449535,0.27350481313276453,0.27350481313276453,0.27350481313276453,0.27350481313276453,0.31489308442434855
T000438,0.892467093747292,0.892467093747292,0.892467093747292,0.892467093747292,0.892467093747292,0.892467093747292,0.892467093747292,0.892467093747292,0.892467093747292,0.892467093747292,0.892467093747292,0.8622173665526666
T000439,2.1978071002569752,0.6674034528591438,0.6674034528591438,1.1411057465926553,1.1411057465926553,1.1411057465926553,1.2844458801557854,1.2844458801557854,0.9886892571856124,0.9886892571856124,0.9886892571856124,1.199626901301668
T000440,1.9954032522854117,1.9954032522854117,1.3513251765100507,1.3513251765100507,1.4717410882139572,1.4717410882139572,1.4717410882139572,0.7162456079412192,0.7162456079412192,0.7162456079412192,0.5292799119714794,1.3182488382416315
T000441,1.1120645299952407,1.1120645299952407,1.1120645299952407,1.1120645299952407,0.9407801926353783,0.8427376551439565,0.825502890078164,0.8368862506390977,0.8368862506390977,0.8368862506390977,0.8368862506390977,1.0324197289977766
T000442,1.278142018445468,1.278142018445468,1.278142018445468,1.278142018445468,1.2013658135216136,1.2013658135216136,1.154519495345936,0.975683063123466,0.975683063123466,0.975683063123466,0.975683063123466,1.1556547438118987
T000443,0.2224244284360364,0.2224244284360364,0.2224244284360364,0.2224244284360364,0.19858710429209656,0.20358362964512305,0.19858710429209656,0.19858710429209656,0.19858710429209656,0.19858710429209656,0.19858710429209656,0.19858710429209656
T000444,0.6710553705245629,0.6710553705245629,0.6710553705245629,0.6710553705245629,0.8330377487012284,0.8237428338268196,0.8359358096731361,0.8359358096731361,0.8359358096731361,0.8359358096731361,0.8359358096731361,0.9266253458425693
T000445,0.22451760992755185,0.22451760992755185,0.2167239709030032,0.2501027631182131,0.2501027631182131,0.2501027631182131,0.29071331751173446,0.31078116207236534,0.29071331751173446,0.3224731985850376,0.3224731985850376,0.3224731985850376
T000446,0.21880733944954628,0.21880733944954628,0.21880733944954628,0.20035686233285552,0.35240471202174845,0.4045092997333503,0.20035686233285552,0.20035686233285552,0.20035686233285552,0.20035686233285552,0.20035686233285552,0.20035686233285552
T000447,0.3800034250837506,0.3800034250837506,0.34983461043870984,0.3670422575794856,0.3800034250837506,0.37264409997646764,0.37264409997646764,0.368703404317379,0.37264409997646764,0.37264409997646764,0.37264409997646764,0.3800034250837506
T000448,0.3393098129940247,0.3393098129940247,0.497802975100459,0.45509898222590217,0.45509898222590217,0.45509898222590217,0.5229669238327892,0.5229669238327892,0.5229669238327892,0.5229669238327892,0.5229669238327892,0.5229669238327892
T000449,0.16783236283529004,0.16783236283529004,0.16783236283529004,0.16858660030929942,0.21655611630827362,0.19833288874503385,0.232645608657074,0.16222659495343358,0.16222659495343358,0.16222659495343358,0.44373277081584844,0.44373277081584844
T000450,1.693631181275383,1.693631181275383,1.9340700699606703,2.2826024152222746,3.2128122781748982,2.2826024152222746,2.2826024152222746,2.2826024152222746,2.2826024152222746,2.2826024152222746,2.2826024152222746,2.179194279415193
T000451,0.5645192796030764,0.5645192796030764,0.5645192796030764,0.5645192796030764,0.5645192796030764,0.5645192796030764,0.5645192796030764,0.5641159849856614,0.5874584369475061,0.595669414536735,0.595669414536735,0.9600443119318149
T000452,1.1622392649401747,1.1622392649401747,1.1622392649401747,1.1621372701679054,0.6680281234437382,0.6680281234437382,0.6680281234437382,0.5184132344699142,0.5781447205925111,0.5781447205925111,0.5781447205925111,0.6386470875666398
T000453,0.48161296263114634,0.48161296263114634,0.4581403478107211,0.4581403478107211,0.46452322398811435,0.4573120470862682,0.4581403478107211,0.4581403478107211,0.4581403478107211,0.4581403478107211,0.4573120470862682,0.5168679401239801
T000454,0.8202381652599281,0.8202381652599281,0.6224028050407567,0.6224028050407567,0.6224028050407567,0.6224028050407567,0.6224028050407567,0.6224028050407567,0.6224028050407567,0.6224028050407567,0.6224028050407567,1.137528316893359
T000455,1.2485011602529332,1.2485011602529332,1.2485011602529332,1.2895012958974477,1.2895012958974477,1.0682047903773326,1.0682047903773326,1.0682047903773326,0.25947320796342566,0.25947320796342566,0.25947320796342566,1.3812416346173908
T000456,0.6827347496109979,0.6827347496109979,0.6827347496109979,0.8830424832945601,0.746158557275258,0.743286663506859,0.743286663506859,0.743286663506859,0.743286663506859,0.743286663506859,0.743286663506859,0.6829999446133183
T000457,1.089756209079775,1.089756209079775,0.7233892160905578,0.7233892160905578,0.8744806447396881,0.7233892160905578,0.7233892160905578,0.7233892160905578,0.7233892160905578,0.7233892160905578,0.7233892160905578,0.7233892160905578
T000458,0.7716977350170375,0.7716977350170375,0.7716977350170375,0.6828814693377692,0.6828814693377692,1.3334929828207494,1.3334929828207494,1.3334929828207494,0.6975539190545821,0.6975539190545821,1.4506077494996936,0.6401740181757172
T000459,0.5953276720771099,0.5953276720771099,0.4496327633558275,0.534578600315393,0.534578600315393,0.534578600315393,0.534578600315393,0.534578600315393,0.534578600315393,0.534578600315393,0.534578600315393,0.42045193403102543
T000460,1.278142018445468,1.278142018445468,1.278142018445468,1.278142018445468,1.2013658135216136,1.2013658135216136,1.154519495345936,0.975683063123466,0.975683063123466,0.975683063123466,0.975683063123466,1.1556547438118987
T000461,0.7136563332401892,0.7136563332401892,0.7136563332401892,0.7136563332401892,0.7136563332401892,0.42673967753069864,0.45807217721812865,0.38263915586957675,0.38263915586957675,0.38263915586957675,0.38263915586957675,0.5095214622194003
T000462,1.5384175741956903,1.5384175741956903,0.41612585061206014,0.41612585061206014,0.41612585061206014,0.41612585061206014,0.795015059336741,0.795015059336741,0.8284398194482984,0.8337158759637421,0.8337158759637421,0.7526881311865165
T000463,0.861478798467904,0.861478798467904,0.861478798467904,0.7591038556121422,0.8662183359402035,0.8662183359402035,0.8734232943771614,0.8734232943771614,0.8734232943771614,0.8734232943771614,0.8734232943771614,0.9941280025943342
T000464,0.5835026266567638,0.5835026266567638,0.5835026266567638,0.5203089305987001,0.46477734203550614,0.3925292593175927,0.3925292593175927,0.3925292593175927,0.3925292593175927,0.3925292593175927,0.43500347240918014,0.8963725108651256
T000465,0.12895700169336305,0.12895700169336305,0.12895700169336305,0.12895700169336305,0.12895700169336305,0.12895700169336305,0.32817397205521937,0.07755091927610713,0.07755091927610713,0.07755091927610713,0.07755091927610713,0.4758343541905229
T000466,1.1189464977799874,0.37269918844553024,0.37269918844553024,0.46814414662389586,0.37269918844553024,0.4727263233998794,0.4252588470366973,0.15062099161065828,0.15062099161065828,0.15062099161065828,0.15062099161065828,0.691141912208823
T000467,1.3202739614334105,1.3202739614334105,1.2109143892080916,0.9818059856909849,0.9818059856909849,0.9818059856909849,0.9818059856909849,0.9291617402938219,0.9130414105919927,0.9130414105919927,0.9130414105919927,0.38150734501528555
T000468,0.7218346464020622,0.7218346464020622,0.7218346464020622,0.6560572770372401,0.7218346464020622,1.1773040861190125,1.1773040861190125,1.1036505103087662,1.1036505103087662,0.3796169067265433,0.3796169067265433,0.15314096690870396
T000469,0.8728122536906616,0.8728122536906616,0.8728122536906616,0.9420656829575975,1.1168222413370925,0.7726966688089525,0.7726966688089525,0.7726966688089525,0.7726966688089525,0.7726966688089525,0.7726966688089525,1.5331134096494796
T000470,1.145875978850728,1.145875978850728,0.7660139045687852,0.7660139045687852,0.7660139045687852,0.7660139045687852,0.8145179939634917,1.3886128615005096,1.3886128615005096,1.3886128615005096,1.3886128615005096,1.4227589841278467
T000471,0.6888871279058575,0.6888871279058575,0.28610618652902803,0.33996707807037,0.4099712099046763,0.4099712099046763,0.41006610429204976,0.18655905574185105,0.18954070912783033,0.13387250726548308,0.13387250726548308,0.6599309178277393
T000472,0.3943110202691194,0.947244104190558,0.2548162697352616,2.394588078884681,0.27549366100222455,0.4698554135347559,0.4698554135347559,0.35994697302309375,0.35994697302309375,0.35994697302309375,0.35994697302309375,0.45704518334507044
T000473,2.729347329986308,2.729347329986308,2.729347329986308,2.526977456867847,2.440447960547884,3.1814314862869377,2.323029329443936,2.323029329443936,2.253239836996047,2.253239836996047,2.253239836996047,2.3194441231187706
T000474,2.558238939944421,2.558238939944421,0.9850364796103899,1.1378858746606162,1.1378858746606162,0.8544453952413925,1.2511201915858594,1.5297288752917984,1.5297288752917984,1.5297288752917984,1.5297288752917984,1.3725755240549962
T000475,2.5767129602747914,2.753860709658739,2.6933812798139734,2.0857523509389426,3.280098513590202,3.1253115972992855,3.358016067558954,3.279168288686007,3.360775290440732,3.360775290440732,3.360775290440732,2.8792566665755155
T000476,6.498704831200926,2.789132166005408,2.789132166005408,2.789132166005408,2.789132166005408,2.789132166005408,3.0960686464197966,3.5014273854817266,3.5014273854817266,3.5014273854817266,3.5014273854817266,5.622769864272895
T000477,0.5800518925518928,0.5800518925518928,0.626343778204744,0.6342583479800198,0.626343778204744,0.626343778204744,0.6250211267680308,0.28746947496947484,0.28746947496947484,0.28746947496947484,0.28746947496947484,0.3762795918539535
T000478,2.260070855357731,2.260070855357731,1.798356193329478,1.798356193329478,1.798356193329478,1.798356193329478,0.6040788002638917,0.6040788002638917,0.6040788002638917,0.6040788002638917,0.6040788002638917,1.1863744920712174
T000479,2.4720886293369926,2.4720886293369926,0.407573092157076,0.407573092157076,0.6034392846124165,0.407573092157076,0.3487336814500559,0.5813747132371674,0.5489951906561327,0.1953490124778461,0.1953490124778461,0.5489951906561327
T000480,2.1026202759259682,2.1026202759259682,2.1026202759259682,0.4262804610707668,0.4262804610707668,0.4262804610707668,0.2795379296008953,0.39162731597162287,0.5155270873014234,0.5155270873014234,0.5155270873014234,0.40520563217445954
T000481,0.4544550517104216,1.5952292093259746,1.230872007443483,1.230872007443483,0.9299285579991883,0.8080681892984101,0.8080681892984101,0.8080681892984101,0.8829078815984318,0.8829078815984318,0.8829078815984318,0.2651251461447125
T000482,1.09162426394744,1.09162426394744,1.09162426394744,0.5434555001042176,0.5434555001042176,0.5434555001042176,0.8880579636109184,0.7891831295091286,0.7733884333106674,0.7891831295091286,0.7891831295091286,0.7864134856861543
T000483,1.5384175741956903,1.5384175741956903,0.41612585061206014,0.41612585061206014,0.41612585061206014,0.41612585061206014,0.795015059336741,0.795015059336741,0.8284398194482984,0.8337158759637421,0.8337158759637421,0.7526881311865165
T000484,3.7639748628992393,3.7639748628992393,3.7639748628992393,1.7466952550112909,1.7466952550112909,1.7466952550112909,2.1318038055767436,1.714376767388059,2.7751599467861205,2.7751599467861205,2.7751599467861205,1.6621484402822844
T000485,1.347199176059964,1.347199176059964,1.347199176059964,1.2086650517792745,1.7078939278621186,1.759947640906215,1.0483076162377294,1.0483076162377294,1.0483076162377294,1.759947640906215,1.759947640906215,0.7659742674468577
T000486,0.8035178035178008,0.8035178035178008,0.8035178035178008,0.4470965000799331,0.4470965000799331,0.47951551940265497,0.47951551940265497,0.27587026745108445,0.27587026745108445,0.27587026745108445,0.27587026745108445,0.6246844492789071
T000487,1.5384175741956903,1.5384175741956903,0.41612585061206014,0.41612585061206014,0.41612585061206014,0.41612585061206014,0.795015059336741,0.795015059336741,0.8284398194482984,0.8337158759637421,0.8337158759637421,0.7526881311865165
T000488,2.1094281825274472,2.1094281825274472,0.8132441411401148,0.8132441411401148,0.8132441411401148,2.3225373933248203,1.3971216870903391,1.3971216870903391,1.3971216870903391,1.3971216870903391,1.3971216870903391,1.3971216870903391
T000489,0.6495991797715608,0.6495991797715608,0.9470725823256902,0.9470725823256902,0.9470725823256902,0.9150147726352338,0.9150147726352338,1.0376227351455394,1.0376227351455394,1.0376227351455394,1.0376227351455394,0.16165568835330815
T000490,0.7218346464020622,0.7218346464020622,0.7218346464020622,0.6560572770372401,0.7218346464020622,1.1773040861190125,1.1773040861190125,1.1036505103087662,1.1036505103087662,0.3796169067265433,0.3796169067265433,0.15314096690870396
T000491,0.6847052604269815,0.6847052604269815,0.6847052604269815,0.9968159721515906,0.6491443967455974,0.5250084865651962,0.5250084865651962,0.32645458177790193,0.32645458177790193,0.32645458177790193,0.32645458177790193,0.42315697475590114
T000492,0.5661162022086025,0.5661162022086025,0.8846304901857076,0.9777420617884427,0.8846304901857076,0.8406086819896399,0.9058183433871136,0.9058183433871136,0.9058183433871136,0.9058183433871136,0.9058183433871136,0.9058183433871136
T000493,1.6881625441696122,1.6881625441696122,1.6881625441696122,0.7937851235239339,0.7937851235239339,0.7937851235239339,0.5852234341156863,0.5852234341156863,0.8733765491947861,0.6023329273689,0.6023329273689,0.27988291796468207
T000494,0.7218346464020622,0.7218346464020622,0.7218346464020622,0.6560572770372401,0.7218346464020622,1.1773040861190125,1.1773040861190125,1.1036505103087662,1.1036505103087662,0.3796169067265433,0.3796169067265433,0.15314096690870396
T000495,0.47638533224213925,0.47638533224213925,0.47638533224213925,0.4052620106563709,0.4306094756116892,0.530692302413184,0.530692302413184,0.29220482550872967,0.29220482550872967,0.44049230439470444,0.44049230439470444,0.3390498523282512
T000496,0.2682015289985233,0.2682015289985233,0.2682015289985233,0.2682015289985233,0.2682015289985233,0.2682015289985233,0.942580606023575,0.942580606023575,0.942580606023575,0.942580606023575,0.942580606023575,0.20730769470738686
T000497,0.5114575568016102,0.5114575568016102,0.5114575568016102,0.43783820134773854,0.43783820134773854,0.43783820134773854,0.43783820134773854,0.3556092509399111,0.4167306336043143,0.4167306336043143,0.4167306336043143,0.415912690172532
T000498,1.7461220268872881,1.7461220268872881,1.7461220268872881,1.7386167715003424,1.7386167715003424,1.7386167715003424,1.7781001774874108,1.765723482892421,1.9765089188268814,1.3403789206554242,1.3403789206554242,2.114270941054811
T000499,2.2872464443926406,2.2872464443926406,1.4220585320219037,1.4220585320219037,1.4220585320219037,0.3004242444938564,0.41335690563378247,0.41335690563378247,0.41335690563378247,0.41335690563378247,0.41335690563378247,0.42511852024559155
T000500,0.7776738532265389,0.7776738532265389,0.7776738532265389,0.7776738532265389,0.7776738532265389,0.7776738532265389,0.7776738532265389,0.7776738532265389,0.7776738532265389,0.7776738532265389,0.8640531710952711,0.22666353420243518
T000501,0.3481324363673775,0.3481324363673775,0.3481324363673775,0.3481324363673775,0.3481324363673775,0.3481324363673775,0.21624652657509336,0.26478118049491417,0.26478118049491417,0.26478118049491417,0.26478118049491417,0.5623924324209836
T000502,1.1189464977799874,0.37269918844553024,0.37269918844553024,0.46814414662389586,0.37269918844553024,0.4727263233998794,0.4252588470366973,0.15062099161065828,0.15062099161065828,0.15062099161065828,0.15062099161065828,0.691141912208823
T000503,0.7797172796451691,0.7797172796451691,0.7797172796451691,0.7797172796451691,0.312946684722937,0.312946684722937,0.223339239969021,0.22970004456335796,0.22970004456335796,0.22970004456335796,0.3137924197062003,0.7797172796451691
T000504,0.22773887173387286,0.22773887173387286,0.22773887173387286,0.22773887173387286,0.2293934819264601,0.22765310003804454,0.22765310003804454,0.22765310003804454,0.2293934819264601,0.2293934819264601,0.2293934819264601,0.22765310003804454
T000505,3.320167677064146,3.320167677064146,3.170553935860052,3.170553935860052,1.6757678619926086,1.6757678619926086,1.6757678619926086,1.6757678619926086,1.6757678619926086,1.6757678619926086,1.6757678619926086,1.4547199385274767
T000506,0.5796157994610261,0.5796157994610261,0.5796157994610261,0.4873362527676272,0.4873362527676272,0.4565712044475809,0.4123420716883905,0.4528232266631121,0.4528232266631121,0.4528232266631121,0.4528232266631121,0.8944906250678669
T000507,0.9761665875610583,0.9761665875610583,0.9761665875610583,0.9761665875610583,0.9761665875610583,0.6809230443264322,0.6809230443264322,0.6809230443264322,0.6809230443264322,0.6809230443264322,0.6809230443264322,1.2059098764814926
T000508,0.2582002708363448,0.2582002708363448,0.34148998077584414,0.34148998077584414,0.34148998077584414,0.2793946449359723,0.34148998077584414,0.34148998077584414,0.34148998077584414,0.2582002708363448,0.2582002708363448,0.3234585715873773
T000509,0.9752552711552106,0.9752552711552106,0.9752552711552106,1.9603461475562372,1.7643421209571097,1.7643421209571097,1.955407877756801,1.955407877756801,1.955407877756801,1.955407877756801,1.9427266757337192,1.8362416107382549
T000510,2.5855400029083575,2.5855400029083575,2.691876750700271,2.2731651674789854,2.2790433065841396,2.2790433065841396,2.2790433065841396,2.2790433065841396,2.2790433065841396,2.2790433065841396,2.2790433065841396,2.2509845735545326
T000511,3.1283783783783723,3.1283783783783723,3.1283783783783723,3.1283783783783723,3.1283783783783723,0.837213779161388,0.5196569297287891,0.5196569297287891,0.40652518193451864,0.40652518193451864,0.40652518193451864,0.40652518193451864
T000512,1.3616404604754964,1.3616404604754964,1.3616404604754964,1.3616404604754964,1.3616404604754964,1.889865133375852,1.889865133375852,1.889865133375852,1.889865133375852,1.889865133375852,1.889865133375852,1.6394975679025985
T000513,1.5657894736841866,1.5657894736841866,1.5657894736841866,1.8629037142848344,1.6258542587376685,1.660695581563697,1.660695581563697,1.5463775962489428,1.5463775962489428,1.5463775962489428,1.5463775962489428,1.6233552631578947
T000514,0.3164223380188007,0.3164223380188007,0.3164223380188007,0.31929308309157217,0.31929308309157217,0.22222437161719447,0.22222437161719447,0.22222437161719447,0.22222437161719447,0.22222437161719447,0.22222437161719447,0.1839622772191448
T000515,0.4960197259479757,0.4960197259479757,0.4960197259479757,0.4960197259479757,0.43547543462777444,0.525996443142587,0.525996443142587,0.525996443142587,0.43547543462777444,0.43547543462777444,0.43547543462777444,0.525996443142587
T000516,0.1758635653433975,0.1758635653433975,0.1758635653433975,0.19047969754411395,0.19047969754411395,0.17984992965452554,0.17984992965452554,0.23001801925154852,0.23001801925154852,0.23001801925154852,0.23001801925154852,0.17094140284829878
T000517,0.6977249862798651,0.6977249862798651,0.6977249862798651,1.1958585952436778,1.1958585952436778,0.606166877001408,0.6140982709544065,0.6140982709544065,0.4458833619210978,0.4458833619210978,0.4458833619210978,0.4458833619210978
T000518,0.6100107066381195,0.6100107066381195,0.6100107066381195,0.6100107066381195,0.6100107066381195,0.8072527890057064,0.8072527890057064,0.8072527890057064,0.394271948608137,0.394271948608137,0.394271948608137,0.394271948608137
T000519,0.47661037214168284,0.47661037214168284,0.22746295673827618,0.22746295673827618,0.3109965834025846,0.3109965834025846,0.3109965834025846,0.3109965834025846,0.3109965834025846,0.3109965834025846,0.3109965834025846,0.45858166540874146
T000520,0.22266518455906736,0.22266518455906736,0.3750000000000081,0.3750000000000081,0.3750000000000081,0.3750000000000081,0.3750000000000081,0.3750000000000081,0.2802650395724498,0.2802650395724498,0.2802650395724498,0.7076735852847496
T000521,0.8948287148156229,0.8948287148156229,0.8948287148156229,0.8948287148156229,0.7372185712579659,0.7372185712579659,0.7372185712579659,0.7372185712579659,0.7372185712579659,0.7372185712579659,0.7372185712579659,0.7372185712579659
T000522,0.2582002708363448,0.2582002708363448,0.34148998077584414,0.34148998077584414,0.34148998077584414,0.2793946449359723,0.34148998077584414,0.34148998077584414,0.34148998077584414,0.2582002708363448,0.2582002708363448,0.3234585715873773
T000523,0.5116042976082561,0.5116042976082561,0.5116042976082561,0.5116042976082561,0.9841154283599924,0.7966432880878005,0.7966432880878005,0.7966432880878005,0.7966432880878005,0.7280871020131902,0.7280871020131902,0.5116042976082561
T000524,0.2780644741050519,0.2780644741050519,0.2780644741050519,0.26142561183692853,0.27182243824057684,0.27182243824057684,0.2756999594981857,0.2756999594981857,0.2756999594981857,0.2756999594981857,0.2756999594981857,0.2423012597899922
T000525,2.3794736842105304,2.3794736842105304,2.3794736842105304,2.3794736842105304,2.391340055259995,2.391340055259995,2.269335558791575,2.269335558791575,2.269335558791575,2.269335558791575,2.269335558791575,2.3921052631578945
T000526,0.2582002708363448,0.2582002708363448,0.34148998077584414,0.34148998077584414,0.34148998077584414,0.2793946449359723,0.34148998077584414,0.34148998077584414,0.34148998077584414,0.2582002708363448,0.2582002708363448,0.3234585715873773
T000527,0.5212500000000033,0.5212500000000033,0.5212500000000033,0.47259480553616606,0.9502743637108025,0.9502743637108025,0.9502743637108025,0.9502743637108025,0.9502743637108025,0.9502743637108025,0.9502743637108025,0.9787499999999999
T000528,0.4034218765182179,0.4034218765182179,0.4034218765182179,0.4034218765182179,0.4034218765182179,0.4034218765182179,0.4034218765182179,0.4034218765182179,0.4034218765182179,0.4034218765182179,0.4034218765182179,0.4034218765182179
T000529,1.5657894736841866,1.5657894736841866,1.5657894736841866,1.8629037142848344,1.6258542587376685,1.660695581563697,1.660695581563697,1.5463775962489428,1.5463775962489428,1.5463775962489428,1.5463775962489428,1.6233552631578947
T000530,2.11614730878187,2.11614730878187,2.11614730878187,2.11785351190635,1.6838834755514478,2.2147340191683025,2.2147340191683025,2.2147340191683025,2.2147340191683025,2.2147340191683025,2.2147340191683025,3.1504601557160483
T000531,1.109106185565652,1.109106185565652,1.109106185565652,1.109106185565652,1.109106185565652,1.109106185565652,1.109106185565652,1.109106185565652,1.109106185565652,1.109106185565652,1.109106185565652,1.109106185565652
T000532,1.8537530266343818,1.8537530266343818,1.8537530266343818,1.5835984597478414,1.618510477717906,1.618510477717906,1.618510477717906,1.618510477717906,1.6184019370460048,1.6184019370460048,1.6184019370460048,1.6184019370460048
T000533,3.320167677064146,3.320167677064146,3.170553935860052,3.170553935860052,1.6757678619926086,1.6757678619926086,1.6757678619926086,1.6757678619926086,1.6757678619926086,1.6757678619926086,1.6757678619926086,1.4547199385274767
T000534,2.542217065884039,2.542217065884039,2.542217065884039,2.542217065884039,0.9908480184692586,0.9908480184692586,0.9908480184692586,0.9908480184692586,0.9908480184692586,0.8979743146800127,0.8979743146800127,2.308152793614595
T000535,2.5855400029083575,2.5855400029083575,2.691876750700271,2.2731651674789854,2.2790433065841396,2.2790433065841396,2.2790433065841396,2.2790433065841396,2.2790433065841396,2.2790433065841396,2.2790433065841396,2.2509845735545326
T000536,0.7737999479260315,0.7737999479260315,0.7923832923832957,0.7923832923832957,3.3635649460195363,3.3635649460195363,3.3635649460195363,3.3635649460195363,3.3635649460195363,3.3635649460195363,3.3635649460195363,3.3635649460195363
T000537,2.0712092570913074,2.0712092570913074,3.4118767313019167,3.4118767313019167,1.721870051823972,1.721870051823972,1.721870051823972,1.721870051823972,1.721870051823972,1.721870051823972,1.0084631521380565,1.0084631521380565
T000538,0.27225939083589956,0.27225939083589956,0.27225939083589956,0.27225939083589956,0.2526614564742448,0.2526614564742448,0.2526614564742448,0.2526614564742448,0.2526614564742448,0.2526614564742448,0.2526614564742448,0.24352495262160456
T000539,0.22536103369647556,0.22536103369647556,0.22536103369647556,0.23682861524001178,0.23682861524001178,0.2690849057655455,0.2690849057655455,0.2690849057655455,0.22788240093114867,0.22788240093114867,0.22788240093114867,0.7557464652186565
T000540,0.7797172796451691,0.7797172796451691,0.7797172796451691,0.7797172796451691,0.312946684722937,0.312946684722937,0.223339239969021,0.22970004456335796,0.22970004456335796,0.22970004456335796,0.3137924197062003,0.7797172796451691
T000541,1.0275658391417632,1.0275658391417632,1.0275658391417632,2.466485372021509,2.466485372021509,2.2101085881033216,2.2101085881033216,2.2101085881033216,2.478392946230206,2.478392946230206,2.478392946230206,2.276649746192893
T000542,0.9752552711552106,0.9752552711552106,0.9752552711552106,1.9603461475562372,1.7643421209571097,1.7643421209571097,1.955407877756801,1.955407877756801,1.955407877756801,1.955407877756801,1.9427266757337192,1.8362416107382549
T000543,1.0958213256484228,1.0958213256484228,1.0958213256484228,0.9741985516300168,1.4929901488400348,1.4929901488400348,1.4929901488400348,1.4929901488400348,1.4929901488400348,1.4929901488400348,1.4929901488400348,1.2900013311664
T000544,0.47518617236076965,0.47518617236076965,0.47518617236076965,0.47518617236076965,0.7322984200282514,0.7322984200282514,0.7322984200282514,0.7322984200282514,0.7322984200282514,0.7322984200282514,0.7322984200282514,0.743417176059058
T000545,1.3820474777448133,1.3820474777448133,1.3820474777448133,2.638892092129679,2.791087948367999,2.791087948367999,2.791087948367999,2.791087948367999,2.791087948367999,2.785173078220934,2.785173078220934,1.3820474777448133
T000546,0.5852356262875195,0.5852356262875195,0.5852356262875195,0.29438150823343145,0.29438150823343145,0.3143153526970945,0.29438150823343145,0.29438150823343145,0.29438150823343145,0.29438150823343145,0.29438150823343145,0.5852356262875195
T000547,0.7797172796451691,0.7797172796451691,0.7797172796451691,0.7797172796451691,0.312946684722937,0.312946684722937,0.223339239969021,0.22970004456335796,0.22970004456335796,0.22970004456335796,0.3137924197062003,0.7797172796451691
T000548,0.9752552711552106,0.9752552711552106,0.9752552711552106,1.9603461475562372,1.7643421209571097,1.7643421209571097,1.955407877756801,1.955407877756801,1.955407877756801,1.955407877756801,1.9427266757337192,1.8362416107382549
T000549,1.4896266633889526,1.4896266633889526,0.30652606898854934,0.30652606898854934,0.3118947063603722,0.5029297868593267,0.5102608557645787,0.5102608557645787,0.5102608557645787,0.5102608557645787,0.5102608557645787,0.5735761024536417
T000550,1.6014627090901237,1.6014627090901237,1.6014627090901237,1.6014627090901237,1.6014627090901237,1.6014627090901237,1.6014627090901237,1.6014627090901237,1.6014627090901237,1.6014627090901237,1.6014627090901237,2.2840693768141223
T000551,0.247387428483407,0.247387428483407,0.247387428483407,0.247387428483407,0.247387428483407,0.21605591602832028,0.18264888258994386,0.18264888258994386,0.18264888258994386,0.18264888258994386,0.18264888258994386,0.6378754929805399
T000552,1.5237356745352664,2.098870428529262,2.098870428529262,2.098870428529262,1.146770267911237,1.4592439705700797,1.4592439705700797,2.2627344360532877,2.2627344360532877,1.168760935029161,1.168760935029161,1.2010084635144243
T000553,0.2564229929246065,0.2564229929246065,0.2564229929246065,0.2564229929246065,0.6572818038495812,0.6572818038495812,0.5787077827881258,0.5787077827881258,0.5787077827881258,0.5787077827881258,0.5787077827881258,0.3542305927672011
T000554,1.0412663950272072,1.0412663950272072,0.3228168433004544,0.28873684755654716,0.33546712145480845,0.2973700781501077,0.2973700781501077,0.2973700781501077,0.2973700781501077,0.2973700781501077,0.2973700781501077,0.756962149838158
T000555,2.177764158050898,2.177764158050898,2.177764158050898,2.177764158050898,2.1629522736179867,2.1629522736179867,2.0715676305369737,1.8064901071942288,2.0715676305369737,2.0715676305369737,2.0715676305369737,2.10062700854487
T000556,0.29358896672191614,0.29358896672191614,0.29358896672191614,0.29358896672191614,0.29358896672191614,0.23113580890018454,0.24195128366439325,0.29358896672191614,0.29358896672191614,0.29358896672191614,0.29358896672191614,0.34619751975572916
T000557,1.1415389485069527,1.1415389485069527,1.1415389485069527,2.697842464999897,2.697842464999897,2.7134716888157695,0.24245982040577582,0.24245982040577582,0.24245982040577582,0.24245982040577582,0.24245982040577582,1.1422332692988437
T000558,0.7315807548465718,0.7315807548465718,0.7315807548465718,0.5192898251481328,0.5089846842798147,0.5192898251481328,0.5089846842798147,0.5623971415088288,0.5350775679741592,0.5192898251481328,0.5192898251481328,0.6542985141635657
T000559,0.41763341067286375,0.41763341067286375,0.41763341067286375,0.41763341067286375,0.3593675109743577,0.41763341067286375,0.3216127774741111,0.3216127774741111,0.3216127774741111,0.3216127774741111,0.3216127774741111,0.5236587362691838
T000560,1.5102985638700026,1.5102985638700026,1.5102985638700026,0.5216300713692997,0.5216300713692997,0.9907912864723737,1.0040941282874658,0.47835624435760477,0.47835624435760477,0.47835624435760477,0.7453527550017298,0.9359679195095573
T000561,1.5966715049870452,1.5966715049870452,1.624077137839077,1.624077137839077,0.6801696065589824,0.6801696065589824,0.5837978952392123,0.5097156505600859,0.5097156505600859,0.5097156505600859,0.5097156505600859,0.5097156505600859
T000562,0.19056261343012706,0.19056261343012706,0.19056261343012706,0.5423997008291429,0.26420131867520213,0.26420131867520213,0.5843849452183185,0.5843849452183185,0.5843849452183185,0.5843849452183185,0.5843849452183185,0.340152098101252
T000563,1.6318556512268338,1.6318556512268338,1.6318556512268338,1.6318556512268338,1.6318556512268338,1.654001279599355,1.5180992580632562,1.9542409779401884,1.11452248118174,1.9542409779401884,1.9542409779401884,1.060806218571115
T000564,0.15840840840841933,0.15840840840841933,0.15840840840841933,0.24314092227967074,0.24314092227967074,0.1297485576973781,0.24361375975998437,0.24361375975998437,0.24361375975998437,0.24361375975998437,0.24361375975998437,0.7571476249460348
T000565,0.5041216906510095,0.5041216906510095,0.5041216906510095,0.521494517260032,0.49655403120870073,0.5332710019230544,0.5301548181613227,0.5301548181613227,0.5301548181613227,0.5301548181613227,0.5301548181613227,0.49979305560550835
T000566,2.067638637120828,2.067638637120828,1.7133224858883482,1.7133224858883482,1.7133224858883482,1.6372418669188262,1.7471863892636184,1.7471863892636184,1.7471863892636184,1.7471863892636184,1.7471863892636184,1.5967470191635182
T000567,1.5188137416452825,1.5188137416452825,1.5188137416452825,1.5188137416452825,1.5188137416452825,1.5188137416452825,1.2409162620357517,2.021012875206985,1.3658075632993736,1.3658075632993736,1.5054176293125658,2.6010871034079694
T000568,5.143656138826272,5.143656138826272,2.1474023804406954,2.1474023804406954,2.1474023804406954,1.6512028076758667,2.32369150850104,2.32369150850104,2.32369150850104,2.32369150850104,2.32369150850104,3.3845996590803966
T000569,0.5244962847623973,0.5244962847623973,0.5244962847623973,0.5244962847623973,0.5006859301674007,0.5006859301674007,0.47925468223136286,0.5006859301674007,0.5006859301674007,0.4901153663120803,0.4901153663120803,0.4882717113873638
T000570,1.7211078714228902,1.7211078714228902,1.7211078714228902,1.6885316526268157,1.6885316526268157,1.6885316526268157,1.6296131933232298,1.6296131933232298,1.6296131933232298,1.6296131933232298,1.8673672378812207,1.6858841102030744
T000571,1.5188137416452825,1.5188137416452825,1.5188137416452825,1.5188137416452825,1.5188137416452825,1.5188137416452825,1.2409162620357517,2.021012875206985,1.3658075632993736,1.3658075632993736,1.5054176293125658,2.6010871034079694
T000572,0.25783172699042395,0.25783172699042395,0.25783172699042395,0.25783172699042395,0.40887090151433253,0.33258435053766844,0.33258435053766844,0.40887090151433253,0.40887090151433253,0.40887090151433253,0.38920226271589,0.25783172699042395
T000573,2.105206271883085,2.105206271883085,2.105206271883085,2.105206271883085,2.215952424741729,2.215952424741729,2.215952424741729,2.215952424741729,2.215952424741729,1.7259942876094494,1.7259942876094494,2.215952424741729
T000574,0.8212985754595771,0.8212985754595771,1.0467715871670027,1.0467715871670027,2.3746914507117474,3.0655158272134204,3.0655158272134204,3.0655158272134204,3.0655158272134204,3.0655158272134204,3.0655158272134204,3.0655158272134204
T000575,2.806633966587924,2.806633966587924,2.806633966587924,2.806633966587924,2.806633966587924,2.806633966587924,2.4988291430182374,2.4988291430182374,2.4988291430182374,2.556807854834619,2.556807854834619,2.8706833950437725
T000576,1.6014627090901237,1.6014627090901237,1.6014627090901237,1.6014627090901237,1.6014627090901237,1.6014627090901237,1.6014627090901237,1.6014627090901237,1.6014627090901237,1.6014627090901237,1.6014627090901237,2.2840693768141223
T000577,3.752315591078715,3.752315591078715,3.752315591078715,3.752315591078715,3.4262876915650606,1.6715669230200736,1.6715669230200736,1.793390680986739,1.793390680986739,1.793390680986739,1.793390680986739,2.8708832563402007
T000578,2.3242796079879637,2.3242796079879637,2.1744353926649413,2.1744353926649413,2.1744353926649413,2.086258416268182,2.086258416268182,2.086258416268182,2.086258416268182,2.086258416268182,2.086258416268182,2.744566724558253
T000579,1.3418649132199432,1.3418649132199432,1.3418649132199432,1.7702717890262694,2.034255525965223,2.6112208906024077,2.2183036328448145,2.522490059073582,2.522490059073582,2.522490059073582,2.522490059073582,2.522490059073582
T000580,2.550330270287544,2.550330270287544,2.550330270287544,2.550330270287544,2.550330270287544,2.550330270287544,2.457974686716035,2.457974686716035,2.457974686716035,2.457974686716035,2.457974686716035,2.6344070900444674
T000581,2.177764158050898,2.177764158050898,2.177764158050898,2.177764158050898,2.1629522736179867,2.1629522736179867,2.0715676305369737,1.8064901071942288,2.0715676305369737,2.0715676305369737,2.0715676305369737,2.10062700854487
T000582,3.8765191626520834,3.8765191626520834,3.8765191626520834,3.0326087519120004,3.0326087519120004,2.2016471690210335,2.2016471690210335,2.2016471690210335,2.1873970480503098,2.1873970480503098,2.1873970480503098,2.1873970480503098
T000583,2.015739658397959,2.015739658397959,2.081547126114225,2.081547126114225,2.081547126114225,1.9342383116715407,1.9342383116715407,1.9342383116715407,1.9342383116715407,1.9342383116715407,1.9342383116715407,2.2189478522414103
T000584,2.550600582007306,2.550600582007306,2.550600582007306,1.7769250881296694,1.3351325270670225,1.3351325270670225,1.3351325270670225,3.208968007681052,3.255881498600922,3.255881498600922,3.255881498600922,4.456118127153448
T000585,0.37065118077031206,0.37244323672346624,0.37244323672346624,0.3688741673697853,0.5702597651368501,0.6943900295964764,0.6943900295964764,0.6082927196215805,0.6082927196215805,0.6082927196215805,0.6082927196215805,0.6175318015054609
T000586,1.2808186898269711,1.2808186898269711,1.2808186898269711,1.2808186898269711,0.7641958662786826,0.33432931062663873,0.32577126154763514,0.32577126154763514,0.32577126154763514,0.32577126154763514,0.32577126154763514,1.8078534623485423
T000587,1.2249604156283094,1.2249604156283094,1.2249604156283094,1.2249604156283094,0.8006081192920389,0.8006081192920389,0.8006081192920389,0.8382504357514062,0.8382504357514062,0.8382504357514062,0.8382504357514062,1.6920503477327518
T000588,1.1309962100703843,1.1309962100703843,1.1309962100703843,1.5021653663290844,1.5314290777313426,1.5314290777313426,1.5314290777313426,1.5314290777313426,1.5287774928252527,1.5287774928252527,1.5287774928252527,1.361204140272672
T000589,3.233528152204441,3.233528152204441,1.1984619689707385,1.1984619689707385,1.1984619689707385,1.1984619689707385,1.1984619689707385,1.701432306885724,2.387904135608553,1.376140245878042,2.2530388824604524,1.4948421620973384
T000590,0.9677623401988635,0.9677623401988635,1.1705958253320858,1.1196395241416155,1.1196395241416155,0.8293117122358471,0.8293117122358471,0.8293117122358471,0.8293117122358471,1.5357847709087522,1.5357847709087522,1.0898823160546676
T000591,2.9054804285837728,2.9054804285837728,2.3995950321681456,2.3995950321681456,2.3995950321681456,2.3995950321681456,2.452725223143483,2.780321924116329,2.780321924116329,2.780321924116329,2.780321924116329,2.8966019975865738
T000592,1.4622230633600444,1.4622230633600444,1.4622230633600444,1.181643978384708,1.181643978384708,0.160933380841125,1.4072961249913882,0.5370982378661504,0.5370982378661504,0.5370982378661504,0.5370982378661504,1.1762852763051752
T000593,0.8508396023647204,0.8508396023647204,0.8508396023647204,0.8508396023647204,0.8508396023647204,0.8508396023647204,0.8508396023647204,0.9406267283539,0.9406267283539,0.9406267283539,0.9406267283539,0.6525435953841066
T000594,1.2694866920152075,1.2694866920152075,0.8739651074620322,1.1143638311861663,0.6392119615138161,0.8790074776220933,0.9619444235029502,0.9619444235029502,0.8457038014257653,0.8457038014257653,0.8457038014257653,0.14723694619178077
T000595,2.1456630635380964,2.1456630635380964,2.1456630635380964,1.9626265645219503,1.555187827357415,1.555187827357415,1.5981901711027509,1.5981901711027509,1.5981901711027509,1.5981901711027509,1.5981901711027509,1.0971526496177169
T000596,0.6247437561578035,0.6247437561578035,0.6096501171314139,0.6096501171314139,0.6096501171314139,0.6136427833080953,0.6136427833080953,0.6288588896005428,0.6288588896005428,0.6288588896005428,0.6288588896005428,0.5139184491365716
T000597,0.15379512330461373,0.15379512330461373,0.15379512330461373,0.15379512330461373,0.15379512330461373,0.15379512330461373,0.15379512330461373,0.15379512330461373,0.15379512330461373,0.15379512330461373,0.15379512330461373,0.18068973917383307
T000598,0.4913726938129011,0.435512120355098,0.4913726938129011,0.435512120355098,0.435512120355098,0.4430877712968823,0.7105324468590752,0.45665841519556954,0.45665841519556954,0.45665841519556954,0.45665841519556954,0.45665841519556954
T000599,0.5052605261017667,0.5052605261017667,0.4521828906345134,0.4521828906345134,0.5997612598086647,0.265653611739222,0.546178566283621,0.43408732753629997,0.43408732753629997,0.6197772950846279,0.8275001435164254,0.6670884606065801
T000600,0.9163636363636364,0.9163636363636364,0.9163636363636364,0.640324983105512,0.640324983105512,0.640324983105512,0.640324983105512,0.640324983105512,0.46259196382981443,0.5689499780271426,0.46259196382981443,0.9244172569872708
T000601,2.809410520563098,2.809410520563098,1.1214563973322245,1.1214563973322245,1.1214563973322245,1.1214563973322245,0.8652168319532284,1.296218487394958,1.296218487394958,1.296218487394958,1.296218487394958,1.296218487394958
T000602,0.9859183827487288,0.9859183827487288,1.2466316933599177,0.9859183827487288,0.9872091762547043,0.9872091762547043,0.9872091762547043,0.7050798073893666,0.7050798073893666,0.7050798073893666,0.7050798073893666,0.8161088785439351
T000603,0.7865508683231859,0.7865508683231859,0.7865508683231859,1.1362755698863447,1.0589114297202917,1.0589114297202917,1.1174819798760667,0.8942903304225767,0.6287558362360861,0.6287558362360861,0.6287558362360861,0.28523049538262785
T000604,2.5890917692326956,2.5890917692326956,1.1778850884542862,1.1778850884542862,0.4757507469290194,0.6580062095871526,0.44159523364350833,0.44159523364350833,0.7820920070163734,0.7820920070163734,0.7820920070163734,0.833078022912861
T000605,2.771276161723308,2.771276161723308,2.771276161723308,0.9664014619854292,0.9664014619854292,0.9664014619854292,0.6575393419957559,0.7574977652107046,0.7271931149459611,0.7271931149459611,0.7271931149459611,0.7271931149459611
T000606,2.550600582007306,2.550600582007306,2.550600582007306,1.7769250881296694,1.3351325270670225,1.3351325270670225,1.3351325270670225,3.208968007681052,3.255881498600922,3.255881498600922,3.255881498600922,4.456118127153448
T000607,4.374067042032212,4.374067042032212,2.8921766669233233,2.8921766669233233,2.8921766669233233,2.8921766669233233,3.5641016442064974,2.153385210606302,2.153385210606302,2.153385210606302,2.153385210606302,4.998166819431714
T000608,0.14959719650656556,0.14959719650656556,0.14959719650656556,0.39301541432655845,0.6180996880405984,1.2781266157402291,1.2511642315580023,1.2511642315580023,1.2511642315580023,0.6634802964209431,0.7136355032047385,0.7136355032047385
T000609,1.45277196518435,1.45277196518435,1.45277196518435,1.011780862296741,1.011780862296741,1.011780862296741,0.6150979705863885,0.5242399673749953,0.5242399673749953,0.5242399673749953,0.892698476650697,1.7380174218918238
T000610,3.233528152204441,3.233528152204441,1.1984619689707385,1.1984619689707385,1.1984619689707385,1.1984619689707385,1.1984619689707385,1.701432306885724,2.387904135608553,1.376140245878042,2.2530388824604524,1.4948421620973384
T000611,3.7385667874547046,3.7385667874547046,2.1404488021588706,1.839384488187049,1.839384488187049,1.839384488187049,1.839384488187049,1.839384488187049,1.839384488187049,1.9294058007383188,1.9294058007383188,1.4495588991022783
T000612,1.9945962653348532,1.9945962653348532,1.8834009919923214,1.8834009919923214,1.7634825927854743,1.400006819190425,1.7468898758952336,1.7468898758952336,1.7468898758952336,0.6509709749927113,0.6509709749927113,1.1183771004162937
T000613,2.548530740751541,2.025761309195909,2.025761309195909,2.025761309195909,2.025761309195909,2.025761309195909,2.025761309195909,1.5593889521888034,1.5593889521888034,2.169278544369189,2.169278544369189,2.299049957717381
T000614,2.8197574985825455,2.8197574985825455,1.5606339006097352,1.5606339006097352,1.5606339006097352,1.3830101293986894,0.45408942879419134,1.2839109161758737,1.2839109161758737,1.304833597345829,1.304833597345829,1.197375147555001
T000615,2.8716259434565763,2.8716259434565763,0.7611752471067295,1.1058074977715038,0.7611752471067295,0.6177835596614568,0.9182709256900498,0.968027913356516,1.0250438580647168,1.0250438580647168,1.0250438580647168,0.8975470129205572
T000616,1.0550569644186027,1.0550569644186027,0.777368467583064,0.777368467583064,0.777368467583064,0.7608657436256316,0.7608657436256316,0.7608657436256316,0.7608657436256316,0.7608657436256316,0.345370270370992,1.1135378892564272
T000617,1.7297185612906145,1.7297185612906145,1.7297185612906145,1.7297185612906145,0.8492188824889395,0.4846673771283296,0.4846673771283296,0.5081755937781943,0.4471937650787479,0.4471937650787479,0.4471937650787479,1.0567615815224567
T000618,0.6727107501933489,0.6727107501933489,0.49899810754429885,0.49899810754429885,0.3874420704651525,0.3874420704651525,0.3874420704651525,0.3874420704651525,0.36748171977578625,0.36748171977578625,0.36748171977578625,0.8151829414502288
T000619,2.0646716564685317,0.46939201545915826,0.4506216120615437,1.2072389518157873,0.369820884026607,0.7759029969262291,0.8655084011083495,1.1378228919420745,1.1378228919420745,1.2042626542297064,1.2042626542297064,1.2240007641317847
T000620,0.32199654840177816,0.18311878489603697,0.7754242166792273,0.5769869827461929,0.18215737676850804,0.18215737676850804,0.3749159419477754,0.3749159419477754,0.3749159419477754,0.3749159419477754,0.18580756500553894,1.2262635353478102
T000621,3.0307014816043476,3.0307014816043476,0.9028116552592154,0.9028116552592154,0.43290904524397217,0.43290904524397217,0.43290904524397217,0.9177200456896764,1.0289636004019804,0.9177200456896764,0.9177200456896764,0.9186213065899824
T000622,1.5505774410005948,1.5505774410005948,1.5505774410005948,2.0360108212262857,2.0360108212262857,2.0360108212262857,2.2083645942555203,1.10747241210191,1.10747241210191,1.10747241210191,1.10747241210191,1.6586369520435116
T000623,0.15819557806001022,0.14949885345397138,0.14949885345397138,0.14949885345397138,0.1200057181007598,0.15954005320635142,0.5505839269934864,0.15954005320635142,0.15954005320635142,0.15954005320635142,0.15954005320635142,0.10729715714052397
T000624,0.046300560613167834,0.046300560613167834,0.046300560613167834,0.046300560613167834,0.046300560613167834,0.046300560613167834,0.23765361660658613,0.23765361660658613,0.23765361660658613,0.23765361660658613,0.23765361660658613,0.22537277944789955
T000625,0.1183282699072603,0.1183282699072603,0.1183282699072603,0.14413642751036268,0.14413642751036268,0.2577720307227403,0.05567785869474712,0.0383782901862847,0.0383782901862847,0.0383782901862847,0.0383782901862847,0.3024970064571141
T000626,1.751736977079936,1.751736977079936,1.5788324395179867,1.5788324395179867,1.5788324395179867,1.4494343565515975,1.4494343565515975,1.4706985635423553,1.4706985635423553,1.459963838124844,1.459963838124844,2.0692665374851145
T000627,0.48889732397039287,0.4978158425415484,0.334477162384691,0.334477162384691,0.361838041937437,0.3481810708755604,0.3481810708755604,0.3660331095271509,0.3660331095271509,0.3660331095271509,0.3660331095271509,0.5421637644788458
T000628,0.9992717400370661,0.9992717400370661,0.9992717400370661,1.0080057296460427,1.0080057296460427,1.0080057296460427,1.0624893199711831,1.0624893199711831,1.063492086729923,1.063492086729923,1.0497776090468476,0.9992717400370661
T000629,1.3514296705953381,1.3514296705953381,1.3514296705953381,1.966012014050729,1.3436011199143594,1.1025909879896332,1.1025909879896332,1.1348426394309956,1.1348426394309956,1.1348426394309956,1.1348426394309956,1.1222600609176698
T000630,0.4640129671476654,0.5616426534102895,0.5616426534102895,0.4640129671476654,0.4640129671476654,0.3165073830615506,0.3165073830615506,0.3531388885136175,0.5616426534102895,0.3531388885136175,0.3531388885136175,0.7410688477745557
T000631,1.2541625869487738,1.2266366567404448,1.2266366567404448,1.2266366567404448,1.2266366567404448,1.3247419021524878,1.297606762868961,1.1897327458760945,1.1897327458760945,1.1897327458760945,1.1897327458760945,1.1897327458760945
T000632,1.721674845979521,1.721674845979521,1.721674845979521,1.721674845979521,2.0511313016463695,1.721674845979521,1.757447078210166,1.8263088498201316,1.8263088498201316,1.8263088498201316,1.8410039510507308,1.6432547028843496
T000633,0.9073673315769665,0.8868947402108357,0.8868947402108357,0.8868947402108357,0.8886362473274145,0.8810236034161583,0.8883242260454932,0.8883242260454932,0.8883242260454932,0.8883242260454932,0.8883242260454932,0.904474420500093
T000634,2.4839324618736387,2.4839324618736387,1.511395203421798,1.5228458449710414,1.4346410330235282,1.5171354570046265,1.5171354570046265,1.5171354570046265,1.4961768739424515,1.420765375023002,1.420765375023002,1.9116477626693673
T000635,0.5457125516409622,0.5457125516409622,0.5457125516409622,0.5457125516409622,0.5457125516409622,0.5457125516409622,0.5457125516409622,0.5457125516409622,0.5457125516409622,0.5457125516409622,0.5457125516409622,1.984997707404585
T000636,2.9120246250714437,2.9120246250714437,2.669819169119518,2.669819169119518,2.669819169119518,1.3434097039508137,1.3433886136981175,1.2069255025306727,1.2069255025306727,1.2069255025306727,1.2069255025306727,1.2069255025306727
T000637,6.522224231686761,6.522224231686761,6.522224231686761,0.8079544990479974,0.8079544990479974,0.7432138832530683,0.7432138832530683,0.8079544990479974,0.49909696424963773,0.49909696424963773,0.49909696424963773,0.5901428300164143
T000638,4.988333217710664,4.988333217710664,4.988333217710664,2.3753831288658045,0.4595141774495676,0.13806174296037688,0.12515064976657486,0.2786614599418315,0.2786614599418315,0.2786614599418315,0.2786614599418315,0.2786614599418315
T000639,3.3992540449674284,3.3992540449674284,1.3464353444516666,1.3464353444516666,0.677765596761326,0.6647097127491393,0.6647097127491393,0.6647097127491393,0.7478771920943917,0.7478771920943917,0.7478771920943917,0.7607456317584498
T000640,4.222428898424982,4.222428898424982,4.222428898424982,0.4133796525187354,0.34597772786713216,0.34597772786713216,0.37619677663459616,0.37619677663459616,0.37619677663459616,0.37619677663459616,0.37619677663459616,0.37619677663459616
T000641,1.5755825078991448,1.5755825078991448,0.16835678555205985,0.16835678555205985,0.16835678555205985,0.30345089124048225,0.42430605777042246,0.16835678555205985,0.16835678555205985,0.16835678555205985,0.33876625925194703,0.10034751193382205
T000642,0.893767615069263,0.893767615069263,0.8300067597738573,2.0586028703717316,0.893767615069263,0.7831624706140391,0.8300067597738573,0.9474462858072571,0.9474462858072571,0.9474462858072571,0.9474462858072571,0.9474462858072571
T000643,2.4614164714841826,2.4614164714841826,2.4614164714841826,0.7863132546051137,0.6745734776121504,0.6745734776121504,0.6745734776121504,0.6745734776121504,0.6745734776121504,0.6745734776121504,0.6745734776121504,0.8256651262569107
T000644,3.258652323987826,3.258652323987826,2.614286941093317,2.614286941093317,1.0941666676162292,1.0941666676162292,1.0941666676162292,1.0941666676162292,1.0941666676162292,1.1388494793614883,1.1388494793614883,1.1388494793614883
T000645,1.0234916877585212,1.0234916877585212,1.0234916877585212,1.0234916877585212,1.0234916877585212,1.0668467986508035,0.4149369169223569,0.9125063705420658,0.9125063705420658,0.9125063705420658,0.9125063705420658,1.0646611392836507
T000646,3.194399957846397,3.194399957846397,1.2411853332023688,1.2411853332023688,0.9882254883244894,0.9882254883244894,0.9882254883244894,1.0373145201594813,1.0373145201594813,1.0373145201594813,1.0373145201594813,1.0373145201594813
T000647,5.200351768504429,1.3094948979159844,1.3094948979159844,1.3094948979159844,1.3094948979159844,1.3499188460219673,1.4015625963649843,1.4015625963649843,1.4015625963649843,1.4015625963649843,1.4015625963649843,1.4903272348510874
T000648,3.0689776606710324,3.0689776606710324,1.7088072293225196,1.7088072293225196,0.787375732465093,0.787375732465093,0.787375732465093,0.787375732465093,0.9305657697196601,0.9305657697196601,0.9305657697196601,0.9305657697196601
T000649,2.831071461593964,2.831071461593964,1.9450329533001105,1.9450329533001105,0.9086898731440746,0.9086898731440746,0.9086898731440746,0.9086898731440746,0.9473145041583623,0.9473145041583623,0.9473145041583623,0.9473145041583623
T000650,2.8763537906137184,2.8763537906137184,1.1155041347060934,1.1155041347060934,1.1155041347060934,0.6910223730032232,0.3263446829594955,0.3263446829594955,0.3263446829594955,0.3263446829594955,0.3263446829594955,0.21991576413959085
T000651,4.524103889594738,4.524103889594738,4.524103889594738,4.524103889594738,0.4236415525306515,0.3871474329327083,0.3871474329327083,0.7733992816187202,0.7733992816187202,0.7733992816187202,0.7733992816187202,0.7733992816187202
T000652,4.983734100631785,4.983734100631785,4.396303301889867,1.1937536197397376,1.223935877873139,1.223935877873139,1.223935877873139,0.21248485488478586,0.21248485488478586,0.21248485488478586,0.21248485488478586,0.17389866967439663
T000653,1.2234489454676256,1.2234489454676256,1.2234489454676256,0.9527816972075337,1.9636788158626493,1.9636788158626493,0.9103623006645118,0.843698669918489,0.9731146365583633,0.9731146365583633,0.9731146365583633,1.2406313416395203
T000654,2.7922972446993715,2.7922972446993715,2.8085592548947558,2.8085592548947558,0.904993263413911,0.904993263413911,0.904993263413911,0.904993263413911,0.9591678787258009,0.9591678787258009,0.9591678787258009,0.9591678787258009
T000655,1.1637366378060288,1.1637366378060288,1.1637366378060288,1.6791564693867531,1.7062651411672096,1.7006012732828562,1.7006012732828562,1.7006012732828562,1.7006012732828562,1.7006012732828562,1.7006012732828562,1.5108015618387904
T000656,4.233236806008779,4.233236806008779,0.9778694334819328,0.5835444888449575,0.5835444888449575,0.5835444888449575,0.5552083218418598,0.8467306003081037,0.8467306003081037,0.8467306003081037,0.8467306003081037,0.8467306003081037
T000657,6.187156006052899,6.187156006052899,3.677637570358153,0.9542519138350412,1.0958663050600377,0.7409433644739116,0.7703691128276646,0.7416164006504301,0.7416164006504301,0.7416164006504301,0.7416164006504301,0.7903363753454633
T000658,2.139783958129686,2.131667781808306,2.131667781808306,2.131667781808306,1.981040854683445,1.981040854683445,3.0601687878866346,3.0601687878866346,3.0601687878866346,3.0601687878866346,3.0601687878866346,3.0601687878866346
T000659,0.844419417178432,0.844419417178432,1.569916390857397,0.9627009284407273,1.569916390857397,0.7401433735566519,0.556525341201176,0.6153061890212779,0.6153061890212779,0.6153061890212779,1.0593604813412605,0.9830383790235415
T000660,1.8134217495498477,0.7411124315280176,0.7411124315280176,1.222999937367685,1.222999937367685,1.222999937367685,0.8349243417002038,0.8349243417002038,0.9959902189035754,0.9959902189035754,0.9959902189035754,0.9959902189035754
T000661,0.9876697520377021,0.9876697520377021,0.9876697520377021,0.9876697520377021,0.9876697520377021,2.132042778146044,1.141205527963822,1.141205527963822,1.141205527963822,1.1446721704772826,1.1446721704772826,1.314575956315032
T000662,1.0632613719251864,1.0632613719251864,1.0632613719251864,1.0632613719251864,1.0632613719251864,0.7883500579027635,1.0880778809554719,0.6179678562546812,0.6194818634500933,0.6194818634500933,0.6194818634500933,0.5982690032170034
T000663,1.125243522631711,1.125243522631711,1.9413099718606412,1.9413099718606412,1.5272780233181065,0.6510526406591258,1.3857720291512545,1.4596816173615446,1.1930669886275436,1.1930669886275436,1.1930669886275436,1.1336331708546208
T000664,4.4930893819112105,4.4930893819112105,4.4930893819112105,1.5243951614010651,0.46614791319779064,0.38128349114172944,0.50109886925508,0.50109886925508,0.9265737090950348,0.9265737090950348,0.9265737090950348,1.0187813960188479
T000665,1.955037681653206,1.264444149817767,1.3344952639449577,1.3344952639449577,1.3344952639449577,1.3344952639449577,1.2277199349912202,1.218680796981361,1.218680796981361,1.2075864967752978,1.2075864967752978,1.483130257341941
T000666,1.585567042277674,1.585567042277674,1.585567042277674,1.585567042277674,1.5952759196642556,1.5952759196642556,1.483418897474798,1.5686883926374964,1.4968069779473137,1.4968069779473137,1.4968069779473137,1.1771502059234404
T000667,4.390367655178984,2.7822235491646636,2.7822235491646636,2.7822235491646636,0.8643451050178205,0.8968558418081027,0.8968558418081027,1.7579314869517308,0.7465599521064087,0.7465599521064087,0.7465599521064087,0.7528384310520603
T000668,1.1429519238359125,1.1429519238359125,2.3117596408632597,2.3117596408632597,2.3117596408632597,2.3117596408632597,2.339844367862792,2.4481280609425795,2.4481280609425795,2.173491742044682,2.173491742044682,2.4481280609425795
T000669,4.036302671932108,4.036302671932108,4.036302671932108,4.974348373789646,2.6126853939807266,1.367642764467204,1.5313701387956233,0.5573047463836217,0.5573047463836217,0.5573047463836217,0.5573047463836217,0.5586270266136886
T000670,1.1962129549198197,0.9405435194207371,1.5793908921435316,1.1833957331139944,1.202931577826495,1.202931577826495,1.1388382793876244,1.2017321644425634,1.2017321644425634,1.2017321644425634,1.2017321644425634,1.2017321644425634
T000671,0.8022930987106809,0.8022930987106809,0.8022930987106809,0.8022930987106809,0.8022930987106809,0.8022930987106809,0.22615460998497555,0.22615460998497555,0.22615460998497555,0.22615460998497555,0.22615460998497555,0.85101836133998
T000672,1.2326207046125772,1.2326207046125772,1.2326207046125772,1.2326207046125772,1.310246078250095,1.310246078250095,1.310246078250095,1.310246078250095,1.310246078250095,1.3232599973208647,1.299398247291424,1.299398247291424
T000673,3.895230757832559,3.895230757832559,3.895230757832559,1.4124256708402028,1.8345903860806592,1.4124256708402028,2.1824441731757735,1.658094160431921,1.658094160431921,1.658094160431921,1.658094160431921,1.2536958890547576
T000674,1.3325147070560104,1.3325147070560104,1.487074970664068,0.9554883495813833,0.9554883495813833,0.6504599382908298,0.6687338802250703,0.7139968216699119,0.7139968216699119,0.7139968216699119,0.7139968216699119,0.7139968216699119
T000675,0.5807406793680829,0.5807406793680829,0.7015330304776004,1.2007703032305732,0.9439355981390802,1.223283907330508,1.223283907330508,0.6815605439235695,0.6815605439235695,0.6815605439235695,0.6815605439235695,0.6815605439235695
T000676,0.7765475165781607,0.7765475165781607,0.7765475165781607,0.9954450631842656,2.4436948726929884,2.4436948726929884,2.4436948726929884,2.4436948726929884,1.017117691745382,1.017117691745382,1.017117691745382,1.017117691745382
T000677,1.5445912281966179,0.47697434681618467,0.8458261567698073,0.8458261567698073,0.7911338909428496,0.5177532412244656,0.5177532412244656,0.47697434681618467,0.5884645159458501,0.5884645159458501,0.5884645159458501,0.6789336556612885
T000678,0.3809434265856958,0.3809434265856958,0.3809434265856958,0.5273244359842912,0.5273244359842912,0.5273244359842912,0.6381886284453284,0.6381886284453284,0.6381886284453284,0.6381886284453284,0.6381886284453284,0.6470968288802863
T000679,0.9180901179229457,1.3468719358367005,1.3468719358367005,1.3468719358367005,1.3468719358367005,1.331814077183796,1.331814077183796,1.3468719358367005,1.3468719358367005,1.447379561087664,1.447379561087664,1.447379561087664
T000680,1.4419554188842278,1.4419554188842278,1.4419554188842278,1.4419554188842278,1.5363605218168952,0.938183110953379,0.938183110953379,0.938183110953379,0.938183110953379,0.938183110953379,0.938183110953379,0.957590825278311
T000681,1.3001057116947514,0.7623177934478208,0.7623177934478208,0.8245059393130002,0.8245059393130002,0.7623177934478208,0.7623177934478208,0.7623177934478208,0.7623177934478208,0.7623177934478208,0.7623177934478208,0.9407202993933812
T000682,1.6653998668226573,1.6653998668226573,2.0309605802543538,2.0309605802543538,1.933143279354407,1.933143279354407,0.39921468645986674,1.3823286540049546,1.3823286540049546,1.3823286540049546,1.3823286540049546,1.3823286540049546
T000683,0.5896119757458121,0.5896119757458121,0.5850735516371539,0.5850735516371539,0.5850735516371539,0.6978379507365942,0.6042897707299815,0.5271625437155406,0.5271625437155406,0.5271625437155406,0.5271625437155406,0.6599749168590002
T000684,1.3208931970785396,1.3208931970785396,0.44266097983005104,0.4714394962946157,0.4714394962946157,0.4714394962946157,0.44266097983005104,0.5026308002378185,0.5026308002378185,0.5026308002378185,0.5026308002378185,0.5026308002378185
T000685,1.626130375000187,1.626130375000187,0.26655808130852227,0.35803253526234746,0.35803253526234746,0.7691060566970828,0.26655808130852227,0.22692229061168046,0.22692229061168046,0.22692229061168046,0.22692229061168046,0.22692229061168046
T000686,1.3661275057241897,1.3661275057241897,1.3661275057241897,1.3661275057241897,1.8727382012283726,1.8803049286501665,1.8803049286501665,1.217055649958313,1.2056605068253343,1.2056605068253343,1.2392922282739658,0.8704198437846595
T000687,0.6375886410129942,0.6375886410129942,0.6375886410129942,0.38415897653685654,0.38415897653685654,0.33019584428475685,0.33019584428475685,0.29065489184692883,0.29065489184692883,0.29065489184692883,0.29065489184692883,0.5195055048582785
T000688,5.415022989872183,5.415022989872183,5.415022989872183,2.35996816192361,2.35996816192361,2.2589218538185136,2.3103689599117057,2.752674405043752,2.752674405043752,2.752674405043752,2.7241069274790326,2.7241069274790326
T000689,0.3562314045038268,0.3562314045038268,0.3562314045038268,0.2880948819400157,0.2549281295115381,0.2549281295115381,0.268580528532933,0.2696322783219826,0.2696322783219826,0.2696322783219826,0.2696322783219826,0.3566780044888906
T000690,0.47309505305214244,0.47309505305214244,1.5137306833353115,1.5137306833353115,2.0655900543532737,2.0655900543532737,1.4083680134259444,1.4083680134259444,1.4083680134259444,1.4083680134259444,1.4083680134259444,1.531127410625856
T000691,0.27873360858856083,0.5140249865738529,0.5140249865738529,0.5140249865738529,0.8193027561614274,0.8193027561614274,0.8193027561614274,0.8193027561614274,0.6911120185729921,0.6638480061968789,0.6638480061968789,0.5941027614315645
T000692,1.8657407951669873,1.8657407951669873,0.6670382851275906,0.6670382851275906,0.6670382851275906,0.5902281634106953,0.5902281634106953,0.6060759023397433,0.6060759023397433,0.6060759023397433,0.6060759023397433,0.6101246668957504
T000693,2.879986037841266,2.879986037841266,2.1823380287559497,2.1823380287559497,0.9559789306812528,0.5634777383360252,0.5634777383360252,1.1781741319891652,1.1781741319891652,1.1781741319891652,1.1781741319891652,1.2861161634866942
T000694,3.5071694860925136,3.5071694860925136,3.5071694860925136,3.166247826581519,3.166247826581519,1.0397086626171004,0.6526829428612683,1.0397086626171004,2.4290765904986444,1.6238356686044777,1.6238356686044777,0.7580518807209202
T000695,0.8483035889073953,0.8483035889073953,0.8483035889073953,0.8483035889073953,0.8833794108248194,0.8833794108248194,0.8833794108248194,0.8839121990522574,0.8839121990522574,0.8839121990522574,0.8839121990522574,0.8818444181345189
T000696,1.5262558511311823,1.5262558511311823,1.53747262619929,1.6936695062827234,1.6936695062827234,1.6936695062827234,1.4028019196474826,1.552397694255218,1.552397694255218,1.552397694255218,1.552397694255218,1.552397694255218
T000697,0.9131467798908389,1.005732305825013,0.5199741295707183,1.005732305825013,0.5199741295707183,0.5199741295707183,0.727043498424683,0.727043498424683,0.727043498424683,0.727043498424683,0.727043498424683,1.0290456687354164
T000698,0.5120731536219539,0.5120731536219539,0.5255850784966832,0.5255850784966832,0.5255850784966832,0.5255850784966832,0.5046307708042462,0.5223331008135347,0.5223331008135347,0.5223331008135347,0.5223331008135347,0.5011019397796747
T000699,0.19409422694094228,0.19409422694094228,0.19409422694094228,0.1595904606273177,0.11076440979610565,0.11076440979610565,0.1595904606273177,0.1595904606273177,0.11076440979610565,0.19619772209295855,0.19619772209295855,0.1556364931580763
T000700,0.19869402985074627,0.198820357698874,0.13063450689953138,0.07965096514137628,0.14116769246361605,0.13063450689953138,0.13063450689953138,0.04639365359049871,0.04639365359049871,0.1932146091183148,0.1932146091183148,0.19869402985074627
T000701,0.13051850850014554,0.13051850850014554,0.13051850850014554,0.13051850850014554,0.13051850850014554,0.13051850850014554,0.13051850850014554,0.13051850850014554,0.13051850850014554,0.13051850850014554,0.13051850850014554,0.21916448137498784
T000702,0.11867426942266572,0.20843781471719147,0.2076445077746864,0.14306354686730308,0.15709487581030285,0.19315801192331314,0.19315801192331314,0.14306354686730308,0.19315801192331314,0.19315801192331314,0.14506288848195104,0.0742092492410598
T000703,0.318,0.34691012268031846,0.34691012268031846,0.3658013254485804,0.3580236337852046,0.36776108958533166,0.36776108958533166,0.3580236337852046,0.3580236337852046,0.3580236337852046,0.3580236337852046,0.3147314315648311
T000704,0.9300046865489114,0.9300046865489114,0.9300046865489114,0.9300046865489114,0.9300046865489114,0.9300046865489114,0.9300046865489114,0.955874589546072,0.955874589546072,0.955874589546072,0.955874589546072,1.5409801067019453
T000705,2.0836084922479903,2.0836084922479903,1.403010447791777,1.403010447791777,1.403010447791777,1.403010447791777,1.367893139552826,1.367893139552826,1.367893139552826,1.367893139552826,1.367893139552826,1.367893139552826
T000706,0.3551659537783254,0.3551659537783254,0.3551659537783254,0.2966851909141014,0.2966851909141014,0.2966851909141014,1.126056090992492,1.126056090992492,1.126056090992492,1.126056090992492,1.126056090992492,0.5377217042464272
T000707,1.7737069636999327,1.7737069636999327,1.7737069636999327,1.7737069636999327,1.122735517765349,1.1129919347132948,1.1197665849689333,1.113072599564084,1.113072599564084,1.0859081271604187,1.0859081271604187,1.1129825794762287
T000708,1.8264022628928955,0.8135736095258334,0.8135736095258334,0.7029762888849719,0.8135736095258334,0.7029762888849719,0.5554194308385966,0.5554194308385966,0.5554194308385966,0.478999020326382,0.8451323406611604,1.5727387695115835
T000709,1.1829472543013582,1.1829472543013582,0.43396311992126757,0.43396311992126757,0.8653448610236305,0.8653448610236305,0.8653448610236305,0.6998490111594095,0.6998490111594095,0.6998490111594095,0.6998490111594095,0.9113488301682517
T000710,0.9964760626857601,0.5965407437541053,0.5965407437541053,0.5965407437541053,0.5965407437541053,0.8757755400870355,0.7211739892285656,0.7211739892285656,0.5811907586384497,0.5811907586384497,0.5811907586384497,0.874838463897122
T000711,2.291341265668502,2.291341265668502,2.291341265668502,2.291341265668502,1.7614660013419585,1.9849219248117413,0.7607390995787303,1.8430042436872207,1.8430042436872207,1.8430042436872207,1.8430042436872207,2.2973805916270407
T000712,2.0734956609441397,2.0734956609441397,1.4249443219868418,1.4249443219868418,1.4249443219868418,1.4249443219868418,0.9973528075917233,0.9973528075917233,0.9973528075917233,0.6494463704236791,0.6494463704236791,1.3889745793376862
T000713,1.804354579052654,1.804354579052654,1.804354579052654,1.804354579052654,1.804354579052654,1.652344161580058,1.652344161580058,1.804354579052654,1.804354579052654,1.804354579052654,1.3503032530005514,2.151298124564195
T000714,0.5824357320361427,0.5824357320361427,0.5824357320361427,0.5824357320361427,0.7741935152682312,0.7741935152682312,1.256473065378932,1.5513247582130172,1.433389449763112,1.433389449763112,1.5034355269664426,0.7741935152682312
T000715,1.219873657847184,3.0728030789259764,1.219873657847184,1.219873657847184,2.6247015708139827,2.064279142840427,2.064279142840427,2.6247015708139827,2.6247015708139827,2.0203142853393574,2.0203142853393574,2.0256953353172107
T000716,1.493977626798716,1.493977626798716,1.493977626798716,0.7246704919874546,3.02282219185522,3.02282219185522,2.917654950894076,1.9215460555466028,1.9215460555466028,1.9215460555466028,1.9215460555466028,1.6675124628752023
T000717,1.1062539179173325,1.1062539179173325,1.1062539179173325,0.8223998609015339,0.8223998609015339,0.6451885977132529,0.6451885977132529,0.6451885977132529,0.6451885977132529,0.6451885977132529,0.6451885977132529,0.43600190918240095
T000718,1.0651264809773406,1.0651264809773406,0.5725916072029676,0.44626345382430344,0.5725916072029676,0.44626345382430344,0.5503030208971897,0.5503030208971897,0.5503030208971897,0.5503030208971897,0.5503030208971897,0.5503030208971897
T000719,0.8957085404718631,0.7600886189334654,0.7600886189334654,0.7600886189334654,0.7600886189334654,0.7600886189334654,0.7600886189334654,0.712594267330888,0.712594267330888,0.712594267330888,0.712594267330888,0.6339401559077363
T000720,0.48289261967459207,0.48289261967459207,0.48289261967459207,0.48289261967459207,0.48289261967459207,0.48289261967459207,0.48289261967459207,0.4919653751443322,0.4919653751443322,0.4919653751443322,0.4919653751443322,0.6702600998957928
T000721,1.4379331512323879,1.4379331512323879,1.4379331512323879,1.4379331512323879,1.4379331512323879,1.4379331512323879,1.4379331512323879,1.4379331512323879,1.4379331512323879,1.4379331512323879,1.4379331512323879,0.8703362761895026
T000722,1.8616205978446356,1.7702716170104924,1.7702716170104924,1.8616205978446356,1.8616205978446356,1.8616205978446356,1.7557298599707438,1.7557298599707438,1.7557298599707438,1.7557298599707438,1.7557298599707438,1.7569018688844344
T000723,1.389214942634319,1.389214942634319,1.389214942634319,1.389214942634319,0.6820884741837768,0.6820884741837768,0.7061659001134029,0.7396933048831921,0.7346622520466226,0.7346622520466226,0.7346622520466226,0.7824712346192806
T000724,0.5243436062245534,0.5243436062245534,0.5243436062245534,0.5243436062245534,0.5243436062245534,0.7388610062713227,0.7388610062713227,0.7388610062713227,1.1147066847200786,1.1147066847200786,1.1147066847200786,0.3123501673353638
T000725,0.3138698763945146,0.802710008122088,0.4359618023156358,0.4359618023156358,0.4359618023156358,0.5424657281251601,0.62658025950151,0.62658025950151,0.62658025950151,0.62658025950151,0.62658025950151,0.30770336843798896
T000726,0.9379056002021487,0.09247384705164434,0.09247384705164434,0.995670161102676,0.1481020222382263,1.2190709280941014,0.570785303681975,0.570785303681975,0.570785303681975,0.570785303681975,0.570785303681975,0.10505009095692523
T000727,0.4175761280943077,0.4175761280943077,0.2683574965427729,0.2683574965427729,0.2683574965427729,0.30691423854348726,0.19124163155782908,0.19124163155782908,0.19124163155782908,0.19124163155782908,0.19124163155782908,0.31172520492759576
T000728,1.9102233805471232,1.9102233805471232,1.9102233805471232,0.6219009863423068,0.6685279333448464,0.6685279333448464,0.6685279333448464,0.4949114450081818,0.4949114450081818,0.7735797701064001,0.7735797701064001,0.8188899804975602
T000729,0.2872088761282273,0.2872088761282273,0.2872088761282273,0.2872088761282273,0.5846863725901326,0.5846863725901326,0.5846863725901326,0.5846863725901326,0.428665999441934,0.7421777953706026,0.8213065471390446,0.2872088761282273
T000730,1.1224430857886487,1.1224430857886487,0.7307607185910315,0.7598003313169959,1.5067576429267755,0.8446868648833752,0.8232617211954962,0.8232617211954962,0.8232617211954962,0.8232617211954962,0.8525828061313704,1.0061296020201047
T000731,1.5104166666666667,1.5104166666666667,1.5104166666666667,1.36857884219497,1.36857884219497,1.36857884219497,0.34486148335824096,0.5347346852383617,0.2980018206818763,0.2980018206818763,0.2980018206818763,0.4134928742129525
T000732,4.438452793454131,1.2853221286416678,1.2853221286416678,2.328215473492776,2.224570056888274,0.7146122051946179,3.7931428959443307,2.078226287532309,0.3448807067967531,0.6345954920654562,0.6345954920654562,5.165722617864258
T000733,1.5721074369977752,1.5721074369977752,1.5721074369977752,1.5721074369977752,1.5721074369977752,1.435429051065031,1.5721074369977752,1.5755338895975521,1.5755338895975521,1.5755338895975521,1.5755338895975521,1.1807084669455665
T000734,8.68543930573226,7.6744801076071925,7.852672444084411,7.521515177976796,7.581454960975808,7.632367346461504,7.4942239026508,7.4942239026508,7.4942239026508,7.4942239026508,7.491576936803513,7.838298652551173
T000735,0.7140340106673964,0.3367787489400772,0.5141126065887857,0.42577505286079637,0.42577505286079637,0.42577505286079637,0.42577505286079637,0.42577505286079637,0.42577505286079637,0.42577505286079637,0.5489309681361082,0.6426216342586889
T000736,3.4823529411764707,3.4823529411764707,3.4823529411764707,3.4823529411764707,0.28748833655584854,0.28748833655584854,0.28748833655584854,0.6383409160477193,0.7492149741361859,0.7492149741361859,0.7492149741361859,0.7492149741361859
T000737,9.389188913234602,9.389188913234602,9.389188913234602,9.389188913234602,9.389188913234602,9.389188913234602,9.078599410200276,9.078599410200276,9.190486788695072,9.078599410200276,9.078599410200276,9.068401592718999
T000738,0.3497212634731683,0.3497212634731683,0.4044363015574604,0.4044363015574604,0.17371950435107456,0.10051715342368962,0.10051715342368962,0.10051715342368962,0.10051715342368962,0.10051715342368962,0.10051715342368962,0.21821688376609072
T000739,1.0399492116062496,1.0399492116062496,1.0399492116062496,0.3177430103637862,0.36242794225663955,0.36242794225663955,0.3177430103637862,0.2653338200789528,0.2653338200789528,0.2653338200789528,0.2653338200789528,0.30437429868872024
T000740,6.865671641791045,6.865671641791045,2.482727994516771,2.482727994516771,2.898675187515239,6.197885412567268,1.9637326337174403,1.9637326337174403,3.148412204623015,3.148412204623015,3.148412204623015,6.865671641791045
T000741,3.8000000000000123,2.2935837298853547,2.6649791616145326,2.2935837298853547,2.2935837298853547,2.1798119190230683,2.1798119190230683,2.1798119190230683,2.1798119190230683,2.1798119190230683,2.1798119190230683,3.18870523832525
T000742,4.377358490566038,4.377358490566038,2.91359589379146,2.91359589379146,2.91359589379146,3.435463939325748,3.435463939325748,3.435463939325748,3.435463939325748,3.435463939325748,3.435463939325748,4.5987906503095335
T000743,1.9097272356877057,0.519506819249053,3.670175438596491,0.519506819249053,1.141379655087732,0.519506819249053,1.2291871186510146,1.2291871186510146,0.49861394386416463,1.2291871186510146,1.2291871186510146,1.0278058006311788
T000744,0.40322267013888935,0.40322267013888935,0.40322267013888935,0.3953488372093023,0.3953488372093023,0.3953488372093023,0.3953488372093023,0.4265578297494897,0.4746694656733886,0.4746694656733886,0.4746694656733886,0.3953488372093023
T000745,0.8625,0.8625,1.1664739228493786,1.1664739228493786,1.1664739228493786,0.5869295751247237,0.5869295751247237,0.5869295751247237,0.5869295751247237,0.5869295751247237,0.5869295751247237,1.151014547438014
T000746,0.7779240242946764,0.7779240242946764,0.7779240242946764,0.7779240242946764,0.8955223880597015,0.8955223880597015,0.915647196928999,0.7933005348793545,0.7933005348793545,0.7933005348793545,0.7933005348793545,0.9731533476217559
T000747,2.0963675688793932,2.0963675688793932,2.1114830889903566,2.270917655385123,2.270917655385123,2.270917655385123,2.0877853421904446,2.0416245084748263,2.0416245084748263,2.0416245084748263,2.0877853421904446,1.6061857028528277
T000748,4.025865768995131,4.055500495540139,2.7002943604970535,2.7002943604970535,2.7002943604970535,2.7002943604970535,2.7002943604970535,2.7002943604970535,2.7002943604970535,2.7002943604970535,2.7002943604970535,3.3252955138712417
T000749,1.927828881085393,1.927828881085393,1.927828881085393,1.927828881085393,2.290537343837585,2.5952232810971165,1.650559454344932,2.5401624314885973,2.5401624314885973,2.5401624314885973,2.5401624314885973,1.0770485560475396
T000750,0.9152542372881356,0.9152542372881356,0.9152542372881356,2.728347483358284,2.4987363806054548,2.4987363806054548,2.3393333146319133,2.3393333146319133,2.3393333146319133,2.3393333146319133,2.3393333146319133,2.97902597017896
T000751,1.5948148785837315,1.52994282804228,1.5948148785837315,1.5948148785837315,1.3438794080907668,1.608496941739889,1.608496941739889,1.608496941739889,1.608496941739889,1.608496941739889,1.5675106800637673,1.7577447566825886
T000752,3.1156655844155843,3.1156655844155843,3.1156655844155843,3.1156655844155843,1.8918384221608862,1.8918384221608862,1.8918384221608862,1.8918384221608862,2.330924327608505,2.330924327608505,2.330924327608505,2.330924327608505
T000753,13.395363394149632,10.022985464403218,10.022985464403218,10.022985464403218,10.022985464403218,10.022985464403218,9.356301108051172,9.356301108051172,9.356301108051172,9.356301108051172,9.356301108051172,9.580756326748103
T000754,1.2855915116942458,1.2855915116942458,1.9584799138269924,1.3492177389613491,1.3048250988414716,1.361550156049776,1.3382786352709923,1.4024301209465304,1.4024301209465304,1.4024301209465304,1.4024301209465304,1.21429646349525
T000755,1.8911852232324937,0.7873519907107029,0.9811316974487724,0.9811316974487724,0.9811316974487724,0.9640503662870256,0.9640503662870256,0.9640503662870256,0.9026403351687358,0.9026403351687358,0.9026403351687358,1.3273397283754138
