unique_id,MetaARIMA(3),MetaARIMA(10),MetaARIMA(25),MetaARIMA(50),MetaARIMA(100),MetaARIMA(150),MetaARIMA(200),MetaARIMA(250),MetaARIMA(300),MetaARIMA(350),AutoARIMA
T000000,1.3987995243581834,0.960139357627696,1.2674279508751607,1.0974044501972444,1.0974044501972444,1.0974044501972444,1.0974044501972444,0.960139357627696,0.960139357627696,1.0974044501972444,0.9495269714509343
T000001,0.8150167262765647,0.9634355756633467,1.7882539435755942,2.071294956265075,1.5214486706771875,1.5214486706771875,2.071294956265075,1.2737046495032023,1.2737046495032023,1.2737046495032023,0.49748515319614145
T000002,2.051089416392087,1.9183855237994667,1.9993775207918898,2.039968123163564,2.051089416392087,2.051089416392087,2.051089416392087,2.051089416392087,2.051089416392087,2.051089416392087,1.8529186801370467
T000003,1.7689383018937754,1.6414342115690432,1.667292903931936,1.667292903931936,1.7689383018937754,1.5276148804154446,1.5276148804154446,1.2508893925997635,1.6344319771077285,1.6344319771077285,2.249830179581461
T000004,2.0716277386193154,1.9904193537676034,1.9459209482528894,2.013123890183903,2.0716277386193154,1.9402156534775286,1.9402156534775286,1.9402156534775286,1.9018790050917567,1.9018790050917567,1.8850736667432746
T000005,0.8376102408017726,1.2741772280412251,0.6274535969908126,0.7699262925280388,1.2741772280412251,1.2741772280412251,1.2741772280412251,0.7699262925280388,1.2741772280412251,1.2741772280412251,1.0469124802279455
T000006,1.1982942233208556,1.1982942233208556,1.119187810235656,0.9675294167596423,1.0216660843631185,1.1982942233208556,1.119187810235656,1.1982942233208556,1.0972093690444633,1.0002807672896854,1.0002807672896854
T000007,0.9187551865290685,0.6518672341182482,0.6518672341182482,0.6518672341182482,0.4752782159377803,0.6518672341182482,0.4752782159377803,0.5683812281963707,0.4752782159377803,0.37900470344777293,0.6518672341182482
T000008,0.7148624690774452,0.7067351435545669,0.7148624690774452,0.7148624690774452,0.7148624690774452,0.6833494651612342,0.6833494651612342,0.7148624690774452,0.6833494651612342,0.7093689636605567,0.7139031044346115
T000009,0.4043768550572482,0.5011251211291157,0.5596548711274174,0.5596548711274174,0.5515515408836874,0.5515515408836874,0.4215674803003186,0.5515515408836874,0.5596548711274174,0.5596548711274174,0.4078405802674096
T000010,5.15149082114566,5.149492290595357,5.221999553433016,5.198905237010156,5.221999553433016,5.15149082114566,5.221999553433016,5.577195849026535,5.198905237010156,5.221999553433016,5.366506944612241
T000011,0.5031159135040221,0.5031159135040221,0.5165405622160705,0.5189179652910626,0.4939590312087072,0.5189179652910626,0.5189179652910626,0.45420033586481035,0.5165405622160705,0.5754939304399946,0.7664053937883334
T000012,0.5316186602305745,0.5126225313456746,0.5487419729574927,0.5629035331005712,0.5629035331005712,0.5629035331005712,0.5629035331005712,0.5629035331005712,0.5629035331005712,0.5629035331005712,0.6303076217638398
T000013,2.0063342931046546,2.0063342931046546,2.0010013162299316,1.8991581481830146,1.8991581481830146,1.9040134649771807,2.0063342931046546,2.0010013162299316,2.0010013162299316,1.8991581481830146,1.8985601707689481
T000014,0.9440540749149796,0.9269749707354401,0.9269749707354401,0.9269749707354401,0.9269749707354401,0.9269749707354401,0.9269749707354401,0.9269749707354401,0.9269749707354401,0.9269749707354401,0.97033760107578
T000015,0.32483621196365103,0.32483621196365103,0.32483621196365103,0.32483621196365103,0.31780594922562233,0.31780594922562233,0.31780594922562233,0.32483621196365103,0.20477611940298507,0.20477611940298507,0.31780594922562233
T000016,0.47237151997201665,0.7606194355881617,0.24511449315922879,0.23792252577497155,0.23792252577497155,0.23792252577497155,0.30244170000891835,0.30244170000891835,0.4803710155185108,0.30244170000891835,0.5981511853599276
T000017,0.7467838505675932,0.6433232271371493,0.6433232271371493,0.6507785506821177,0.6507785506821177,0.652243729476467,0.652243729476467,0.652243729476467,0.6511644712388674,0.6511644712388674,0.6511644712388674
T000018,0.9514814472555839,0.6289356070610639,0.78001362543495,0.9514814472555839,0.9507109169370659,0.9514814472555839,0.9514814472555839,0.9514814472555839,0.9514814472555839,0.9514814472555839,0.9582306836431521
T000019,2.2931872377210722,2.518005715188352,2.363795646171757,1.7333719389343594,1.7479369291533338,1.7479369291533338,1.7479369291533338,1.7479369291533338,1.7479369291533338,2.2342473984825486,2.4423917328673928
T000020,1.199075912178423,1.1355649447341551,1.2025103557358945,0.9120012264646121,1.1976981096315669,1.2189140369021076,1.2189140369021076,1.193918943689997,1.193918943689997,1.193918943689997,0.9266526962784057
T000021,0.9218236334256639,1.0417914037333404,1.0926021597670337,1.1957559639249211,1.102176225432305,1.102176225432305,1.102176225432305,1.102176225432305,1.102176225432305,1.1957559639249211,1.0515028093277807
T000022,1.1798488622601904,1.166614857702516,1.0672790684945055,1.0672790684945055,1.13261045862962,1.13261045862962,1.13261045862962,1.13261045862962,1.1466773772792798,1.13261045862962,1.13261045862962
T000023,0.46374599892793944,0.44963941215653785,0.44963941215653785,0.48507633525589827,0.48507633525589827,0.48507633525589827,0.48507633525589827,0.48507633525589827,0.48507633525589827,0.48507633525589827,0.47314123087869087
T000024,1.0525988099411479,1.0652252916551406,1.0652252916551406,0.9767584284112071,0.9767584284112071,0.9987446985200739,1.0652252916551406,1.2475465261584195,1.0652252916551406,0.9767584284112071,1.0759355579735679
T000025,2.0989589323747104,2.0989589323747104,2.0989589323747104,2.0989589323747104,2.0989589323747104,2.0989589323747104,2.0989589323747104,2.0989589323747104,2.0989589323747104,2.0989589323747104,1.8638590993871984
T000026,1.5826699689103172,1.440441554818011,1.4825107859945865,1.4825107859945865,1.4825107859945865,1.4825107859945865,1.583250818605831,1.5826699689103172,1.5826699689103172,1.5826699689103172,1.5956484025397104
T000027,1.6002363784549274,1.6813472665321545,1.6002363784549274,1.6002363784549274,1.6002363784549274,1.6002363784549274,1.6002363784549274,1.6002363784549274,1.6002363784549274,1.5518867104085277,1.5518867104085277
T000028,0.49344294008560424,0.7691070959398227,1.1558671456907657,0.49344294008560424,0.49344294008560424,0.49344294008560424,0.3614526200085141,0.3614526200085141,0.4632111599697826,0.3614526200085141,0.5918845555496852
T000029,0.9646248850881538,0.9646248850881538,0.8276663446178342,0.8532371503391745,0.8532371503391745,0.8532371503391745,0.8276663446178342,0.9646248850881538,0.8276663446178342,0.8276663446178342,0.7890988475478491
T000030,1.6472272728274489,1.6472272728274489,1.614045237452259,1.614045237452259,1.614045237452259,1.6334994824865665,1.614045237452259,1.6334994824865665,1.6334994824865665,1.6334994824865665,1.5495730698356018
T000031,2.179003897159405,1.9854895326709867,2.0211804635406114,2.0211804635406114,2.0211804635406114,2.139150357387141,2.0447133004022517,2.0211804635406114,2.0211804635406114,2.0564641100519108,1.7625638576314167
T000032,1.0278318627027572,1.0501249008803115,0.9133474803236018,0.9639877983758092,0.9133474803236018,0.9133474803236018,0.9133474803236018,0.9460550693712135,0.9460550693712135,1.0241967681514075,1.0472675507165659
T000033,1.49251819781175,1.5611330017003469,1.666469759503858,1.4892997796990561,1.4892997796990561,1.4892997796990561,1.4892997796990561,1.6035262626058304,1.4892997796990561,1.4892997796990561,1.3208604451391623
T000034,2.5432622651871846,2.486345101839902,2.399113804581795,1.8171237826443736,1.9269889932539368,2.528662970763969,1.9251733332106005,1.9251733332106005,1.9251733332106005,1.8171237826443736,2.6623747951132226
T000035,1.5547918081957832,1.5547918081957832,1.4794737214296692,1.4794737214296692,1.4794737214296692,1.4794737214296692,1.3601519630326446,1.2923596306604994,1.3601519630326446,1.2923596306604994,1.4155331647471772
T000036,1.3734244567273737,2.0052975770371124,1.5883829086364056,1.3734244567273737,1.3734244567273737,1.3734244567273737,1.3734244567273737,1.3734244567273737,1.3734244567273737,1.3734244567273737,1.557948676373545
T000037,2.889721631490098,2.889721631490098,2.837357712083117,2.837357712083117,2.837357712083117,2.837357712083117,2.837357712083117,2.837357712083117,2.837357712083117,2.889721631490098,2.8574994277288637
T000038,2.174914804782643,2.178398084527315,2.154802645891734,1.9840804363592075,1.9840804363592075,1.9981454608559635,2.154802645891734,2.154802645891734,1.9584798925151417,1.9840804363592075,2.154802645891734
T000039,3.1826905618317722,3.1826905618317722,3.2509197564495538,3.2509197564495538,3.2509197564495538,3.2509197564495538,3.2509197564495538,3.2509197564495538,3.2509197564495538,3.2509197564495538,2.83656449867053
T000040,1.2081280903144584,1.4365045160839434,1.4268348209048365,1.4268348209048365,1.4268348209048365,1.4268348209048365,1.4268348209048365,1.4268348209048365,1.4268348209048365,1.4268348209048365,1.4268348209048365
T000041,0.4550430654892709,0.4550430654892709,0.4550430654892709,0.5482007800446175,0.4550430654892709,0.4550430654892709,0.4550430654892709,0.5008425557536893,0.5482007800446175,0.5482007800446175,1.309961373093241
T000042,0.5605535290360253,0.4727997854506314,0.4727997854506314,0.59821276115455,0.4727997854506314,0.4727997854506314,0.4727997854506314,0.5404881934637515,0.59821276115455,0.59821276115455,1.27341315495531
T000043,0.5529370605603497,0.5529370605603497,0.5529370605603497,0.5626439252842995,0.5626439252842995,0.5529370605603497,0.5529370605603497,0.5626439252842995,0.5626439252842995,0.5546371508653765,1.1990486808676635
T000044,0.5546688030880451,0.619456566266827,0.58694673088185,0.5433808665424532,0.58694673088185,0.5433808665424532,0.5433808665424532,0.5433808665424532,0.5433808665424532,0.5433808665424532,0.5865846811137437
T000045,0.40737808010333293,0.33085607371568043,0.33085607371568043,0.26733424661634514,0.26733424661634514,0.33085607371568043,0.3139940595452231,0.3139940595452231,0.3139940595452231,0.3139940595452231,0.33085607371568043
T000046,1.5595433607784588,1.7893867807258201,1.7893867807258201,1.8040975241004154,1.8040975241004154,1.8040975241004154,1.8303870090254533,1.8303870090254533,1.8303870090254533,1.8303870090254533,1.0532941587354347
T000047,1.823732908093502,1.8238653997546093,1.8238653997546093,1.8238653997546093,1.8238653997546093,1.8238653997546093,1.8238653997546093,1.8238653997546093,1.8238653997546093,1.8238653997546093,1.1502631959134106
T000048,0.7264067963487371,0.7829386673510607,0.7829386673510607,0.8796602512488795,0.823091164212045,0.823091164212045,0.7264067963487371,0.823091164212045,0.823091164212045,0.823091164212045,0.7264067963487371
T000049,0.40124845427048533,0.42758445996170624,0.45636882073406443,0.3993273995736907,0.40124845427048533,0.40124845427048533,0.40124845427048533,0.40124845427048533,0.40124845427048533,0.40124845427048533,0.3811621492897839
T000050,0.24895061745871294,0.24895061745871294,0.35325418636666445,0.24895061745871294,0.3361938459713911,0.24895061745871294,0.24895061745871294,0.24895061745871294,0.24895061745871294,0.24895061745871294,0.3347613893351866
T000051,0.5838775357556105,0.584259219842046,0.48788908583581875,0.2683020753150555,0.3299955721748855,0.4866516366078379,0.6369925543682263,0.59150494787358,0.3299955721748855,0.2813099646130324,0.7032824117735982
T000052,0.5153988903242389,0.5153988903242389,0.5153988903242389,0.5153988903242389,0.5153988903242389,0.5356503858052699,0.5153988903242389,0.5356503858052699,0.5153988903242389,0.5153988903242389,0.5319769050892786
T000053,0.5358333375669542,0.5358333375669542,0.48724602059586364,0.48724602059586364,0.5358333375669542,0.5358333375669542,0.5358333375669542,0.5358333375669542,0.5358333375669542,0.5358333375669542,0.4241729800673659
T000054,0.22278615121161666,0.22752703938169935,0.23703722126525567,0.23781764936891003,0.4331095207488829,0.4331095207488829,0.4331095207488829,0.4331095207488829,0.43132174982566845,0.43132174982566845,0.3509205372235503
T000055,0.9580497558332403,0.9580497558332403,0.44371605226346883,0.44371605226346883,0.9580497558332403,1.0029792347763073,1.0029792347763073,1.0029792347763073,1.0029792347763073,0.7490503844712256,0.7241516390543821
T000056,0.7560169942226673,0.720562775430473,0.7500455388590327,0.7122042670846761,0.7122042670846761,0.7122042670846761,0.7500455388590327,0.7500455388590327,0.7122042670846761,0.7500455388590327,1.0458940801395589
T000057,1.3311518483598996,1.3311518483598996,1.1931934332868515,1.3311518483598996,1.3311518483598996,1.3311518483598996,1.3311518483598996,1.3311518483598996,1.3311518483598996,1.3311518483598996,1.2904582893471184
T000058,0.4399269697837523,0.3557190685824844,0.3557190685824844,0.3557190685824844,0.3557190685824844,0.3557190685824844,0.3557190685824844,0.3557190685824844,0.3557190685824844,0.3557190685824844,0.3557190685824844
T000059,0.5754275298930213,0.6404110488160708,0.6182412402192283,0.6202630406408973,0.7373697149020217,0.6202630406408973,0.6202630406408973,0.6202630406408973,0.6202630406408973,0.6202630406408973,0.6302094249370898
T000060,0.40424928799104043,0.6726622934857548,0.4809712739930815,0.4809712739930815,0.4809712739930815,0.5731514065670639,0.4809712739930815,0.4809712739930815,0.5048755369862225,0.4809712739930815,0.4674688990196804
T000061,1.044476702710866,1.0490550481213736,1.3069479321705437,1.227017426515334,1.227017426515334,1.227017426515334,1.3069479321705437,1.3069479321705437,1.3069479321705437,1.227017426515334,1.0855273653864939
T000062,3.4876055286211707,3.581223564068172,3.2577800185820744,3.461195359164906,3.942603403619788,3.37956896389498,3.230042781769061,3.230042781769061,3.230042781769061,3.461195359164906,3.3346161438914006
T000063,1.0814659864965777,0.9359566734557326,0.9359566734557326,0.9092734518838907,0.9359566734557326,1.660921955144485,1.660921955144485,1.2557648801418448,1.0814659864965777,1.2557648801418448,1.1425932372475298
T000064,0.8372209583891765,0.9535717726810187,0.8372209583891765,0.8364355749884973,0.8372209583891765,0.707454986816441,0.707454986816441,0.707454986816441,0.707454986816441,0.707454986816441,0.9535717726810187
T000065,0.5566706453648876,0.5101184009664883,0.5566706453648876,0.5090302133603187,0.5090302133603187,0.5090302133603187,0.5090302133603187,0.5090302133603187,0.5090302133603187,0.5090302133603187,0.613998801619725
T000066,0.8437950407784276,0.471076847886109,0.8437950407784276,0.8437950407784276,0.8437950407784276,0.471076847886109,0.8998477108695973,0.4805493814580848,0.4648081743349818,0.8437950407784276,0.8887651175792747
T000067,0.9700330260855322,0.9177171811717492,0.721122747335344,0.9862740651567603,0.919512907454366,0.919512907454366,0.9700330260855322,0.9700330260855322,0.9700330260855322,0.9700330260855322,0.9779730127284767
T000068,0.7352475161191206,0.7352475161191206,0.7401599473661339,0.7307139677870823,0.7352475161191206,0.7352475161191206,0.7352475161191206,0.7352475161191206,0.7272967666225172,0.7352475161191206,0.6919358152110994
T000069,0.7993700584332651,0.7717944590565342,0.7993700584332651,0.7430846640372732,0.7758301779777499,0.7993700584332651,0.7716228347220808,0.7993700584332651,0.8348697279822248,0.7993700584332651,0.7873889992725572
T000070,0.85224182812073,0.8490553661717778,0.6733824236405702,0.7101508979130484,0.7101508979130484,0.7890568264459744,0.6733824236405702,0.7101508979130484,0.7101508979130484,0.7101508979130484,0.85224182812073
T000071,1.898093129806056,1.7548461978500387,1.8570641750587076,1.9012356868398024,1.898093129806056,1.9012356868398024,1.898093129806056,1.898093129806056,1.898093129806056,1.898093129806056,1.829530594292686
T000072,0.4226279935738808,0.4131634711792197,0.397427265382465,0.36858905447390183,0.34240146688083556,0.34240146688083556,0.34240146688083556,0.32030111057830374,0.32030111057830374,0.32030111057830374,0.4226279935738808
T000073,0.5590093362154189,0.5197244613602485,0.6484152794722419,0.5075934194963233,0.5075934194963233,0.9741189553088784,0.6484152794722419,0.6484152794722419,0.9741189553088784,0.9741189553088784,0.5230160161761183
T000074,0.7596148337370452,0.7369387112501153,0.7596148337370452,0.7596148337370452,0.7596148337370452,0.7596148337370452,0.7596148337370452,0.7596148337370452,0.7349849055051915,0.6706023298988549,0.6986627248269165
T000075,0.4911203151167349,0.4911203151167349,0.548719940302379,0.447535927107461,0.5415121862145491,0.447535927107461,0.447535927107461,0.447535927107461,0.4911203151167349,0.6087773220659503,0.40270332885607224
T000076,1.122557493041227,1.0215715135751977,1.0241086727662374,1.0251798084996644,1.0197399974297814,1.0197399974297814,1.0241086727662374,1.0251798084996644,1.0241086727662374,1.0251798084996644,0.923278413659372
T000077,0.5617681597824415,1.1691692616278275,1.1314915996028374,1.1314915996028374,1.1314915996028374,1.1314915996028374,1.1314915996028374,1.1314915996028374,0.9946001769252196,0.9946001769252196,1.118074760969773
T000078,0.5470360796076023,0.44199173802622366,0.4451396809607844,0.4451396809607844,0.372805814308748,0.372805814308748,0.372805814308748,0.372805814308748,0.372805814308748,0.372805814308748,0.5944985096520269
T000079,0.41241568624843034,0.2861966807182403,0.27742316025775793,0.27742316025775793,0.41241568624843034,0.41888321300032116,0.27905803074591407,0.27905803074591407,0.41888321300032116,0.27905803074591407,0.4640078713213645
T000080,0.6184866079546774,0.6184866079546774,0.6725358544337454,0.6184866079546774,0.6184866079546774,0.6184866079546774,0.6184866079546774,0.6184866079546774,0.6184866079546774,0.6184866079546774,0.7488332388372998
T000081,1.6928410963457063,1.710769948290907,1.7298467138670441,1.710769948290907,1.7367468893176303,1.7367468893176303,1.7367468893176303,1.7367468893176303,1.7298467138670441,1.710769948290907,1.7349686390959589
T000082,0.595284436080391,0.595284436080391,0.602471519940648,0.6906291220129219,0.602471519940648,0.667584400825436,0.6906291220129219,0.6906291220129219,0.667584400825436,0.6906291220129219,0.3677761099430609
T000083,0.695850559868515,0.695850559868515,0.6919848652161705,0.6771038564798433,0.6771038564798433,0.6771038564798433,0.6771038564798433,0.6771038564798433,0.6771038564798433,0.6771038564798433,0.7876417293848181
T000084,0.6675814549003461,0.6671061118806286,0.5904208565802231,0.5897502335805335,0.5909439194565177,0.5909439194565177,0.5906132768537271,0.5909439194565177,0.5932688114640707,0.5904208565802231,0.6675814549003461
T000085,0.6839866647179202,1.1158027901732779,0.9240701300470543,0.689670794380636,0.9284851280037173,0.689670794380636,0.9284851280037173,0.689670794380636,0.689670794380636,0.689670794380636,1.0177699764663284
T000086,1.3181141011504645,1.8279572357504936,1.3139341184431412,1.029454093086096,1.3882011508044831,1.3882011508044831,1.3882011508044831,1.3882011508044831,1.3882011508044831,1.3882011508044831,1.3174986580661487
T000087,0.9203211018823044,0.7415964591591185,0.6512216201254064,0.6512216201254064,0.6512216201254064,0.9637371045687251,0.9361378196453765,0.9637371045687251,0.9637371045687251,0.6512216201254064,0.9612321937371223
T000088,1.068467010524742,1.2279052725541815,1.102862133449973,1.0630323678999487,1.0144792713549269,1.0630323678999487,1.0630323678999487,1.2279052725541815,1.0630323678999487,1.2279052725541815,1.1145582801325202
T000089,0.521311609978114,0.521311609978114,0.510208451490433,0.5400535893307828,0.521311609978114,0.521311609978114,0.521311609978114,0.5049807079366636,0.521311609978114,0.521311609978114,0.4844454258213099
T000090,0.4630682457303733,0.4783090733876742,0.46704757378748846,0.5661806430336358,0.5661806430336358,0.5661806430336358,0.4630682457303733,0.5661806430336358,0.5661806430336358,0.5661806430336358,0.8252357065915159
T000091,0.3254519287236464,0.478678257706311,0.8520004594384855,0.8520004594384855,0.3254519287236464,0.3254519287236464,0.3719996352941715,0.3719996352941715,0.8520004594384855,0.8520004594384855,0.5929195849514464
T000092,0.46039653039368844,0.46039653039368844,0.48661991209795546,0.48661991209795546,0.48661991209795546,0.48661991209795546,0.48661991209795546,0.48661991209795546,0.48661991209795546,0.48661991209795546,0.611139155037539
T000093,0.8771778127381226,0.8771778127381226,0.8771778127381226,0.8771778127381226,0.8771778127381226,0.9459227866914439,0.9459227866914439,0.9459227866914439,0.9459227866914439,1.2238342654039036,1.2238342654039036
T000094,0.32962073976587064,0.32962073976587064,0.3367077954184498,0.3367077954184498,0.3367077954184498,0.5482403787461682,0.5482403787461682,0.5482403787461682,0.5482403787461682,0.5482403787461682,0.5482403787461682
T000095,0.42251533158630705,0.42251533158630705,0.47054686255948175,0.47054686255948175,0.47054686255948175,0.47054686255948175,0.4797260909364628,0.477975122822986,0.477975122822986,0.477975122822986,0.6085687469866133
T000096,0.43020570352416687,0.43020570352416687,0.4410286095761801,0.4002202683625238,0.4002202683625238,0.4002202683625238,0.3650423362709522,0.3650423362709522,0.3650423362709522,0.3650423362709522,0.3650423362709522
T000097,0.34832130703905534,0.21785169666441392,0.20063972967209082,0.20063972967209082,0.20063972967209082,0.21785169666441392,0.21785169666441392,0.35503915674244574,0.35503915674244574,0.3719243141216542,0.35503915674244574
T000098,0.4144724381630997,0.3328328188393784,0.3328328188393784,0.484602022550051,0.3295981103174536,0.484602022550051,0.37560809113422267,0.6896528683351861,0.3294168536200455,0.3919894673072746,0.3294168536200455
T000099,1.170844564155631,1.1530242713740446,1.1530242713740446,1.1530242713740446,1.1477910174816452,1.1477910174816452,1.1477910174816452,1.159931888681922,1.1477910174816452,1.159931888681922,1.1477910174816452
T000100,0.34990235072919007,0.3482984313201037,0.3482984313201037,0.37049155412585194,0.4119786013277566,0.37049155412585194,0.37049155412585194,0.3546938755132116,0.37168033824316216,0.3546938755132116,0.3546938755132116
T000101,0.55247670672774,0.4794892016334297,0.4837408153619079,0.4889897134777954,0.4889897134777954,0.55247670672774,0.55247670672774,0.55247670672774,0.55247670672774,0.55247670672774,0.4639520941708331
T000102,0.996557608580621,0.9898796018278652,1.0456702462567347,1.0456702462567347,1.0931664483736838,1.0931664483736838,1.0931664483736838,1.0017147369234838,1.0456702462567347,1.0456702462567347,1.0028723556050954
T000103,1.300503864196477,1.300503864196477,1.255942630241507,1.300503864196477,1.300503864196477,1.300503864196477,1.300503864196477,1.300503864196477,1.300503864196477,1.300503864196477,1.9283576350384635
T000104,0.6478161846315614,0.5942437080804099,0.808379399981591,0.6190292314855587,0.6190292314855587,0.6190292314855587,0.817520049314374,0.6478161846315614,0.6454992043730285,0.6454992043730285,0.5971538607524695
T000105,0.5661819723536855,0.5433738480300533,0.5465490608358518,0.5661819723536855,0.5465490608358518,0.5661819723536855,0.5661819723536855,0.5614603558488643,0.5661819723536855,0.5661819723536855,0.5661819723536855
T000106,0.39885596573194826,0.39885596573194826,0.38825242057614345,0.38825242057614345,0.3951831075620646,0.3951831075620646,0.38825242057614345,0.38825242057614345,0.38825242057614345,0.38825242057614345,0.3859153854562099
T000107,0.45956882152349826,0.4589153469851114,0.44367425165780194,0.44066479164301,0.4459571237041657,0.4459571237041657,0.4459571237041657,0.4480974468359331,0.45956882152349826,0.45956882152349826,0.45956882152349826
T000108,2.442621640941726,2.2687889784936788,2.1241749886151404,2.180552625409316,2.180552625409316,2.2687889784936788,2.118974296642589,2.2687889784936788,2.118974296642589,2.180552625409316,1.8960767085076027
T000109,0.6367938202540575,0.6117101928980678,0.5895530860670459,0.5895530860670459,0.5895530860670459,0.5895530860670459,0.5895530860670459,0.5895530860670459,0.6224570351685614,0.6224570351685614,0.5990292184130528
T000110,0.2987801790253101,0.2987801790253101,0.29906446019653904,0.31871482336957596,0.31871482336957596,0.31871482336957596,0.31871482336957596,0.31871482336957596,0.31210751200080467,0.31210751200080467,0.20869341203448039
T000111,0.786899299497007,0.8221637401144687,0.35469509526289594,0.786899299497007,0.786899299497007,0.34998860201018595,0.35375626652729497,0.37876191444968554,0.786899299497007,0.7752830719802323,1.7921692458949003
T000112,1.2608714690220217,1.2889548349547322,1.4202012818054957,1.4186025228823174,1.2608714690220217,1.2965842599065267,1.4226213980198537,1.2965842599065267,1.4186025228823174,1.2538100019121234,1.0101555435894596
T000113,0.5675999209030186,0.53340173610819,0.5249104200146917,0.5249104200146917,0.5282332115701232,0.535860714997968,0.5226341048166516,0.5249104200146917,0.535860714997968,0.535860714997968,0.5907519675850038
T000114,1.3234509885344727,2.6435231760380526,2.8435066536313056,2.8435066536313056,2.604847066047509,2.8435066536313056,2.604847066047509,2.604847066047509,2.604847066047509,2.604847066047509,2.0857011896764295
T000115,0.38667889655571036,0.38667889655571036,0.44538615169892243,0.38667889655571036,0.44538615169892243,0.35154138943135155,0.40520779020973713,0.44538615169892243,0.44538615169892243,0.44538615169892243,0.486625528772062
T000116,0.5848327000855811,0.5654225027997374,0.4154604628395543,0.4154604628395543,0.4154604628395543,0.4154604628395543,0.4154604628395543,0.5848327000855811,0.5590911219239185,0.41398550460203015,0.5848327000855811
T000117,0.48597413112143034,0.32676821307209464,0.46871951430958286,0.48597413112143034,0.46871951430958286,0.32676821307209464,0.32676821307209464,0.3440573527238901,0.32676821307209464,0.32676821307209464,0.4715233128215741
T000118,0.6248942242707631,0.5039433190153164,0.5039433190153164,0.5039433190153164,0.5045810789724295,0.5045810789724295,0.5082041474726952,0.5045810789724295,0.5087613856381519,0.5087613856381519,0.6248942242707631
T000119,0.5348476956385021,0.5424090287829779,0.6449295464784146,0.6449295464784146,0.6462170334355745,0.5550835544912771,0.5257770079241676,0.5550835544912771,0.5433224225581579,0.5433224225581579,0.4074235760541626
T000120,0.426546999608097,0.5190675427191498,0.5227638583365612,0.5181022628522781,0.5227638583365612,0.5227638583365612,0.5227638583365612,0.5227638583365612,0.5227638583365612,0.5227638583365612,0.6574463305770861
T000121,0.33554107872377636,0.41037564146771066,0.37153834761995447,0.36344930934725184,0.3606809368731482,0.3606809368731482,0.3606809368731482,0.35216670226255503,0.35216670226255503,0.35216670226255503,0.6658935170390083
T000122,0.6579380829373297,0.6579380829373297,0.6694906810473875,0.6694906810473875,0.655962093263503,0.655962093263503,0.655962093263503,0.6551300596089827,0.6551300596089827,0.6551300596089827,0.7010416646922714
T000123,0.33554107872377636,0.41037564146771066,0.37153834761995447,0.36344930934725184,0.3606809368731482,0.3606809368731482,0.3606809368731482,0.35216670226255503,0.35216670226255503,0.35216670226255503,0.6658935170390083
T000124,0.7935085144251477,0.5082349894741648,0.7632484803786791,0.7522746745788964,0.7522746745788964,0.7522746745788964,0.7522746745788964,0.7522746745788964,0.7522746745788964,0.7522746745788964,0.6717461628398448
T000125,0.48406110743510045,0.4670531724427464,0.48406110743510045,0.4712062883528197,0.4712062883528197,0.4712062883528197,0.5210831488095378,0.48406110743510045,0.4712062883528197,0.5210831488095378,0.5827543454303853
T000126,0.44036552333298795,0.43780163909130076,0.41440741705156153,0.41440741705156153,0.41440741705156153,0.41440741705156153,0.41440741705156153,0.41440741705156153,0.41440741705156153,0.4435036787352981,0.5078440403501914
T000127,0.6651129121210759,0.31727886702208047,0.3079898085232758,0.3079898085232758,0.31727886702208047,0.3079898085232758,0.31534827631484136,0.31534827631484136,0.31534827631484136,0.31534827631484136,0.30426209616398703
T000128,0.3812874197957547,0.37121810599083016,0.3812874197957547,0.3826922362184109,0.3669323972437623,0.38658457306722843,0.3669323972437623,0.3812874197957547,0.3774971563116649,0.3600801661251457,0.4013402066446285
T000129,0.5935426181313619,0.5895265271652488,0.5214849334305035,0.5394409995015346,0.5882534336438603,0.45868953399647483,0.45868953399647483,0.5882534336438603,0.5882534336438603,0.5934699585141647,0.7278541813597165
T000130,0.11530333660525971,0.12460052719226544,0.24577473083588738,0.24577473083588738,0.24577473083588738,0.24577473083588738,0.24577473083588738,0.24577473083588738,0.24577473083588738,0.24577473083588738,0.11530333660525971
T000131,0.5628836924989058,0.4805764481675194,0.4805764481675194,0.5461448963321194,0.5461448963321194,0.5628836924989058,0.5628836924989058,0.4805764481675194,0.5461448963321194,0.4805764481675194,0.3780095939875895
T000132,1.2912728223947263,1.5113889398633396,1.2774012952029514,1.4297033202191587,1.4297033202191587,1.4297033202191587,1.4048304841149772,1.4162525584219419,1.4048304841149772,1.4162525584219419,1.2931445234328842
T000133,0.9207846379729822,0.9078568276588561,0.9537373622735154,0.9111920206355949,0.9111920206355949,0.9168717711084771,0.9168717711084771,0.9537373622735154,0.9377741154162506,0.9168717711084771,0.937352586704322
T000134,1.1357425898709095,1.1290310891478412,1.1357425898709095,1.1357425898709095,1.1357425898709095,1.1290310891478412,1.1290310891478412,1.1290310891478412,1.1290310891478412,1.1290310891478412,0.8146423551012681
T000135,0.4606434007848155,0.4594193097152564,0.5224045922607368,0.46065445167886526,0.5121220474438175,0.5121220474438175,0.5216518861204149,0.4606434007848155,0.5216518861204149,0.5216518861204149,0.4606434007848155
T000136,0.8253224383747545,0.8083364923812407,0.7405700061407876,0.7405700061407876,0.7405700061407876,0.7405700061407876,0.7717721106887713,0.7717721106887713,0.8253224383747545,0.8253224383747545,0.854591259488436
T000137,1.0367012178094048,1.0480640697737518,0.7871948934578354,0.7871948934578354,0.7871948934578354,0.7871948934578354,0.8082665489229152,0.8082665489229152,0.8082665489229152,0.8082665489229152,1.0863366620205543
T000138,0.874162001713035,0.7654896789440699,0.6521633778645444,0.6521633778645444,0.6521633778645444,0.6589786852960472,0.6521633778645444,0.6521633778645444,0.6521633778645444,0.6521633778645444,0.9189396258966519
T000139,0.457226033897235,0.4667989232957624,0.457226033897235,0.457226033897235,0.457226033897235,0.457226033897235,0.457226033897235,0.457226033897235,0.457226033897235,0.457226033897235,0.47550589103561436
T000140,1.0534595941430989,1.0411376429227053,1.0518025103734268,1.0407401675934322,1.0534595941430989,1.0534595941430989,1.0534595941430989,1.0534595941430989,1.0534595941430989,1.0534595941430989,1.0829328212679943
T000141,0.5801306430596438,1.7520646784704734,1.7258718385915537,1.8150875072113044,0.5355226172079756,0.5355226172079756,0.5355226172079756,0.5801306430596438,0.5801306430596438,0.5801306430596438,0.5494527668287155
T000142,0.4736469797810949,0.4736469797810949,0.4884016764932693,0.4884016764932693,0.4736469797810949,0.5008147533269349,0.4736469797810949,0.4736469797810949,0.4736469797810949,0.4736469797810949,0.711803135488318
T000143,0.5429838355824348,0.5095149751777305,0.7647792767718758,0.5905134944077626,1.6434527168783424,1.6434527168783424,0.8016268086311318,0.8016268086311318,0.8016268086311318,0.7647792767718758,1.0951118152593016
T000144,0.45537751235517354,0.45482455762378504,0.49822834047119696,0.48675218083672694,0.4959990430305972,0.4959990430305972,0.4959990430305972,0.4959990430305972,0.47707296591697784,0.47707296591697784,0.4452424025667906
T000145,2.3244262307201393,2.2952388313887506,2.291220064409369,2.3244262307201393,2.3244262307201393,2.1977991398970618,2.1977991398970618,2.291220064409369,2.291220064409369,2.291220064409369,2.256324976409312
T000146,0.7566879519428753,0.8158385989226749,0.7566879519428753,0.7911553002109823,0.7911553002109823,0.7911553002109823,0.7911553002109823,0.7911553002109823,0.7911553002109823,0.7911553002109823,0.7911553002109823
T000147,0.2539592160204244,0.22705536141254368,0.22705536141254368,0.22705536141254368,0.22705536141254368,0.22705536141254368,0.22705536141254368,0.22705536141254368,0.22705536141254368,0.22705536141254368,0.1712073247858015
T000148,0.28382844343321423,0.31521044499397693,0.3249713602499982,0.3249713602499982,0.3249713602499982,0.3249713602499982,0.3151488362454763,0.30559252711249946,0.30559252711249946,0.31521044499397693,0.32494823656932065
T000149,0.6964679018302633,0.7198673347759835,0.711427686064244,0.711427686064244,0.711427686064244,0.6710142925648871,0.6710142925648871,0.711427686064244,0.711427686064244,0.6710142925648871,0.8591287928390028
T000150,0.732061005131126,0.755116583344724,0.6502451404499099,0.8303047424604701,0.755116583344724,0.755116583344724,0.6502451404499099,0.6502451404499099,0.6502451404499099,0.6502451404499099,0.6129954211576097
T000151,0.4916047921305679,0.41740985775974115,0.37727427476701003,0.38467889856559356,0.38467889856559356,0.38467889856559356,0.38467889856559356,0.38467889856559356,0.6452238632432661,0.6452238632432661,0.49196112741489956
T000152,0.4703225018211466,0.4703225018211466,0.4703225018211466,0.4703225018211466,0.5137763811524948,0.523018342861488,0.523018342861488,0.4395990010908324,0.4420122333414982,0.4420122333414982,0.5034005910896661
T000153,0.5741814510303972,0.9489574274180375,0.5500432607025205,0.9363009998372275,0.7074218793175217,0.9363009998372275,0.9363009998372275,0.9363009998372275,0.9363009998372275,0.9363009998372275,0.5445279410097176
T000154,0.3101845463017184,0.3001544450163419,0.4284936546412621,0.29775827886489437,0.3674569698861445,0.4284936546412621,0.3111421253360561,0.40821898473354723,0.40821898473354723,0.40821898473354723,0.8640428015519952
T000155,0.24110650018391475,0.24110650018391475,0.22207138830089648,0.2273356783062862,0.22207138830089648,0.22207138830089648,0.2273356783062862,0.2273356783062862,0.2273356783062862,0.2273356783062862,0.22207138830089648
T000156,0.5180593986447497,0.5020502314540155,0.5208189005240772,0.5020502314540155,0.5180593986447497,0.5037282981961801,0.5020502314540155,0.5037282981961801,0.5037282981961801,0.5208189005240772,0.5035492017824058
T000157,0.783960170083847,0.7628829670996793,0.7628829670996793,0.7628829670996793,0.782652045340557,0.7960076924944779,0.782652045340557,0.782652045340557,0.7628829670996793,0.7628829670996793,0.7391689465640704
T000158,0.266694973187406,0.29243246707297277,0.3108028924403353,0.3108028924403353,0.3108028924403353,0.26797821756946183,0.3108028924403353,0.3108028924403353,0.3108028924403353,0.26797821756946183,0.3108028924403353
T000159,0.7020125173986559,0.6678141283801812,0.6050180488265601,0.6063431860937726,0.7502036407148788,0.6678141283801812,0.6063431860937726,0.8046472052285044,0.6678141283801812,0.6678141283801812,0.9916131991529863
T000160,0.3642777909107345,0.3642777909107345,0.9725431317843666,0.7804638440890588,0.7804638440890588,1.0136842825543122,0.9770430841222247,0.7804638440890588,0.7804638440890588,0.7804638440890588,0.3642777909107345
T000161,0.56478645989986,0.6152365779360788,0.5734476170517908,0.6143389984401406,0.6143389984401406,0.6143389984401406,0.7732292964555552,0.6227969343720214,0.7732292964555552,0.7732292964555552,0.7270025661763503
T000162,0.6987328814320056,0.684154759884533,0.7579822035639983,0.735624405949364,0.735624405949364,0.735624405949364,0.7178585136741344,0.7178585136741344,0.7178585136741344,0.735624405949364,0.735624405949364
T000163,0.6326056249219237,0.6326056249219237,0.6157690105770995,0.5829309721884739,0.6326056249219237,0.6455125687216711,0.620870151278723,0.5829309721884739,0.645745475343087,0.6157690105770995,1.2603286125265378
T000164,2.3273665985218366,2.3273665985218366,2.3273665985218366,2.3273665985218366,2.2284869151500084,2.3273665985218366,2.2284869151500084,2.2284869151500084,2.5450262705665723,2.2284869151500084,2.3273665985218366
T000165,1.272920844249667,1.272920844249667,0.9753014884046141,0.9753014884046141,0.9884552281109111,0.9884552281109111,0.9884552281109111,0.9753014884046141,0.9427695332278414,0.9884552281109111,0.9911143681582925
T000166,1.4455710900198189,1.4011849696230603,1.4455710900198189,1.4455710900198189,1.4455710900198189,1.4455710900198189,1.4455710900198189,1.4455710900198189,1.4455710900198189,1.4455710900198189,1.3699221617175177
T000167,0.7294862427484177,0.8300306125318858,0.8300306125318858,0.8300306125318858,0.8300306125318858,0.8300306125318858,0.8300306125318858,0.8300306125318858,0.8300306125318858,0.8300306125318858,0.9702121764523562
T000168,0.5330293270168611,0.5330293270168611,0.5647796793297699,0.5495109018802043,0.5495109018802043,0.5495109018802043,0.5495109018802043,0.5527596622212221,0.5527596622212221,0.5527596622212221,0.6086112620930076
T000169,1.043749164221281,1.2166416353911154,1.0511217960691583,1.1088828892406783,0.9979717219865786,0.9979717219865786,1.0511217960691583,1.0511217960691583,1.0511217960691583,1.4126284826012045,1.2008350265219427
T000170,1.8965929772461159,2.0107503903846102,1.8965929772461159,1.8758315889881199,1.8758315889881199,1.8965929772461159,1.8965929772461159,1.8965929772461159,1.8965929772461159,1.8965929772461159,2.1952035733443935
T000171,0.5388915860791271,0.5521545419510057,0.5388915860791271,0.5548364370766659,0.5548364370766659,0.5709492001362467,0.5511102543739071,0.5511102543739071,0.5511102543739071,0.5511102543739071,0.5135373799372217
T000172,2.541600012973841,2.517964396999525,2.517964396999525,2.517964396999525,2.517964396999525,2.517964396999525,2.517964396999525,2.517964396999525,2.517964396999525,2.5124741787989477,2.7020452593428805
T000173,0.579060272180666,0.6409979755404643,0.579060272180666,0.579060272180666,0.579060272180666,0.6132368593402465,0.6132368593402465,0.6132368593402465,0.6132368593402465,0.6132368593402465,0.6189310797950038
T000174,0.7975281361159098,0.7260887656204074,0.7692345769654515,0.7692345769654515,0.7692345769654515,0.7692345769654515,0.7692345769654515,0.7692345769654515,0.7692345769654515,0.6921051796577394,0.8584686868396777
T000175,0.543615029743341,0.3071209031228258,0.4669058942659051,0.4669058942659051,0.46987478536963057,0.5153576830026985,0.543615029743341,0.543615029743341,0.543615029743341,0.543615029743341,0.4845052146316105
T000176,0.31996989196991427,0.32700461472491116,0.3281505581141936,0.32945729593959233,0.32945729593959233,0.3281505581141936,0.3281505581141936,0.32700461472491116,0.32945729593959233,0.32945729593959233,0.4181835114798872
T000177,0.3931300238739678,0.6535587423926601,0.6535587423926601,0.3980021340403919,0.6535587423926601,0.3980021340403919,0.3980021340403919,0.6535587423926601,0.3821155237368584,0.3821155237368584,0.4243855233984464
T000178,0.3386578859534221,0.4224805341766291,0.429752362526927,0.429752362526927,0.429752362526927,0.429752362526927,0.429752362526927,0.429752362526927,0.429752362526927,0.42875899836795817,0.4103665943819928
T000179,0.2500222775945527,0.2739598767585922,0.2495520206511687,0.24941507121246975,0.2495520206511687,0.2495520206511687,0.27234808258772353,0.27234808258772353,0.27234808258772353,0.2790292737964145,0.2790292737964145
T000180,0.3524733050967594,0.33502726790181914,0.3524733050967594,0.5570967632794329,0.33502726790181914,0.3567445190046925,0.36160161816063835,0.3567445190046925,0.33457386674499084,0.32153120685544123,0.4424939184654177
T000181,0.5542849844107456,0.4005175003256883,0.4005175003256883,0.4548867341412447,0.4548867341412447,0.4548867341412447,0.4548867341412447,0.4548867341412447,0.4548867341412447,0.4548867341412447,0.6007374080734303
T000182,0.930008998758599,0.8969266465857434,0.771720936106458,0.771720936106458,0.7040203807209519,0.7705987925049318,0.7687702554694393,0.771720936106458,0.771720936106458,0.771720936106458,0.8812245974253934
T000183,1.1431913807415857,1.0475795473298517,0.9781914692352618,1.1431913807415857,0.9539865756844527,0.9558586803832394,0.9558586803832394,0.9558586803832394,0.9558586803832394,0.9558586803832394,0.93836494187832
T000184,0.8433238075423611,0.8699196392043663,0.7955930436196258,0.8124982298209069,0.8124982298209069,0.8124982298209069,0.8124982298209069,0.8124982298209069,0.8124982298209069,0.8124982298209069,0.9630631502586372
T000185,0.6120615426763957,0.6120615426763957,0.6736365825146383,0.6736365825146383,0.6736365825146383,0.6736365825146383,0.6736365825146383,0.6736365825146383,0.6736365825146383,0.6736365825146383,0.6120615426763957
T000186,0.3439127903957023,0.3439127903957023,0.3439127903957023,0.3425299278123042,0.3439127903957023,0.3439127903957023,0.3766691772923949,0.3439127903957023,0.3439127903957023,0.3439127903957023,0.3220492704419291
T000187,0.5417661184145456,0.5278933869204236,0.5278933869204236,0.5421716784190631,0.5278933869204236,0.5232803759427954,0.5278933869204236,0.5278933869204236,0.5421716784190631,0.5421716784190631,0.47727099690470637
T000188,0.5471489964935161,0.5471489964935161,0.5471489964935161,0.5063036854348658,0.5063036854348658,0.563788014015889,0.563788014015889,0.563788014015889,0.5471489964935161,0.5471489964935161,0.648310137528198
T000189,0.6953431543056732,0.7912458462898234,0.6953431543056732,0.6933346360154581,0.6953431543056732,0.6953431543056732,0.6953431543056732,0.6953431543056732,0.6953431543056732,0.786391829358527,0.7041419421832986
T000190,0.5352082096242847,0.7300702202343583,0.5352082096242847,0.5314750580745639,0.4890504507695252,0.5352082096242847,0.5352082096242847,0.4890504507695252,0.4890504507695252,0.4890504507695252,0.5314750580745639
T000191,0.25544906807836126,0.35164907282024166,0.47747757142707625,0.25544906807836126,0.6811469113006957,0.6811469113006957,0.6811469113006957,0.3567526114790723,0.3567526114790723,0.3567526114790723,0.3511603231537246
T000192,1.2118085634902955,1.0866948148827358,1.0808357145090277,1.0853307343954526,1.0853307343954526,1.2118085634902955,1.0808357145090277,1.0853307343954526,1.0853307343954526,1.0853307343954526,1.4821527903846126
T000193,0.5435966052397968,0.5435966052397968,0.47595022000774123,0.47523620912202047,0.4771687736921557,0.7473655684257259,0.7473655684257259,0.5435966052397968,0.5435966052397968,0.7473655684257259,0.6703851436025328
T000194,2.7234200225920193,3.121785857221334,3.159626791180595,3.159626791180595,3.1621705979430836,3.1621705979430836,3.1621705979430836,3.1621705979430836,3.1526191193561854,3.1526191193561854,3.335730162833985
T000195,0.24597189729505536,0.4907464225931219,0.4907464225931219,0.4907464225931219,0.4907464225931219,0.3404552947746031,0.4907464225931219,0.4907464225931219,0.3404552947746031,0.3404552947746031,0.3138566358316824
T000196,0.7464227455462596,0.7173414131462494,0.7519083033048628,0.7754604760981757,0.7754604760981757,0.7754604760981757,0.7754604760981757,0.7663765201712791,0.7754604760981757,0.7754604760981757,0.7403590304425788
T000197,0.35726073201567987,0.3762154057688725,0.3762154057688725,0.3762154057688725,0.3762154057688725,0.3762154057688725,0.3762154057688725,0.3762154057688725,0.3762154057688725,0.3762154057688725,0.3762154057688725
T000198,1.2614393906713828,1.3980245005278125,1.3310678646776488,1.3310678646776488,1.1744066480827005,1.1639782250555875,1.1639782250555875,1.1639782250555875,1.1639782250555875,1.1639782250555875,1.3189760923739322
T000199,0.731771528583765,0.8419190219998413,0.9139846559036389,0.7452367024222716,0.7452367024222716,0.7452367024222716,0.7452367024222716,0.7452367024222716,0.7452367024222716,0.7452367024222716,0.7898031450774432
T000200,1.2075548474228985,1.2362061824118964,1.176342208099828,1.187643625331112,1.2075548474228985,1.2075548474228985,1.2075548474228985,1.2075548474228985,1.2094295370793837,1.2094295370793837,1.6196252198280554
T000201,0.8825909081010672,0.8340513628116899,0.835740204097609,0.8148680362338632,0.8340513628116899,0.8148680362338632,0.8148680362338632,0.836379801023392,0.8825909081010672,0.8825909081010672,0.7720244103844888
T000202,1.6283805482027913,1.6283805482027913,1.221534163945607,1.221534163945607,1.6283805482027913,1.2237499710410904,1.0005065255274819,0.870918109072656,1.6283805482027913,0.870918109072656,1.0166859726577933
T000203,0.6600137228979767,0.6600137228979767,0.6659673096639882,0.6426723858356456,0.6600137228979767,0.6600137228979767,0.6600137228979767,0.6600137228979767,0.6299180085430824,0.6600137228979767,0.6260288482798875
T000204,1.7379967854885583,1.7092628277303379,1.7379967854885583,1.7092628277303379,1.7092628277303379,1.7092628277303379,1.485623731650587,1.619095681001593,1.619095681001593,1.619095681001593,1.5537588054462301
T000205,1.3343717715722867,1.7768037570595756,1.3808651698443162,1.4852626552977124,1.3343717715722867,1.3343717715722867,1.4852626552977124,1.3343717715722867,1.4852626552977124,1.3343717715722867,1.1083119650466646
T000206,0.627610041560416,0.627610041560416,0.4560576279187963,0.4560576279187963,0.44715950189591086,0.44715950189591086,0.44715950189591086,0.44715950189591086,0.44715950189591086,0.44715950189591086,0.878530249356018
T000207,0.9569535509926839,0.8584528620636822,0.9348083825919903,0.9104868781135724,0.9484189998998853,0.9484189998998853,0.9374963495319066,0.9412430718183906,0.9083522869730174,0.9083522869730174,0.9318803524761167
T000208,0.46355449509844665,0.48151956257876827,0.40301248328130623,0.402712746338122,0.4064201620441003,0.4083888280077536,0.4083888280077536,0.4083888280077536,0.4083888280077536,0.4064201620441003,0.4026870251181135
T000209,3.2760554178684638,3.2760554178684638,3.2760554178684638,3.2760554178684638,3.3594691755255797,3.984501747054302,3.3629168293092726,3.3594691755255797,3.2760554178684638,3.2760554178684638,3.4491309232944283
T000210,2.7800579698799774,2.7092138091043987,2.7092138091043987,2.7092138091043987,2.7776041829116203,2.7776041829116203,2.7092138091043987,2.7092138091043987,2.7800579698799774,2.7092138091043987,2.805337818340344
T000211,0.708455580230084,0.7066716352591134,0.7496557556279965,0.7496557556279965,0.7496557556279965,0.9477603266198469,0.7496557556279965,0.7066716352591134,0.7066716352591134,0.7066716352591134,0.9743647748583053
T000212,1.2492760811998118,1.2650012728556908,1.2492760811998118,1.147967136155067,1.2492760811998118,1.1534923184526882,1.1534923184526882,1.122399366232536,1.2492760811998118,1.0790157495117252,1.2070201479092257
T000213,1.2660451685293272,1.4964383443886664,1.4964383443886664,2.5008963527329997,2.5008963527329997,1.3969784956179272,1.3969784956179272,1.3969784956179272,1.110684014434069,1.5988931145131147,1.2083093017730808
T000214,0.5355586506135772,0.5355586506135772,0.5818497041653204,0.5818497041653204,0.5818497041653204,0.5818497041653204,0.5818497041653204,0.5818497041653204,0.5818497041653204,0.5818497041653204,0.5748735402979663
T000215,2.9494526719308265,3.0890822986667223,2.9463277947361144,2.9463277947361144,2.9463277947361144,2.9463277947361144,2.9463277947361144,2.9463277947361144,2.9463277947361144,2.9463277947361144,2.2440279694013463
T000216,0.8588164915662417,1.1417180695482467,0.83933501354382,0.8566859597489518,0.8588164915662417,0.8566859597489518,0.8478410656752018,0.8566859597489518,0.8478410656752018,0.83933501354382,0.7016949061999723
T000217,1.0035563538012033,1.0016507491795097,1.0016507491795097,1.0016507491795097,1.0016507491795097,1.0016507491795097,1.0016507491795097,1.0182444187784576,1.0016507491795097,1.0182444187784576,1.0076767714480286
T000218,1.2891180486222247,1.2682646006938862,1.2891180486222247,1.2891180486222247,1.2891180486222247,1.2891180486222247,1.2891180486222247,1.2891180486222247,1.2891180486222247,1.2891180486222247,1.3195525621792876
T000219,0.4295430594382147,0.42904577575338815,0.42904577575338815,0.3263207065458575,0.4295430594382147,0.42592120732406485,0.31421867454069147,0.42592120732406485,0.42592120732406485,0.42592120732406485,0.3025906189246007
T000220,0.5494050785039701,0.6261070101010715,0.43540521959940326,0.43540521959940326,0.43540521959940326,0.43540521959940326,0.43540521959940326,0.43540521959940326,0.43540521959940326,0.4230093586032625,0.4315901837656193
T000221,0.40668108532424846,0.39102205307526866,0.4315347655441184,0.4315347655441184,0.4315347655441184,0.4315347655441184,0.4315347655441184,0.4315347655441184,0.4315347655441184,0.4030350959610102,0.4313144190190736
T000222,0.5051112722331761,0.5051112722331761,0.7030045920073168,0.5527830584847794,0.5527830584847794,0.42015884892691996,0.7030045920073168,0.5527830584847794,0.42015884892691996,0.42015884892691996,0.7512733128850954
T000223,0.920994316504697,1.6709298925436742,0.4633541226775693,0.4633541226775693,0.4633541226775693,0.4633541226775693,0.4633541226775693,0.4633541226775693,0.4633541226775693,0.7988740127770712,0.9206880964669762
T000224,3.1397493369759277,0.6141853411755998,1.637122345623803,1.637122345623803,1.637122345623803,1.437393953457081,1.637122345623803,1.637122345623803,1.637122345623803,1.637122345623803,1.7454879134028745
T000225,0.37093457274873226,0.379006018196006,0.366520484233537,0.366520484233537,0.366520484233537,0.366520484233537,0.366520484233537,0.3709345729887256,0.366520484233537,0.366520484233537,1.0747513902340937
T000226,0.5225848842087184,0.5225848842087184,0.5225848842087184,1.2727296760423306,0.5225848842087184,1.1949549131651516,1.1949549131651516,1.2727296760423306,1.1949549131651516,0.47713605980614016,0.6228908040096125
T000227,1.2299048359646458,1.2299048359646458,1.2299048359646458,1.2299048359646458,1.2034023944513443,1.2034023944513443,1.2034023944513443,1.2034023944513443,1.2034023944513443,1.2034023944513443,0.2850381125906967
T000228,1.0138603147817191,0.5687251743498595,1.1187570357507073,1.0138603147817191,1.3711071377191577,3.684491085904552,3.684491085904552,3.684491085904552,3.684491085904552,3.684491085904552,5.012038391580564
T000229,1.7060221396275856,0.3199733123676164,0.3199733123676164,1.0965813668205322,1.0965813668205322,1.0965813668205322,0.42796879641551444,1.0965813668205322,1.0965813668205322,1.0965813668205322,3.3839475160679737
T000230,0.21503749518096635,0.20676942100709844,0.20676942100709844,0.20676942100709844,0.20676942100709844,0.20676942100709844,0.20676942100709844,0.20676942100709844,0.20676942100709844,0.236905833071546,0.6727946441253632
T000231,1.0376183873417308,1.0376183873417308,1.0376183873417308,1.0376183873417308,1.0376183873417308,1.0376183873417308,1.0376183873417308,1.0376183873417308,1.0250467813298962,1.0250467813298962,1.4513008012246407
T000232,0.5463652036283071,0.5952901783177749,0.6279253124168154,0.572450008776995,0.5504057201490653,0.5504057201490653,0.6279253124168154,0.6279253124168154,0.6279253124168154,0.6279253124168154,0.6712728916713934
T000233,0.5572558959415821,0.5115877326838084,0.3314031721760392,0.32884693422502653,0.5115877326838084,0.3379232324409638,0.3379232324409638,0.3379232324409638,0.3314031721760392,0.32884693422502653,0.44660981118785475
T000234,0.7843889207241259,0.7451668406679676,0.7160810124180379,0.7160810124180379,0.7405225724841297,0.7405225724841297,0.7405225724841297,0.7451668406679676,0.7451668406679676,0.7451668406679676,0.7016895039846689
T000235,0.968548308018693,0.7154685838297499,0.8937158192790976,0.8877401715608013,0.9677824928122591,0.8937158192790976,0.9677824928122591,0.8937158192790976,0.9677824928122591,0.9677824928122591,1.0674225542410698
T000236,0.9452622576255977,0.5448411550009014,0.4790970687726779,0.4790970687726779,0.9452622576255977,0.5596817359226306,0.4790970687726779,0.5596817359226306,0.9452622576255977,0.6463078125118296,0.5073351442308195
T000237,0.709096720382099,0.5430442003934413,0.5878259644427838,1.0185845616473252,0.8668291882778273,0.8668291882778273,0.5430442003934413,0.5430442003934413,0.8668291882778273,0.8668291882778273,0.6542769702645325
T000238,0.5668250370871762,0.547899336942136,0.6333766092671559,0.6333766092671559,0.5668250370871762,0.5612189202919392,0.5668250370871762,0.5612189202919392,0.5668250370871762,0.678501031500081,0.6072031696265999
T000239,3.194264540690236,3.413547917753584,3.194264540690236,3.3122353188594884,3.194264540690236,3.413547917753584,3.413547917753584,3.413547917753584,3.066185116991859,2.9054923178067775,2.897954667485733
T000240,0.4719618379000004,0.7602577096757792,0.7399513539101661,0.5424760942312237,0.7399513539101661,0.5424760942312237,0.5424760942312237,0.5424760942312237,0.5424760942312237,0.5424760942312237,0.6327745105597413
T000241,0.6663818531143006,0.6641232529940235,0.6943092414004749,0.6943092414004749,0.6943092414004749,0.6943092414004749,0.6943092414004749,0.6943092414004749,0.6943092414004749,0.8518307250113613,0.6321561575941191
T000242,0.8970843741731739,0.8206126398923375,0.880451200923788,0.8206126398923375,0.8547376802917206,0.8547376802917206,0.8766338003935614,0.8887299514898392,0.8766338003935614,0.8237948764666201,0.9563453737550339
T000243,0.3680364083893425,0.3542716647588145,0.34285920729959585,0.3542716647588145,0.3542716647588145,0.3542716647588145,0.3542716647588145,0.3542716647588145,0.3542716647588145,0.3542716647588145,0.3632884010577507
T000244,0.5692791905668014,0.5692791905668014,0.5692791905668019,0.5692791905668019,0.3939432660589264,0.3939432660589264,0.3939432660589264,0.3939432660589264,0.5212591763613879,0.5692791905668019,0.6223147107620655
T000245,0.581734274041681,0.695056569435664,0.695056569435664,0.695056569435664,0.695056569435664,0.661186134140358,0.661186134140358,0.695056569435664,0.661186134140358,0.661186134140358,0.7521512795760515
T000246,0.5457600471642702,0.38105416878922466,0.5330114086122076,0.5330114086122076,0.5330114086122076,0.5330114086122076,0.5330114086122076,0.5330114086122076,0.5330114086122076,0.5482477783920601,0.6082296668076537
T000247,1.504643540634657,1.483531514743234,1.504643540634657,1.504643540634657,1.504643540634657,1.483531514743234,1.483531514743234,1.504643540634657,1.483531514743234,1.483531514743234,1.26218217461895
T000248,1.0545306496054463,1.0545306496054463,1.088231145013872,1.088231145013872,1.0545306496054463,1.088231145013872,1.088231145013872,1.1134041836043007,1.1134041836043007,1.1134041836043007,0.969896383976658
T000249,1.3077969255731439,1.2656887093743023,1.2734142889063464,1.2896800560563615,1.282439651813653,1.282439651813653,1.282439651813653,1.282439651813653,1.3009844459534052,1.3189716200283863,1.17536385180528
T000250,0.7447712179573056,0.6814081917096277,0.6814081917096277,0.714219604701857,0.6855552245535478,0.7447712179573056,0.7083683260725949,0.6814081917096277,0.6814081917096277,0.7447712179573056,0.6663586914247638
T000251,0.7733617632692107,0.7826451790828692,0.7925942184285859,0.7925942184285859,0.8918276025873652,0.8918276025873652,0.8918276025873652,0.8918276025873652,0.8918276025873652,0.8918276025873652,1.2211115418767584
T000252,0.22961655520970792,0.22496983273669768,0.2230130308524957,0.22565554449139497,0.22565554449139497,0.22565554449139497,0.22565554449139497,0.21448166580869607,0.2329624730369485,0.22961655520970792,0.5024568805506764
T000253,0.4338202096137269,0.43327650191327105,0.42644731298756106,0.42644731298756106,0.42644731298756106,0.42590705053646494,0.42590705053646494,0.42590705053646494,0.42590705053646494,0.42590705053646494,0.6527003338672385
T000254,0.43081655616830133,0.4777043334986365,0.3898963781688622,0.43081655616830133,0.43081655616830133,0.43081655616830133,0.3911092045425092,0.43081655616830133,0.43081655616830133,0.3911092045425092,0.3113051871776526
T000255,0.37647772805607704,0.37011790575281756,0.37011790575281756,0.37045377491970605,0.37045377491970605,0.37045377491970605,0.37045377491970605,0.37045377491970605,0.37045377491970605,0.37045377491970605,0.3723441695660977
T000256,0.9650969911649441,0.9612808085851037,0.9742979013012808,0.9630398699337352,0.9612808085851037,0.9630398699337352,0.9630398699337352,0.9612808085851037,0.9612808085851037,0.9612808085851037,1.0775637011181554
T000257,0.719485638544139,0.6124910626286032,0.719485638544139,0.7006207629833758,0.7043267090153592,0.7006207629833758,0.7006207629833758,0.7006207629833758,0.7006207629833758,0.7006207629833758,0.5628714475233257
T000258,0.5422075702302236,0.5240413758072374,0.5377294002298111,0.5377294002298111,0.5377294002298111,0.5422075702302236,0.5323670487183984,0.5323670487183984,0.5377294002298111,0.5422075702302236,1.1962255947859928
T000259,1.2665381426189848,1.2665381426189848,1.181138253458054,1.181138253458054,1.181138253458054,1.181138253458054,1.181138253458054,1.181138253458054,0.9984435015402869,1.181138253458054,0.9237063944410379
T000260,0.5117380009529292,0.6364998885446213,0.6373140022775563,0.6373140022775563,0.6373140022775563,0.6373140022775563,0.6373140022775563,0.6373140022775563,0.6373140022775563,0.6373140022775563,1.8964898089708837
T000261,0.5680528164908958,0.5123105316999153,0.5116574809861072,0.48457569752184604,0.48457569752184604,0.48457569752184604,0.48457569752184604,0.48457569752184604,0.48457569752184604,0.48457569752184604,0.4282425081034464
T000262,0.515863542995696,0.515863542995696,0.33912850017124513,0.43365628244313853,0.2566729402638816,0.33912850017124513,0.33912850017124513,0.43365628244313853,0.2806638486530988,0.515863542995696,0.46872714825041506
T000263,0.5964077083590141,0.6742836335657335,0.634612667436746,0.634612667436746,0.634612667436746,0.6363051009990447,0.6341503415396985,0.6365100789752839,0.4882285856167184,0.5964077083590141,0.5964883690027014
T000264,0.35719412547442125,0.3558186175882252,0.3558186175882252,0.35739613466251857,0.35739613466251857,0.35739613466251857,0.35739613466251857,0.3539431484541265,0.3539431484541265,0.3539431484541265,0.548679444003962
T000265,0.8774474891264701,0.8774474891264701,0.9395506811056338,0.6967328021426414,0.6967328021426414,0.9395506811056338,0.9395506811056338,0.8774474891264701,0.9395506811056338,0.9395506811056338,0.5107802736462306
T000266,0.32783279475913296,0.3308367374851178,0.3308367374851178,0.3298940674922737,0.3298940674922737,0.3298940674922737,0.3298940674922737,0.3298940674922737,0.3329092763306568,0.3298940674922737,0.3329092763306568
T000267,0.7636240861651317,0.7636240861651317,0.7636240861651317,0.7636240861651317,0.7948573748932972,0.7948573748932972,0.7948573748932972,0.7948573748932972,0.7575628845898252,0.7575628845898252,0.7288328167595587
T000268,0.7844298181824495,0.7844298181824495,0.7844298181824495,0.7992144091341367,0.7844298181824495,0.7826670609581926,0.7826670609581926,0.8117578580790885,0.7793221017877434,0.7844298181824495,0.7844298181824495
T000269,0.6987965225873819,0.504547466666897,0.4524500312658775,0.7021581410209965,0.7021581410209965,0.7021581410209965,0.7021581410209965,0.7021581410209965,0.7021581410209965,0.7021581410209965,0.39731325330288486
T000270,0.604525313765831,0.6106397816863735,0.5773458468075849,0.6137312280797488,0.604525313765831,0.6137312280797488,0.6137312280797488,0.6137312280797488,0.6260685600750763,0.6260685600750763,0.6137312280797488
T000271,1.1917173566506645,1.1917173566506645,1.1917173566506645,1.174049006894362,1.1307934691575432,1.1307934691575432,1.1944512079694327,1.1307934691575432,1.1944512079694327,1.1944512079694327,1.1748953523066328
T000272,0.7927893526814661,0.9275060327647592,0.7927893526814661,0.7927893526814661,0.8850587656692237,0.8286673859117684,0.8286673859117684,0.8286673859117684,0.8286673859117684,0.8286673859117684,0.8286673859117684
T000273,0.44661244164555736,0.38936156729829874,0.38936156729829874,0.38936156729829874,0.38936156729829874,0.38936156729829874,0.38936156729829874,0.38936156729829874,0.38936156729829874,0.38936156729829874,0.4018243211135937
T000274,0.8841911566693375,0.9121493384120866,0.9187011447616967,0.9187011447616967,0.9038788344935977,0.9187011447616967,0.9187011447616967,0.9187011447616967,0.9187011447616967,0.9058470374389916,1.4365893451332807
T000275,0.6129436854822853,0.5917765705912866,0.6129436854822853,0.5476778787508,0.5586149358911043,0.5476778787508,0.5586149358911043,0.5476778787508,0.5476778787508,0.5476778787508,0.5476778787508
T000276,0.7392614923477369,0.5779130971234083,0.6631603146725983,0.6631603146725983,0.6631603146725983,0.6631603146725983,0.6318884047375724,0.6318884047375724,0.6318884047375724,0.6318884047375724,1.2467395174462135
T000277,0.5948816043804284,0.5993992570580381,0.5993992570580381,0.5993992570580381,0.5948816043804284,0.5993992570580381,0.5993992570580381,0.5993992570580381,0.5993992570580381,0.5993992570580381,1.1347611584907522
T000278,0.8152495096005933,0.8252394017990102,0.8602677412467367,0.8147289412405829,0.8147289412405829,0.8147289412405829,0.8147289412405829,0.8147289412405829,0.8147289412405829,0.8147289412405829,0.7716977812625606
T000279,1.0846128128484778,1.1203909989013878,1.1450249079417294,1.1450249079417294,1.1450249079417294,1.1203909989013878,1.1450249079417294,1.1450249079417294,1.1450249079417294,1.1450249079417294,0.8721586528630321
T000280,0.8150543215493461,0.8697041684952259,0.8219467851059102,0.8219467851059102,0.8219467851059102,0.8219467851059102,0.8178414458640483,0.8697041684952259,0.8178414458640483,0.8697041684952259,1.1500791594310598
T000281,0.5553192511016138,0.5553192511016138,0.5553192511016138,0.5553192511016138,0.5553192511016138,0.5553192511016138,0.5553192511016138,0.5553192511016138,0.5553192511016138,0.5553192511016138,0.5545812448999821
T000282,0.45331697850599867,0.4905156264572288,0.44420185455847433,0.45331697850599867,0.4905156264572288,0.4612829600342975,0.4612829600342975,0.4905156264572288,0.4612829600342975,0.4612829600342975,0.45331697850599867
T000283,0.938241475185905,0.9321374362519843,0.9321374362519843,0.8419038668880625,0.8419038668880625,0.8542594219790695,0.8542594219790695,0.8666081407913679,0.8666081407913679,0.8542594219790695,0.9262753975199117
T000284,0.5231587823456995,0.5207169962403501,0.5297997556833852,0.5231587823456995,0.5231587823456995,0.5231587823456995,0.5231587823456995,0.5231587823456995,0.5231587823456995,0.5231587823456995,0.5011444737078143
T000285,0.6598905649754065,1.2071400301676318,1.2071400301676318,1.2071400301676318,1.2071400301676318,1.2071400301676318,1.2071400301676318,1.2071400301676318,1.2071400301676318,1.2071400301676318,0.8110231572631471
T000286,0.736094051368627,0.8116780376193173,0.9679306174941564,0.9679306174941564,0.9608285252587541,0.9679306174941564,0.9679306174941564,0.9679306174941564,0.9679306174941564,0.9679306174941564,0.8630882320205538
T000287,1.0836141752183404,1.1227701027336392,1.0836141752183404,1.0836141752183404,1.0836141752183404,1.3728067740955479,0.932633723724776,1.3146728108007684,1.3146728108007684,1.3146728108007684,1.4023931295003973
T000288,0.3660024662081234,0.3231282753608389,0.38682543967819943,0.41023019482045536,0.3586098474611313,0.3586098474611313,0.3586098474611313,0.3586098474611313,0.3586098474611313,0.3844524766702016,0.4191459183277769
T000289,0.5968111060313469,0.5916320250657947,0.647961260899678,0.647961260899678,0.662152550525954,0.927301980619098,0.8039538783873541,0.927301980619098,0.927301980619098,0.887230477837706,0.7589973151967064
T000290,0.7807570151491272,0.7807570151491272,0.7293963822074281,0.7807570151491272,0.7293963822074281,0.7293963822074281,0.7293963822074281,0.7293963822074281,0.7293963822074281,0.7293963822074281,0.9823132432227448
T000291,0.6091143337769196,0.627134739526211,0.5589820346277693,0.552525980939369,0.552525980939369,0.552525980939369,0.552525980939369,0.552525980939369,0.6413998802992984,0.6413998802992984,1.7003471989915067
T000292,0.7011037183821468,0.7011037183821468,0.7011037183821468,0.7011037183821468,0.7011037183821468,0.675336862999074,0.6813351478499081,0.7011037183821468,0.7011037183821468,0.7011037183821468,0.5758987836705807
T000293,0.6380693784508428,0.520749657213524,0.520749657213524,0.520749657213524,0.520749657213524,0.520749657213524,0.520749657213524,0.520749657213524,0.520749657213524,0.520749657213524,0.43204882347617424
T000294,0.6325065124785582,0.5999688213181434,0.5999688213181434,0.5999688213181434,0.5786328004773641,0.4520537631859442,0.4520537631859442,0.4520537631859442,0.4520537631859442,0.4520537631859442,0.6139105748757984
T000295,0.8348611066438418,0.8348611066438418,0.9070845803768588,0.9070845803768588,0.9070845803768588,0.9070845803768588,0.9070845803768588,0.9070845803768588,0.9070845803768588,0.9411927891163456,1.1439975474659891
T000296,1.3896798715216767,1.3850224102915463,1.3888845070098739,1.3890679485621547,1.3890679485621547,1.46928563832764,1.3896798715216767,1.3896798715216767,1.3896798715216767,1.3890679485621547,1.3830272995568202
T000297,1.2396886228705086,1.2446889949506756,1.560309945060522,1.4393653650743101,1.4393653650743101,1.4393653650743101,1.560309945060522,1.4393653650743101,1.5065899450823645,1.5065899450823645,1.2318030918108513
T000298,1.0725418550124206,1.0671423509572386,1.0725418550124206,1.0426931237168584,1.0426931237168584,1.0436566801661857,1.0436566801661857,1.0436566801661857,1.0436566801661857,1.0436566801661857,1.0436566801661857
T000299,0.3229159405647605,0.31006493452680706,0.31006493452680706,0.31006493452680706,0.31006493452680706,0.31006493452680706,0.31006493452680706,0.31006493452680706,0.31006493452680706,0.31006493452680706,0.3569998292584821
T000300,0.8211130916861049,0.9070158838871992,0.8211130916861049,0.8946507341885525,0.8211130916861049,0.8211130916861049,0.8211130916861049,0.8211130916861049,0.8211130916861049,0.8211130916861049,0.9238584652681439
T000301,0.5969864323466442,0.6004864761664399,0.5969864323466442,0.5969864323466442,0.5969864323466442,0.5969864323466442,0.5969864323466442,0.5969864323466442,0.5969864323466442,0.5969864323466442,0.6086508294758473
T000302,0.47442931331568633,0.5469965982954511,0.5570130803404886,0.48942934641651764,0.5570130803404886,0.5570130803404886,0.5570130803404886,0.5570130803404886,0.5570130803404886,0.5660387349475856,0.44086268148921387
T000303,0.5157635642484659,0.5213671904376993,0.5485028023902406,0.5259158328168639,0.5292577974450448,0.5292577974450448,0.5292660843272566,0.5292660843272566,0.5292660843272566,0.5292660843272566,0.526561605361799
T000304,1.363838978370631,1.5329680346384664,1.363838978370631,1.4683745509819377,1.363838978370631,1.4240255741204948,1.4240255741204948,1.4240255741204948,1.4240255741204948,1.4240255741204948,1.4240255741204948
T000305,0.6399906561028098,0.6598069546501,0.6598069546501,0.6607770163622053,0.6598069546501,0.6665223884500101,0.772274105645397,0.772274105645397,0.772274105645397,0.7039058028000845,0.6627744682893858
T000306,0.6168330954005742,0.6046805145768699,0.6218817090836832,0.6305037711032482,0.5780257882480254,0.6046805145768699,0.6046805145768699,0.5780257882480254,0.6281132069615993,0.5780257882480254,0.428099033736233
T000307,0.818088576118109,0.818088576118109,0.9725354659187411,0.9725354659187411,0.942479244335953,0.942479244335953,0.818088576118109,0.942479244335953,0.942479244335953,0.7791083779859567,1.0196814984851232
T000308,1.3306389700054977,1.7018928163014144,0.9827912364469239,0.9827912364469239,1.3306389700054977,0.9827912364469239,1.0921429189799439,1.0921429189799439,0.9827912364469239,0.9827912364469239,1.073794461816158
T000309,0.5887368636378152,0.6218143873312837,0.5887368636378152,0.602258972700581,0.5561833599254918,0.6764429446181819,0.6136638383138365,0.5561833599254918,0.6764429446181819,0.6136638383138365,0.519001150485085
T000310,0.7267389399704589,0.8988111569670625,0.7267389399704589,0.9781325948118721,0.9781325948118721,0.9781325948118721,0.9781325948118721,0.9781325948118721,0.9781325948118721,1.0051126115545337,0.74253616720934
T000311,0.4817175234041657,0.4817175234041657,0.4817175234041657,0.45721032039670556,0.45721032039670556,0.45721032039670556,0.4688537446983929,0.4675044506032681,0.4675044506032681,0.4675044506032681,0.4675044506032681
T000312,0.7059414065125327,0.7059414065125327,0.7516779070741677,0.7516779070741677,0.7516779070741677,0.7516779070741677,0.7516779070741677,0.7516779070741677,0.7516779070741677,0.7516779070741677,0.44423062258927487
T000313,0.9702823660573775,1.387538399689648,1.1863579731036258,1.039420873709114,1.1509620154568516,1.039420873709114,1.039420873709114,1.039420873709114,1.039420873709114,1.039420873709114,1.184600126771771
T000314,0.6474321933053997,0.5712610681381568,0.6645505920262528,0.6474321933053997,0.6474321933053997,0.6474321933053997,0.6474321933053997,0.6474321933053997,0.6474321933053997,0.6474321933053997,0.6324750310378089
T000315,0.33153111361703624,0.33153111361703624,0.2822182517646744,0.2822182517646744,0.2822182517646744,0.2822182517646744,0.2822182517646744,0.2822182517646744,0.2822182517646744,0.2822182517646744,0.7611096645761097
T000316,0.5643772818649221,0.5777784663973689,0.5643772818649221,0.573815970760218,0.6221520650431964,0.573815970760218,0.6221520650431964,0.6221520650431964,0.6221520650431964,0.6221520650431964,0.978728738920497
T000317,3.0203449986421442,2.9481806285015435,2.9481806285015435,2.9376235099267687,2.999289547781729,2.999289547781729,2.999289547781729,2.999289547781729,2.999289547781729,2.999289547781729,2.9200392043801275
T000318,1.5191801059506227,0.7629954495645513,0.7646000581103581,0.7629954495645513,0.7629954495645513,0.7629954495645513,0.7629954495645513,0.7629954495645513,0.7629954495645513,0.7629954495645513,0.7982143769111798
T000319,0.4346942248087722,0.5153679795481655,0.5153679795481655,0.5153679795481655,0.5153679795481655,0.5153679795481655,0.5153679795481655,0.5153679795481655,0.5153679795481655,0.5153679795481655,0.5215784004132026
T000320,0.4294513822380842,0.5557910546802661,0.48433398728244786,0.5180240401793091,0.4791330821320332,0.5036816561083408,0.5180240401793091,0.5180240401793091,0.5180240401793091,0.5180240401793091,0.501487632811774
T000321,0.6880003530853505,0.7340220342422042,0.7608248425095832,0.7608248425095832,0.7608248425095832,0.7608248425095832,0.7067742556144248,0.7067742556144248,0.7067742556144248,0.7325766789130966,0.774650341640126
T000322,0.32887130540024717,0.3297702295193264,0.3297702295193264,0.3297702295193264,0.3297702295193264,0.3297702295193264,0.329966784368661,0.329966784368661,0.329966784368661,0.329966784368661,0.3296540896635093
T000323,0.5316478180057733,0.47231314463805163,0.5316478180057733,0.5330738249230577,0.5330738249230577,0.48319195354456396,0.48319195354456396,0.48319195354456396,0.48319195354456396,0.48319195354456396,0.48319195354456396
T000324,1.0966586708947745,1.0966586708947745,1.0966586708947745,1.0966586708947745,1.0966586708947745,1.0966586708947745,1.0966586708947745,1.0966586708947745,0.9889851866187651,1.0966586708947745,1.1701701905955415
T000325,1.14889481537171,1.3965297448842473,1.0092918807589453,1.3123011908234667,1.3123011908234667,1.3123011908234667,1.2936768565026966,1.2936768565026966,1.3123011908234667,1.2936768565026966,1.18107748159743
T000326,0.9355189014750203,0.9075042192376258,0.9345391068532591,0.9355189014750203,0.9345391068532591,0.9345391068532591,0.9345391068532591,0.9355189014750203,0.9355189014750203,0.9345391068532591,1.0417054852346446
T000327,1.1565387224061447,0.7825626826396638,1.195176099459345,1.1565387224061447,1.195176099459345,1.195176099459345,1.1565387224061447,1.1565387224061447,1.1565387224061447,1.1565387224061447,0.965564813468851
T000328,0.9605560251242945,0.8948086948186431,0.8878401230021012,0.8878401230021012,0.8878401230021012,0.8878401230021012,0.8878401230021012,0.8953445842389682,0.8953445842389682,0.8953445842389682,0.9628779355597954
T000329,1.5077711206271287,1.5077711206271287,1.5416907568887224,1.5265280065376086,1.5191280246088061,1.5265280065376086,1.5416907568887224,1.5265280065376086,1.554714873304832,1.5265280065376086,1.4930858530086704
T000330,0.4510748805617123,0.46766733811259814,0.45867774867849653,0.45867774867849653,0.45867774867849653,0.45867774867849653,0.45867774867849653,0.45867774867849653,0.45867774867849653,0.45867774867849653,0.606786732834622
T000331,0.8686681510102374,0.690898568296322,1.019378417227272,1.019378417227272,1.019378417227272,1.019378417227272,1.019378417227272,1.019378417227272,1.019378417227272,1.019378417227272,0.6942541086192694
T000332,0.6042432199484853,0.5846040405054411,0.6042432199484853,0.5644282491750112,0.5644282491750112,0.5644282491750112,0.5644282491750112,0.5644282491750112,0.6049359691681184,0.6049359691681184,0.6003845012400768
T000333,0.5174532747615851,0.5181528334220666,0.574439608784377,0.5301052607654223,0.5301052607654223,0.574439608784377,0.574439608784377,0.5006849776532896,0.574439608784377,0.574439608784377,0.5839247111939824
T000334,1.412771708716757,1.412771708716757,1.5420862712729724,1.5420862712729724,1.5420862712729724,1.5420862712729724,1.490278983292025,1.5869080546311716,1.5869080546311716,1.403378939539804,1.4337246565161663
T000335,0.7100139583236423,0.7307847695839019,0.7307847695839019,0.7280286336005571,0.7280286336005571,0.7280286336005571,0.7280286336005571,0.7280286336005571,0.7280286336005571,0.7280286336005571,0.7280286336005571
T000336,1.3329349116995675,1.3329349116995675,1.4762891744267015,1.0839090768915776,1.4334888662035656,1.6464635908592857,1.4334888662035656,1.0839090768915776,1.0839090768915776,1.6464635908592857,1.0448495404969318
T000337,0.43480559047524286,0.4682447728292759,0.43480559047524286,0.43480559047524286,0.43480559047524286,0.43480559047524286,0.43480559047524286,0.43480559047524286,0.43480559047524286,0.43480559047524286,0.43480559047524286
T000338,0.7684498470254637,0.7426509291278387,0.7426509291278387,0.7334845247086327,0.7334845247086327,0.7713030907832013,0.7713030907832013,0.7713030907832013,0.7713030907832013,0.7455519666143398,0.7455519666143398
T000339,1.6637076398193307,1.6637076398193307,1.6080242469193402,1.6940355202567516,1.6940355202567516,1.6940355202567516,1.6940355202567516,1.6940355202567516,1.6940355202567516,1.6940355202567516,1.8250444886153785
T000340,0.2306776949907751,0.2772984854595949,0.2772984854595949,0.2772984854595949,0.2772984854595949,0.2772984854595949,0.2772984854595949,0.2772984854595949,0.2772984854595949,0.2772984854595949,0.2668401533057342
T000341,0.28961781334657727,0.3163957665398157,0.323828460618856,0.3188813138680898,0.30926532671057433,0.30926532671057433,0.30926532671057433,0.30926532671057433,0.3188813138680898,0.30926532671057433,0.30926532671057433
T000342,0.672736517542199,0.6824411624711564,0.6824411624711564,0.7099522055694923,0.7099522055694923,0.7099522055694923,0.6808311419577345,0.7099522055694923,0.7099522055694923,0.7099522055694923,0.7099522055694923
T000343,0.47179588857990207,0.48256384853946604,0.48256384853946604,0.47179588857990207,0.47179588857990207,0.47179588857990207,0.47179588857990207,0.47179588857990207,0.5236686329925473,0.47179588857990207,0.3653372895441559
T000344,1.377245981038731,1.377245981038731,1.7553519353025149,1.7553519353025149,1.438111914566169,1.7553519353025149,1.7553519353025149,1.7553519353025149,1.7553519353025149,1.438111914566169,1.9446795753535782
T000345,0.3002112584627809,0.2959756446082907,0.2959756446082907,0.2959756446082907,0.43865490766502335,0.2984104898927226,0.43865490766502335,0.43865490766502335,0.43865490766502335,0.43865490766502335,0.3032929972169676
T000346,1.3247750792666386,1.2857948958808294,1.2866572994761494,1.2866572994761494,1.2866572994761494,1.2866572994761494,1.2866572994761494,1.2697370803754835,1.2866572994761494,1.2866572994761494,1.252019633532404
T000347,3.573734869967537,3.3587914318941126,3.573734869967537,3.573734869967537,3.573734869967537,3.573734869967537,3.573734869967537,3.573734869967537,3.573734869967537,3.4993624751256585,3.199290105939678
T000348,0.6187645805081303,0.6142606885838807,1.2676973792209358,1.2676973792209358,1.2676973792209358,1.0030867717132939,1.2676973792209358,1.2676973792209358,0.7123575031266284,1.2676973792209358,0.5828518081836522
T000349,0.7919354041602404,0.7625871519546896,0.7919354041602404,0.782007828045284,0.782007828045284,0.7919354041602404,0.782007828045284,0.782007828045284,0.7919354041602404,0.7730131194215848,0.9487247889669773
T000350,0.9337335997382483,0.9135607073397443,0.9898198699950462,0.9337335997382483,0.9898198699950462,0.9898198699950462,0.9898198699950462,0.9898198699950462,0.9898198699950462,0.9898198699950462,1.00189605762224
T000351,0.5752399309366019,0.6023880799896221,0.3882356685549927,0.3883538323127815,0.3883538323127815,0.3722339200710314,0.5752399309366019,0.5752399309366019,0.5752399309366019,0.3883538323127815,0.3883538323127815
T000352,0.25861951014256346,0.4712034441322439,0.6036618982535819,0.6281060087317569,0.6281060087317569,0.6281060087317569,0.5443530496407463,0.48391932885757105,0.48391932885757105,0.48391932885757105,0.42257598237431565
T000353,0.8863258310497368,0.8863258310497368,0.7553766103655893,1.217924324059527,0.5405067327268266,1.217924324059527,1.217924324059527,0.8863258310497368,0.8863258310497368,0.8863258310497368,0.7063091457641968
T000354,0.5222224182896198,0.46364117282947226,0.4433036230004829,0.5222224182896198,0.5222224182896198,0.49707564689370254,0.4433036230004829,0.5222224182896198,0.5015875572083563,0.5320165096497824,0.542418441236418
T000355,0.6460687882665505,0.6717607507207144,0.6974131139103593,0.6974131139103593,0.6974131139103593,0.6974131139103593,0.660479048938191,0.6974131139103593,0.660479048938191,0.660479048938191,0.7413260324875425
T000356,0.9234374039943205,0.9234374039943205,1.0021757685953288,0.9308001120200385,0.9356930875471339,0.8630715034312362,0.8630715034312362,0.9234374039943205,0.9308001120200385,0.9356930875471339,1.1071927384538152
T000357,0.4802631754262688,0.46780193671059594,0.4802631754262688,0.46780193671059594,0.4779859481730581,0.4802631754262688,0.4802631754262688,0.4779859481730581,0.5562515367872812,0.45747661230590914,0.5619736587957141
T000358,1.3750690466562994,1.4306928433931996,1.182301278545202,1.5301307190976765,1.5301307190976765,1.182301278545202,1.182301278545202,1.4306928433931996,1.182301278545202,1.6933690734974454,1.3179003520075208
T000359,0.6793193788278858,0.6793193788278858,0.6829386343902515,0.6793193788278858,0.6793193788278858,0.6793193788278858,0.6793193788278858,0.6793193788278858,0.9599847007836065,0.9811471865788269,0.775184241672263
T000360,0.619631257922235,0.6635850832369157,0.6514064887728618,0.6514064887728618,0.6514064887728618,0.6233986058988866,0.6233986058988866,0.6514064887728618,0.6233986058988866,0.6514064887728618,0.6301534673948909
T000361,0.7577685417783969,0.7577685417783969,0.7577685417783969,0.7634511814841982,0.7577685417783969,0.7572815319500236,0.7634511814841982,0.7634511814841982,0.7634511814841982,0.7634511814841982,0.7301679161846908
T000362,0.8143176663454863,0.7684976650984706,0.7692889711193184,0.7455370074889247,0.7455370074889247,0.7455370074889247,0.7455370074889247,0.7455370074889247,0.7455370074889247,0.7455370074889247,0.7384180320538276
T000363,0.434667655284255,0.4685315046563489,0.4455780200014187,0.4685315046563489,0.4685315046563489,0.434667655284255,0.434667655284255,0.4685315046563489,0.4685315046563489,0.4685315046563489,0.6498605654917151
T000364,0.42247685257313156,0.42247685257313156,0.4293227568250389,0.43101244245296644,0.43101244245296644,0.5466190785074416,0.4293227568250389,0.4293227568250389,0.43101244245296644,0.624896530234052,0.9027022134588586
T000365,1.3834397698161922,1.383875379432453,1.3637821433720925,1.3637821433720925,1.3834397698161922,1.3637821433720925,1.3637821433720925,1.3637821433720925,1.3637821433720925,1.3637821433720925,1.615313356403636
T000366,0.8296117158095825,0.8463176454209322,0.8296117158095825,0.8296117158095825,0.8296117158095825,0.8296117158095825,0.8296117158095825,0.8296117158095825,0.8296117158095825,0.8296117158095825,0.7552605465542145
T000367,0.953847412358117,1.132849484181626,0.953847412358117,0.953847412358117,0.953847412358117,0.953847412358117,1.2069477438395328,0.953847412358117,0.953847412358117,0.9410201807067914,1.564471482829617
T000368,0.7339833348249146,0.7339833348249146,0.7169046398274205,0.7169046398274205,0.7339833348249146,0.7339833348249146,0.7339833348249146,0.7339833348249146,0.7339833348249146,0.7339833348249146,0.7989403396935516
T000369,0.6680375064111874,0.6622960763427197,0.6622960763427197,0.6622960763427197,0.6622960763427197,0.6622960763427197,0.6622960763427197,0.6622960763427197,0.6622960763427197,0.6622960763427197,0.7436663376753075
T000370,0.8937537270402065,0.8138620742647621,1.1141321368188166,0.5464633149576502,0.787169731652482,0.7032014895662521,1.0995419945456855,0.6958366865926009,0.647835695622721,0.647835695622721,0.9195754352317562
T000371,0.4114089376489979,0.4114089376489979,0.419253232378109,0.4114089376489979,0.4114089376489979,0.42114375970527473,0.42114375970527473,0.4114089376489979,0.4114089376489979,0.4114089376489979,0.4577483559084056
T000372,0.4295304196836303,0.4295304196836303,0.4524670567722765,0.4353172035350895,0.4295304196836303,0.4295304196836303,0.4295304196836303,0.4295304196836303,0.4295304196836303,0.4295304196836303,0.4469226211607244
T000373,0.30755031664434346,0.3166046171827057,0.3159119563485028,0.3906170302728252,0.3906170302728252,0.3166046171827057,0.31626042295488205,0.31626042295488205,0.3125947266656061,0.30755031664434346,0.3108066471539836
T000374,0.9694182304244212,0.9694182304244212,0.9688903679029942,0.9688903679029942,0.9694182304244212,0.9694182304244212,0.9688903679029942,0.9694182304244212,0.9694182304244212,0.9694182304244212,0.9741436576906853
T000375,1.116200094533389,0.9324017372469359,1.116200094533389,1.0706969964801318,1.0706969964801318,1.0876008730248687,1.1645247484350854,1.1093439718366904,1.0496329364650971,1.116200094533389,1.0587018152853302
T000376,0.24958202813511765,0.2460775153095083,0.24958202813511765,0.24958202813511765,0.2425709170729366,0.24958202813511765,0.24958202813511765,0.24958202813511765,0.24958202813511765,0.24958202813511765,0.25688575174002515
T000377,0.7889994178519819,0.7771423708652828,0.7889994178519819,0.6674668055220201,0.6674668055220201,0.6674668055220201,0.6674668055220201,0.7889994178519819,0.7889994178519819,0.7889994178519819,0.9409074271424078
T000378,0.6670755848668154,1.1289972172531317,1.525844382855446,0.6670755848668154,1.1289972172531317,0.6670755848668154,1.525844382855446,0.8046232760365049,1.525844382855446,1.586886611938481,0.6670755848668154
T000379,1.0382427283403808,0.9816570947713757,1.0159380974667476,1.0159380974667476,1.0159380974667476,0.9996176440084784,0.9996176440084784,1.0159380974667476,1.0159380974667476,0.9996176440084784,1.0113783284076674
T000380,1.2739293015840023,1.2739293015840023,1.2739293015840023,1.2578305714453633,1.2578305714453633,1.2578305714453633,1.2578305714453633,1.2578305714453633,1.2578305714453633,1.2578305714453633,1.0524073692139488
T000381,0.8220561677537933,0.7503377273044024,0.7503377273044024,0.7055759471534412,0.7055759471534412,0.7740484326155503,0.7503377273044024,0.7055759471534412,0.7598656441689043,0.7598656441689043,0.6244068310587932
T000382,1.0755532571212871,1.0062032705411235,1.1275964935627305,1.0062032705411235,0.6514292177902766,0.8479428839187204,0.6514292177902766,0.9880161337677911,0.9880161337677911,0.9880161337677911,2.460516842489598
T000383,0.3975054626822823,0.35982605711302496,0.3812524090511894,0.3842037815758387,0.3842037815758387,0.3842037815758387,0.3723675784538165,0.3842037815758387,0.3842037815758387,0.3723675784538165,0.4007077606682908
T000384,1.3956622653387902,2.004328542087473,1.971087572434965,1.971087572434965,1.971087572434965,1.9504022342113956,1.9504022342113956,1.971087572434965,1.971087572434965,1.9504022342113956,1.2670234167791585
T000385,0.58613161704941,0.39223508260339746,0.6530637730721607,0.58613161704941,0.58613161704941,0.39223508260339746,0.39223508260339746,0.4718467155751373,0.39223508260339746,0.4718467155751373,0.5980198292118689
T000386,1.854169308693418,1.854169308693418,1.854169308693418,1.854169308693418,1.854169308693418,1.854169308693418,1.854169308693418,1.854169308693418,1.8666026109166964,2.237167488791551,1.9301688526418355
T000387,0.5558315884074762,0.5976090700957027,0.5619560225934551,0.6184534680696075,0.6184534680696075,0.6184534680696075,0.5558315884074762,0.5558315884074762,0.539124770184523,0.539124770184523,0.6948671106164103
T000388,2.2246830278702654,1.5051857000851232,2.117354745894729,2.117354745894729,2.0267242433618615,2.0267242433618615,1.5895116628830734,1.5895116628830734,1.5895116628830734,2.1390823949412408,2.7430570440928586
T000389,4.354690793690659,3.8337852175327356,3.7775304845586652,3.7775304845586652,3.8820158215735097,3.669889478143255,3.669889478143255,3.669889478143255,3.8820158215735097,3.726642369690393,4.5066832736051525
T000390,0.4555000980305054,0.4583835079711984,0.4612627788478282,0.4612627788478282,0.4569320428523883,0.4569320428523883,0.4569320428523883,0.4612627788478282,0.4612627788478282,0.4612627788478282,0.4828408515502818
T000391,1.5247414469365688,0.8340220162074236,0.8340220162074236,0.8411718913909971,0.8340220162074236,0.8133714985607596,0.8407625730202927,0.8407625730202927,0.8407625730202927,0.8407625730202927,0.9329187027987569
T000392,2.1215327666164328,1.590723552862416,1.6100809354161867,1.6100809354161867,1.6100809354161867,1.590723552862416,1.5995539732052033,1.5995539732052033,1.5995539732052033,1.5995539732052033,1.7300313974999646
T000393,1.490415216348226,1.4749759256669586,1.3436802335565854,1.4749759256669586,1.3436802335565854,1.3436802335565854,1.3436802335565854,1.3436802335565854,1.3436802335565854,1.3436802335565854,1.3436802335565854
T000394,0.7106067356851039,0.32826220757787156,0.329602457979167,0.329602457979167,0.329602457979167,0.329602457979167,0.32826220757787156,0.329602457979167,0.329602457979167,0.33258911323401463,0.4483442395399579
T000395,0.3894942265329212,0.30855195803113666,0.30855195803113666,0.3894261097985112,0.28165314559974675,0.301322538193467,0.3894942265329212,0.3894942265329212,0.3894942265329212,0.3894942265329212,0.4437669582620907
T000396,0.4178575541861319,1.0234509635491083,1.0234509635491083,0.8951061222605387,0.8951061222605387,1.0379764025486804,1.6837684548813288,0.8951061222605387,0.8540162253722038,0.8540162253722038,1.6775869205744771
T000397,1.6078328624381162,1.9789174710465811,1.5300524549901195,1.5300524549901195,1.5300524549901195,1.844290527762656,1.844290527762656,1.5300524549901195,1.5300524549901195,1.5300524549901195,1.490296317334092
T000398,0.47189960702866374,0.5779973773133102,0.5779973773133102,0.591460411990069,0.591460411990069,0.591460411990069,0.591460411990069,0.591460411990069,0.5611523770201298,0.5611523770201298,0.339489579306203
T000399,1.297503600835443,1.3088640121120947,1.297503600835443,1.297503600835443,1.297503600835443,1.297503600835443,1.4900947081830995,1.4900947081830995,1.4900947081830995,1.3088640121120947,2.190492316231781
T000400,1.4001897462562705,1.3219282913453816,1.3219282913453816,1.2674361175201656,1.2734574349176455,1.238616362800938,1.2143066088099155,1.2734574349176455,1.3408442202279203,1.4006113746750315,1.2734574349176455
T000401,0.319712075139276,0.319712075139276,0.34208033512080793,0.34208033512080793,0.34208033512080793,0.319712075139276,0.319712075139276,0.34208033512080793,0.34208033512080793,0.34208033512080793,0.31976076187814667
T000402,0.33424409156887736,0.34502760765701257,0.33111309887790535,0.33111309887790535,0.32674788414147365,0.32674788414147365,0.338260115074265,0.3285550170146176,0.3395157306943908,0.34588346909078077,0.3450031902852331
T000403,0.4281174971021302,0.3828617630147425,0.40923248188859385,0.40923248188859385,0.40613783156199434,0.40613783156199434,0.40613783156199434,0.40613783156199434,0.40613783156199434,0.4087452821140939,0.4281174971021302
T000404,0.4268137629640252,0.4268137629640252,0.4268137629640252,0.4504649410521386,0.4504649410521386,0.3847055783782232,0.3847055783782232,0.4504649410521386,0.4504649410521386,0.4504649410521386,0.6292881522567565
T000405,0.4005208645480412,0.3705527633715191,0.36725650510484065,0.3688490763424257,0.3705527633715191,0.3705527633715191,0.3705527633715191,0.3705527633715191,0.3700938484640989,0.3705527633715191,0.5588552927548089
T000406,0.4344803069436177,0.41535057849070767,0.41627472149355615,0.3874663995829284,0.3874663995829284,0.3874663995829284,0.3874663995829284,0.3874663995829284,0.3874663995829284,0.41627472149355615,0.3874663995829284
T000407,1.1393865859747718,1.1378371114250772,1.1378371114250772,0.7450182475285528,0.816476437062454,0.816476437062454,0.816476437062454,0.816476437062454,1.1378371114250772,1.1300256982966248,0.7286167269089915
T000408,0.5523722901421613,0.5523722901421613,0.5924469166166354,0.5924469166166354,0.5903559431523051,0.5903559431523051,0.5924469166166354,0.5924469166166354,0.5903559431523051,0.5903559431523051,0.6363629545858283
T000409,1.4421241895339338,1.4421241895339338,1.3835108949300419,1.3835108949300419,1.3835108949300419,1.3835108949300419,1.3835108949300419,1.3835108949300419,1.3835108949300419,1.3830017912993673,1.788466418416477
T000410,0.12555274393018911,0.21686031905183295,0.19195816014970357,0.2760320333161816,0.19612683083253676,0.19612683083253676,0.19612683083253676,0.19612683083253676,0.19612683083253676,0.19612683083253676,0.2934715911493266
T000411,1.4180947184874106,1.410223804414774,1.3354232606932497,1.9785556906811124,1.6873986290571616,1.317261190483601,1.3014351421547066,1.3014351421547066,1.3014351421547066,1.3014351421547066,1.410223804414774
T000412,0.46590063361788703,0.3218182112268954,0.24462263480278976,0.24462263480278976,0.24462263480278976,0.24462263480278976,0.24462263480278976,0.43284765649680923,0.24462263480278976,0.43284765649680923,0.4006626350158934
T000413,1.3554798345931727,0.8433337533395697,0.8843378649855305,0.8834807034395327,0.8977916087020384,0.8977916087020384,0.8977916087020384,0.8977916087020384,0.9449808492668366,0.8834807034395327,1.1693318692887391
T000414,2.083437628406763,2.083437628406763,2.083437628406763,2.237671720563101,2.083437628406763,2.083437628406763,2.083437628406763,2.083437628406763,2.385070006732591,2.2560532960634685,2.2560532960634685
T000415,3.691686505220211,3.7758364280768584,3.8528129793809747,3.855568203870872,3.7758364280768584,3.7758364280768584,3.7758364280768584,3.7758364280768584,3.7758364280768584,3.7758364280768584,3.7568920417953335
T000416,3.522307962352161,3.7165775441728788,3.7165775441728788,3.7165775441728788,3.7165775441728788,3.7165775441728788,3.7165775441728788,3.7165775441728788,3.7165775441728788,3.7165775441728788,3.6932079358345025
T000417,1.2013365607463582,0.9808641350413307,1.2013365607463582,0.8734609349243794,0.9808641350413307,0.9808641350413307,0.9808641350413307,0.9808641350413307,0.8882748997448415,0.8882748997448415,0.8734609349243794
T000418,0.5530007812454318,1.0182640531312495,0.992006010450819,0.976951851031126,0.992006010450819,0.992006010450819,0.992006010450819,0.992006010450819,0.992006010450819,0.976951851031126,0.6812340297642967
T000419,0.6131205351578901,0.6131205351578901,0.7978895718320562,0.7978895718320562,0.7978895718320562,0.619025590023241,0.619025590023241,0.619025590023241,0.619025590023241,0.619025590023241,0.619025590023241
T000420,1.1713251742331425,0.7456336258451821,0.7540881131433497,0.2714368440410932,0.5245396230660573,0.8504566319166303,0.6039173169092567,0.7771434913050848,0.8504566319166303,0.7771434913050848,1.1785982876290768
T000421,0.2749739129711036,0.2611216320291036,0.25329060361687783,0.25329060361687783,0.2874511667322964,0.25329060361687783,0.24334204731223516,0.25329060361687783,0.2616710605926474,0.25329060361687783,0.2616710605926474
T000422,2.8046117832329625,2.1738393356684087,2.243787099612846,2.1552287603577356,1.5429177616201935,1.5429177616201935,1.5429177616201935,1.4585724032847878,1.4585724032847878,1.4585724032847878,1.7211596842744383
T000423,1.6642356789133852,1.3420459815808659,1.3283749022700893,1.6242078094401946,1.3420459815808659,1.3420459815808659,1.3283749022700893,1.3283749022700893,1.6242078094401946,1.3420459815808659,1.278597958041201
T000424,1.6076317828636109,1.3833279168975254,1.3833279168975254,1.6216579285344006,1.3833279168975254,1.3833279168975254,1.3833279168975254,1.3923177946921028,1.3923177946921028,1.3923177946921028,1.314484565297442
T000425,0.9263796463910873,0.9467646775280514,0.9467646775280514,0.9467646775280514,0.9467646775280514,0.9872978507776035,0.9872978507776035,0.9872978507776035,0.9467646775280514,0.9467646775280514,0.9297170862107371
T000426,1.125796513396034,1.616680344790179,1.5950826015346224,1.623614149204074,1.6114832740420542,1.6114832740420542,1.6114832740420542,1.6114832740420542,1.6114832740420542,1.6114832740420542,0.8610432075910612
T000427,1.9205218841442129,1.925055610522347,1.9337164117488579,2.1729942643074276,1.4677971992027814,1.4677971992027814,1.4677971992027814,2.1729942643074276,2.1729942643074276,2.1729942643074276,1.35070214338507
T000428,1.1001710545947052,1.1045170381519689,1.1045170381519689,1.1045170381519689,1.1045170381519689,1.1045170381519689,1.1045170381519689,1.2109625260331798,0.7549610661844872,0.7549610661844872,1.127298245614036
T000429,0.4742004473340347,0.34639484736454645,0.3644395373209451,0.3644395373209451,0.15031368247649948,0.402101962847837,0.15203794270289772,0.15783053064755756,0.3644395373209451,0.15783053064755756,0.28813559322033905
T000430,0.6791869979390566,0.6595107073748265,0.5962581755617927,0.5123596070652295,0.5123596070652295,0.5123596070652295,0.5123596070652295,0.5541362727468563,0.6105756420295103,0.6105756420295103,0.35690789473684187
T000431,1.2383508565357402,1.674135735727411,1.4442223308284965,1.4601612768446561,1.4601612768446561,1.4601612768446561,1.4601612768446561,1.4601612768446561,1.4601612768446561,1.674135735727411,1.2902924681105814
T000432,1.0305046638313786,0.9783415886363529,0.9783415886363529,0.9783415886363529,0.9783415886363529,0.9783415886363529,0.9783415886363529,0.9783415886363529,0.9783415886363529,1.0691532912032893,0.6489599128395463
T000433,0.9850172631987806,1.0857678285760837,1.013393127668535,1.0647035311788422,1.013393127668535,1.013393127668535,1.013393127668535,1.22709383006303,1.22709383006303,1.22709383006303,0.4981670137681656
T000434,0.8853103676893455,0.9191536240403794,0.9191536240403794,0.9191536240403794,0.9191536240403794,1.150470256558543,0.9191536240403794,0.9191536240403794,1.1855068047938244,0.9191536240403794,0.6500727797937805
T000435,2.0129422745974286,2.1010489648990798,2.1010489648990798,2.123274362852514,2.0995338023592334,2.048465154417576,2.0995338023592334,1.6668517684412916,2.0995338023592334,2.118182796796578,1.6336298178737818
T000436,1.6446130966544799,1.6562985997809092,1.6562985997809092,1.629067807597562,1.629067807597562,1.629067807597562,1.629067807597562,1.629067807597562,1.629067807597562,1.629067807597562,1.629067807597562
T000437,0.9948560072640608,0.9948560072640608,1.3903323572750341,1.2974870465538713,1.2974870465538713,1.2974870465538713,1.1425640098194998,1.1425640098194998,0.9831812994556374,0.9831812994556374,0.6208263785831096
T000438,0.4612073415906662,0.5754388329968624,0.4122410765527939,0.4161986295237603,0.4161986295237603,0.4161986295237603,0.4161986295237603,0.4119519108351988,0.4119519108351988,0.4119519108351988,0.6438197382961254
T000439,1.3266523958334475,1.3266523958334475,1.4272176024207954,1.0786496461478774,1.2961416619447328,1.2961416619447328,1.2961416619447328,1.2961416619447328,1.4272176024207954,1.2920357497527077,1.0537069021407346
T000440,1.347972574755552,1.0378149197085156,1.0378149197085156,1.1492581098911772,1.1492581098911772,1.0378149197085156,1.1492581098911772,1.347972574755552,1.0378149197085156,1.347972574755552,0.8888029394276744
T000441,1.416948392702564,1.439003114458134,1.439003114458134,1.439003114458134,1.439003114458134,1.439003114458134,1.439003114458134,1.439003114458134,1.2793047596156688,1.4498471290113197,1.2466552235262784
T000442,1.8645144932955036,0.960686266738973,3.055299701421121,2.8678082384859627,2.8678082384859627,2.8678082384859627,3.055299701421121,2.8678082384859627,2.8678082384859627,2.6667952012136564,2.6228206752797156
T000443,0.17194734174550838,0.7553457898105874,0.675879412688875,0.6601912127557967,0.6601912127557967,0.6434824496295635,0.6601912127557967,0.6601912127557967,0.6601912127557967,0.6601912127557967,0.22471129902861017
T000444,0.32145316329510837,0.669665984545313,0.3422773808382506,0.39985322071240686,0.3422773808382506,0.3422773808382506,0.39985322071240686,0.3422773808382506,0.38028482683097603,0.38028482683097603,0.5323647932257448
T000445,0.10866543461581508,0.14678005126606608,0.2127489604132238,0.22686232853511293,0.22686232853511293,0.14678005126606608,0.14678005126606608,0.14678005126606608,0.22686232853511293,0.14678005126606608,0.16797813668222783
T000446,0.659472407466739,0.4917987724918209,0.5094365519152114,0.4933589656305106,0.5094365519152114,0.6840066962385103,0.5094365519152114,0.514207356045528,0.514207356045528,0.514207356045528,0.4657612835332786
T000447,1.63966497330129,1.4273021839448319,1.8702519631772925,1.993922485331912,1.993922485331912,1.993922485331912,1.993922485331912,1.993922485331912,1.993922485331912,1.993922485331912,2.01987160213295
T000448,1.1808125859154732,1.1767212743264912,1.0934281560606365,1.0934281560606365,1.1876200454985508,1.0934281560606365,1.0902270275938537,1.0902270275938537,1.0902270275938537,1.0902270275938537,1.1638751903157643
T000449,0.1631780436197868,0.4119712538584269,0.25714512949807483,0.26802979482016787,0.26802979482016787,0.25714512949807483,0.25944433792217286,0.25944433792217286,0.25944433792217286,0.25944433792217286,0.2158354147708745
T000450,1.7392389414044696,1.7626909239565471,1.7392389414044696,1.7392389414044696,1.7392389414044696,1.7392389414044696,1.7392389414044696,1.7392389414044696,1.7392389414044696,1.7392389414044696,1.7360885233979573
T000451,1.183172543175982,0.7913674611202233,0.7569310380650706,0.7335090216420097,0.7335090216420097,0.7335090216420097,0.7755157475690763,0.8604193725701909,0.8604193725701909,0.8604193725701909,1.184795319346361
T000452,2.8041350277292914,2.65924290805882,2.168610458526156,2.341466958181347,2.138625074277428,2.216346375644328,2.754303942072695,2.341466958181347,2.341466958181347,2.138625074277428,2.44716431790892
T000453,2.0455675133533826,1.1050167452625415,1.1050167452625415,0.9692191686132672,0.997903077933412,2.331784018634664,1.0081646511270543,1.0314136582904654,0.997903077933412,2.3126448936842143,1.2982859320192799
T000454,1.718568706381779,1.8078410672137686,1.9593868814982902,1.951592336711893,2.1412794061536373,1.7785280716325755,2.1412794061536373,1.7785280716325755,1.7785280716325755,1.7785280716325755,2.1983736041136206
T000455,0.5418482471724333,0.45772546816458787,0.45772546816458787,0.45772546816458787,0.5512211584832263,0.5512211584832263,0.5512211584832263,0.5512211584832263,0.5512211584832263,0.5197469345107993,0.5923088180338155
T000456,2.2750648918345306,2.333712456161846,2.333712456161846,2.3191445828665564,2.3191445828665564,2.2984876632670193,2.2984876632670193,2.2984876632670193,2.2984876632670193,2.2984876632670193,2.349829428106296
T000457,0.8122105731438304,0.7812142199306876,0.7677108164145168,1.000207811432734,1.000207811432734,1.000207811432734,1.000207811432734,1.000207811432734,0.7052985377551735,0.7052985377551735,0.7672790283582981
T000458,0.3930715656281013,0.4437660415483931,0.4437660415483931,0.5508976293842189,0.4437660415483931,0.4582653244951512,0.4582653244951512,0.4582653244951512,0.39660772306691794,0.4582653244951512,0.46298315012577684
T000459,0.4620878338153707,0.3411853337532127,0.32323820617355853,0.32323820617355853,0.32323820617355853,0.32323820617355853,0.32323820617355853,0.32323820617355853,0.32323820617355853,0.32323820617355853,0.3411853337532127
T000460,0.39642740590812175,0.22918908276240949,0.22918908276240949,0.22918908276240949,0.22918908276240949,0.22918908276240949,0.22918908276240949,0.22918908276240949,0.22918908276240949,0.22918908276240949,0.4350842637206499
T000461,0.5465091017953252,0.4720841984087945,0.4720841984087945,0.42453439238684176,0.42453439238684176,0.42453439238684176,0.42453439238684176,0.45368557651096286,0.45368557651096286,0.45368557651096286,0.24057465458433286
T000462,0.5053152945249142,0.5365136891001835,0.5174170256427949,0.5174170256427949,0.5174170256427949,0.5174170256427949,0.5174170256427949,0.5174170256427949,0.5174170256427949,0.5124143624313134,0.6979597817244613
T000463,0.07702048153466073,0.11087524662197015,0.11087524662197015,0.11087524662197015,0.11087524662197015,0.11087524662197015,0.11087524662197015,0.11087524662197015,0.11087524662197015,0.16072954671324244,0.16072954671324244
T000464,0.2992214290967892,0.3120420152593196,0.1963818690569444,0.1963818690569444,0.1963818690569444,0.1963818690569444,0.1963818690569444,0.325017187455723,0.325017187455723,0.325017187455723,0.3120420152593196
T000465,0.31237920628720944,0.33048843023578867,0.31815266633334993,0.31815266633334993,0.31815266633334993,0.31815266633334993,0.31815266633334993,0.31815266633334993,0.31815266633334993,0.319147552427039,0.33771929824561436
T000466,0.5235581156086766,0.5891350914658546,0.5215947149348226,0.5218952028494492,0.6054184584670304,0.5235581156086766,0.5235581156086766,0.5235581156086766,0.5235581156086766,0.5235581156086766,0.5591526311036126
T000467,0.6623970465412368,0.4008374035302353,0.5468764120809358,0.5128174832727828,0.39815648044847524,0.5055620778326377,0.5055620778326377,0.5055620778326377,0.5055620778326377,0.5055620778326377,0.5128174832727828
T000468,0.9478248345576274,1.0948747593636479,1.038371174660566,1.0550342410006186,1.0948747593636479,1.0948747593636479,1.0948747593636479,1.0948747593636479,0.9478248345576274,1.0285455028851194,1.0539386845036993
T000469,0.8310139313019778,0.6140990564186795,0.7416954013547432,0.758270696845394,0.8310139313019778,0.6140990564186795,0.8310139313019778,0.6140990564186795,0.7416954013547432,0.7416954013547432,0.449479519434528
T000470,0.37699306949829015,0.26627229319139817,0.21420658995497807,0.21420658995497807,0.22807005246872838,0.22807005246872838,0.22807005246872838,0.21420658995497807,0.22807005246872838,0.21420658995497807,0.2819317341343018
T000471,0.7701696898986541,0.83039974461877,0.7810485011673113,0.7810485011673113,0.7810485011673113,0.7810485011673113,0.7701696898986541,0.7701696898986541,0.7701696898986541,0.7701696898986541,0.8089889483398492
T000472,0.2833322323334188,0.5251184063211469,0.5235202865629847,0.5251184063211469,0.5119913925462863,0.5251184063211469,0.5203053444558683,0.5251184063211469,0.5251184063211469,0.5235202865629847,0.5744064188696911
T000473,0.4864248790511153,0.2405485915221284,0.3664321173017282,0.438580261480945,0.3473711509755576,0.438580261480945,0.438580261480945,0.438580261480945,0.4361450898918253,0.4361450898918253,0.4976770987782282
T000474,1.2234664387228462,1.2914393815113894,0.9118468869600113,1.2914393815113894,1.2914393815113894,0.8008626242966345,0.9536811628080715,0.9536811628080715,0.9536811628080715,0.8008626242966345,1.0378655749263237
T000475,0.8350087107483987,0.8350087107483987,0.5029291359356717,0.5029291359356717,0.5029291359356717,0.5029291359356717,0.5029291359356717,0.5029291359356717,0.5029291359356717,0.5254830318213191,0.5964175609543853
T000476,0.9109513077995822,0.760930608030561,0.6698100336911044,0.6698100336911044,0.6674907728550462,0.6674907728550462,0.6674907728550462,0.6674907728550462,0.6674907728550462,0.6698100336911044,0.7257317891035069
T000477,0.9017512572728952,0.4527065667602725,0.4731418608870852,0.5764062007451963,0.4731418608870852,0.5764062007451963,0.506736912151469,0.4595137414241033,0.4595137414241033,0.4595137414241033,0.4731418608870852
T000478,0.4742962152005307,0.47162668192772866,0.47162668192772866,0.47162668192772866,0.47162668192772866,0.47162668192772866,0.47162668192772866,0.47162668192772866,0.47162668192772866,0.47162668192772866,0.47162668192772866
T000479,1.2616176662106102,1.1991766254392977,1.2614823392100352,1.2348600386149808,1.2535428902087598,1.2348600386149808,1.2535428902087598,1.2535428902087598,1.2535428902087598,1.1991766254392977,0.953811142698526
T000480,0.26048759022171364,0.2365168686374572,0.23625860638992616,0.23625860638992616,0.23625860638992616,0.23625860638992616,0.23625860638992616,0.2365168686374572,0.23625860638992616,0.23829842795393252,0.2706026416204355
T000481,0.47849140965558257,0.47849140965558257,0.4782080451009683,0.4782080451009683,0.4782080451009683,0.4782080451009683,0.4782080451009683,0.4782080451009683,0.4782080451009683,0.4142494651945755,0.6173793231239704
T000482,0.25698564138295543,0.24322585061581076,0.24380230335854733,0.2227566178495384,0.24380230335854733,0.24380230335854733,0.24380230335854733,0.24907147761008938,0.24907147761008938,0.24907147761008938,0.24380230335854733
T000483,1.1505748967284972,1.808240511741318,0.42620809270560833,0.42620809270560833,0.42878267675760817,0.42878267675760817,0.42878267675760817,0.42878267675760817,0.42878267675760817,0.42878267675760817,1.1505748967284972
T000484,2.0020543876881143,2.0020543876881143,2.0020543876881143,2.0020543876881143,2.0020543876881143,2.0020543876881143,2.0020543876881143,2.0020543876881143,2.0020543876881143,2.0020543876881143,2.0020543876881143
T000485,0.2770059046907882,0.28279673446024195,0.28279673446024195,0.28279673446024195,0.28279673446024195,0.28279673446024195,0.28279673446024195,0.28279673446024195,0.28279673446024195,0.28279673446024195,0.28279673446024195
T000486,0.4639133661369097,0.47495141374302224,0.4500882712498866,0.5171764827701427,0.47495141374302224,0.4500882712498866,0.47495141374302224,0.47495141374302224,0.5171764827701427,0.5171764827701427,0.5789193278616902
T000487,0.5122279136752712,0.639127570114239,0.5509540999399454,0.5498661769850596,0.5498661769850596,0.5498661769850596,0.5498661769850596,0.5498661769850596,0.5498661769850596,0.5498661769850596,0.4901509654633262
T000488,0.6951815103231005,0.6412163123367672,0.6412163123367672,0.6412163123367672,0.76688426569347,0.6888746276141572,0.7220626591761864,0.76688426569347,0.76688426569347,0.76688426569347,0.7193110992615123
T000489,1.272583347724871,1.208752598627101,1.208752598627101,1.208752598627101,1.4040681607050003,1.4040681607050003,1.4040681607050003,1.4040681607050003,1.208752598627101,1.208752598627101,1.4040681607050003
T000490,1.1423660897827879,1.077300506174566,0.9728433225026161,0.9161376072605861,0.9927362478423084,0.9995370757220108,0.9736959169370667,0.9725282346622297,0.9725282346622297,0.9725282346622297,1.4514884367063092
T000491,1.087944892609261,0.9017864697485503,0.937082637485324,0.9290403209360768,0.9290403209360768,0.9290403209360768,0.9290403209360768,0.9290403209360768,0.9290403209360768,0.937082637485324,0.9893672725321473
T000492,0.7147653694953564,0.7012520231766096,0.7097479708987935,0.7316065156490678,0.7012520231766096,0.7012520231766096,0.7012520231766096,0.7012520231766096,0.6387760220616292,0.7287052392166413,0.6354059009129199
T000493,0.4608327856179151,0.512269983720755,0.44945216017448436,0.4804089071784132,0.4804089071784132,0.4691496821473431,0.467477881409434,0.46652328978073676,0.46652328978073676,0.46652328978073676,0.6886822641820153
T000494,0.5216958298368087,0.6071674511214932,0.5236321087523003,0.6071674511214932,0.5236321087523003,0.5236321087523003,0.4975167849442348,0.5236321087523003,0.6071674511214932,0.6151713791832061,0.7184054342554688
T000495,0.9797805268794263,0.8502160522683213,0.8502160522683213,0.8517380250652344,0.8506751389992061,0.8506751389992061,0.8506751389992061,0.8554458890165353,0.8554458890165353,0.8554458890165353,0.8506751389992061
T000496,0.31233296483436457,0.30516814716905033,0.31040627238692675,0.31040627238692675,0.31040627238692675,0.31040627238692675,0.31040627238692675,0.31040627238692675,0.31040627238692675,0.31040627238692675,0.30516814716905033
T000497,0.7857929120690014,0.7374466688546111,0.7374466688546111,0.7374466688546111,0.7374466688546111,0.7374466688546111,0.7374466688546111,0.7374466688546111,0.7374466688546111,0.7374466688546111,0.7374466688546111
T000498,0.14442604344499219,0.25014554464044075,0.31802803481917025,0.31802803481917025,0.31794491509256634,0.31794491509256634,0.31794491509256634,0.31794491509256634,0.31794491509256634,0.31794491509256634,0.14548755186722015
T000499,0.4184902039253918,0.4651783717739701,0.4651783717739701,0.4651783717739701,0.4651783717739701,0.4651783717739701,0.4651783717739701,0.4651783717739701,0.4651783717739701,0.4651783717739701,0.4651783717739701
T000500,1.3995845910782867,1.4302876103286597,0.709783303530267,0.8143896887967162,0.8143896887967162,0.8143896887967162,0.8143896887967162,0.8143896887967162,1.3751950480564825,1.3751950480564825,0.7061403508771928
T000501,0.34091420524088334,0.16309184235874125,0.15646425888416501,0.15646425888416501,0.15646425888416501,0.15646425888416501,0.15646425888416501,0.15646425888416501,0.15646425888416501,0.17360497662349098,0.16309184235874125
T000502,0.404736110658317,0.3787544375204709,0.3787544375204709,0.3787544375204709,0.3787544375204709,0.3787544375204709,0.3787544375204709,0.3787544375204709,0.3787544375204709,0.3787544375204709,0.3787544375204709
T000503,0.5888052405611203,0.39593403151903067,0.7147943091880505,0.7353909668754881,0.7353909668754881,0.7147943091880505,0.7353909668754881,0.7353909668754881,0.7353909668754881,0.7353909668754881,0.39593403151903067
T000504,0.3146374928933083,0.28457728390958936,0.28457728390958936,0.2388815629875411,0.4272639688971784,0.46537100496404593,0.46537100496404593,0.46537100496404593,0.46537100496404593,0.28457728390958936,0.3125603926161
T000505,0.18702845908344115,0.1855005972562181,0.1855005972562181,0.1855005972562181,0.1855005972562181,0.1855005972562181,0.1855005972562181,0.1855005972562181,0.17203732027344257,0.17203732027344257,0.1855005972562181
T000506,1.2872394858613148,1.2791500609215642,1.2791500609215642,1.2791500609215642,1.2791500609215642,1.2791500609215642,1.2791500609215642,1.2791500609215642,1.2791500609215642,1.2791500609215642,0.9886241909906568
T000507,1.0359864319900327,1.3700345024459202,1.3700345024459202,1.388695090536871,1.388695090536871,1.388695090536871,1.2216946317308486,1.2483131372921985,1.2483131372921985,1.2483131372921985,0.4644759011551235
T000508,0.35494260929639726,0.7697326581307975,0.7697326581307975,0.7697326581307975,0.7181890379853624,0.7697326581307975,0.7697326581307975,0.7697326581307975,0.7697326581307975,0.7697326581307975,0.30548177898044454
T000509,0.24256888341971328,0.2338079973648172,0.2338079973648172,0.2338079973648172,0.2338079973648172,0.2338079973648172,0.2338079973648172,0.2338079973648172,0.2338079973648172,0.23026254496727794,0.2338079973648172
T000510,0.807889612320179,0.7803053320041631,0.7803053320041631,0.7803053320041631,0.5859590778029289,0.7803053320041631,0.7803053320041631,0.7803053320041631,0.7803053320041631,0.7803053320041631,0.7797778764617067
T000511,0.556811865255588,0.6408406426426889,0.6408406426426889,0.6455042375866549,0.5924188459723106,0.6455042375866549,0.5924188459723106,0.5924188459723106,0.5924188459723106,0.6172864518769252,0.26125677055766905
T000512,0.2806724659172358,0.2806724659172358,0.26215023933186826,0.23396499053564143,0.23396499053564143,0.23396499053564143,0.23396499053564143,0.23396499053564143,0.23396499053564143,0.23396499053564143,0.21524190474871524
T000513,0.5885123012990193,0.6641924306580314,0.6702403178721298,0.6702403178721298,0.6702403178721298,0.5730672670479894,0.5730672670479894,0.7020300676409127,0.615888171146639,0.615888171146639,0.5662043297925512
T000514,2.836241986000327,2.6330851974552645,2.6330851974552645,2.6330851974552645,2.127551174706865,2.127551174706865,2.127551174706865,3.4408631955291766,3.4408631955291766,2.127551174706865,6.336274700436475
T000515,1.547879184063174,1.2945942125849064,1.5720319350482543,1.5720319350482543,1.5720319350482543,1.5720319350482543,1.5720319350482543,1.5720319350482543,1.5720319350482543,1.3548970280884094,1.5720319350482543
T000516,0.5718817080878629,0.5718817080878629,0.5282269150484848,0.5282269150484848,0.5282269150484848,0.5282269150484848,0.5282269150484848,0.525077166746167,0.5282269150484848,0.525077166746167,0.4966607301380976
T000517,0.8749146443799584,0.7486483860531454,0.7486483860531454,0.8095554224525757,0.8095554224525757,0.8095554224525757,0.8200814092614797,0.8749146443799584,0.8749146443799584,0.8155288084729141,0.9931146898492895
T000518,0.48601328549521605,0.5050521049368742,0.4851380833127686,0.4851380833127686,0.4851380833127686,0.45160796313752455,0.4851380833127686,0.4851380833127686,0.4851380833127686,0.4851380833127686,0.46770686171810905
T000519,1.0157523684823166,1.0922914529729646,0.9611686564820948,1.0922914529729646,0.9221747142357567,0.9221747142357567,1.0339923951645416,0.7118332327021288,1.0286999968384885,0.7116367860408914,0.9639886486222002
T000520,0.2535453286761211,0.2535453286761211,0.2535453286761211,0.2535453286761211,0.276228426704189,0.2952565831276085,0.2637122125845982,0.2637122125845982,0.4065258704285181,0.4065258704285181,0.276228426704189
T000521,0.509469550492189,0.5296400430543986,0.5160835448585662,0.5296400430543986,0.509469550492189,0.509469550492189,0.509469550492189,0.509469550492189,0.509469550492189,0.509469550492189,0.494981201366356
T000522,0.9480386271834792,0.9480386271834792,0.9480386271834792,1.014699240005639,1.014699240005639,1.014699240005639,1.0192715039405986,1.0192715039405986,0.9480386271834792,0.9480386271834792,1.0426096501924231
T000523,0.6893215799913325,0.6977191336386658,0.661316978386968,0.6977191336386658,0.8110297781068928,0.8110297781068928,0.8110297781068928,0.8110297781068928,0.6977191336386658,0.661316978386968,0.6099307547417873
T000524,1.493936243350353,1.353057981401406,1.353057981401406,1.144302698391729,1.353057981401406,1.353057981401406,1.152714496548785,1.152714496548785,1.353057981401406,1.353057981401406,1.1929443495466872
T000525,1.143797340056755,1.143797340056755,1.1560616289332095,1.1560616289332095,1.1560616289332095,1.1560616289332095,1.1560616289332095,1.1560616289332095,1.1560616289332095,1.1560616289332095,1.1560616289332095
T000526,0.7865274613087767,0.7838441954529416,0.7240482221724915,0.6920493589914707,0.49269275832172926,0.6031491254745892,0.6031491254745892,0.6031491254745892,0.6031491254745892,0.6031491254745892,0.5579090512419944
T000527,0.4395697852432106,0.4178398520985809,0.4451440802087269,0.43997781506469225,0.43997781506469225,0.43997781506469225,0.43997781506469225,0.43997781506469225,0.43997781506469225,0.43997781506469225,0.4185048447943492
T000528,1.0587745478260628,1.052977758494924,1.0197909388179918,1.1490021144029436,1.052977758494924,1.052977758494924,1.052977758494924,1.052977758494924,1.052977758494924,1.0586052717381882,0.8844405269994435
T000529,0.2013741206758464,0.17180045841514388,0.1723842923589104,0.1723842923589104,0.1723842923589104,0.1723842923589104,0.16971207321573595,0.16971207321573595,0.16971207321573595,0.16971207321573595,0.29924354966880584
T000530,4.036182019929882,4.127611023395409,4.036182019929882,4.127611023395409,4.2018065748714175,3.9359589708343643,4.2018065748714175,3.9359589708343643,3.9359589708343643,3.9359589708343643,3.9359589708343643
T000531,0.5573906341789655,0.306112216018227,0.3072567136903872,0.3072567136903872,0.3072567136903872,0.3072567136903872,0.3072567136903872,0.3333414744016601,0.3333414744016601,0.3333414744016601,0.5235768104910422
T000532,0.6187672006102923,0.17353735175553753,0.6187672006102923,0.6187672006102923,0.6075712296378508,0.6075712296378508,0.6939984526579698,0.6075712296378508,0.6075712296378508,0.6930102097535686,0.7014988093570531
T000533,0.24452607732423945,0.2665269691472217,0.2665269691472217,0.2665269691472217,0.2665269691472217,0.2665269691472217,0.2665269691472217,0.2665269691472217,0.2665269691472217,0.2665269691472217,0.23420296270832655
T000534,0.4209646511474139,0.498239663206174,0.5071844774099836,0.5394153229885871,0.5394153229885871,0.5081634191916801,0.5081634191916801,0.4540697618704146,0.5003715885287319,0.4540697618704146,0.5702310810635121
T000535,1.1482449823856111,1.1069399251436625,1.1069399251436625,1.1069399251436625,1.0999669702962271,1.0999669702962271,1.0999669702962271,1.0999669702962271,1.0999669702962271,1.1058599704397654,1.2015542806429238
T000536,0.1861031768025082,0.3796825064108388,0.38316224858353615,0.37333090269014996,0.3359104025537032,0.3359104025537032,0.3359104025537032,0.3359104025537032,0.3359104025537032,0.3359104025537032,0.6455576837000537
T000537,1.2639616155476543,1.7491110096676912,1.551742603778135,1.6763085447696104,1.551742603778135,1.4660449720605548,1.4660449720605548,1.7787590037247616,1.4660449720605548,1.4660449720605548,1.1154009977497892
T000538,3.2933309426702815,3.2504754384534116,3.251895913375494,3.2110722692263463,3.2110722692263463,3.26043402718231,3.26043402718231,3.26043402718231,3.26043402718231,3.26043402718231,3.2623392271798344
T000539,1.4996051992304154,1.3125677128312825,1.3437722618516563,1.349621570546783,1.349621570546783,1.32886055073084,1.319133379156841,1.349621570546783,1.32886055073084,1.349621570546783,1.482875002243039
T000540,0.5088005149094487,0.5487907098902017,0.48286221407598257,0.575002192185329,0.5092082200058033,0.5092082200058033,0.5092082200058033,0.575002192185329,0.5092082200058033,0.5092082200058033,1.319385672860058
T000541,0.788519262117724,0.6696635391406784,0.7462789816741806,0.7308380441537673,0.7878938934605425,0.7498492952491966,0.7878938934605425,0.7715874049806064,0.7878938934605425,0.7878938934605425,1.9288464658661062
T000542,0.5326633813591948,0.49714168384004814,0.49714168384004814,0.5754207876001692,0.5754207876001692,0.5754207876001692,0.5754207876001692,0.5754207876001692,0.5754207876001692,0.5754207876001692,0.40394140371462556
T000543,0.2991923076207165,0.2991923076207165,0.15307559723839298,0.15307559723839298,0.2991923076207165,0.15307559723839298,0.2991923076207165,0.2991923076207165,0.2991923076207165,0.2991923076207165,0.3059691694056702
T000544,1.2554876575224623,2.193111323132544,2.2125675039685313,2.3748456018578095,2.2125675039685313,2.2125675039685313,2.3748456018578095,2.2125675039685313,2.3748456018578095,2.3748456018578095,2.3435178482372843
T000545,0.1324552618349738,0.15979534960964933,0.163635050845747,0.1371428571428574,0.1371428571428574,0.163635050845747,0.1324552618349738,0.1371428571428574,0.1371428571428574,0.15979534960964933,0.3096167266635307
T000546,1.433089656468278,1.433089656468278,1.4563411047994308,1.4563411047994308,1.4563411047994308,1.4563411047994308,1.4563411047994308,1.4503811684611152,1.433089656468278,1.4563411047994308,1.4282146870484989
T000547,1.1502039553627526,1.053103130066653,0.9666394356943282,0.9666394356943282,0.9666394356943282,0.9666394356943282,0.9666394356943282,0.9666394356943282,0.9666394356943282,0.961970529062201,1.013325325118234
T000548,1.1252120154919014,1.0870636046656674,1.0870636046656674,1.0870636046656674,1.0870636046656674,1.0870636046656674,1.0870636046656674,1.0870636046656674,1.0870636046656674,1.0870636046656674,1.0870636046656674
T000549,0.9674238839535327,0.9639296193818188,0.9639296193818188,0.9639296193818188,0.9639296193818188,0.9639296193818188,0.9639296193818188,0.9639296193818188,0.9639296193818188,0.9639296193818188,0.9598331478154054
T000550,0.7612939743435408,0.7547161829111998,0.7610152520344085,0.7610152520344085,0.7547161829111998,0.7697470803791993,0.7697470803791993,0.7697470803791993,0.7547161829111998,0.7697470803791993,0.7842976230318396
T000551,0.3515472919018158,0.3391402731110253,0.3515472919018158,0.3391402731110253,0.3391402731110253,0.3391402731110253,0.3391402731110253,0.3391402731110253,0.3391402731110253,0.3391402731110253,0.3391402731110253
T000552,1.8087171473293726,1.849741811588129,1.8003227128905845,1.8666957790414516,1.7648976035998996,1.8666957790414516,1.8666957790414516,1.8666957790414516,1.8666957790414516,1.8666957790414516,1.9411144758218706
T000553,1.7610399631795686,1.825537536713676,1.6109592912425506,1.6082861590541973,1.6109592912425506,1.6109592912425506,1.6109592912425506,1.8515556744390487,1.6109592912425506,1.6082861590541973,1.7847791684649685
T000554,0.8419398627835724,1.59282655606356,0.6624160017517746,0.8419398627835724,0.7593628087472735,0.6624160017517746,0.6624160017517746,0.8419398627835724,0.6624160017517746,0.8591773714962495,0.8390895508812907
T000555,0.7011865888741912,1.0492008529032713,0.6089292707495362,0.5374838031263084,0.5374838031263084,0.6072090075817108,0.5233185244334916,0.6089292707495362,0.6089292707495362,0.9334794007660174,0.7011865888741912
T000556,0.13854254790571857,0.13666132941935194,0.133299777427895,0.13666132941935194,0.1224535429064189,0.1224535429064189,0.1224535429064189,0.1224535429064189,0.1224535429064189,0.1224535429064189,0.13666132941935194
T000557,0.11136634900459857,0.1029423600046447,0.10335205996103076,0.10422963060534514,0.1029423600046447,0.1029423600046447,0.1029423600046447,0.10422963060534514,0.10422963060534514,0.10422963060534514,0.1048986917942297
T000558,0.10821249249337353,0.10870570820612452,0.10800283439751635,0.10800283439751635,0.10870570820612452,0.10870570820612452,0.10870570820612452,0.10870570820612452,0.10870570820612452,0.10870570820612452,0.10870570820612452
T000559,0.19112612719201547,0.1958593534064172,0.1958593534064172,0.1958593534064172,0.1958593534064172,0.1958593534064172,0.1958593534064172,0.1958593534064172,0.1958593534064172,0.1958593534064172,0.1958593534064172
T000560,0.3583639485697872,0.06695915771059109,0.06695915771059109,0.06695915771059109,0.29200964675474816,0.06695915771059109,0.06695915771059109,0.06695915771059109,0.06695915771059109,0.06695915771059109,0.047623496641660865
T000561,0.02709876502391468,0.022506864926196603,0.022506864926196603,0.024129124425516967,0.022506864926196603,0.022506864926196603,0.022506864926196603,0.024129124425516967,0.022506864926196603,0.024129124425516967,0.021451907370039398
T000562,0.14461670227709905,0.0351362987948519,0.027750382782101735,0.02522068485545359,0.02522068485545359,0.02522068485545359,0.02522068485545359,0.02522068485545359,0.02522068485545359,0.02522068485545359,0.015161788757240932
T000563,0.09793292808420585,0.10447019620149132,0.09675965388749994,0.10447019620149132,0.10447019620149132,0.10447019620149132,0.10447019620149132,0.10447019620149132,0.10447019620149132,0.10447019620149132,0.10447019620149132
T000564,0.044556297471100924,0.0715325966253087,0.05807796467279897,0.0715325966253087,0.03807099278472435,0.0715325966253087,0.0715325966253087,0.03807099278472435,0.12207711561322653,0.12207711561322653,0.05807796467279897
T000565,0.13414431658523354,0.10277602372979479,0.13010491047798528,0.10277602372979479,0.10894476795691192,0.10894476795691192,0.11429228725163396,0.10894476795691192,0.11429228725163396,0.10894476795691192,0.1016428973370694
T000566,0.4658022501577993,0.42126710965205577,0.41900867455537255,0.41900867455537255,0.41900867455537255,0.42126710965205577,0.42126710965205577,0.4216305582225486,0.41900867455537255,0.41900867455537255,0.42126710965205577
T000567,1.1398009675832188,1.1398009675832188,1.1398009675832188,1.1658127479338407,1.1658127479338407,1.1658127479338407,1.1658127479338407,1.1398009675832188,1.1273850339461173,1.1884443235191553,1.2726883762598022
T000568,1.2013255672626795,1.1690506222763903,1.2285981834142483,1.2285981834142483,1.2285981834142483,1.2285981834142483,1.2285981834142483,1.2285981834142483,1.2285981834142483,1.2837210452279102,1.1782956210168
T000569,0.1836214837555585,0.18861096211589704,0.19388425913385346,0.21132314324384238,0.22755519267141763,0.22755519267141763,0.2114238738484725,0.20056688766722347,0.22755519267141763,0.20428484606590092,0.4142971951899259
T000570,0.3363232702554491,0.47043026486609985,0.47043026486609985,0.47043026486609985,0.47043026486609985,0.47043026486609985,0.5144471071572139,0.5144471071572139,0.5144471071572139,0.5144471071572139,0.7438720059292808
T000571,0.9149345742463293,0.8157344293822489,0.6107784228018021,0.9177411003515817,0.9177411003515817,0.9177411003515817,0.6000632566948476,0.6000632566948476,0.6000632566948476,0.6000632566948476,0.9177411003515817
T000572,0.5385796466534343,0.3428903166406081,0.3428903166406081,0.5936970972345061,0.21346012399838177,0.3428903166406081,0.36034699190440567,0.3428903166406081,0.3016919860402183,0.3428903166406081,0.6037498764231122
T000573,0.6554623141057091,0.6369020788682955,0.5560812517787963,0.6369020788682955,0.5515020905214866,0.5515020905214866,0.5560812517787963,0.615030303881681,0.6137606714299935,0.6188442954482626,0.6137606714299935
T000574,0.49752357805437997,0.2176125564369805,0.14928846852759492,0.14928846852759492,0.18093274201665308,0.18093274201665308,0.1474835147701578,0.18093274201665308,0.17024163190782243,0.17024163190782243,0.44196121916978104
T000575,1.1242922587165498,1.4362229352256466,1.4362229352256466,1.4362229352256466,1.4362229352256466,1.2951079576687492,1.2951079576687492,1.172646449326875,1.172646449326875,1.2951079576687492,1.0895472762456078
T000576,0.6204336562873228,0.5571916954324447,0.5571916954324447,0.5571916954324447,0.5571916954324447,0.5571916954324447,0.5571916954324447,0.5571916954324447,0.5571916954324447,0.5571916954324447,0.6251938904307024
T000577,0.6213943149874418,0.6115910994097189,0.6349765946139515,0.6349765946139515,0.6115910994097189,0.6349765946139515,0.6349765946139515,0.6349765946139515,0.6520014590075426,0.6349765946139515,0.5946100004906517
T000578,0.5387213114641785,0.5597870473827362,0.5597870473827362,0.5597870473827362,0.5597870473827362,0.5660377358490564,0.5597870473827362,0.5597870473827362,0.5597870473827362,0.5597870473827362,0.5660377358490564
T000579,0.48913957359482624,0.647934062026054,0.6485437862155496,0.6500661705533622,0.6500661705533622,0.6500661705533622,0.6500661705533622,0.647934062026054,0.647934062026054,0.647934062026054,0.5289746847057465
T000580,0.6069633296357255,0.5667644164448775,0.5779107712641712,0.5779107712641712,0.5667644164448775,0.5667644164448775,0.5667644164448775,0.5667644164448775,0.5667644164448775,0.5667644164448775,0.5667644164448775
T000581,0.45612563038480625,0.4112730027476291,0.4112730027476291,0.4112730027476291,0.4112730027476291,0.4112730027476291,0.4112730027476291,0.4112730027476291,0.4112730027476291,0.4112730027476291,0.4112730027476291
T000582,0.530903455082316,0.5616731048425733,0.5616731048425733,0.5616731048425733,0.5616731048425733,0.5616731048425733,0.5616731048425733,0.5616731048425733,0.5616731048425733,0.5616731048425733,0.5616731048425733
T000583,0.43504180095756995,0.4621678102292029,0.4621678102292029,0.4621678102292029,0.4621678102292029,0.4621678102292029,0.4621678102292029,0.4621678102292029,0.4621678102292029,0.4621678102292029,0.4621678102292029
T000584,0.7361163049663814,0.6463219664327924,0.7361163049663814,0.6463219664327924,0.6463219664327924,0.6463219664327924,0.6463219664327924,0.6463219664327924,0.6463219664327924,0.6463219664327924,0.7554819982961211
T000585,0.6198768100718419,0.607710575203973,0.49687308542091796,0.607710575203973,0.607710575203973,0.607710575203973,0.6069605343319812,0.6069605343319812,0.607710575203973,0.607710575203973,0.607710575203973
T000586,0.3451740389388297,0.8301106598944398,0.7950861968966157,0.5455534321480986,0.5455534321480986,0.8301106598944398,0.5455534321480986,0.8264024829618747,0.5455534321480986,0.5455534321480986,0.5181711606096132
T000587,0.7482632342153996,0.7898244625249348,0.7048761968897594,0.7898244625249348,0.7898244625249348,0.7898244625249348,0.7898244625249348,0.7898244625249348,0.7898244625249348,0.7898244625249348,0.7898244625249348
T000588,0.7608533059941892,0.7611914635033469,0.7470721893130299,0.7611914635033469,0.7611914635033469,0.7611914635033469,0.7611914635033469,0.7611914635033469,0.7611914635033469,0.7611914635033469,0.7611914635033469
T000589,0.8585520351453915,0.8549474279487221,0.8549474279487221,0.8549474279487221,0.8549474279487221,0.8549474279487221,0.8549474279487221,0.8549474279487221,0.8549474279487221,0.8549474279487221,1.0896865156133695
T000590,0.13151536160280544,0.18271835076167614,0.13215777250119293,0.11550665212848174,0.11550665212848174,0.2206155053302555,0.11770327835695432,0.2206155053302555,0.17359592332863374,0.17359592332863374,0.12738256272115633
T000591,0.1218797284686787,0.2013969906894721,0.33701355198903477,0.15982670917221375,0.2013969906894721,0.1218797284686787,0.33788079635880086,0.33788079635880086,0.33788079635880086,0.2013969906894721,0.3193829392339876
T000592,0.9020330963351383,0.9012142455161946,0.22404874215378542,0.22404874215378542,0.8489844063581277,0.13070359266438628,0.13070359266438628,0.13070359266438628,0.13070359266438628,0.13070359266438628,0.36328954128164825
T000593,0.16044262835435935,0.11809392243765905,0.11809392243765905,0.11809392243765905,0.11809392243765905,0.3983281428112714,0.11809392243765905,0.11809392243765905,0.3993772609610791,0.11809392243765905,0.11809392243765905
T000594,0.12468397428818956,0.16614025625364637,0.15439838556661672,0.16614025625364637,0.16614025625364637,0.16614025625364637,0.12468397428818956,0.16614025625364637,0.16614025625364637,0.16614025625364637,0.12468397428818956
T000595,0.34417440384555886,0.34417440384555886,0.34417440384555886,0.34417440384555886,0.34417440384555886,0.34417440384555886,0.34417440384555886,0.34417440384555886,0.3546257879261554,0.3546257879261554,0.36349307438009293
T000596,0.39149621501257115,0.39149621501257115,0.42046341807062976,0.3799937083590858,0.3799937083590858,0.3799937083590858,0.3799937083590858,0.3799937083590858,0.3799937083590858,0.3799937083590858,0.3412251012000671
T000597,0.975447912962957,0.975447912962957,0.9138296016122236,0.7929111735887803,0.8909768337702318,0.8102236858880628,0.7941553486947729,0.7228152206270076,0.7228152206270076,0.7228152206270076,0.3892783073635949
T000598,1.262961349341503,1.262961349341503,1.0621498061005241,1.3695125116779996,1.3284455728805968,1.3284455728805968,1.3284455728805968,1.3284455728805968,1.3284455728805968,1.3328454602839797,1.2760312886458243
T000599,0.8426752994247013,0.8439666591879986,1.0443847257497285,1.0443847257497285,1.0443847257497285,0.8957754834962106,0.8957754834962106,0.8439666591879986,0.789791970085104,0.8439666591879986,0.8113208894257469
T000600,1.1990090437822547,1.1644358563259716,1.1324909378870927,1.1836993235187268,1.1703238659347,1.1644358563259716,1.1644358563259716,1.1644358563259716,1.1644358563259716,1.1644358563259716,1.2626521790015814
T000601,0.7897553247975571,1.1471194644402136,1.0297419411032087,1.0617888864109508,1.0575724425211153,1.0575724425211153,0.9282468210769438,0.9282468210769438,0.9282468210769438,0.6842585930489393,0.7764539706479991
T000602,1.191944828008788,1.1204702506928053,1.1204702506928053,1.1204702506928053,1.1204702506928053,1.1204702506928053,1.1204702506928053,1.1204702506928053,1.1204702506928053,1.1204702506928053,1.1204702506928053
T000603,0.9080933767520863,0.947695471282083,0.947695471282083,0.947695471282083,0.9607216041383071,0.9607216041383071,0.9607216041383071,0.9607216041383071,0.9607216041383071,0.9607216041383071,0.9607216041383071
T000604,1.2565114776559267,1.2575804380773166,1.2575804380773166,1.2575804380773166,1.2575804380773166,1.2575804380773166,1.2575804380773166,1.2575804380773166,1.2575804380773166,1.2575804380773166,1.2575804380773166
T000605,0.6278363602300194,0.9039278264913905,0.9426745439894747,0.9426745439894747,0.9426745439894747,0.9426745439894747,0.9426745439894747,0.9426745439894747,0.9426745439894747,1.1889825941565495,0.6677489355272843
T000606,0.8426328328051499,0.7138135420969648,0.8426328328051499,0.8426328328051499,1.0345039863030183,0.9857241683527769,0.8821545275070015,0.9971558799632264,0.9757731230319677,0.9971558799632264,1.2087888013728338
T000607,0.8416031218113011,0.8456289462983643,0.6604817998685311,0.7947203771156365,0.8486170402768228,0.6604817998685311,0.8476109465971334,0.6604817998685311,0.6604817998685311,0.6604817998685311,0.8191714455866015
T000608,0.6808720771856279,0.7527133491411621,0.8915604397512726,0.8624114191451389,0.8624114191451389,0.8624114191451389,0.6415288218755971,0.6415288218755971,0.6415288218755971,0.6415288218755971,0.6754607119827213
T000609,1.4154985238553124,1.430524962861367,1.4077474584153744,1.4727738948246358,1.5920477373215802,1.5920477373215802,1.5920477373215802,1.42045069965329,1.5920477373215802,1.5651343232060488,1.4192083659077386
T000610,2.1628185558883537,2.0893029119946136,2.3775287461049426,2.03223708698756,2.2867936159676883,2.308965414341316,2.2867936159676883,2.3775287461049426,2.3775287461049426,2.1143807410607707,2.0900889684155435
T000611,1.0375685956148926,1.0375685956148926,1.0375685956148926,1.0375685956148926,1.0375685956148926,1.0375685956148926,1.019205448398036,1.019205448398036,1.019205448398036,1.019205448398036,1.3886126950250326
T000612,1.0976593427041594,1.0954205189046682,1.0406118155657014,1.0667080084339453,1.0667080084339453,1.1010754293584033,1.1302503133380308,1.0764884015506184,1.0764884015506184,1.0764884015506184,1.1123014970073106
T000613,1.0875416040239418,1.1850577183151634,1.181870021293747,1.0857195630296395,1.0857195630296395,1.0969168705891006,1.0050382753070646,1.0857195630296395,1.0050382753070646,1.181870021293747,1.00883241907805
T000614,0.9133284831120847,0.9133284831120847,0.9133284831120847,0.9133284831120847,0.9133284831120847,0.9133284831120847,0.9133284831120847,0.9133284831120847,0.9133284831120847,0.9133284831120847,0.9047710437097726
T000615,1.1319280593393588,1.1319280593393588,1.1319280593393588,1.1319280593393588,1.1319280593393588,1.1319280593393588,0.961382245390584,1.1319280593393588,1.1319280593393588,1.1319280593393588,1.0532972710635782
T000616,0.93826250288686,0.8258299029578202,0.93826250288686,0.8896694981850328,0.8136829924710243,0.8896694981850328,0.8896694981850328,0.8136829924710243,0.8896694981850328,0.8136829924710243,0.8642912346698494
