unique_id,MetaARIMA(3),MetaARIMA(10),MetaARIMA(25),MetaARIMA(50),MetaARIMA(100),MetaARIMA(150),MetaARIMA(200),MetaARIMA(250),MetaARIMA(300),MetaARIMA(350),AutoARIMA
T000000,0.953781274833084,0.7094145445774744,0.7094145445774744,0.7184087279125188,0.7184087279125188,0.7184087279125188,0.7184087279125188,0.7184087279125188,0.7184087279125188,0.7184087279125188,0.7184087279125188
T000001,0.5802256444624677,0.6636648353511698,0.6610075602467115,0.6610075602467115,0.6610075602467115,0.6610075602467115,0.6610075602467115,0.6610075602467115,0.6610075602467115,0.6610075602467115,0.6302798637755809
T000002,0.8555840395541437,0.777153564401552,0.7487315886714974,0.6409958026453365,0.7106584109478251,0.7106584109478251,0.7106584109478251,0.7106584109478251,0.7106584109478251,0.7487315886714974,0.7498324729326424
T000003,0.9241765889369205,0.9047663437484165,0.9047663437484165,0.7745551744156429,0.7745551744156429,0.7745551744156429,0.7745551744156429,0.7745551744156429,0.8422839189545669,0.8422839189545669,0.8730744052304914
T000004,1.274402188430393,1.274402188430393,2.9944775646115196,2.5614289074206598,1.7192034229869313,1.7192034229869313,2.5614289074206598,2.9587757126863874,2.9587757126863874,2.4408520185345695,1.816378058663533
T000005,1.6519925104424462,0.4092152507534438,2.2788195505913817,2.2788195505913817,0.9533611667458269,2.2788195505913817,0.9533611667458269,0.9533611667458269,0.9533611667458269,0.737473142433956,1.1243849887463249
T000006,0.19429122546633598,0.2636353281308044,0.26248732509123907,0.26248732509123907,0.26248732509123907,0.26248732509123907,0.26248732509123907,0.26248732509123907,0.26248732509123907,0.26248732509123907,0.57111672347501
T000007,0.17138060218991108,0.37162169093825964,0.37162169093825964,0.37162169093825964,0.37162169093825964,0.15077963299197963,0.15077963299197963,0.15077963299197963,0.15077963299197963,0.15077963299197963,0.30663269541469235
T000008,0.4721237146890388,0.4721237146890388,0.4721237146890388,0.663833024923046,0.4721237146890388,0.4721237146890388,0.525556530593571,0.4721237146890388,0.48133111257453204,0.48133111257453204,0.48730509340067435
T000009,0.7833400976660012,0.659213043148011,0.6662314639027648,0.6662314639027648,0.6662314639027648,0.6662314639027648,0.6662314639027648,0.6662314639027648,0.6662314639027648,0.6662314639027648,1.48067672832751
T000010,2.3489929261531333,2.239682305901188,2.223133438568104,2.223133438568104,2.223133438568104,2.223133438568104,2.223133438568104,2.223133438568104,2.223133438568104,2.223133438568104,2.60775796728033
T000011,0.5350959265789721,0.5350959265789721,0.5350959265789721,0.5350959265789721,0.5350959265789721,0.5350959265789721,0.5350959265789721,0.5350959265789721,0.5350959265789721,0.5350959265789721,0.2474289826730907
T000012,3.424077930120626,4.170251545460471,4.170251545460471,4.424512222536033,3.8168983730789834,4.2319595295073205,4.2319595295073205,4.2319595295073205,4.2319595295073205,4.2319595295073205,4.162099762293401
T000013,0.42171784439048526,0.4218139568548802,0.41918243211050393,0.3578214917621232,0.42727250641525294,0.42727250641525294,0.42727250641525294,0.42727250641525294,0.42727250641525294,0.42727250641525294,0.6979452527950952
T000014,1.2823731970398955,0.49151724170281014,0.5504371177179304,0.8956329465180667,0.5504371177179304,0.8956329465180667,0.8956329465180667,0.8956329465180667,0.8956329465180667,0.8956329465180667,0.7142795557035375
T000015,0.5265105905485613,0.4301055208618666,0.45505480136824195,0.45505480136824195,0.45505480136824195,0.45505480136824195,0.45505480136824195,0.45505480136824195,0.45505480136824195,0.3375515684397894,0.4810150863682722
T000016,0.26673773018103547,0.26673773018103547,0.26673773018103547,0.26673773018103547,0.25753823739118265,0.25753823739118265,0.25753823739118265,0.32089647593587317,0.25753823739118265,0.25753823739118265,0.50187632685458
T000017,0.5837911086580504,0.499471863392216,0.499471863392216,0.499471863392216,0.499471863392216,0.5079563936695779,0.5079563936695779,0.5079563936695779,0.5079563936695779,0.5079563936695779,0.6742411983625101
T000018,3.025182830061356,3.025182830061356,3.025182830061356,3.00450492498669,3.00450492498669,3.00450492498669,3.025182830061356,3.00450492498669,2.5266002520506134,3.00450492498669,1.8553782483101182
T000019,1.3806498726070964,1.3806498726070964,1.4353050872271242,1.4353050872271242,1.3806498726070964,1.4353050872271242,1.4353050872271242,1.4353050872271242,1.4353050872271242,1.4353050872271242,0.1412088578616159
T000020,1.561495010336052,1.5846252644933205,1.5836826542889322,1.5846252644933205,1.5846252644933205,1.5834638157106595,1.5846252644933205,1.5834638157106595,1.5834638157106595,1.5683732588969148,2.423757770789603
T000021,0.31922511321167146,0.25451700431190566,0.31922511321167146,0.6055932032085591,0.34490762510324163,0.30826031819136473,0.30826031819136473,0.3583437384387379,0.3583437384387379,0.2818439677787869,0.3767477966957802
T000022,2.286522556056507,2.8380415641697057,2.286522556056507,2.286522556056507,2.0890397895880364,2.0890397895880364,2.0890397895880364,2.0890397895880364,1.801534504763461,2.0890397895880364,2.0890397895880364
T000023,0.531498899006505,0.531498899006505,0.4026436954364079,0.4026436954364079,0.4168816780444166,0.4168816780444166,0.4026436954364079,0.4168816780444166,0.4168816780444166,0.4168816780444166,0.8460279264316799
T000024,4.960440317006501,4.3846496585482075,5.115694937534857,5.115694937534857,4.3846496585482075,5.115694937534857,5.115694937534857,5.115694937534857,5.0395344102392094,5.0395344102392094,5.093901339116032
T000025,1.6186901358752885,1.567753753288814,1.6186901358752885,1.6186901358752885,1.4598369704442848,1.4598369704442848,1.4642473120931392,1.4598369704442848,1.4642473120931392,1.4276681875785202,1.4276681875785202
T000026,2.099700228959521,2.099700228959521,1.331333172843868,1.1802539379011947,1.1802539379011947,1.1802539379011947,1.1802539379011947,1.1802539379011947,2.099700228959521,1.1802539379011947,2.1083724538052326
T000027,1.9699811702292174,1.9699811702292174,2.035014484132126,2.035014484132126,2.035014484132126,2.035014484132126,1.9124105523628228,1.9124105523628228,2.035014484132126,2.588299517039404,2.554370841360293
T000028,0.7424235512363273,0.7273889948362997,0.7518952096475847,0.7518952096475847,0.7518952096475847,0.7518952096475847,0.7518952096475847,0.7518952096475847,0.7518952096475847,0.7518952096475847,0.6276037289294935
T000029,1.1128654518173418,1.412480383510792,1.412480383510792,1.412480383510792,1.412480383510792,1.412480383510792,1.412480383510792,1.5900278679618514,1.4340140413585107,1.5900278679618514,1.6072109806715205
T000030,2.5805567940541216,2.4053125221619567,2.4053125221619567,2.4053125221619567,2.4053125221619567,2.4053125221619567,2.4053125221619567,2.4053125221619567,2.4053125221619567,2.4053125221619567,4.417255644571346
T000031,0.22793110711730227,0.23129257403621825,0.19248926492711135,0.23129257403621825,0.23129257403621825,0.23129257403621825,0.23129257403621825,0.23129257403621825,0.23129257403621825,0.23129257403621825,0.19256150883996712
T000032,1.1260113695907552,0.9077758738754993,0.9237693200025524,1.0315964955667953,1.0315964955667953,0.7776048308324283,0.7776048308324283,1.0315964955667953,0.9077758738754993,0.9237693200025524,0.7525507790836172
T000033,0.8160986998970133,0.9716426086082187,0.9716426086082187,0.9716426086082187,0.9716426086082187,0.9716426086082187,0.9716426086082187,0.8160986998970133,0.9716426086082187,0.9716426086082187,1.6392570527334027
T000034,0.8323240837301379,0.5976692437072577,0.5772781259922147,0.5772781259922147,0.5772781259922147,0.5772781259922147,0.5772781259922147,0.5772781259922147,0.5772781259922147,0.5772781259922147,0.5772781259922147
T000035,0.5178494319623738,0.48671667774484934,0.49647542772174574,0.49647542772174574,0.49647542772174574,0.49647542772174574,0.49647542772174574,0.49647542772174574,0.49647542772174574,0.49647542772174574,0.9894196543116103
T000036,0.24648654983978252,0.4571666966958929,0.28437938003200486,0.28437938003200486,0.40759806739682125,0.572820208843884,0.4737471015181408,0.572820208843884,0.572820208843884,0.572820208843884,0.2269676002927489
T000037,1.1350339143690007,1.2096630292763855,1.2096630292763855,1.2295943033280936,1.2096630292763855,1.2096630292763855,1.2096630292763855,1.2096630292763855,1.1350339143690007,1.2096630292763855,0.927795433766259
T000038,1.343725636126787,1.5771632101793338,1.5744502635304414,1.343725636126787,1.5744502635304414,1.5744502635304414,1.5744502635304414,1.5744502635304414,1.5744502635304414,1.5744502635304414,2.534012762053264
T000039,0.8492116716603537,0.6367390355048342,0.5312443313373074,0.5312443313373074,0.6367390355048342,0.6367390355048342,0.5312443313373074,0.5312443313373074,0.5312443313373074,0.6367390355048342,0.7776519843526392
T000040,0.8255537883267552,1.7015661547567476,1.7015661547567476,1.5992608205894956,1.4475079238176065,1.5992608205894956,1.5992608205894956,1.5992608205894956,1.5992608205894956,1.5992608205894956,2.217732290598061
T000041,5.100668619406792,4.838910587336311,4.838910587336311,4.838910587336311,4.838910587336311,4.838910587336311,4.838910587336311,4.838910587336311,4.838910587336311,4.67356046496456,4.838910587336311
T000042,1.2319048106510235,1.2353800365237824,1.3239351398214583,1.3239351398214583,1.3239351398214583,1.3239351398214583,1.3239351398214583,1.3239351398214583,1.3239351398214583,1.3239351398214583,1.3239351398214583
T000043,0.24432680870406687,0.23590094684119528,0.3350275943208317,0.3350275943208317,0.3350275943208317,0.3350275943208317,0.3350275943208317,0.3350275943208317,0.3350275943208317,0.3350275943208317,0.04159989753331516
T000044,0.649050505337643,0.5532083753616278,0.8280231557617542,0.649050505337643,0.8172349653527167,0.8172349653527167,0.7144702100228756,0.8172349653527167,0.8172349653527167,0.8172349653527167,0.5555063192351132
T000045,0.6940447637456836,0.6368900925519301,0.5998083121794773,0.6368900925519301,0.6368900925519301,0.6368900925519301,0.6368900925519301,0.6368900925519301,0.6368900925519301,0.6368900925519301,1.2005269601965873
T000046,0.3805534810899388,0.3805534810899388,0.3805534810899388,0.4747045454661935,0.4747045454661935,0.3805534810899388,0.3805534810899388,0.3805534810899388,0.4747045454661935,0.4747045454661935,0.6327126988388622
T000047,0.9079102150063101,0.9068998948576615,0.9068998948576615,0.9068998948576615,0.9068998948576615,0.9068998948576615,0.9068998948576615,0.9068998948576615,0.9068998948576615,0.9068998948576615,0.14707744233174777
T000048,1.082698984228235,1.0376827276560898,1.0376827276560898,1.083296323163939,1.0786927421348038,1.083296323163939,1.0786927421348038,1.0125424509836487,1.0786927421348038,1.0786927421348038,1.2265910426407094
T000049,1.0066071730284762,1.0783895587739516,1.0650869032051973,1.0650869032051973,1.0650869032051973,1.0650869032051973,1.0650869032051973,1.0066071730284762,1.0650869032051973,1.0066071730284762,2.0663748557186805
T000050,1.2370965269500205,1.2285473841065222,1.4417457595995258,1.3711147243700512,1.3711147243700512,1.3711147243700512,0.9824035680164703,0.9824035680164703,0.9824035680164703,0.9824035680164703,1.1254422494611653
T000051,1.1815016925059931,1.2724372926469458,1.0825909688105542,1.0825909688105542,1.0825909688105542,1.0825909688105542,1.0825909688105542,1.0825909688105542,1.0825909688105542,1.0825909688105542,1.1658028139745598
T000052,0.4718164763475362,0.5163403177402669,0.5163403177402669,0.5163403177402669,1.0243559557771817,1.0005788416041006,0.3978677005088442,0.3978677005088442,1.0005788416041006,0.2353310481784742,0.2353310481784742
T000053,3.0811513150064203,3.220684008913952,3.224836238703499,3.224836238703499,3.224836238703499,3.224836238703499,3.224836238703499,3.224836238703499,3.224836238703499,3.224836238703499,3.8062132805900752
T000054,1.2422210477877909,1.5285812287474887,1.4530399925966695,1.4530399925966695,1.4530399925966695,1.4530399925966695,1.4530399925966695,1.4530399925966695,1.4530399925966695,1.4530399925966695,1.4530399925966695
T000055,0.7859132470298603,0.6533315041807979,0.49215160045311634,0.49215160045311634,0.49215160045311634,0.49215160045311634,0.49215160045311634,0.49215160045311634,0.49215160045311634,0.49215160045311634,0.5508135985393012
T000056,0.6418716453098358,0.6418716453098358,0.6538095332383862,0.6538095332383862,0.6538095332383862,0.6538095332383862,0.6538095332383862,0.6538095332383862,0.6538095332383862,0.6538095332383862,0.6418716453098358
T000057,1.1196593528383154,1.3373279209286038,1.2391227876735544,1.3373279209286038,1.3373279209286038,1.247214421138198,1.247214421138198,1.247214421138198,1.247214421138198,1.247214421138198,0.9819893973214286
T000058,0.760442305080306,0.7208924000696425,0.760442305080306,0.7208924000696425,0.760442305080306,0.7208924000696425,0.760442305080306,0.760442305080306,0.760442305080306,0.7208924000696425,0.7931713170053996
T000059,0.5392756912473244,0.5298506821521247,0.5298506821521247,0.5672067540119707,0.5298506821521247,0.5298506821521247,0.5672067540119707,0.5672067540119707,0.5298506821521247,0.5298506821521247,1.1156410346149879
T000060,1.1973675685579912,1.1943112587058375,1.0197966233813778,1.0197966233813778,1.0197966233813778,1.0197966233813778,1.0197966233813778,1.0197966233813778,1.0197966233813778,1.0197966233813778,0.8061670861901739
T000061,0.865328974896,0.7314399101440348,0.7314399101440348,0.7404945734294007,0.7312206738913892,0.7312206738913892,0.7314399101440348,0.7314399101440348,0.7314399101440348,0.7404945734294007,0.749459292276105
T000062,6.312977215523464,3.032837354278179,4.340423615383037,4.106734593055794,5.502241229835674,5.502241229835674,5.502241229835674,5.502241229835674,6.6881913249751355,5.502241229835674,5.090611539133057
T000063,0.7792034660191092,0.7792034660191092,0.7961655054128681,0.7961655054128681,0.7961655054128681,0.7961655054128681,0.7961655054128681,0.7961655054128681,0.7961655054128681,0.7961655054128681,0.9522305443240588
T000064,0.9668908290483355,0.9244208334563561,0.8959229544556865,0.8959229544556865,0.8959229544556865,0.8959229544556865,0.8959229544556865,0.8959229544556865,0.8959229544556865,0.8959229544556865,0.2283865345471069
T000065,0.4930294490834522,0.5351262866465434,0.5351262866465434,0.4728477001714145,0.7997271529558585,0.4728477001714145,0.7997271529558585,0.4728477001714145,0.4728477001714145,0.5714172377183572,0.5819608059834124
T000066,1.7986831056095458,1.858966884025045,1.858966884025045,1.858966884025045,1.7566344399656681,1.7566344399656681,1.7566344399656681,1.7566344399656681,1.6298835218765526,1.6298835218765526,1.996968734905063
T000067,0.808250844123629,0.7838787525051675,0.4560311946390643,0.4480378697813989,0.4560311946390643,0.4560311946390643,0.4560311946390643,0.4560311946390643,0.4560311946390643,0.4560311946390643,0.4098763625976596
T000068,0.40401770459667624,0.5387876256018196,0.4078205711370688,0.4078205711370688,0.4078205711370688,0.4078205711370688,0.4078205711370688,0.4078205711370688,0.4078205711370688,0.4078205711370688,0.5206912078248571
T000069,0.8488732731748341,0.8488732731748341,0.6661588664355372,0.6661588664355372,0.6661588664355372,0.850332391979763,0.850332391979763,0.850332391979763,0.850332391979763,0.6661588664355372,1.0149684227676958
T000070,1.8462077657891212,2.9508529591229395,2.9508529591229395,2.999911591382177,2.999911591382177,2.999911591382177,2.5152716967235946,2.8750138812454535,2.8750138812454535,2.999911591382177,1.9302842971458298
T000071,0.8427609405531303,0.8427609405531303,0.8384038925938704,0.7634445649479823,0.7634445649479823,1.2503787205974195,1.2503787205974195,0.7634445649479823,0.7634445649479823,0.7634445649479823,0.6922990519469631
T000072,1.2187636044161962,1.2187636044161962,1.2365522446755688,1.2365522446755688,1.2365522446755688,1.2365522446755688,1.2406854197991182,1.2143362903019579,1.2406854197991182,1.2143362903019579,1.7955134851370733
T000073,0.7089329982626419,0.7089329982626419,0.7680333567179827,0.7999242708393735,0.7999242708393735,0.7999242708393735,0.7680333567179827,0.7680333567179827,0.7680333567179827,0.7680333567179827,0.7680333567179827
T000074,0.7026469251212049,0.6187292089255984,0.6187292089255984,0.7371861628279249,0.7371861628279249,0.7371861628279249,0.7102264062706505,0.7371861628279249,0.7371861628279249,0.7371861628279249,0.7102264062706505
T000075,0.9190355939323147,1.113735507750918,0.9190355939323147,0.9190355939323147,0.9190355939323147,0.9190355939323147,0.9190355939323147,0.9190355939323147,0.9190355939323147,0.9190355939323147,0.8213157863921677
T000076,1.3168196246392772,1.3168196246392772,1.3168196246392772,1.500765779815432,1.3168196246392772,1.3168196246392772,1.500765779815432,1.2326454181679904,1.3168196246392772,1.4219957371187075,1.498277257503924
T000077,0.9247590995356048,1.2295793313168637,1.0779010318151054,1.0779010318151054,0.9513224419067713,1.0779010318151054,1.0779010318151054,1.0779010318151054,1.0779010318151054,1.0779010318151054,1.3350065903553867
T000078,0.8519259206626257,0.8458744529489993,0.8560201623339346,0.9409115339334685,0.8560201623339346,0.8464288034233656,0.8560201623339346,0.8560201623339346,0.8560201623339346,0.8560201623339346,0.8798392030062047
T000079,0.7495199037669794,0.7235607402145747,0.7235607402145747,0.7235607402145747,0.7235607402145747,0.7235607402145747,0.7235607402145747,0.5473181342325666,0.5473181342325666,0.7235607402145747,0.4856347009454945
T000080,0.8103499003142444,0.7175950878270416,0.7175950878270416,0.7175950878270416,0.7175950878270416,0.7291368145881438,0.8103499003142444,0.8103499003142444,0.8103499003142444,0.8260541338179292,1.0311739301138594
T000081,0.750577298408958,1.1448101341645203,1.1197945052781002,1.1197945052781002,1.1197945052781002,1.1197945052781002,1.1488005152605811,1.125488482339406,1.1488005152605811,1.1488005152605811,1.0340638692653972
T000082,0.648059228926418,0.648059228926418,0.5769741755015809,0.5769741755015809,0.5769741755015809,0.648059228926418,0.5769741755015809,0.5769741755015809,0.6318973237380883,0.5769741755015809,1.0584784802268021
T000083,0.2585227798051363,0.2585227798051363,0.32146066923202604,0.32146066923202604,0.32146066923202604,0.32146066923202604,0.32146066923202604,0.32146066923202604,0.3252313528726278,0.32146066923202604,1.3798613410251122
T000084,0.6694921684346664,0.8088650508536803,0.6286686915831137,0.9287589690369108,0.6694921684346664,0.6694921684346664,0.6694921684346664,0.6097662587568595,1.10394152102569,0.6694921684346664,0.7003701068766319
T000085,0.3697975892675176,0.22418972406756368,0.22418972406756368,0.22153453711625204,0.2130862474355566,0.2130862474355566,0.20957495594771697,0.20298836131585096,0.20298836131585096,0.20298836131585096,0.42011204661092993
T000086,1.692954582250559,1.692954582250559,1.6582891260824184,1.6582891260824184,1.513246008935319,1.513246008935319,1.513246008935319,1.513246008935319,1.513246008935319,1.513246008935319,1.1292245110328027
T000087,1.5480052908298438,3.969889838693777,3.969889838693777,3.969889838693777,3.969889838693777,3.1243418661656297,2.7946938442246236,2.7946938442246236,3.969889838693777,4.0199900346787345,7.921005781986051
T000088,1.0494109946249122,0.9706497860470078,1.0080289887218676,0.9658380030409939,0.7888278428449408,0.9658380030409939,0.9658380030409939,0.9658380030409939,1.0254808157015978,0.9975712386193657,0.9706497860470078
T000089,0.6188450488112839,0.6486736955198859,0.6517330065169898,0.6517330065169898,0.6517330065169898,0.6517330065169898,0.6517330065169898,0.6517330065169898,0.6517330065169898,0.6517330065169898,0.9027041187480547
T000090,2.367890591341057,2.2670648294371603,2.3745293089472757,2.3745293089472757,2.373076918438902,2.388855651306191,2.373076918438902,2.4573572874581817,2.388855651306191,2.3745293089472757,2.388855651306191
T000091,2.6604295198186816,2.556480986180667,2.556480986180667,2.652176621073389,2.652176621073389,2.652176621073389,2.652176621073389,2.652176621073389,2.652176621073389,2.652176621073389,3.6063731680698394
T000092,0.5436390426072676,0.5415470693501296,0.5415470693501296,0.5415470693501296,0.5415470693501296,0.5415470693501296,0.5415470693501296,0.5392270557425961,0.5392270557425961,0.5286245221801616,0.707401979931914
T000093,2.806008809718359,2.806008809718359,2.806008809718359,2.806008809718359,1.8022646349173044,2.7818065370613243,1.9919317835284929,2.806008809718359,3.287437848773408,3.3840454405395914,2.879985066105326
T000094,0.6064259761598045,0.5096459040397627,0.6064259761598045,0.6064259761598045,0.6064259761598045,0.6064259761598045,0.6064259761598045,0.6064259761598045,0.6064259761598045,0.6064259761598045,0.6064259761598045
T000095,0.3712958094530633,0.44846902213363693,0.44309616515612665,0.44309616515612665,0.44309616515612665,0.44309616515612665,0.44309616515612665,0.44309616515612665,0.3712958094530633,0.3712958094530633,0.6828773756555979
T000096,0.35310096206925184,0.40187138706675507,0.3535028228139724,0.334583266755658,0.33078196110881225,0.3535028228139724,0.36741146697421695,0.33078196110881225,0.32159087621022386,0.40187138706675507,0.40187138706675507
T000097,1.0621510320230105,0.8380148904740828,0.511556938555534,0.511556938555534,0.9131809679704155,0.511556938555534,0.9131809679704155,0.511556938555534,0.511556938555534,0.9131809679704155,0.851188703320222
T000098,3.1780805582350635,2.823608645093562,1.628838392345993,2.171349162954759,2.080611781121341,2.6079468683900386,2.0101615433869195,2.0101615433869195,2.0101615433869195,2.0101615433869195,1.6701129963855565
T000099,2.666550555143296,2.544168336534353,2.544168336534353,2.544168336534353,2.544168336534353,2.544168336534353,2.2469709170324665,2.544168336534353,2.544168336534353,2.544168336534353,2.858137874734582
T000100,2.5397895329645546,2.3427141310296746,2.3427141310296746,2.3739556149523686,2.3264567568918393,2.3264567568918393,2.3264567568918393,2.3264567568918393,2.37532282523953,2.3264567568918393,2.060938446158328
T000101,4.008742089983403,4.007047872508169,4.008742089983403,3.9943699634092367,3.9943699634092367,4.008742089983403,3.9943699634092367,3.9943699634092367,3.9943699634092367,3.9943699634092367,4.4188853746856065
T000102,4.185279519579009,4.662176465987152,5.112347266588232,5.112347266588232,5.112347266588232,4.662176465987152,5.112347266588232,4.323596570016492,4.662176465987152,4.662176465987152,4.301252462694439
T000103,0.4152752076846078,0.45782586862822405,0.45782586862822405,0.45782586862822405,0.45782586862822405,0.45782586862822405,0.534133902879558,0.534133902879558,0.534133902879558,0.534133902879558,0.6828811673278062
T000104,0.462410809492427,0.4804991910766109,0.32602590813893895,0.4600583390147203,0.4600583390147203,0.4600583390147203,0.4600583390147203,0.32602590813893895,0.3912912632359748,0.32602590813893895,0.5790055635006307
T000105,0.516778719006764,0.8713516445305685,0.8713516445305685,0.8713516445305685,0.8713516445305685,1.4975384453197464,0.8713516445305685,0.8713516445305685,1.1160879526842327,0.8840412165058683,0.4294763474851104
T000106,1.0262256319726513,0.6988115825491384,0.8565830856803488,0.7746161557602094,1.4102566930332725,1.4102566930332725,0.7746161557602094,1.4102566930332725,0.7746161557602094,1.2639670578081423,0.7746161557602094
T000107,2.19948911853604,2.228658554101918,2.19948911853604,1.865000448127842,2.228658554101918,2.2569271383952225,2.228658554101918,2.228658554101918,2.2224934569683352,2.2224934569683352,2.19948911853604
T000108,0.6563539640910124,0.6563539640910124,0.6028613575990018,0.6028613575990018,0.6028613575990018,0.6028613575990018,0.6028613575990018,0.6028613575990018,0.6028613575990018,0.7114043875372607,0.8623729727076496
T000109,1.2369713378544087,1.2544517385994445,0.6476834225205603,1.1124618013741197,1.3032247370932042,1.3032247370932042,1.3032247370932042,1.3032247370932042,1.3032247370932042,1.3032247370932042,0.7968120207073147
T000110,1.4658769843861759,0.8487023022258212,1.4658769843861759,1.4658769843861759,1.734654136755625,1.734654136755625,1.734654136755625,1.4658769843861759,1.734654136755625,1.734654136755625,1.3659332773197748
T000111,2.407719278414808,2.049097147702367,2.7765777184350298,2.65380767207117,2.65380767207117,3.0710997402604425,2.3684617188828385,2.3684617188828385,3.0710997402604425,3.0710997402604425,2.407719278414808
T000112,0.6478368710551192,0.6329728619506491,0.6478368710551192,0.6478368710551192,0.5529222275874883,0.6478368710551192,0.6478368710551192,0.6478368710551192,0.6478368710551192,0.6478368710551192,0.7541245184288413
T000113,2.768117564722749,2.7815343896279616,2.768117564722749,2.768117564722749,2.770839383969824,2.768117564722749,2.770839383969824,2.768117564722749,2.768117564722749,2.768117564722749,3.043683113214658
T000114,0.5331730374974378,0.6586570114345821,0.6134712396533417,0.6586570114345821,0.6182651523848675,0.610571567044503,0.610571567044503,0.610571567044503,0.6586570114345821,0.5456070497192474,1.0789799077056497
T000115,0.7472164644458277,0.7472164644458277,0.7472164644458277,0.7472164644458277,0.7472164644458277,0.7472164644458277,0.7472164644458277,0.7472164644458277,0.7472164644458277,0.7472164644458277,1.4678477557616803
T000116,2.346848113586542,2.4686803136000792,2.4686803136000792,2.4686803136000792,2.4686803136000792,2.4686803136000792,2.5212406248137826,2.5212406248137826,2.4686803136000792,2.5212406248137826,3.2664912007189817
T000117,1.798410741890042,1.7329443390476758,1.4208876003431399,1.3243042330290593,1.6371402109201256,1.8850200262048447,1.6371402109201256,1.8850200262048447,1.7030438675770785,1.8850200262048447,1.6371402109201256
T000118,0.6727489263006471,0.8358341379495661,0.8358341379495661,0.8358341379495661,0.9471469088441239,0.9471469088441239,0.9471469088441239,0.9471469088441239,0.9471469088441239,0.9471469088441239,0.9471469088441239
T000119,1.7864038279942278,1.7892725696855014,1.6650748891766982,1.8090914969278002,1.8090914969278002,1.8090914969278002,1.6691764637898416,1.8090914969278002,1.6691764637898416,1.8090914969278002,0.9579342322005986
T000120,1.8604193427748474,1.967925511795227,1.967925511795227,1.967925511795227,1.967925511795227,1.967925511795227,1.967925511795227,1.967925511795227,1.967925511795227,1.967925511795227,2.1598132217261448
T000121,0.8331550293587766,0.493314307116489,0.4933614926809141,0.493314307116489,0.6562568044032748,0.6562568044032748,0.9319256516213342,0.6562568044032748,0.6562568044032748,0.6562568044032748,0.7825247329659465
T000122,4.3244246578942525,4.533638840462735,3.494966261720902,3.494966261720902,3.494966261720902,3.494966261720902,3.494966261720902,3.494966261720902,3.494966261720902,3.494966261720902,1.2075244362376392
T000123,0.3957041022279018,0.4753789275658962,0.4753789275658962,0.4753789275658962,0.4753789275658962,0.4753789275658962,0.4753789275658962,0.4753789275658962,0.4753789275658962,0.4753789275658962,0.5608632406345796
T000124,0.3177332067049428,0.3198598242207137,0.3198598242207137,0.3198598242207137,0.3355954017111262,0.3355954017111262,0.3355954017111262,0.3355954017111262,0.3355954017111262,0.3355954017111262,1.0511781400501912
T000125,6.300989661217194,6.300989661217194,6.232210099454398,6.300989661217194,6.1431070065590765,6.134188298507847,6.1472882414897185,6.134188298507847,6.134188298507847,6.300989661217194,6.696455156274605
T000126,1.1902457664355186,1.2301973879987285,1.6710488633515301,1.2301973879987285,1.6710488633515301,1.6710488633515301,1.6710488633515301,1.2301973879987285,1.6286159135198808,1.2301973879987285,1.2047262737575526
T000127,0.8223748995488174,0.7262295660738217,0.7112054835844211,1.2474988623516916,0.7262295660738217,0.7262295660738217,0.7262295660738217,0.7262295660738217,1.2474988623516916,1.2474988623516916,0.7112054835844211
T000128,1.2934346645453128,1.094520771651016,1.2934346645453128,1.3040732128957686,1.2934346645453128,1.2934346645453128,1.3040732128957686,1.1923719693715311,1.1923719693715311,1.1923719693715311,1.877561969214418
T000129,0.2822922777169131,0.3671227544154157,0.38038274783868514,0.38038274783868514,0.38038274783868514,0.38038274783868514,0.38038274783868514,0.38038274783868514,0.38038274783868514,0.38038274783868514,1.3589953671131723
T000130,1.4825622205068707,1.545744801694782,1.4795088550933708,1.4795088550933708,1.4414005349755565,1.4414005349755565,1.4537329009372164,1.4414005349755565,1.4537329009372164,1.4537329009372164,1.496142121994517
T000131,1.3227306655272106,1.130098314455288,0.7224871605649312,1.1519417999229355,1.130098314455288,0.7334488664300856,0.7334488664300856,1.1979221673517555,1.130098314455288,1.130098314455288,0.9545176026229024
T000132,2.4080076277507794,3.9163384753671635,3.9163384753671635,3.9163384753671635,3.9163384753671635,3.9163384753671635,3.9163384753671635,3.9163384753671635,3.9163384753671635,3.9163384753671635,4.1289711319827775
T000133,0.2995043881348597,0.3183499405401026,0.3130210223138077,0.7548365889911988,0.2995043881348597,0.49684774151454913,0.3130210223138077,0.49684774151454913,0.3130210223138077,0.49684774151454913,0.5815850409797522
T000134,0.4829567473252027,0.6299606091006664,0.6299606091006664,0.5522555719388177,0.5522555719388177,0.5522555719388177,0.5522555719388177,0.5522555719388177,0.4633882430204987,0.5522555719388177,0.6250617088443013
T000135,0.6979784267159864,0.6193606522699685,1.1611015394978168,0.5787549865222322,0.7248597797862923,0.7426126836660283,0.7248597797862923,0.7248597797862923,0.760975230070531,0.7248597797862923,0.7942397177560614
T000136,0.793250542274621,0.8018983800217794,0.793250542274621,0.8146677201654425,0.793250542274621,0.8146677201654425,0.793250542274621,0.793250542274621,0.8146677201654425,0.793250542274621,0.7560511569359167
T000137,0.1877543659234445,0.5222986246324317,0.49008635120165234,0.4792834329854282,0.49008635120165234,0.49008635120165234,0.8276169754646387,0.8276169754646387,0.8276169754646387,0.49008635120165234,0.49008635120165234
T000138,0.4058602045231352,0.4063777749044452,0.40812888395426794,0.40812888395426794,0.40812888395426794,0.40812888395426794,0.40812888395426794,0.40812888395426794,0.4063777749044452,0.40812888395426794,0.6747445200837754
T000139,0.5374791052558535,0.7657060356347255,0.6367362164872773,0.6367362164872773,1.0919558208146245,1.0919558208146245,0.6367362164872773,0.6367362164872773,0.6367362164872773,0.6367362164872773,0.674683212985036
T000140,0.4195925843028096,0.7418335871274547,0.7418335871274547,0.7418335871274547,0.7418335871274547,0.7418335871274547,0.7418335871274547,0.7418335871274547,0.7418335871274547,0.7418335871274547,0.7129183618903772
T000141,0.34817013175901435,0.4467524842281487,0.4769765527512808,0.44102715869194403,0.7076927388861356,0.7076927388861356,0.7076927388861356,0.7076927388861356,0.7076927388861356,0.7076927388861356,0.7076927388861356
T000142,1.0865284838878664,1.0865284838878664,1.079377709852781,1.0780186788113861,1.079377709852781,1.047207478528594,1.047207478528594,1.0780186788113861,1.0780186788113861,1.0012254293042315,0.41811578928225285
T000143,0.5974038761307556,0.4964727454579693,0.4964727454579693,0.6796309623146815,0.4964727454579693,0.4964727454579693,0.6796309623146815,0.6796309623146815,0.6796309623146815,0.7040493645898427,0.6288554360552865
T000144,1.898663898419141,1.370462749607716,1.370462749607716,1.3182491916037937,1.3182491916037937,1.3182491916037937,1.3182491916037937,1.3182491916037937,1.3182491916037937,1.3182491916037937,0.7573898442775676
T000145,1.899504591079179,0.850320540410976,1.7980806954316955,1.7980806954316955,1.7980806954316955,1.296146290579272,1.296146290579272,0.7209367144453732,1.296146290579272,1.296146290579272,0.7209367144453732
T000146,0.6307311697321868,0.6307311697321868,0.6307311697321868,0.6677893156804013,0.6531079163182855,0.6677893156804013,0.6677893156804013,0.6677893156804013,0.6307311697321868,0.6375419265440081,0.7478563432439861
T000147,1.4314893130830415,1.4314893130830415,1.4314893130830415,1.1305789436453664,1.4314893130830415,1.4314893130830415,0.728150732238037,1.1305789436453664,0.5052674377587161,1.1305789436453664,1.3888479115524204
T000148,0.7924486986595285,0.4556551988241865,0.45698531293824335,0.45698531293824335,0.45698531293824335,0.45698531293824335,0.45698531293824335,0.45698531293824335,0.45698531293824335,0.45698531293824335,0.3591770750287891
T000149,0.40970890389583836,0.46445638017919105,0.46445638017919105,0.46445638017919105,0.46445638017919105,0.46445638017919105,0.46445638017919105,0.46445638017919105,0.46445638017919105,0.46445638017919105,0.5607311256844716
T000150,0.8227128402489028,0.8227128402489028,0.841432890122369,0.841432890122369,0.8136362967101005,0.8136362967101005,0.8994732787984674,0.8994732787984674,0.8136362967101005,0.7859286388352341,0.825127126533644
T000151,0.49627964803674635,0.49627964803674635,0.4941896968047584,0.48826280551158424,0.48826280551158424,0.48826280551158424,0.48826280551158424,0.48826280551158424,0.48826280551158424,0.48826280551158424,0.6879596895444756
T000152,4.16238412855752,4.16238412855752,4.16238412855752,4.096368304179935,4.096368304179935,4.096368304179935,4.096368304179935,4.096368304179935,4.209349766509535,3.9453647915985717,4.262551284703739
T000153,3.634843941558937,2.5051720809833107,3.5576840318293077,3.614800476507775,2.4834458641965544,3.5625064864455043,3.5625064864455043,3.5625064864455043,3.5625064864455043,3.5625064864455043,3.166439423155932
T000154,1.634874569588084,1.634874569588084,1.634874569588084,3.359164288144922,3.672584065117153,3.672584065117153,3.359164288144922,2.8000731044489364,2.8000731044489364,2.8000731044489364,1.634874569588084
T000155,2.331516801368429,2.3524116761483675,2.3524116761483675,2.3524116761483675,2.3524116761483675,2.3524116761483675,2.3524116761483675,2.3524116761483675,2.3524116761483675,2.3524116761483675,1.9740519466949804
T000156,2.0589448854624304,0.4441705091330027,2.7055051709642717,2.5081971281325095,2.5081971281325095,2.5081971281325095,2.5081971281325095,1.8843113526010768,1.8843113526010768,2.5081971281325095,2.7720622797784826
T000157,3.791014058650774,3.216135390706614,3.216135390706614,3.216135390706614,4.171429502626711,3.216135390706614,4.171429502626711,3.517270167862145,3.517270167862145,4.171429502626711,5.437546656717843
T000158,0.42787348515,0.4283428625248097,0.42908955112757685,0.5729232996476916,0.6231607894553075,0.6231607894553075,0.6231607894553075,0.4499410933631008,0.4527022513527424,0.4499410933631008,5.283419322371912
T000159,5.018827495929522,5.018827495929522,5.339372306659068,5.818580212242101,5.755716431119579,5.755716431119579,5.755716431119579,5.765497342192169,5.765497342192169,5.765497342192169,5.695472618658883
T000160,12.141640514376244,11.498853037341364,12.141640514376244,15.89185387810383,15.89185387810383,15.89185387810383,17.372163538066452,11.498853037341364,12.141640514376244,11.498853037341364,7.8981638962921465
T000161,0.8951852845345365,0.7975108541734061,0.8951852845345365,0.7975108541734061,0.7975108541734061,0.8951852845345365,0.8951852845345365,0.8951852845345365,0.8951852845345365,0.8951852845345365,0.9048999845441856
T000162,1.196783459066475,1.2098720145399764,1.1748785555157248,1.1748785555157248,1.204345519697602,0.8159586123563005,1.177497898088244,1.177497898088244,0.8115706558471751,1.204345519697602,1.208906539608706
T000163,1.1418169762001997,1.1857129088559164,0.9884908504775174,0.9884908504775174,1.2809525720005248,1.2809525720005248,1.2809525720005248,1.2809525720005248,1.2809525720005248,1.743049506804002,1.9853165116083622
T000164,0.33780329898635675,0.34027080429015705,0.33780329898635675,0.34027080429015705,0.34027080429015705,0.3562307373046778,0.3562307373046778,0.34027080429015705,0.3562307373046778,0.3562307373046778,0.3562307373046778
T000165,0.33104430703246707,0.3847687692901094,0.3439364679458785,0.3232783153101878,0.3439364679458785,0.3439364679458785,0.3232783153101878,0.3232783153101878,0.3232783153101878,0.3439364679458785,0.32891778287238066
T000166,0.5583904642229831,0.7466165179448506,0.3879172815543758,0.3879172815543758,0.6635622513102667,0.7466165179448506,0.7466165179448506,0.9344176910597571,0.3837954091091948,0.6635622513102667,1.1039730309957627
T000167,0.5546725452750406,1.5691048725280212,0.6490598891369055,1.1907116427383067,0.8996415918277296,0.8996415918277296,1.1907116427383067,1.210330081133981,0.8996415918277296,0.8996415918277296,0.5554360778089605
T000168,0.6444295677511823,0.7630062767981858,0.7630062767981858,0.7630062767981858,0.7630062767981858,0.7630062767981858,0.7630062767981858,0.7630062767981858,0.7630062767981858,0.7630062767981858,0.663448559815178
T000169,0.6634978197474072,0.6634978197474072,0.6634978197474072,0.6801681996744611,0.6460517001490442,0.6460517001490442,0.4207931703869644,0.6460517001490442,0.6460517001490442,0.6460517001490442,0.6057458957887225
T000170,0.5002063549664976,0.6626678645809453,0.6626678645809453,0.6626678645809453,0.6626678645809453,0.6626678645809453,0.6626678645809453,0.6596335003368001,0.6596335003368001,0.6673816890783941,0.5733857343071747
T000171,0.8795890985200584,0.8765324027155416,0.8765324027155416,0.8765324027155416,1.0161135670704338,1.0161135670704338,1.0161135670704338,1.0161135670704338,1.0178017881603016,1.0161135670704338,1.0161135670704338
T000172,0.8959633623685126,0.8959633623685126,0.8513254871942484,0.8059409126856854,0.8546604934802272,0.8767768806343293,0.8767768806343293,0.8767768806343293,0.8767768806343293,0.8767768806343293,1.065772086314509
T000173,4.1514116489810124,1.8313914093276558,3.2786185054653827,3.2786185054653827,4.301591563994231,1.8313914093276558,1.8313914093276558,1.8313914093276558,2.7262613630466754,1.8313914093276558,3.745137756525262
T000174,1.264680042052582,0.9950918348386736,0.9950918348386736,0.9950918348386736,1.264680042052582,1.264680042052582,1.264680042052582,1.264680042052582,1.264680042052582,1.264680042052582,1.264680042052582
T000175,3.674614589509495,2.432712678691287,3.374448644238992,3.4534526025593024,3.674614589509495,3.674614589509495,3.674614589509495,3.674614589509495,3.674614589509495,3.674614589509495,2.4124469938580826
T000176,3.3877357408946125,3.6987967755019966,3.6987967755019966,3.6987967755019966,5.1953877481567705,5.1953877481567705,3.885697090811167,3.2036876799381284,5.1953877481567705,3.885697090811167,3.2123476712593844
T000177,1.509209516799418,1.5301342004391116,1.4861601768683002,1.4861601768683002,1.4861601768683002,1.4861601768683002,1.4861601768683002,1.4861601768683002,1.4861601768683002,1.4861601768683002,1.984303942206025
T000178,0.79501338690222,0.7083424258032043,0.7083424258032043,0.5301467162547037,0.5497680469658163,0.5497680469658163,0.5520805849630875,0.5497680469658163,0.5301467162547037,0.5520805849630875,0.7509851859567503
T000179,0.8755133699605124,0.7978825474608596,0.7978825474608596,0.7978825474608596,0.7978825474608596,0.7978825474608596,0.7978825474608596,0.6564804055423012,0.8755133699605124,0.8755133699605124,1.0423811697376435
T000180,1.776314384204645,1.776314384204645,1.776314384204645,1.8793030618267292,1.9473994449170795,1.8793030618267292,2.0500534834773245,1.8793030618267292,0.8688159154595514,2.0500534834773245,2.0500534834773245
T000181,0.16389944155484076,0.07533244889793667,0.16389944155484076,0.07533244889793667,0.16389944155484076,0.07533244889793667,0.07533244889793667,0.07533244889793667,0.07533244889793667,0.07533244889793667,0.07196909887216184
T000182,6.017767811053815,5.309322275995226,5.309322275995226,4.955021689314972,4.955021689314972,6.208676959256689,6.208676959256689,4.955021689314972,4.955021689314972,6.611812460084959,4.568186994301949
T000183,2.019311287947672,2.0235714665091966,1.8127635760849914,2.0235714665091966,1.8127635760849914,1.8127635760849914,1.8127635760849914,1.8127635760849914,0.8637639367603469,1.8127635760849914,1.8127635760849914
T000184,0.3995515074516646,0.32845668265096095,0.32845668265096095,0.3995515074516646,0.32845668265096095,0.3995515074516646,0.32845668265096095,0.3995515074516646,0.3995515074516646,0.32845668265096095,1.0191094399366263
T000185,2.0609687798909433,1.8391574228884453,1.8351359151633888,1.8351359151633888,1.8351359151633888,2.001587593751055,1.8351359151633888,2.001587593751055,2.001587593751055,2.001587593751055,2.441494654719106
T000186,1.0436940929983989,1.2975335318163155,1.32226902830463,0.9792788799843005,0.7929705829827113,0.7929705829827113,0.7929705829827113,0.7821214923572035,0.9481657523783746,0.8064640742018481,1.5482056193795117
T000187,0.886182629140155,0.7997960063791844,1.0231065984231476,0.7997960063791844,0.7997960063791844,0.7997960063791844,1.0231065984231476,1.0231065984231476,1.0231065984231476,1.0231065984231476,2.5257783925598654
T000188,3.436322341786633,3.3232702865831008,3.339387720755453,3.3232702865831008,3.295121360369881,3.42854968940085,3.436322341786633,3.3232702865831008,3.3232702865831008,3.42854968940085,2.4594689243874197
T000189,1.849317266255318,1.7656329905557893,1.7656329905557893,1.7656329905557893,1.7656329905557893,1.7148834712214422,1.7148834712214422,1.7148834712214422,1.7148834712214422,1.7148834712214422,1.7465075283746947
T000190,0.4465296933983457,0.8322085892648072,0.5803389884933268,0.5803389884933268,0.5657119325091542,0.5803389884933268,0.5803389884933268,0.5803389884933268,0.7465260467314286,0.8322085892648072,0.850492454756775
T000191,2.388297879667958,2.870970921895685,2.962669846786279,2.4466663897283794,2.4466663897283794,2.4466663897283794,2.4466663897283794,2.4466663897283794,2.4466663897283794,2.4466663897283794,2.8822167459507684
T000192,2.934343362478723,1.401513491286086,1.031691950763951,1.0909079711652416,1.0909079711652416,1.0909079711652416,1.0909079711652416,1.0909079711652416,1.0909079711652416,1.9858452554160824,2.516092318661504
T000193,2.784935043034426,2.550879628288574,2.550879628288574,2.7952898540360187,2.712256169125873,2.712256169125873,2.710058277343176,2.6009467914440254,2.712256169125873,2.710058277343176,2.720134678271557
T000194,0.6036356196804749,0.45779975652797,0.5913113672491256,0.45779975652797,0.5913113672491256,0.5913113672491256,0.45779975652797,0.45779975652797,0.45779975652797,0.45779975652797,0.500732069880324
T000195,3.1157941375634755,2.4974192087611784,2.4974192087611784,3.140605143966612,2.068827296184747,2.639926470666167,2.068827296184747,2.4974192087611784,2.068827296184747,2.068827296184747,2.7041281051975337
T000196,1.5348669395618655,0.665096275183916,1.5348669395618655,0.6743949382447987,0.8895823361024793,0.8895823361024793,0.8895823361024793,0.8895823361024793,0.8895823361024793,0.6743949382447987,1.428607020311555
T000197,0.8137218579729391,0.8351905920819618,0.8351905920819618,0.8351905920819618,0.9590173740007256,0.9590173740007256,1.1349657455780604,0.8288546001249053,0.9590173740007256,0.8288546001249053,0.8261444619243715
T000198,2.962127082479011,3.002022231401175,3.002022231401175,2.9646403587084604,2.9646403587084604,2.9646403587084604,2.5211946227142628,2.9646403587084604,3.002022231401175,2.9646403587084604,3.002022231401175
T000199,0.49791996416104994,0.40217988721344894,0.40217988721344894,0.49791996416104994,0.49791996416104994,0.4818198383182974,0.49791996416104994,0.4818198383182974,0.4818198383182974,0.49791996416104994,0.4818198383182974
T000200,0.6564496371846947,0.7966389581927609,0.7966389581927609,0.7966389581927609,0.4512509218769365,0.7344207598377441,0.4512509218769365,0.4512509218769365,0.4666568039608347,0.4541218142764024,0.5286102978632718
T000201,0.394900750408715,0.40389766692215434,0.40389766692215434,0.4055349605643122,0.3738677179450768,0.3738677179450768,0.4055349605643122,0.4055349605643122,0.4055349605643122,0.4055349605643122,0.9167062438235418
T000202,3.089122774224923,3.089122774224923,3.089122774224923,2.9856024685082327,2.9723477560122014,2.9723477560122014,2.9723477560122014,2.9723477560122014,3.089122774224923,3.089122774224923,2.9723477560122014
T000203,0.8643974363888118,0.9166376953152136,0.8643974363888118,1.0986614014430698,1.0986614014430698,1.0986614014430698,1.0986614014430698,1.0986614014430698,0.8767366335960568,0.8767366335960568,0.9295652807744822
T000204,1.0864023159071694,1.1069821307622265,1.0864023159071694,1.0864023159071694,1.0461520920580711,1.0864023159071694,1.0461520920580711,1.0864023159071694,1.0864023159071694,1.0864023159071694,1.1307108220763538
T000205,0.7541151163237391,0.832205617517414,0.8337273907087974,0.6779808152697746,0.8036666537194416,0.6966079111652856,0.6966079111652856,0.6966079111652856,0.8337273907087974,0.6966079111652856,0.6537840984738431
T000206,0.27466841450410673,0.5398905627306767,0.6730926118177156,0.555255348903447,0.6730926118177156,0.555255348903447,0.6730926118177156,0.555255348903447,0.555255348903447,0.555255348903447,0.3435964616345425
T000207,1.3399989669696521,1.3399989669696521,1.3399989669696521,1.7487666800044046,2.1512857183388716,2.1512857183388716,2.1512857183388716,2.1512857183388716,2.1512857183388716,2.1512857183388716,1.4798007782927391
T000208,1.03277229169444,1.03277229169444,1.03277229169444,1.03277229169444,1.03277229169444,1.03277229169444,1.03277229169444,1.4107494083120997,1.0359840086703676,1.641773085253421,1.03277229169444
T000209,2.1137460440065783,1.4520876057452519,1.3364506695874225,1.2306622526284197,1.411540982458431,1.411540982458431,1.4571169806385005,1.3553698294092638,0.977731151329795,0.977731151329795,1.5705421948508078
T000210,1.1955237191500734,1.1955237191500734,1.1955237191500734,0.7717190663304991,1.1955237191500734,1.1955237191500734,0.7717190663304991,0.7717190663304991,0.7717190663304991,0.9221883277135613,0.5817502543569433
T000211,0.5218227585737106,0.5767314580276371,0.5767314580276371,0.5409203084547767,0.5409203084547767,0.529341024993522,0.5767314580276371,0.5168602668006566,0.5168602668006566,0.5168602668006566,0.47884224751373317
T000212,1.0226906694922533,0.8494689588025766,0.844122556859276,0.9791847285977939,0.844122556859276,1.0226906694922533,0.9791847285977939,0.9791847285977939,0.9791847285977939,1.0226906694922533,1.0226906694922533
T000213,0.16769130605409086,0.16769130605409086,0.049713690460786775,0.13864342859607295,0.13864342859607295,0.14402066967435043,0.1448826998455484,0.1448826998455484,0.17131184927340493,0.1448826998455484,0.1491092320471912
T000214,0.1459311779670336,0.1459311779670336,0.05101076150323764,0.11551655584974892,0.11551655584974892,0.11857878974508196,0.11885659375127249,0.11885659375127249,0.15330305814418926,0.11885659375127249,0.12342574090102638
T000215,0.590130592032681,0.590130592032681,0.548383481245348,0.5206533062594529,0.548383481245348,0.548383481245348,0.5068980412189202,0.5139717348309695,0.5139717348309695,0.5139717348309695,0.5158462945361565
T000216,0.9204833017460385,0.77786967172741,0.77786967172741,0.77786967172741,0.9272740823988136,0.9272740823988136,0.9272740823988136,0.9272740823988136,0.9272740823988136,0.9272740823988136,0.7944444444444445
T000217,0.6845735100913416,0.6845735100913416,0.6522785509991758,0.6522785509991758,0.5712534170701119,0.4813127030717974,0.5219180529020359,0.5219180529020359,0.5219180529020359,0.5219180529020359,0.5219180529020359
T000218,0.4611048757656545,0.4611048757656545,0.4611048757656545,0.4626919614391136,0.4611048757656545,0.4611048757656545,0.4626919614391136,0.4626919614391136,0.4626919614391136,0.4626919614391136,0.4900101959233793
T000219,0.44067021774031134,0.43301406971268525,0.44067021774031134,0.5071889710195642,0.44067021774031134,0.439371425184924,0.43301406971268525,0.43301406971268525,0.439371425184924,0.439371425184924,0.5034984403504551
T000220,0.10349034184871703,0.10258789720714023,0.10349034184871703,0.10349034184871703,0.10349034184871703,0.10349034184871703,0.10349034184871703,0.10349034184871703,0.10349034184871703,0.10349034184871703,0.10349034184871703
T000221,1.0143304117152856,0.9455309991305274,0.9455309991305274,0.9455309991305274,0.9455309991305274,0.9455309991305274,0.9455309991305274,0.9455309991305274,0.9455309991305274,0.9455309991305274,1.0056179775280898
T000222,2.4303026125824476,2.4303026125824476,2.4303026125824476,2.4303026125824476,2.4303026125824476,2.4303026125824476,2.4303026125824476,2.4303026125824476,2.4303026125824476,2.4303026125824476,2.739663582444852
T000223,0.4838552021627267,0.4838552021627267,0.41574789911997184,0.4838552021627267,0.5564102736617628,0.5564102736617628,0.5564102736617628,0.5564102736617628,0.5564102736617628,0.5564102736617628,0.7232142426837068
T000224,1.1183497099229895,1.0235123157405936,1.142830984088125,1.1183497099229895,1.1183497099229895,1.1183497099229895,1.135729240102311,0.9556832621925038,1.3831723061759935,1.3831723061759935,1.837344239940259
T000225,0.6501736425097762,0.6357406344857914,0.64543132697363,0.6501736425097762,0.6501736425097762,0.632855095066212,0.64543132697363,0.632855095066212,0.632855095066212,0.632855095066212,0.655050784007936
T000226,0.24178881669213864,0.18660285125093562,0.1832238563727412,0.1832238563727412,0.18660285125093562,0.18812618571087888,0.2433360621396303,0.2433360621396303,0.18775814570719332,0.18775814570719332,0.3311186536548835
T000227,0.4581507728292837,0.18528950420753115,0.8083875722259358,0.18528950420753115,0.18528950420753115,0.18528950420753115,0.8083875722259358,0.8346561623313941,0.8346561623313941,0.8083875722259358,0.4159301007246861
T000228,1.4689769725182587,1.4689769725182587,1.4312310697671926,1.4312310697671926,1.7034694399820343,1.5633677296869906,1.4689769725182587,1.4312310697671926,1.4312310697671926,1.7034694399820343,1.5328399039513905
T000229,0.7189417267716508,0.3844041058336791,0.42788412063140363,0.3997022080534473,0.3524627427715183,0.7980384181109144,0.7980384181109144,0.35166019915067576,0.35166019915067576,0.7148220436202103,0.4396576778399737
T000230,0.4989618259662828,0.4963157828380021,0.9668385386996892,0.9668385386996892,0.4989618259662828,0.4989618259662828,0.4963157828380021,0.4963157828380021,0.49987499864590457,0.4989618259662828,1.268379367125413
T000231,0.5009213271511676,0.5062156890624734,0.48741725769134564,0.4852148121517167,0.4852148121517167,0.4852148121517167,0.4852148121517167,0.4852148121517167,0.4852148121517167,0.4852148121517167,0.4852148121517167
T000232,2.7449433466087036,2.7712753913175665,2.4795576024991153,2.7321560198329786,2.7712753913175665,2.7712753913175665,2.7321560198329786,2.7321560198329786,2.7449433466087036,2.7321560198329786,3.4973963213892474
T000233,0.6193946053905194,0.6193946053905194,0.6193946053905194,0.5059088947034589,0.5059088947034589,0.6193946053905194,0.48653356771270073,0.5059088947034589,0.6193946053905194,0.6193946053905194,1.1189032883214478
T000234,0.48547898676850104,0.4760974994232547,0.5347598591820273,0.4760974994232547,0.5347598591820273,1.0168383122257318,0.9840847772571615,0.9840847772571615,0.5347598591820273,0.4760974994232547,1.205048789284566
T000235,0.2080265998778064,0.3668141980593008,0.25088390056448034,0.2080265998778064,0.2080265998778064,0.2080265998778064,0.2327377515310146,0.2327377515310146,0.5043787861249629,0.2080265998778064,1.4477882505626325
T000236,1.122840649079888,0.7519953336723852,0.7519953336723852,0.7519953336723852,0.7519953336723852,0.7519953336723852,0.7519953336723852,0.7519953336723852,0.7519953336723852,0.7519953336723852,1.0634050509738509
T000237,1.7554621132770805,0.8388166914147482,0.8388166914147482,0.8388166914147482,0.8388166914147482,0.8690320079624684,0.8388166914147482,0.8388166914147482,0.8690320079624684,0.8690320079624684,1.8468732337503866
T000238,0.45045273586746215,0.45045273586746215,0.4338744921830223,0.4295708209461391,0.4496961611401116,0.46334025190865424,0.4496961611401116,0.4496961611401116,0.4496961611401116,0.4496961611401116,0.5053520837882599
T000239,1.730702527232154,1.730702527232154,1.939140353201815,1.967926323151653,1.939140353201815,1.730702527232154,1.967926323151653,1.967926323151653,1.939140353201815,2.095586736789009,2.2491807340459307
T000240,2.3291044215734162,2.465087101918893,2.3313896230609377,2.3291044215734162,2.3291044215734162,2.3291044215734162,2.3313896230609377,2.3291044215734162,2.3291044215734162,2.3436249673170537,2.3644944399580146
T000241,0.8658125568189345,0.7854151631156432,0.7854151631156432,0.7854151631156432,0.7854151631156432,0.7854151631156432,1.2024239012693725,0.8658125568189345,0.7854151631156432,0.8658125568189345,0.8432328195071941
T000242,0.6935141060304368,0.42731416260416427,0.477871488307294,0.477871488307294,0.477871488307294,0.42731416260416427,0.4350566039782208,0.4350566039782208,0.4350566039782208,0.4350566039782208,0.3124086585508318
T000243,0.8786483855741412,0.8859076044113778,0.8546343810134702,0.8546343810134702,0.7230481413562073,0.7230481413562073,0.7230481413562073,0.7230481413562073,0.7230481413562073,0.7230481413562073,0.8546343810134702
T000244,0.9438337267799463,0.7509280872382166,0.7509280872382166,0.7509280872382166,0.7456685263665802,0.7456685263665802,0.7456685263665802,0.7456685263665802,0.7456685263665802,0.7456685263665802,0.5896345596844765
T000245,2.1389246291201838,2.5178575383073682,2.3721749226194198,2.3721749226194198,2.3721749226194198,2.3721749226194198,2.3721749226194198,2.3721749226194198,2.3721749226194198,2.3721749226194198,2.3883679876456045
T000246,0.4163487157785751,0.4232604446269394,0.4232604446269394,0.4232604446269394,0.4232604446269394,0.4232604446269394,0.4232604446269394,0.14854480321573305,0.14854480321573305,0.14854480321573305,0.34389238015958734
T000247,0.2829984642663816,0.3186161252769506,0.3186161252769506,0.4244920451678356,0.47235466511672863,0.47235466511672863,0.47235466511672863,0.47235466511672863,0.47235466511672863,0.47235466511672863,0.3593541806855867
T000248,0.24384827413228163,0.34594585339996686,0.32689582575689696,0.3396507743980689,0.44075789051497033,0.3396507743980689,0.3396507743980689,0.3396507743980689,0.44075789051497033,0.3965451509776804,0.39798999958687514
T000249,0.31186885529574426,0.5970161561189314,0.5645841316596116,0.8026821799720825,0.8026821799720825,0.8026821799720825,0.24875515599907033,0.24875515599907033,0.24875515599907033,0.24875515599907033,0.3998509692139375
T000250,0.3816890515785225,0.4197047470095662,0.4197047470095662,0.4197047470095662,0.4175390621971159,0.4175390621971159,0.4175390621971159,0.4175390621971159,0.4175390621971159,0.4175390621971159,0.3112512375779799
T000251,0.4493190633580986,0.4493190633580986,0.4493190633580986,0.4493190633580986,0.4493190633580986,0.4493190633580986,0.4511107130778167,0.4493190633580986,0.4493190633580986,0.4493190633580986,0.3452791878475766
T000252,0.2624544600887099,0.2624544600887099,0.2997674656697734,0.2997674656697734,0.28360891445003594,0.28360891445003594,0.2538930639687924,0.2538930639687924,0.28360891445003594,0.28360891445003594,0.28360891445003594
T000253,0.3405049209050592,0.3405049209050592,0.356165574661696,0.356165574661696,0.5504568556552619,0.6294276086663052,0.4714935599447195,0.6294276086663052,0.6294276086663052,0.6294276086663052,0.4239737274220033
T000254,0.14032690406411108,0.38229798665075765,0.35314237903360124,0.35314237903360124,0.38229798665075765,0.3971861684371748,0.38229798665075765,0.3971861684371748,0.38229798665075765,0.3971861684371748,0.3971861684371748
T000255,2.7903222923374735,2.7903222923374735,2.891100582686367,2.5687690217921095,2.5687690217921095,2.5687690217921095,2.5687690217921095,2.5687690217921095,2.5687690217921095,2.5687690217921095,2.8161599432154265
T000256,0.9392477255595737,0.9392477255595737,0.9392477255595737,0.9392477255595737,0.9179547377326756,1.265051097844784,1.265051097844784,1.265051097844784,0.924545179104781,1.0127230760940737,0.9595654296139875
T000257,0.40504325837793953,0.4017890608129233,0.40667632344222665,0.5228707422504998,0.4017890608129233,0.4017890608129233,0.4017890608129233,0.4017890608129233,0.4017890608129233,0.5806645316291291,0.4017890608129233
T000258,0.5766758056978346,0.545330009421977,0.5449439337603664,0.5449439337603664,0.545330009421977,0.5449439337603664,0.5449439337603664,0.5449439337603664,0.5449439337603664,0.5449439337603664,0.6201453851510593
T000259,1.2248360359713855,1.6881943286636345,1.1807619893966923,1.9733740192533546,1.2248360359713855,1.9784911021918592,1.9784911021918592,2.162258589521195,1.9784911021918592,1.9784911021918592,1.1953176184244045
T000260,0.91307307755564,0.38285137908268885,0.38285137908268885,0.3226371859348587,0.3226371859348587,0.3226371859348587,0.3226371859348587,0.3226371859348587,0.3226371859348587,0.3226371859348587,0.3226371859348587
T000261,0.3448951130832857,1.0250584010112338,1.0250584010112338,0.7569026698403793,1.0250584010112338,1.0250584010112338,0.5218177253725415,0.5218177253725415,1.0250584010112338,1.0250584010112338,1.0167739639276068
T000262,1.0556109141573087,1.053652641526718,1.053652641526718,1.0503500665264882,0.9955976555558602,0.9955976555558602,0.9955976555558602,0.9955976555558602,0.9955976555558602,0.9955976555558602,0.7663306115647391
T000263,0.6584972147787778,0.7960353867156759,0.7815878196810078,0.8032707378870583,0.7815878196810078,0.7815878196810078,0.7815878196810078,0.7231942144973575,0.7231942144973575,0.7231942144973575,0.8372556442615723
T000264,0.8886798186098344,0.6697398425865753,0.6697398425865753,0.6712662885253794,0.6598114751297928,0.6712662885253794,0.6904500222181756,0.6697398425865753,0.571207831040826,0.8932610866751605,0.7352694309216048
T000265,0.3993681810887377,0.5535263694110191,0.5535263694110191,0.5535263694110191,0.552723209668192,0.3801585239679073,0.3801585239679073,0.3087787641702587,0.3087787641702587,0.3087787641702587,0.5002983293556086
T000266,0.1930407031075655,0.2127106758965953,0.2127106758965953,0.22606783047710952,0.20297589552999223,0.22606783047710952,0.22823999182674332,0.22606783047710952,0.22606783047710952,0.22606783047710952,0.3096149328647991
T000267,0.18116538974760554,0.2968069824772389,0.23939184163004198,0.23939184163004198,0.2968069824772389,0.3134137079013728,0.3134137079013728,0.3134137079013728,0.3134137079013728,0.3134137079013728,0.542951076211685
T000268,0.47065786912777874,0.47674112884403025,0.47298550137481304,0.47480634451065395,0.48119011636108444,0.48119011636108444,0.48119011636108444,0.48119011636108444,0.48119011636108444,0.48119011636108444,0.4615206877068888
T000269,1.5272536357808983,1.5272536357808983,1.6026941715360246,1.6026941715360246,1.5272536357808983,1.5114782986120028,1.5114782986120028,1.6026941715360246,1.5282229776151792,1.5114782986120028,1.4809078449667377
T000270,0.2667570732609911,0.2955954809798786,0.2955954809798786,0.2955954809798786,0.2955954809798786,0.25818199959744464,0.2955954809798786,0.2955954809798786,0.2955954809798786,0.2955954809798786,0.2641624603139599
T000271,0.5746316252031292,0.5316851348376251,0.5029161266432143,0.5029161266432143,0.5029161266432143,0.5029161266432143,0.5029161266432143,0.5484456205698998,0.5029161266432143,0.5484456205698998,0.320110184394899
T000272,0.7326676677566559,0.88725549422713,0.88725549422713,0.88725549422713,0.88725549422713,0.8966857731837286,0.8966857731837286,0.88725549422713,0.88725549422713,0.88725549422713,0.8188373276395163
T000273,2.8573068600781224,2.8573068600781224,2.8573068600781224,2.8573068600781224,2.829373100014573,2.829373100014573,2.867943827843502,2.848168471734803,2.848168471734803,2.8543232652610495,2.6682661878932294
T000274,3.621745054292865,3.4180284681365816,3.181990198037194,3.181990198037194,3.181990198037194,3.181990198037194,3.2716081225823723,3.2716081225823723,3.2716081225823723,3.2716081225823723,3.387557062881001
T000275,1.9605306835012868,1.9605306835012868,1.3479851899905062,2.34382980535808,2.2856872103394412,2.3609051517806323,2.3609051517806323,2.799765137355184,2.006322974158501,1.4747893143030728,1.9605306835012868
T000276,1.9109325371700614,1.9109325371700614,1.7361371484610115,1.4176393906275946,1.4176393906275946,1.4176393906275946,1.4176393906275946,1.4176393906275946,1.4176393906275946,1.8486654069167183,1.4463487076289696
T000277,2.345177876548425,2.345177876548425,2.345177876548425,2.168787182132316,2.345177876548425,2.345177876548425,2.345177876548425,2.345177876548425,2.266403482135628,2.168787182132316,2.9045413938874356
T000278,1.427265567242813,1.413770912033153,0.5445537300922915,0.5256306536474544,0.5445537300922915,0.5445537300922915,0.5836550598455611,0.5445537300922915,0.5836550598455611,0.5830577402221969,1.1864528778202288
T000279,3.2387090988277003,3.2387090988277003,2.904706236301696,2.904706236301696,2.904706236301696,2.904706236301696,2.904706236301696,2.904706236301696,2.904706236301696,2.904706236301696,1.6944444444444444
T000280,2.0345837369913125,1.9028954545088674,1.9028954545088674,1.9028954545088674,1.9028954545088674,2.009808944754031,1.9028954545088674,1.9028954545088674,1.9028954545088674,1.9028954545088674,1.1320704814813507
T000281,3.9625622255292305,1.1274693707200303,1.1117643076029378,2.0882675626526144,1.815785320436165,1.815785320436165,1.815785320436165,2.210189130362055,2.210189130362055,1.815785320436165,2.9867802205570144
T000282,1.8264937352418962,1.5392874218487893,1.764862762032249,1.7575515762846077,1.7318513167342378,1.7318513167342378,1.7318513167342378,1.7318513167342378,1.7318513167342378,1.7318513167342378,1.8383126265567846
T000283,2.1409125974123215,2.692950981029668,2.3479981605552878,2.497351103945544,2.3479981605552878,2.3479981605552878,2.3479981605552878,2.3479981605552878,2.3479981605552878,2.3479981605552878,4.0604853707274575
T000284,0.4331013394773048,0.5020502770584883,0.5020502770584883,0.5020502770584883,0.5020502770584883,0.5020502770584883,0.5020502770584883,0.3005474567484331,0.3005474567484331,0.3005474567484331,0.8243174487366569
T000285,1.5730030776998163,1.5730030776998163,0.7011854543628381,0.7549588271017103,0.7373324049885894,0.7120393443662012,0.7373324049885894,0.7373324049885894,0.7373324049885894,0.7120393443662012,1.173718778902529
T000286,1.105006089963506,1.2822210525900277,1.1369097048049006,1.151104071043382,1.151104071043382,1.3179947842587953,1.3179947842587953,1.224300143746457,1.224300143746457,1.224300143746457,1.1708699624338759
T000287,0.6280366194793032,1.0442110688112083,0.9248040313806251,0.9248040313806251,0.9248040313806251,0.9248040313806251,0.9248040313806251,0.9248040313806251,0.9248040313806251,0.9248040313806251,0.4096869070057975
T000288,0.5921892945403673,0.5766078682329664,0.7963796584612749,0.7963796584612749,0.7963796584612749,0.7963796584612749,0.956716781270085,0.7963796584612749,0.8530848364941002,0.8530848364941002,0.9042691905400877
T000289,0.1351540128805533,0.1351540128805533,0.1351540128805533,0.1294320078682441,0.1294320078682441,0.1294320078682441,0.1871659874782095,0.1871659874782095,0.4543802035708095,0.1871659874782095,0.6602707062542196
T000290,1.6229159532111177,1.6229159532111177,1.6223733319003524,0.9407536834362784,0.980684106937509,0.980684106937509,0.9968296282873668,0.9968296282873668,0.9968296282873668,1.052337630158636,1.045132743362832
T000291,2.873856270314619,2.9173430878733906,3.1694183168335788,3.1694183168335788,3.1694183168335788,3.1694183168335788,3.1694183168335788,3.1694183168335788,3.1694183168335788,3.1694183168335788,1.9818440866138682
T000292,0.7302432717220261,0.3769047816994608,0.7717128015950897,0.3810390135435618,0.3810390135435618,0.5898312599348555,0.5898312599348555,0.7717128015950897,0.7717128015950897,0.7717128015950897,0.1691294919784115
T000293,1.5737121314490432,1.5737121314490432,1.5737121314490432,0.7196639592549027,0.7196639592549027,0.7196639592549027,0.7196639592549027,0.7196639592549027,0.7196639592549027,0.7196639592549027,1.2845728526534548
T000294,0.27984275221067856,0.27984275221067856,0.27984275221067856,0.2751247851585525,0.27984275221067856,0.27984275221067856,0.274769428698665,0.2887926015096405,0.2887926015096405,0.27984275221067856,0.23441746304203612
T000295,0.5464614653900339,0.46491972245704805,0.4574711183729172,0.499380565359863,0.4574711183729172,0.4574711183729172,0.4574711183729172,0.4574711183729172,0.4574711183729172,0.4574711183729172,0.5537535992379091
T000296,0.20759339416469988,0.6858281703725249,0.6858281703725249,1.0406065451450253,0.31350249886019727,1.1631497287977297,1.1631497287977297,1.1631497287977297,1.1631497287977297,1.1631497287977297,1.5122462813079587
T000297,0.22473124865666777,0.22911610368696267,0.2266821797827388,0.2266821797827388,0.2294078090063611,0.2266821797827388,0.23790360468066826,0.2266821797827388,0.2266821797827388,0.2266821797827388,0.9592863677950595
T000298,2.496432507237722,2.5261692069056445,2.576462322152114,2.576462322152114,2.5261692069056445,2.6059130811715794,2.6997775866215283,2.576462322152114,2.576462322152114,2.6318312358921565,2.162800343385288
T000299,1.0754353650138773,1.1454977751999866,1.0754353650138773,1.0754353650138773,1.0754353650138773,1.0754353650138773,1.0754353650138773,1.0754353650138773,1.0754353650138773,1.0754353650138773,0.2003011643295771
T000300,0.5863031468242555,0.29650241340557554,0.29650241340557554,0.29650241340557554,0.29650241340557554,0.29650241340557554,0.29650241340557554,0.29650241340557554,0.29650241340557554,0.29650241340557554,0.10960160851918654
T000301,0.25687732298275007,0.25687732298275007,0.25687732298275007,0.5256036203698754,0.5256036203698754,0.5256036203698754,0.5256036203698754,0.6976030307604836,0.6976030307604836,0.41329675251085696,0.7899020006932053
T000302,0.22244988870459426,0.2114793225398614,0.19505187815919944,0.19505187815919944,0.19505187815919944,0.19505187815919944,0.19505187815919944,0.19505187815919944,0.19505187815919944,0.19505187815919944,0.2813505106068894
T000303,0.34741049773111565,0.3621350086512147,0.34864075486888496,0.34864075486888496,0.3245379553557107,0.4036111065307404,0.3245379553557107,0.34864075486888496,0.3245379553557107,0.3245379553557107,1.236448598130841
T000304,0.1506024666246952,0.32559390484505474,0.32559390484505474,0.32559390484505474,0.32559390484505474,0.42627475869279363,0.32559390484505474,0.32559390484505474,0.32559390484505474,0.32559390484505474,0.6912955055687693
T000305,1.941055982745555,1.9659676031296585,1.9659676031296585,1.9659676031296585,1.9659676031296585,1.9659676031296585,1.9659676031296585,1.9659676031296585,1.9659676031296585,1.9659676031296585,2.064554742712591
T000306,2.746220492832739,2.7183461971551393,2.55017705757792,2.746220492832739,2.7183461971551393,2.746220492832739,2.746220492832739,2.746220492832739,2.746220492832739,2.746220492832739,1.5914245834985152
T000307,0.3965521432893766,0.17854364561566696,0.4060850407445075,0.4060850407445075,0.4060850407445075,0.4060850407445075,0.4060850407445075,0.4060850407445075,0.4060850407445075,0.4060850407445075,0.6072585601756464
T000308,0.5882295459315494,0.6744715029471583,0.6950559244342093,0.6628315223787424,0.6950559244342093,0.5694343522792761,0.8982857417337733,0.6628315223787424,0.6744715029471583,0.47062507891979694,1.6612929512694117
T000309,0.18809936399107086,0.24024815232792043,0.21858777531252865,0.18830731646212087,0.21858777531252865,0.15925362589855807,0.1585512130050958,0.1585512130050958,0.15925362589855807,0.15925362589855807,0.4047922035712857
T000310,0.27467815912711,0.27467815912711,0.5774808571861603,0.5774808571861603,0.5774808571861603,0.5774808571861603,0.5774808571861603,0.5774808571861603,0.5774808571861603,0.5774808571861603,0.3526161885088506
T000311,0.20300293615054543,0.20300293615054543,0.23744524375418294,0.3562352520450658,0.3679163339494932,0.3679163339494932,0.5659285264127154,0.3679163339494932,0.3679163339494932,0.3679163339494932,0.6479620610050013
T000312,0.29804608941178257,0.24075920067259715,0.25680756883463507,0.25680756883463507,0.25680756883463507,0.25680756883463507,0.25680756883463507,0.25680756883463507,0.25680756883463507,0.25680756883463507,0.32866137010942886
T000313,0.8465590554839171,0.8465590554839171,0.9538535535957121,0.9823768764096875,0.7782697099792393,0.7782697099792393,0.9538535535957121,0.7444015687767344,0.9823768764096875,0.7444015687767344,0.7437331675989227
T000314,0.8588225523377635,0.8588225523377635,0.9686230732260678,0.9022340864709658,0.8244517862891385,0.881085079777814,0.771285810496542,0.9686230732260678,0.9022340864709658,0.9022340864709658,0.34632066298457703
T000315,0.6870000038826227,0.6870000038826227,0.5194480013917099,0.5741170484038757,0.5194480013917099,0.5194480013917099,0.5194480013917099,0.5194480013917099,0.5194480013917099,0.5194480013917099,0.2708859157175114
T000316,0.33155112387023294,0.5385557516915943,0.33121025888522787,0.3102805114791848,0.3102805114791848,0.3102805114791848,0.3102805114791848,0.33312134459636406,0.33312134459636406,0.33312134459636406,0.4520554322661203
T000317,0.4457032932016522,0.42712218146365916,0.4457032932016522,0.4457032932016522,0.4457032932016522,0.4457032932016522,0.4457032932016522,0.4457032932016522,0.4457032932016522,0.4457032932016522,1.5854432387841868
T000318,1.1315024646657525,1.1315024646657525,1.1247760142980212,1.1247760142980212,1.1247760142980212,1.1247760142980212,1.1247760142980212,1.1247760142980212,1.1247760142980212,1.1247760142980212,1.5151237448948927
T000319,0.8629064693432281,0.9112596423958792,0.9112596423958792,0.9112596423958792,0.9112596423958792,0.9112596423958792,0.9112596423958792,0.9112596423958792,0.9112596423958792,0.9112596423958792,0.3832934670199998
T000320,2.924187092505801,2.924187092505801,2.924187092505801,2.924187092505801,2.924187092505801,2.924187092505801,2.924187092505801,3.1231863848174255,2.924187092505801,2.924187092505801,3.007713974659453
T000321,0.8007796908027442,0.7961778752731018,0.794710728221361,0.794710728221361,0.794710728221361,0.794710728221361,0.794710728221361,0.794710728221361,0.794710728221361,0.794710728221361,0.724087291536568
T000322,0.28413618251657763,0.34227070897003403,0.3381619719371768,0.3381619719371768,0.3381619719371768,0.3381619719371768,0.3381619719371768,0.3381619719371768,0.3381619719371768,0.28413618251657763,0.21826551347093723
T000323,0.5789021623860351,0.6154612056107603,0.5789021623860351,0.6154612056107603,0.6154612056107603,0.5789021623860351,0.699925118286066,0.5939109072254858,0.5565634274581016,0.6839322877672418,0.8866553641714449
T000324,0.32003342061689194,0.2750808670371049,0.32003342061689194,0.20608973011591833,0.265133270507209,0.20608973011591833,0.20608973011591833,0.20608973011591833,0.2666783542162413,0.2666783542162413,0.26056755362391715
T000325,0.29906792367731716,0.29906792367731716,0.29906792367731716,0.29952822466401846,0.2969073343865967,0.2969073343865967,0.2969073343865967,0.2969073343865967,0.2969073343865967,0.2969073343865967,0.7567744555413969
T000326,0.5962319305361453,0.5962319305361453,0.5962319305361453,0.679488565695377,0.679488565695377,0.5962319305361453,0.5962319305361453,0.679488565695377,0.679488565695377,0.679488565695377,0.5834076718468956
T000327,0.5437208586356342,0.5437208586356342,0.5639387289229633,0.5639387289229633,0.5409819531954926,0.5639387289229633,0.5639387289229633,0.5639387289229633,0.5639387289229633,0.5639387289229633,0.726979481976514
T000328,0.9461043404557978,0.7929081365184637,0.9461043404557978,0.9461043404557978,0.9461043404557978,0.9461043404557978,0.9461043404557978,0.9461043404557978,0.9461043404557978,0.9461043404557978,0.19355062242216212
T000329,0.5652847508802651,0.10454779283933717,0.46831941870902,0.5652847508802651,0.46831941870902,0.46831941870902,0.5652847508802651,0.5652847508802651,0.46831941870902,0.46831941870902,0.06118952435339804
T000330,0.9719614977112256,0.9719614977112256,0.9719614977112256,0.9719614977112256,0.9719614977112256,0.9719614977112256,0.9719614977112256,0.9405721952111535,1.2092226338723162,1.2092226338723162,1.6543851536470875
T000331,1.0315553735003526,0.8792024768847201,1.0590914008607217,1.0315553735003526,0.8063410230304342,1.0590914008607217,1.0590914008607217,1.0590914008607217,1.0590914008607217,1.0590914008607217,0.7620312464750311
T000332,1.2463462473142033,1.3821035604687157,1.3821035604687157,1.2131700290534042,1.2131700290534042,1.2131700290534042,1.2131700290534042,1.2131700290534042,1.2131700290534042,1.2131700290534042,0.8824042767763883
T000333,0.9183851515943198,0.8948100559100518,0.8948100559100518,0.9566881682818718,0.9566881682818718,1.2496310102018156,0.9566881682818718,0.9566881682818718,0.9566881682818718,0.9183851515943198,0.47643830507374013
T000334,1.1046022268845,1.1046022268845,1.1046022268845,1.1046022268845,1.1046022268845,1.1046022268845,0.5843238499719342,0.5843238499719342,0.5843238499719342,0.5843238499719342,0.15328228849857362
T000335,2.2198763514916497,2.32556029853332,2.3093692425778793,2.32556029853332,2.32556029853332,2.32556029853332,2.3093692425778793,2.316146150645257,2.316146150645257,2.316146150645257,1.8368353736524758
T000336,3.80759012563882,4.121750535498092,4.160528319902032,3.9586456934242342,3.9586456934242342,4.130814174901732,3.9586456934242342,4.130814174901732,3.9586456934242342,4.130814174901732,3.938230994152047
T000337,0.38388020814213475,0.45347169961933176,0.6421271332723539,0.4993922314891272,0.5387091754787731,0.6379841259638076,0.2236557856603339,0.6379841259638076,0.5959683244175675,0.5959683244175675,0.7784257023940486
T000338,0.5878870559015668,0.5878870559015668,0.5878870559015668,0.9995355675130095,0.5878870559015668,0.5878870559015668,0.5878870559015668,0.5878870559015668,0.5878870559015668,0.5878870559015668,1.5723005710362805
T000339,0.4913030045531689,0.9952436348996848,0.4913030045531689,0.4716491650065705,0.4716491650065705,0.4716491650065705,0.4716491650065705,0.4716491650065705,0.4716491650065705,0.4716491650065705,0.6111830449297136
T000340,1.9360702279892048,1.961941777462049,1.8036630206579105,1.8036630206579105,1.8036630206579105,1.8036630206579105,1.8036630206579105,1.8036630206579105,2.2000448320836217,2.2000448320836217,2.1006831555753003
T000341,0.5682058865026945,0.5682058865026945,0.631158443708208,0.5682058865026945,0.5682058865026945,0.6470949725096432,0.5682058865026945,0.5682058865026945,0.5749343299801675,0.5749343299801675,0.6209324884424128
T000342,0.9279359927992731,0.807757632160538,0.9962762475040499,0.9279359927992731,0.9279359927992731,0.9279359927992731,0.9279359927992731,0.9279359927992731,0.9279359927992731,0.9279359927992731,0.5142869024065926
T000343,4.142657561627062,4.392719214636706,4.142657561627062,3.7209181677288057,3.3557489000581318,4.008328457294354,3.9029783746404556,3.9029783746404556,3.9029783746404556,4.008328457294354,3.1253709537506276
T000344,1.4546308637650558,1.810392803197841,0.5744992760503465,0.3430846521014626,0.7725303212914597,0.7725303212914597,0.44966636768208273,1.4546308637650558,1.810392803197841,1.810392803197841,0.6143591729544673
T000345,0.3776690834868084,0.4151144700522548,0.4151144700522548,0.4645760093530922,0.4151144700522548,0.4151144700522548,0.6996083204127612,0.4151144700522548,0.4151144700522548,0.6996083204127612,0.31592437153347397
T000346,0.7996025727144407,0.825984578335459,0.5650267686895548,0.5650267686895548,0.825984578335459,0.5650267686895548,0.825984578335459,0.8971101518478225,0.5650267686895548,0.690298266934085,0.6636387855313781
T000347,1.6497271598628267,1.6497271598628267,1.2726621308765058,1.2726621308765058,1.2039740499315372,1.2039740499315372,1.2039740499315372,1.2039740499315372,1.2039740499315372,1.2039740499315372,2.08664457385541
T000348,0.8716333638567346,0.711784288600787,0.7946018621424278,0.7946018621424278,1.0944672610265447,0.6917683561549486,1.0944672610265447,1.0944672610265447,1.0944672610265447,1.0944672610265447,0.8161690115997
T000349,0.7842559095526564,0.6674880927600323,1.1817858513057413,0.7554452028970953,0.773340357029068,0.7842559095526564,0.7842559095526564,0.7554452028970953,0.7554452028970953,1.1180117050469025,1.5337330031712932
T000350,0.9740980506787768,0.4460099048143846,0.6553824969138141,0.6553824969138141,0.6553824969138141,0.6553824969138141,0.6553824969138141,0.6553824969138141,0.6553824969138141,0.6553824969138141,0.8033571879604293
T000351,0.8400072277598486,1.3265139089195377,0.9971059134804802,1.3265139089195377,1.2419957745720929,1.2259610965390195,1.2259610965390195,1.2259610965390195,1.2259610965390195,1.2259610965390195,0.9683631262165239
T000352,1.3294378592576224,0.4046491957323208,0.39637914948571085,0.39979533144735896,0.3959369352081797,0.39979533144735896,0.3959369352081797,0.39979533144735896,0.39979533144735896,0.3959369352081797,1.3241946758941476
T000353,1.3667738378375773,1.8209160489471197,0.9991193044490025,1.5792942719969438,0.9991193044490025,1.5792942719969438,0.9991193044490025,0.9991193044490025,0.9991193044490025,0.9991193044490025,2.3832241950611914
T000354,1.3731155023074713,1.3731155023074713,1.3591153531978222,1.3591153531978222,1.3579671677798437,1.3591153531978222,1.3591153531978222,1.3591153531978222,1.3591153531978222,1.3591153531978222,0.5888299216578217
T000355,0.2540620369143313,0.2540620369143313,0.28985317317480525,0.28985317317480525,0.2540620369143313,0.28985317317480525,0.28985317317480525,0.2540620369143313,0.2540620369143313,0.2540620369143313,0.8001977370328646
T000356,0.23163378344258193,0.22117396275223922,0.2148962884359352,0.2148962884359352,0.37113506581965494,0.23163378344258193,0.23163378344258193,0.35684861826109043,0.23441633773336135,0.35684861826109043,1.230813507290867
T000357,0.6041548332740561,0.6041548332740561,0.3909968499663507,0.5241294018968489,0.5241294018968489,0.5241294018968489,0.3909968499663507,0.3909968499663507,0.3909968499663507,0.3909968499663507,1.4765950494240667
T000358,1.3869691736787244,1.3869691736787244,1.3975873076021803,0.8368772037977226,0.8368772037977226,0.961727317992471,0.961727317992471,0.961727317992471,0.8368772037977226,0.961727317992471,0.5389724575725732
T000359,0.12995478953276202,0.12995478953276202,0.12995478953276202,0.12995478953276202,0.32287393879211984,0.12995478953276202,0.12995478953276202,0.12995478953276202,0.12995478953276202,0.12995478953276202,1.0029201422259264
T000360,0.4800476714770952,0.4800476714770952,0.4800476714770952,0.6018269755978525,0.6018269755978525,0.6018269755978525,0.6018269755978525,0.6018269755978525,0.6018269755978525,0.6018269755978525,0.6644577243950063
T000361,0.22460940533324084,0.2932023480483643,0.6941520609485624,0.2932023480483643,0.36171575433403036,0.6941520609485624,0.5121029152122009,0.6051752039901136,0.33452409686468354,0.30163883871467223,0.3317074692438337
T000362,0.3076605161712777,0.32118669978458314,0.308369309798229,0.308369309798229,0.308369309798229,0.7310309940170946,0.308369309798229,0.308369309798229,0.308369309798229,0.308369309798229,1.3322252593272943
T000363,0.7446893906285145,0.7523961406253906,0.7550011278140607,0.7397434059853842,0.7550011278140607,0.6729232595133725,0.7550011278140607,0.7550011278140607,0.7550011278140607,0.7550011278140607,0.9463300779702245
T000364,0.817272514983654,1.5264000683441552,0.817272514983654,0.6896047344123175,0.817272514983654,0.6896047344123175,0.817272514983654,0.817272514983654,0.4526909909232179,0.9509477674666731,1.4237359133037082
T000365,0.906920670085674,0.9072940335690908,0.9072940335690908,0.9072940335690908,0.9072940335690908,0.9072940335690908,0.8794045827951789,0.9072940335690908,0.9107271436352462,0.9072940335690908,1.3914044512663086
T000366,1.3403885545431782,1.3403885545431782,2.6404991952697663,1.3590654202923802,1.3590654202923802,2.52255745635847,2.52255745635847,2.52255745635847,2.52255745635847,2.52255745635847,1.3724036431355968
T000367,0.5156587361964502,0.3945801889041542,0.7472384304256068,0.4296883728687198,0.4355080790156416,0.4355080790156416,0.4355080790156416,0.4355080790156416,0.4355080790156416,0.4355080790156416,0.7754447679954715
T000368,1.0955710971104813,1.0955710971104813,0.5816689628815909,1.5131255262681647,0.4166170817234399,0.4166170817234399,1.112522346843831,1.112522346843831,0.4166170817234399,1.1313969661473455,2.4699976288815924
T000369,0.520198221860448,0.5092421258472983,0.7758552730043903,0.7758552730043903,0.7758552730043903,0.7758552730043903,0.5092421258472983,0.7758552730043903,0.4284344458017645,0.4284344458017645,0.9868988459484989
T000370,0.21528144473435407,0.3532578108512541,0.8018799531117743,0.8018799531117743,0.8018799531117743,0.49255130928596863,0.22076069097007622,2.1278306637037407,0.2233004997979693,1.8472507406252414,0.8153988050757642
T000371,0.6251611077784521,0.499897108982609,0.499897108982609,0.47453178774545546,0.46644284540602704,0.499897108982609,0.46644284540602704,0.6448890567369112,0.43194324345318047,0.46644284540602704,1.1037816339317346
T000372,0.426180564215727,0.426180564215727,0.4140280194132842,0.42401294849818133,0.42401294849818133,0.42401294849818133,0.42401294849818133,0.42401294849818133,0.42401294849818133,0.42401294849818133,0.5821967924057623
T000373,0.43286963813294066,0.45900627765730634,0.4924271941329222,0.4477437322565168,0.5458175678324942,0.5458175678324942,0.450632963989046,0.43970586552094976,0.450632963989046,0.7219350390978405,0.4817420897718911
T000374,0.35653008498852246,0.19592207210223708,0.84896643984551,0.84896643984551,1.288696172363617,1.288696172363617,1.288696172363617,1.288696172363617,1.288696172363617,1.288696172363617,0.4391915978642374
T000375,0.6273367336175116,0.49849409563304153,0.48876222507505146,0.5396918497166322,0.5396918497166322,0.5396918497166322,0.4863088396257702,0.4863088396257702,0.5396918497166322,0.4892134562172277,0.5374490437297231
T000376,1.0421279431904236,1.0421279431904236,1.0421279431904236,1.0480399263805629,0.7554414911071906,1.2111506124658413,0.7554414911071906,1.1343942763263792,0.7713884722550579,0.7554414911071906,1.5443010415436784
T000377,0.19440369984140993,0.1960869895518898,0.18946242393469098,0.18946242393469098,0.18946242393469098,0.18946242393469098,0.18946242393469098,0.18946242393469098,0.18946242393469098,0.18946242393469098,0.25281840712576686
T000378,1.634872954024005,1.8733406603936713,1.621891372430559,1.8733406603936713,1.621891372430559,1.8733406603936713,1.634872954024005,1.634872954024005,1.634872954024005,1.8733406603936713,0.6448445775138237
T000379,0.26811149529491546,0.28519988391905343,0.2700095355374436,0.2700095355374436,0.2700095355374436,0.23335205646956078,0.2700095355374436,0.26811149529491546,0.23335205646956078,0.26811149529491546,0.2995206745849826
T000380,0.64984265120335,0.5732463614930939,0.5730940359991125,0.5730940359991125,0.5730940359991125,0.5730940359991125,0.5730940359991125,0.5730940359991125,0.5730940359991125,0.5730940359991125,0.510677242739827
T000381,0.7262943042593586,0.36214378750785253,0.7262943042593586,0.7262943042593586,0.7262943042593586,0.7262943042593586,0.7262943042593586,0.7262943042593586,0.6830726396773996,0.7262943042593586,0.7386293328655764
T000382,0.22287347169349075,0.2123034563991178,0.19553593154102364,0.19553593154102364,0.19553593154102364,0.19553593154102364,0.19553593154102364,0.19553593154102364,0.19553593154102364,0.19553593154102364,0.27985333581950717
T000383,0.44568584169421044,0.42684876943423183,0.44568584169421044,0.44568584169421044,0.44568584169421044,0.44568584169421044,0.44568584169421044,0.44568584169421044,0.44568584169421044,0.44568584169421044,1.5856035753339988
T000384,1.2478988645946647,1.3828583825815213,1.3828583825815213,1.2145253067991715,1.2145253067991715,1.2145253067991715,1.2145253067991715,1.2145253067991715,1.2145253067991715,1.2145253067991715,0.8829691278230436
T000385,1.6502850483502356,1.6502850483502356,1.2727945735672797,1.2727945735672797,1.2039662849388546,1.2039662849388546,1.2039662849388546,1.2039662849388546,1.2039662849388546,1.2039662849388546,2.086466165413534
T000386,0.30762419321385287,0.3210273781589725,0.3081978432683148,0.3081978432683148,0.3081978432683148,0.7307753010822672,0.3081978432683148,0.3081978432683148,0.3081978432683148,0.3081978432683148,1.3307497354813163
T000387,0.627692230087115,1.0444876647236851,0.9252236916400416,0.9252236916400416,0.9252236916400416,0.9252236916400416,0.9252236916400416,0.9252236916400416,0.9252236916400416,0.9252236916400416,0.4081056339130977
T000388,0.5981987623821298,0.5579346826302704,0.6048272366645198,0.6048272366645198,0.6048272366645198,0.6048272366645198,0.6048272366645198,0.6048272366645198,0.6048272366645198,0.6048272366645198,0.35778409735315453
T000389,0.7020072222397117,0.9887207297159168,0.7020072222397117,0.7020072222397117,0.7020072222397117,0.7020072222397117,0.7020072222397117,0.7020072222397117,0.7020072222397117,0.7020072222397117,0.17799213772768002
T000390,2.4239294628645096,2.5129730941993644,2.098613054650654,2.098613054650654,2.098613054650654,2.098613054650654,2.098613054650654,2.098613054650654,2.098613054650654,2.098613054650654,1.1241311513618253
T000391,1.1617552297609355,1.0563065301807963,1.0141046439720272,0.9072386569768321,0.9072386569768321,0.9072386569768321,0.9072386569768321,0.9072386569768321,0.9072386569768321,0.9072386569768321,0.4699909747292419
T000392,0.8496655163276057,0.7513607396993616,0.8407865437458256,0.8407865437458256,0.755080458184365,0.8407865437458256,0.8407865437458256,0.8407865437458256,0.8407865437458256,0.8407865437458256,0.43168741261632126
T000393,0.8242974128275409,0.860821474030741,0.9255065532440586,0.8242974128275409,0.8242974128275409,0.8242974128275409,0.8242974128275409,0.8242974128275409,0.8242974128275409,0.9369905670774111,0.549766680927561
T000394,0.9830585567878488,0.9041135395605762,0.9288857616245048,0.9288857616245048,0.9288857616245048,0.9288857616245048,0.9288857616245048,0.9288857616245048,0.9288857616245048,0.9288857616245048,0.1824670498149179
T000395,0.7262943042593586,0.36214378750785253,0.7262943042593586,0.7262943042593586,0.7262943042593586,0.7262943042593586,0.7262943042593586,0.7262943042593586,0.6830726396773996,0.7262943042593586,0.7386293328655764
T000396,0.9262648156039257,0.990711907831722,0.9481322737275233,0.6721249047981721,0.990711907831722,0.9994274732024431,0.9994274732024431,0.9994274732024431,0.9994274732024431,0.990711907831722,0.6721249047981721
T000397,0.7363352249139472,0.7154743735102119,0.8233677196776958,0.7175724586450634,0.8233677196776958,0.8233677196776958,0.8233677196776958,0.7363352249139472,0.8233677196776958,0.8233677196776958,0.6874553165107306
T000398,0.7262943042593586,0.36214378750785253,0.7262943042593586,0.7262943042593586,0.7262943042593586,0.7262943042593586,0.7262943042593586,0.7262943042593586,0.6830726396773996,0.7262943042593586,0.7386293328655764
T000399,0.7815579108700536,0.7815579108700536,0.7634837206836582,0.7555524810664256,0.7555524810664256,0.7846790255801948,0.7846790255801948,0.7846790255801948,0.7846790255801948,0.7846790255801948,0.37886470372298364
T000400,0.867111937647628,0.7437770661877057,0.8840684237872267,0.8840684237872267,0.8840684237872267,0.8840684237872267,0.8840684237872267,0.8840684237872267,0.8840684237872267,0.8840684237872267,0.4760417310041914
T000401,0.627692230087115,1.0444876647236851,0.9252236916400416,0.9252236916400416,0.9252236916400416,0.9252236916400416,0.9252236916400416,0.9252236916400416,0.9252236916400416,0.9252236916400416,0.4081056339130977
T000402,0.5976136807262535,0.4354378835869507,0.38102704180827907,0.5976136807262535,0.38102704180827907,0.5976136807262535,0.5976136807262535,0.5976136807262535,0.5976136807262535,0.5976136807262535,0.3108420603116862
T000403,1.8491846867474417,1.5272948802943855,1.6287517193720575,1.2535808613955295,1.6287517193720575,1.5743256894542368,0.9760811640463084,1.8951779988509552,1.5743256894542368,1.5743256894542368,1.9839460779795808
T000404,0.8998302115733896,0.8998302115733896,0.7253770947787819,0.9570469542379669,0.9570469542379669,0.9570469542379669,0.9570469542379669,0.9570469542379669,0.9570469542379669,0.9570469542379669,1.7251947118347482
T000405,1.9342401653459695,1.6570956934390384,1.6570956934390384,1.6570956934390384,1.6570956934390384,1.6570956934390384,1.9342401653459695,1.9342401653459695,1.9342401653459695,1.9983407033098026,1.3705975050514152
T000406,1.634872954024005,1.8733406603936713,1.621891372430559,1.8733406603936713,1.621891372430559,1.8733406603936713,1.634872954024005,1.634872954024005,1.634872954024005,1.8733406603936713,0.6448445775138237
T000407,0.4541518292765754,0.4541518292765754,0.4541518292765754,0.4541518292765754,0.46123457048032684,0.48885070877564113,0.48885070877564113,0.48885070877564113,0.48885070877564113,0.5302026080706015,0.521556274766836
T000408,3.082596630514643,2.484357002033428,3.082596630514643,3.1576554514038557,3.082596630514643,2.1787478729048275,3.1576554514038557,2.5141532146974823,3.1576554514038557,3.112214832952006,2.1267574842631474
T000409,2.0495279940963194,2.0495279940963194,2.068692553023119,2.0251673603211184,2.0251673603211184,2.0251673603211184,2.0251673603211184,2.0251673603211184,2.0251673603211184,2.0251673603211184,1.4193011647254576
T000410,0.3219869626762885,0.4605223072157201,0.6436789100155184,0.6436789100155184,0.6436789100155184,0.6436789100155184,0.6436789100155184,0.6436789100155184,0.6436789100155184,0.6436789100155184,0.39101173418372
T000411,1.7192855523094883,1.703242746885579,1.2910696564561686,1.5682857940034711,1.5682857940034711,1.5682857940034711,1.5682857940034711,1.2792400564103465,1.2792400564103465,1.2792400564103465,0.8759801726173243
T000412,1.5047811071936181,1.6559974405023772,1.553999331927,1.553999331927,1.553999331927,1.553999331927,1.553999331927,1.553999331927,1.553999331927,1.6559974405023772,1.6412092752793526
T000413,1.4051556408388395,1.3883150009127567,1.3688577710470247,1.2560127015823106,1.3688577710470247,1.2848350894513032,1.3688577710470247,1.2560127015823106,1.3017475425860314,1.3688577710470247,1.3450225388562143
T000414,1.2478988645946647,1.3828583825815213,1.3828583825815213,1.2145253067991715,1.2145253067991715,1.2145253067991715,1.2145253067991715,1.2145253067991715,1.2145253067991715,1.2145253067991715,0.8829691278230436
T000415,0.45651254245979805,0.4641834354329427,0.4601756618022849,0.4641834354329427,0.4641834354329427,0.4601756618022849,0.4601756618022849,0.4641834354329427,0.43190490767666356,0.43190490767666356,0.42068295711775855
T000416,2.06999880833884,2.0639178778876066,2.0639178778876066,2.0639178778876066,2.06999880833884,2.1153058712156483,2.0639178778876066,2.06999880833884,2.06999880833884,2.0033871688600384,2.0639178778876066
T000417,1.68406704532763,1.68406704532763,1.6761778538769516,1.6357742348751192,1.6357742348751192,1.6357742348751192,1.6357742348751192,1.6357742348751192,1.6357742348751192,1.6357742348751192,1.4642551130648584
T000418,0.548751672669941,0.402322057390181,0.38527822224700803,0.402322057390181,0.38527822224700803,0.402322057390181,0.402322057390181,0.402322057390181,0.402322057390181,0.27743898841681547,0.4307518294841445
T000419,1.028729353396276,1.3153697701413258,1.3939713372807156,1.3939713372807156,1.2416672109334423,1.2416672109334423,1.2416672109334423,1.2416672109334423,1.1015488795548325,1.2416672109334423,1.1691953724205215
T000420,0.37756047234866086,0.4364726701677129,0.4237755073746884,0.4237755073746884,0.4237755073746884,0.4237755073746884,0.4237755073746884,0.4237755073746884,0.4237755073746884,0.4237755073746884,0.5933860398891926
T000421,0.2550967868176989,0.25515615902827155,0.2550967868176989,0.254932430412315,0.254932430412315,0.254932430412315,0.254932430412315,0.254932430412315,0.254932430412315,0.254932430412315,0.5188317264294078
T000422,0.9036424659052315,0.8609319505449651,0.9999329970958744,0.8623714795673691,1.0210651354448015,1.0210651354448015,0.9999329970958744,0.9999329970958744,0.9999329970958744,0.9999329970958744,1.287144104202565
T000423,0.11840990016029555,0.5294927420968792,0.122470850729265,0.122470850729265,0.122470850729265,0.122470850729265,0.122470850729265,0.122470850729265,0.122470850729265,0.122470850729265,0.8859194905104232
T000424,0.14107979333247325,0.07588286427684333,0.14500065802146392,0.14500065802146392,0.14500065802146392,0.14500065802146392,0.14500065802146392,0.19190573770491803,0.14500065802146392,0.14500065802146392,0.2107436210945245
T000425,0.6885329159058289,0.6202842161110905,0.6202842161110905,0.7378706122797654,0.7378706122797654,0.7378706122797654,0.7378706122797654,0.7378706122797654,0.7378706122797654,0.7378706122797654,0.7380191729455664
T000426,0.9937106732085612,0.6519436556134749,0.6519436556134749,0.6519436556134749,0.6519436556134749,1.052013048618823,1.052013048618823,1.052013048618823,1.052013048618823,1.1101656133593916,1.249190231725719
T000427,0.36580513715777163,0.40425099567426803,0.502075308487136,0.502075308487136,0.502075308487136,0.502075308487136,0.502075308487136,0.502075308487136,0.502075308487136,0.502075308487136,1.2788773148148147
T000428,1.3528617598383232,1.0721303340029258,1.0481153533655292,1.0481153533655292,1.0481153533655292,1.0481153533655292,1.0481153533655292,1.0481153533655292,1.0481153533655292,1.0481153533655292,1.3858199559332705
T000429,0.17397602485224659,0.41738788946057775,0.4476624685868984,0.4476624685868984,0.4476624685868984,0.4476624685868984,0.4476624685868984,0.4476624685868984,0.4476624685868984,0.4476624685868984,0.5936288682551543
T000430,0.22287347169349075,0.2123034563991178,0.19553593154102364,0.19553593154102364,0.19553593154102364,0.19553593154102364,0.19553593154102364,0.19553593154102364,0.19553593154102364,0.19553593154102364,0.27985333581950717
T000431,0.11818213251225093,0.2503637078173773,0.2503637078173773,0.11818213251225093,0.11818213251225093,0.1392696236272817,0.1904897624384804,0.11818213251225093,0.1392696236272817,0.11818213251225093,0.8299319475052936
T000432,1.0642497404647684,1.269064233880066,1.1785134464933933,1.1785134464933933,1.1785134464933933,1.2761972853866617,1.269064233880066,1.2838069617214187,1.2838069617214187,1.1785134464933933,1.2984653402152828
T000433,0.8675798196277623,0.9917586220713804,0.8937258030526013,0.9917586220713804,0.8153241090339841,0.9735305646201321,0.9464670341409792,0.9464670341409792,0.8675798196277623,0.9464670341409792,0.8675798196277623
T000434,0.6631613678901309,0.7127461460486949,0.6905029741693995,0.6905029741693995,0.6905029741693995,0.6905029741693995,0.6905029741693995,0.6905029741693995,0.6905029741693995,0.6905029741693995,0.8119565874293279
T000435,0.6542060433992031,0.5780802265942488,0.5780802265942488,0.5780802265942488,0.5780802265942488,0.5780802265942488,0.5780802265942488,0.6542060433992031,0.5780802265942488,0.5780802265942488,0.5462256200325575
T000436,0.4581403478107211,0.5689619453906464,0.4745138872170134,0.4745138872170134,0.4581403478107211,0.4581403478107211,0.4581403478107211,0.4581403478107211,0.4745138872170134,0.4581403478107211,0.5168679401239801
T000437,0.2973725547002092,0.31489308442434855,0.27350481313276453,0.28465109383089876,0.2951577306157032,0.2951577306157032,0.2951577306157032,0.2951577306157032,0.2951577306157032,0.2951577306157032,0.31489308442434855
T000438,1.0065298265276694,0.892467093747292,0.892467093747292,0.892467093747292,0.892467093747292,0.8622173665526666,0.8622173665526666,0.892467093747292,0.892467093747292,0.8622173665526666,0.8622173665526666
T000439,1.1887226156448254,0.983622401083741,0.8466172665397278,0.6532455760636954,0.6532455760636954,0.8466172665397278,0.9886892571856124,1.2105676475555043,1.2105676475555043,1.2105676475555043,1.199626901301668
T000440,1.3687232422647795,1.4045261631879136,1.4717410882139572,1.3116874857926752,1.4717410882139572,1.4717410882139572,1.4717410882139572,1.4717410882139572,1.3687232422647795,1.4717410882139572,1.3182488382416315
T000441,1.2331604732939794,0.9975285769523433,0.9975285769523433,0.9975285769523433,1.2864843267917054,1.2864843267917054,1.2864843267917054,1.2864843267917054,0.8237277819708473,0.8237277819708473,1.0324197289977766
T000442,1.2230498470750624,1.1284175219548878,1.154519495345936,1.2230498470750624,1.154519495345936,1.2230498470750624,1.1556547438118987,1.1284175219548878,1.1556547438118987,1.1556547438118987,1.1556547438118987
T000443,0.18316127935165835,0.22677654342982584,0.24371082153871268,0.24371082153871268,0.24371082153871268,0.24371082153871268,0.18316127935165835,0.24371082153871268,0.18316127935165835,0.24371082153871268,0.19858710429209656
T000444,0.8237428338268196,0.8571491646067918,0.7910476272437996,0.8359358096731361,0.8234555020255021,0.8237428338268196,0.8234555020255021,0.7525857149581331,0.8234555020255021,0.8826793104780309,0.9266253458425693
T000445,0.33177917550176644,0.3230130080735233,0.31078116207236534,0.31078116207236534,0.31078116207236534,0.31078116207236534,0.31078116207236534,0.31078116207236534,0.33177917550176644,0.31078116207236534,0.3224731985850376
T000446,0.19905386620017002,0.20035686233285552,0.20035686233285552,0.20035686233285552,0.20035686233285552,0.20035686233285552,0.20035686233285552,0.20035686233285552,0.2159888352459581,0.20035686233285552,0.20035686233285552
T000447,0.38306614880117734,0.37264409997646764,0.37264409997646764,0.37264409997646764,0.37264409997646764,0.37264409997646764,0.37264409997646764,0.368703404317379,0.37264409997646764,0.37264409997646764,0.3800034250837506
T000448,0.5611367521382176,0.5229669238327892,0.5229669238327892,0.5229669238327892,0.5229669238327892,0.5229669238327892,0.45509898222590217,0.5229669238327892,0.5229669238327892,0.45509898222590217,0.5229669238327892
T000449,0.1707560236707933,0.15230293286851146,0.1707560236707933,0.44373277081584844,0.16222659495343358,0.44373277081584844,0.16858660030929942,0.1735897303575759,0.16858660030929942,0.16858660030929942,0.44373277081584844
T000450,2.1653573323697692,2.837188204479514,2.837188204479514,2.347870971678203,2.2826024152222746,2.347870971678203,2.347870971678203,2.2826024152222746,2.347870971678203,2.4524668498559286,2.179194279415193
T000451,0.5815000598432417,0.5641159849856614,0.5641159849856614,0.5641159849856614,0.5641159849856614,0.5641159849856614,0.5641159849856614,0.5641159849856614,0.5641159849856614,0.5645192796030764,0.9600443119318149
T000452,0.36908419526806774,0.36908419526806774,0.30426894821328504,0.36908419526806774,0.6680281234437382,0.29425298132930966,1.1621372701679054,0.6680281234437382,0.35360019274986765,0.35360019274986765,0.6386470875666398
T000453,0.4581403478107211,0.5689619453906464,0.4745138872170134,0.4745138872170134,0.4581403478107211,0.4581403478107211,0.4581403478107211,0.4581403478107211,0.4745138872170134,0.4581403478107211,0.5168679401239801
T000454,0.6224028050407567,0.6224028050407567,0.6224028050407567,0.6224028050407567,0.6224028050407567,0.6224028050407567,0.6224028050407567,0.6224028050407567,1.0800210620256003,1.0800210620256003,1.137528316893359
T000455,1.3349532341440806,1.0682047903773326,1.0682047903773326,1.0682047903773326,1.177234930170926,1.177234930170926,1.177234930170926,1.0682047903773326,1.0682047903773326,1.1411787220269416,1.3812416346173908
T000456,0.743286663506859,0.6668144764187017,0.743286663506859,0.743286663506859,0.743286663506859,0.743286663506859,0.743286663506859,1.721407331904287,0.743286663506859,1.721407331904287,0.6829999446133183
T000457,0.7733785564333501,0.9867460754511255,0.8940876067379852,0.8940876067379852,0.8368129532742338,0.8940876067379852,0.8940876067379852,0.8940876067379852,0.8940876067379852,0.5707385497964442,0.7233892160905578
T000458,0.6567045024321486,1.3334929828207494,0.8793746061278286,1.4506077494996936,0.8793746061278286,0.8793746061278286,0.8793746061278286,0.8793746061278286,0.8793746061278286,0.8793746061278286,0.6401740181757172
T000459,0.534578600315393,0.4415061014260373,1.0686397203580815,0.534578600315393,0.39379384152582714,0.39379384152582714,0.39379384152582714,0.39379384152582714,0.39379384152582714,0.39379384152582714,0.42045193403102543
T000460,1.2230498470750624,1.1284175219548878,1.154519495345936,1.2230498470750624,1.154519495345936,1.2230498470750624,1.1556547438118987,1.1284175219548878,1.1556547438118987,1.1556547438118987,1.1556547438118987
T000461,0.45807217721812865,0.45807217721812865,0.38263915586957675,0.38263915586957675,0.38263915586957675,0.38764347694374635,0.42673967753069864,0.38764347694374635,0.42673967753069864,0.38263915586957675,0.5095214622194003
T000462,0.38173656427981495,0.44035846468839057,0.795015059336741,1.5348701072987525,0.44035846468839057,1.1413875663158266,0.44035846468839057,0.44035846468839057,0.44035846468839057,0.41612585061206014,0.7526881311865165
T000463,0.845370491389114,0.8547288315417547,0.8734232943771614,0.8734232943771614,0.8734232943771614,0.8734232943771614,0.8734232943771614,0.8734232943771614,0.8734232943771614,0.8734232943771614,0.9941280025943342
T000464,0.40691605559734184,0.43597319623516295,0.40304453164065346,0.3925292593175927,0.3925292593175927,0.3925292593175927,0.3925292593175927,0.3925292593175927,0.3925292593175927,0.3925292593175927,0.8963725108651256
T000465,0.1081753654117392,0.1081753654117392,0.11802557777346327,0.1081753654117392,0.1081753654117392,0.1081753654117392,0.07755091927610713,0.10248247970537201,0.07755091927610713,0.11802557777346327,0.4758343541905229
T000466,0.15062099161065828,0.32500965203943744,0.32500965203943744,0.32500965203943744,0.32500965203943744,0.4252588470366973,0.32500965203943744,0.32500965203943744,0.32500965203943744,0.32500965203943744,0.691141912208823
T000467,0.8650196909162773,0.9130414105919927,0.9130414105919927,0.9130414105919927,0.9130414105919927,0.9130414105919927,0.9130414105919927,0.9130414105919927,0.9130414105919927,0.9130414105919927,0.38150734501528555
T000468,1.1036505103087662,1.1036505103087662,1.1036505103087662,1.1036505103087662,1.1036505103087662,1.1036505103087662,0.5842890559175615,0.5842890559175615,0.5842890559175615,0.5842890559175615,0.15314096690870396
T000469,0.7822871207627448,0.6669989002798872,1.1801179953911733,0.7539576391241325,0.7726966688089525,0.7822871207627448,0.7822871207627448,0.7539576391241325,0.7539576391241325,1.1168222413370925,1.5331134096494796
T000470,0.8160729077102501,1.5255796818498006,0.8160729077102501,0.6891245268658516,0.8160729077102501,0.6891245268658516,0.8160729077102501,0.8160729077102501,0.4524153364494985,0.9498101430985884,1.4227589841278467
T000471,0.13387250726548308,0.13387250726548308,0.13387250726548308,0.12932131055492058,0.12932131055492058,0.12932131055492058,0.18954070912783033,0.18954070912783033,0.45151913889714085,0.18954070912783033,0.6599309178277393
T000472,0.4698554135347559,0.19599458238501047,0.35994697302309375,0.35994697302309375,0.4698554135347559,0.35994697302309375,0.35994697302309375,0.35994697302309375,0.35994697302309375,0.35994697302309375,0.45704518334507044
T000473,2.95833736469248,2.95833736469248,2.7685370974093293,2.440447960547884,2.440447960547884,2.440447960547884,2.508259039000401,2.440447960547884,2.440447960547884,2.440447960547884,2.3194441231187706
T000474,1.451078366146167,1.5297288752917984,1.5297288752917984,1.5297288752917984,1.2391940395981356,1.5297288752917984,1.4597313136450456,1.5297288752917984,1.5297288752917984,1.5297288752917984,1.3725755240549962
T000475,3.4054929138402175,3.358016067558954,3.279168288686007,3.358016067558954,3.358016067558954,3.358016067558954,3.4054929138402175,3.4054929138402175,3.358016067558954,3.358016067558954,2.8792566665755155
T000476,3.931135917437965,3.931135917437965,3.427297190715411,2.7431480556740446,3.427297190715411,3.427297190715411,5.160750640368446,3.8664620700474606,4.546041025179775,2.359374891245282,5.622769864272895
T000477,0.3012225976498037,0.38337411088643586,0.38337411088643586,0.38337411088643586,0.28746947496947484,0.3012225976498037,0.28746947496947484,0.28746947496947484,0.28746947496947484,0.28746947496947484,0.3762795918539535
T000478,0.7569582830790403,0.9216763039464468,0.9216763039464468,0.9216763039464468,0.9216763039464468,0.9216763039464468,0.9216763039464468,0.9216763039464468,0.9216763039464468,0.9216763039464468,1.1863744920712174
T000479,0.14866314441038606,0.14866314441038606,0.5579479263603819,0.5579479263603819,0.5880630787573852,0.5579479263603819,0.5579479263603819,0.5579479263603819,0.5880630787573852,0.5880630787573852,0.5489951906561327
T000480,0.2629318640911736,0.2795379296008953,0.6220591670944579,0.6220591670944579,0.6220591670944579,0.6220591670944579,0.6220591670944579,0.45572842295169885,0.6220591670944579,0.6852576705166336,0.40520563217445954
T000481,0.8829078815984318,1.256288816114861,0.6695612185807387,1.256288816114861,0.8080681892984101,0.8080681892984101,1.256288816114861,0.8829078815984318,0.8080681892984101,1.256288816114861,0.2651251461447125
T000482,0.3623731026796338,0.7891831295091286,0.8880579636109184,1.5714226702897922,0.5137185179560594,1.0628372269197957,1.0628372269197957,0.5137185179560594,1.5714226702897922,1.5714226702897922,0.7864134856861543
T000483,0.38173656427981495,0.44035846468839057,0.795015059336741,1.5348701072987525,0.44035846468839057,1.1413875663158266,0.44035846468839057,0.44035846468839057,0.44035846468839057,0.41612585061206014,0.7526881311865165
T000484,1.252691662685587,2.7751599467861205,2.7751599467861205,2.7751599467861205,2.7751599467861205,2.7751599467861205,1.8039864998941217,1.8039864998941217,1.8039864998941217,1.8039864998941217,1.6621484402822844
T000485,1.0483076162377294,1.5502965185918895,1.1465072188570018,1.5502965185918895,1.0483076162377294,1.5502965185918895,1.5502965185918895,1.1209054481659064,1.0483076162377294,1.0483076162377294,0.7659742674468577
T000486,0.2092205377699482,1.1285607333797143,1.1285607333797143,0.6623526956414654,0.6623526956414654,0.6623526956414654,0.6623526956414654,0.6623526956414654,0.6623526956414654,0.6623526956414654,0.6246844492789071
T000487,0.38173656427981495,0.44035846468839057,0.795015059336741,1.5348701072987525,0.44035846468839057,1.1413875663158266,0.44035846468839057,0.44035846468839057,0.44035846468839057,0.41612585061206014,0.7526881311865165
T000488,0.7360410318739496,0.7286380274839899,0.6968307073923278,0.6968307073923278,0.6968307073923278,0.6968307073923278,0.6968307073923278,0.6968307073923278,0.6968307073923278,0.6968307073923278,1.3971216870903391
T000489,0.14507169677938397,0.14507169677938397,1.0376227351455394,0.19570795846215955,1.0376227351455394,1.0376227351455394,1.0376227351455394,1.0376227351455394,1.0376227351455394,0.9150147726352338,0.16165568835330815
T000490,1.1036505103087662,1.1036505103087662,1.1036505103087662,1.1036505103087662,1.1036505103087662,1.1036505103087662,0.5842890559175615,0.5842890559175615,0.5842890559175615,0.5842890559175615,0.15314096690870396
T000491,0.322116984924511,0.638832577117684,0.42315697475590114,0.5250084865651962,1.0313422404699677,1.0313422404699677,0.41656839647516747,0.41656839647516747,1.0313422404699677,0.41656839647516747,0.42315697475590114
T000492,0.9417454409250523,0.9137931034482757,0.9058183433871136,0.9058183433871136,0.9058183433871136,0.9058183433871136,0.9302325581395344,0.9302325581395344,0.9302325581395344,0.9302325581395344,0.9058183433871136
T000493,0.3111533611228484,0.5852234341156863,0.3111533611228484,0.19935220187500083,0.19935220187500083,0.19935220187500083,0.19935220187500083,0.19935220187500083,0.19935220187500083,0.19935220187500083,0.27988291796468207
T000494,1.1036505103087662,1.1036505103087662,1.1036505103087662,1.1036505103087662,1.1036505103087662,1.1036505103087662,0.5842890559175615,0.5842890559175615,0.5842890559175615,0.5842890559175615,0.15314096690870396
T000495,0.44049230439470444,0.530692302413184,0.530692302413184,0.530692302413184,0.41222861177683146,0.530692302413184,0.41222861177683146,0.530692302413184,0.530692302413184,0.41222861177683146,0.3390498523282512
T000496,0.9475664087022178,0.6920376080687466,0.9475664087022178,0.942580606023575,0.942580606023575,0.942580606023575,0.942580606023575,0.942580606023575,0.942580606023575,0.942580606023575,0.20730769470738686
T000497,0.9719783197516356,0.35614613823902075,0.440524722601391,0.353180919424234,0.353180919424234,0.353180919424234,0.353180919424234,0.353180919424234,0.353180919424234,0.353180919424234,0.415912690172532
T000498,2.1447176197234543,1.9765089188268814,1.624956695462724,1.5960889802477471,1.624956695462724,1.624956695462724,2.118558736945015,1.624956695462724,1.5756089006062024,1.624956695462724,2.114270941054811
T000499,0.26567233403322904,0.3710204194577026,0.46215049183948836,0.20334667969411038,0.24568308370337336,0.20334667969411038,0.20334667969411038,0.42511852024559155,0.20334667969411038,0.42511852024559155,0.42511852024559155
T000500,0.6840399407189828,0.9088215308207105,0.9164531463004503,0.7776738532265389,0.8727973169478223,0.9164531463004503,0.8727973169478223,0.9164531463004503,0.9164531463004503,0.8727973169478223,0.22666353420243518
T000501,0.26478118049491417,0.3942773084029706,0.3481324363673775,0.3481324363673775,0.3481324363673775,0.3481324363673775,0.30583032033905605,0.3481324363673775,0.21624652657509336,0.5238102303368474,0.5623924324209836
T000502,0.15062099161065828,0.32500965203943744,0.32500965203943744,0.32500965203943744,0.32500965203943744,0.4252588470366973,0.32500965203943744,0.32500965203943744,0.32500965203943744,0.32500965203943744,0.691141912208823
T000503,0.28677992306348177,0.3137924197062003,0.312899493209849,0.22581280883345736,0.312946684722937,0.22581280883345736,0.312946684722937,0.312946684722937,0.2648756296066984,0.312946684722937,0.7797172796451691
T000504,0.22700060263425012,0.22773887173387286,0.2293934819264601,0.22765310003804454,0.2293934819264601,0.22765310003804454,0.22765310003804454,0.22765310003804454,0.22765310003804454,0.22765310003804454,0.22765310003804454
T000505,1.1331330895100593,1.6757678619926086,1.6757678619926086,1.6757678619926086,1.6757678619926086,1.6757678619926086,1.6757678619926086,1.6757678619926086,1.6757678619926086,1.6757678619926086,1.4547199385274767
T000506,0.4128408887545923,0.4528232266631121,0.5617168280569923,0.4528232266631121,0.4565712044475809,0.4878926595588001,0.4565712044475809,0.4878926595588001,0.4878926595588001,0.4878926595588001,0.8944906250678669
T000507,0.7196377700568828,0.7285060679991987,0.6809230443264322,0.6809230443264322,0.6809230443264322,0.6809230443264322,0.6809230443264322,0.6809230443264322,0.6809230443264322,0.6809230443264322,1.2059098764814926
T000508,0.2582002708363448,0.36317580695977375,0.2582002708363448,0.34148998077584414,0.2582002708363448,0.34148998077584414,0.34148998077584414,0.34148998077584414,0.34148998077584414,0.2582002708363448,0.3234585715873773
T000509,1.9604123716483846,1.7643421209571097,1.7643421209571097,1.7643421209571097,1.7643421209571097,1.7643421209571097,1.7643421209571097,1.7643421209571097,1.7643421209571097,1.7643421209571097,1.8362416107382549
T000510,2.7753579683085867,2.2509845735545326,2.2509845735545326,2.2509845735545326,2.2509845735545326,2.2509845735545326,2.2509845735545326,2.2509845735545326,2.2509845735545326,2.2509845735545326,2.2509845735545326
T000511,0.5054205639121947,0.3481439136253398,0.3481439136253398,0.3481439136253398,0.4153255305407309,0.4153255305407309,0.3481439136253398,0.5846879729274714,0.4153255305407309,0.4153255305407309,0.40652518193451864
T000512,1.8078334229444029,1.3616404604754964,1.889865133375852,1.889865133375852,1.889865133375852,1.889865133375852,1.889865133375852,1.9719074964254857,1.889865133375852,1.889865133375852,1.6394975679025985
T000513,1.8629037142848344,1.8629037142848344,1.660695581563697,1.355210878743254,1.355210878743254,1.8629037142848344,1.8629037142848344,1.8629037142848344,1.8629037142848344,1.8629037142848344,1.6233552631578947
T000514,0.16954230249182808,0.22222437161719447,0.22222437161719447,0.22222437161719447,0.22222437161719447,0.22222437161719447,0.22222437161719447,0.22222437161719447,0.22222437161719447,0.22222437161719447,0.1839622772191448
T000515,0.4365913349348279,0.4960197259479757,0.43547543462777444,0.525996443142587,0.43547543462777444,0.525996443142587,0.525996443142587,0.525996443142587,0.525996443142587,0.525996443142587,0.525996443142587
T000516,0.17185229981633202,0.1758635653433975,0.17984992965452554,0.23001801925154852,0.23001801925154852,0.23001801925154852,0.17984992965452554,0.17984992965452554,0.17984992965452554,0.17984992965452554,0.17094140284829878
T000517,0.5506363015363461,0.6140982709544065,0.606166877001408,0.606166877001408,0.6140982709544065,0.6140982709544065,0.6140982709544065,0.606166877001408,0.6140982709544065,0.6140982709544065,0.4458833619210978
T000518,0.38814996719379424,0.394271948608137,0.394271948608137,0.394271948608137,0.394271948608137,0.394271948608137,0.394271948608137,0.394271948608137,0.394271948608137,0.394271948608137,0.394271948608137
T000519,0.23982486136532075,0.30075952570689024,0.3109965834025846,0.3109965834025846,0.3109965834025846,0.3109965834025846,0.3109965834025846,0.3109965834025846,0.3109965834025846,0.3109965834025846,0.45858166540874146
T000520,0.2920149421773447,0.2802650395724498,0.39690617551765983,0.3750000000000081,0.2802650395724498,0.3750000000000081,0.3750000000000081,0.3750000000000081,0.3750000000000081,0.17573505249481464,0.7076735852847496
T000521,0.6997202883441859,0.7372185712579659,0.7372185712579659,0.7372185712579659,0.7372185712579659,0.7372185712579659,0.7372185712579659,0.7372185712579659,0.7372185712579659,0.7372185712579659,0.7372185712579659
T000522,0.2582002708363448,0.36317580695977375,0.2582002708363448,0.34148998077584414,0.2582002708363448,0.34148998077584414,0.34148998077584414,0.34148998077584414,0.34148998077584414,0.2582002708363448,0.3234585715873773
T000523,0.6488089581335783,0.7966432880878005,0.7966432880878005,0.7966432880878005,0.7966432880878005,0.7966432880878005,0.7966432880878005,0.7966432880878005,0.7966432880878005,0.7966432880878005,0.5116042976082561
T000524,0.28351709993862745,0.27182243824057684,0.2756999594981857,0.27182243824057684,0.2756999594981857,0.2756999594981857,0.2756999594981857,0.2756999594981857,0.2756999594981857,0.2756999594981857,0.2423012597899922
T000525,2.2927013826629983,2.368157209638603,2.368157209638603,2.368157209638603,2.3921052631578945,2.3921052631578945,2.3921052631578945,2.368157209638603,2.368157209638603,2.368157209638603,2.3921052631578945
T000526,0.2582002708363448,0.36317580695977375,0.2582002708363448,0.34148998077584414,0.2582002708363448,0.34148998077584414,0.34148998077584414,0.34148998077584414,0.34148998077584414,0.2582002708363448,0.3234585715873773
T000527,1.2267357014120064,0.9502743637108025,0.9502743637108025,0.9502743637108025,0.5452245337302196,0.9502743637108025,0.5452245337302196,0.4985708152936655,0.5452245337302196,0.9502743637108025,0.9787499999999999
T000528,1.4036879770052129,0.4034218765182179,0.4199327877167409,0.4199327877167409,0.4199327877167409,0.4199327877167409,0.4199327877167409,0.4199327877167409,0.5317682144170516,0.5317682144170516,0.4034218765182179
T000529,1.8629037142848344,1.8629037142848344,1.660695581563697,1.355210878743254,1.355210878743254,1.8629037142848344,1.8629037142848344,1.8629037142848344,1.8629037142848344,1.8629037142848344,1.6233552631578947
T000530,2.11785351190635,3.1504601557160483,3.1504601557160483,2.2147340191683025,2.2147340191683025,2.2147340191683025,1.6838834755514478,1.6838834755514478,1.6838834755514478,1.6838834755514478,3.1504601557160483
T000531,1.4238656691334513,1.109106185565652,1.109106185565652,1.109106185565652,1.109106185565652,1.109106185565652,1.109106185565652,1.109106185565652,1.109106185565652,1.109106185565652,1.109106185565652
T000532,1.5835984597478414,1.5835984597478414,1.5835984597478414,1.618510477717906,1.618510477717906,1.618510477717906,1.5835984597478414,1.5835984597478414,1.5835984597478414,1.6379285707551514,1.6184019370460048
T000533,1.1331330895100593,1.6757678619926086,1.6757678619926086,1.6757678619926086,1.6757678619926086,1.6757678619926086,1.6757678619926086,1.6757678619926086,1.6757678619926086,1.6757678619926086,1.4547199385274767
T000534,0.8937765178521233,0.9908480184692586,0.9908480184692586,0.9908480184692586,0.9908480184692586,0.8979743146800127,0.8979743146800127,0.8979743146800127,0.8979743146800127,0.9908480184692586,2.308152793614595
T000535,2.7753579683085867,2.2509845735545326,2.2509845735545326,2.2509845735545326,2.2509845735545326,2.2509845735545326,2.2509845735545326,2.2509845735545326,2.2509845735545326,2.2509845735545326,2.2509845735545326
T000536,4.7504625992313,3.3635649460195363,3.3635649460195363,3.3635649460195363,3.3635649460195363,3.3635649460195363,3.3635649460195363,1.7051724762039235,3.3635649460195363,3.3635649460195363,3.3635649460195363
T000537,2.0712092570913074,1.0084631521380565,1.0084631521380565,1.0084631521380565,1.0084631521380565,1.0084631521380565,1.0084631521380565,0.6679040108716716,0.5513888419685754,1.0084631521380565,1.0084631521380565
T000538,0.2092670668532034,0.27225939083589956,0.2526614564742448,0.2526614564742448,0.2526614564742448,0.2526614564742448,0.42030343744723,0.42030343744723,0.42030343744723,0.42030343744723,0.24352495262160456
T000539,0.32461264283397157,0.34714738543751283,0.28605972805486096,0.23682861524001178,0.3357904526205084,0.3357904526205084,0.3357904526205084,0.3357904526205084,0.2480045668717496,0.3357904526205084,0.7557464652186565
T000540,0.28677992306348177,0.3137924197062003,0.312899493209849,0.22581280883345736,0.312946684722937,0.22581280883345736,0.312946684722937,0.312946684722937,0.2648756296066984,0.312946684722937,0.7797172796451691
T000541,2.4793979156695958,2.2101085881033216,2.2101085881033216,2.2101085881033216,2.2101085881033216,2.2101085881033216,2.2101085881033216,2.2101085881033216,2.478392946230206,2.478392946230206,2.276649746192893
T000542,1.9604123716483846,1.7643421209571097,1.7643421209571097,1.7643421209571097,1.7643421209571097,1.7643421209571097,1.7643421209571097,1.7643421209571097,1.7643421209571097,1.7643421209571097,1.8362416107382549
T000543,1.3432527967580241,1.4929901488400348,1.4929901488400348,1.4929901488400348,1.4929901488400348,0.596084129631874,1.1552193336725416,0.5764778262075756,1.1552193336725416,1.27884639158061,1.2900013311664
T000544,0.7993107382203918,0.7072498285037822,0.7322984200282514,0.7322984200282514,0.7322984200282514,0.7322984200282514,0.7322984200282514,0.7322984200282514,0.723080170320719,0.7767857142857101,0.743417176059058
T000545,3.190431455756414,2.791087948367999,2.791087948367999,2.791087948367999,2.791087948367999,2.791087948367999,2.791087948367999,2.791087948367999,2.791087948367999,2.791087948367999,1.3820474777448133
T000546,0.30198021380769796,0.29438150823343145,0.29438150823343145,0.29438150823343145,0.29438150823343145,0.29438150823343145,0.29438150823343145,0.29438150823343145,0.29438150823343145,0.29438150823343145,0.5852356262875195
T000547,0.28677992306348177,0.3137924197062003,0.312899493209849,0.22581280883345736,0.312946684722937,0.22581280883345736,0.312946684722937,0.312946684722937,0.2648756296066984,0.312946684722937,0.7797172796451691
T000548,1.9604123716483846,1.7643421209571097,1.7643421209571097,1.7643421209571097,1.7643421209571097,1.7643421209571097,1.7643421209571097,1.7643421209571097,1.7643421209571097,1.7643421209571097,1.8362416107382549
T000549,0.5201973618182631,0.5340648665375876,0.4922749120719903,0.5102608557645787,0.5102608557645787,0.5102608557645787,0.5102608557645787,0.5102608557645787,0.5102608557645787,0.5102608557645787,0.5735761024536417
T000550,1.9275680412255305,1.7803249097516756,1.6014627090901237,1.6014627090901237,1.6014627090901237,1.6014627090901237,1.6014627090901237,1.6014627090901237,1.6014627090901237,1.6014627090901237,2.2840693768141223
T000551,0.1852317435575259,0.247387428483407,0.247387428483407,0.22072986797933034,0.22072986797933034,0.22072986797933034,0.34762372120331175,0.21605591602832028,0.21605591602832028,0.21605591602832028,0.6378754929805399
T000552,1.8036460533429646,1.2231146183060806,1.7686782800356473,1.7686782800356473,1.7686782800356473,1.7686782800356473,1.7686782800356473,1.7686782800356473,2.1178331170074123,1.4205949078566298,1.2010084635144243
T000553,0.27349664373911886,0.27349664373911886,0.5787077827881258,0.5787077827881258,0.5787077827881258,0.5787077827881258,0.5787077827881258,0.5787077827881258,0.5787077827881258,0.5787077827881258,0.3542305927672011
T000554,0.2995621770595843,0.2995621770595843,0.2995621770595843,0.29976891241576,0.2973700781501077,0.2973700781501077,0.2973700781501077,0.2973700781501077,0.2973700781501077,0.2973700781501077,0.756962149838158
T000555,1.935989769121261,1.9613634561214124,1.8064901071942288,1.8064901071942288,1.8064901071942288,1.8064901071942288,1.8064901071942288,1.8064901071942288,2.2004254751416266,2.2004254751416266,2.10062700854487
T000556,0.29358896672191614,0.23113580890018454,0.29358896672191614,0.29358896672191614,0.24195128366439325,0.24195128366439325,0.24195128366439325,0.24195128366439325,0.29358896672191614,0.29358896672191614,0.34619751975572916
T000557,0.2955901431324109,0.3647359831336194,0.6208400606765112,0.24245982040577582,0.24245982040577582,0.7166688213946069,0.24245982040577582,0.7166688213946069,0.24245982040577582,0.24245982040577582,1.1422332692988437
T000558,0.5337398147429039,0.5596357302353665,0.5192898251481328,0.5623971415088288,0.5623971415088288,0.5192898251481328,0.5192898251481328,0.5192898251481328,0.5192898251481328,0.5192898251481328,0.6542985141635657
T000559,0.3216127774741111,0.3216127774741111,0.3216127774741111,0.3216127774741111,0.3216127774741111,0.3216127774741111,0.3216127774741111,0.3216127774741111,0.3216127774741111,0.3216127774741111,0.5236587362691838
T000560,0.37852856833030024,0.37852856833030024,0.47835624435760477,0.47835624435760477,0.9907912864723737,1.0040941282874658,0.9907912864723737,0.47835624435760477,0.47835624435760477,0.47835624435760477,0.9359679195095573
T000561,0.309417966740705,0.36651066178846337,0.31974030489399646,0.5097156505600859,0.5097156505600859,0.5097156505600859,0.5097156505600859,0.5097156505600859,0.5097156505600859,0.5097156505600859,0.5097156505600859
T000562,0.26492910023690835,0.2694067228396909,0.26845491856979137,0.5843849452183185,0.5843849452183185,0.2362664426491341,0.5932583419872043,0.2362664426491341,0.5932583419872043,0.5423997008291429,0.340152098101252
T000563,1.11452248118174,2.6684496702879263,1.9542409779401884,1.9542409779401884,1.9542409779401884,1.9542409779401884,1.2206120879541786,2.6684496702879263,1.9542409779401884,1.9542409779401884,1.060806218571115
T000564,0.24361375975998437,0.24361375975998437,0.24361375975998437,0.24361375975998437,0.24361375975998437,0.24361375975998437,0.24361375975998437,0.24361375975998437,0.24361375975998437,0.24361375975998437,0.7571476249460348
T000565,0.5332710019230544,0.5301548181613227,0.5301548181613227,0.528974387207058,0.5301548181613227,0.528974387207058,0.528974387207058,0.4976863837458307,0.528974387207058,0.4976863837458307,0.49979305560550835
T000566,1.7609741603466247,1.6362348739636272,1.715283562676494,1.6362348739636272,1.7638766082427608,1.715283562676494,1.6781929509375313,1.6781929509375313,1.7638766082427608,1.8423422036837747,1.5967470191635182
T000567,1.6303470576880854,1.2962376939189009,1.2419300668784112,1.6303470576880854,2.021012875206985,2.021012875206985,1.7653000559596,1.5353749084847625,1.5353749084847625,1.5353749084847625,2.6010871034079694
T000568,1.5807289518584156,1.5807289518584156,2.1987136492749744,1.5807289518584156,1.6088289137888205,1.5807289518584156,1.4537606976195505,1.6088289137888205,1.6088289137888205,2.4373033361849834,3.3845996590803966
T000569,0.49125402903782583,0.47925468223136286,0.49125402903782583,0.5006859301674007,0.4901153663120803,0.4901153663120803,0.4901153663120803,0.49125402903782583,0.4901153663120803,0.4901153663120803,0.4882717113873638
T000570,1.6826676382869372,1.6413487789281664,1.6413487789281664,1.6413487789281664,1.6296131933232298,1.6296131933232298,1.6296131933232298,1.665156587143119,1.673346419760163,1.673346419760163,1.6858841102030744
T000571,1.6303470576880854,1.2962376939189009,1.2419300668784112,1.6303470576880854,2.021012875206985,2.021012875206985,1.7653000559596,1.5353749084847625,1.5353749084847625,1.5353749084847625,2.6010871034079694
T000572,0.2838847006290035,0.11022326917786186,0.2838847006290035,0.2838847006290035,0.40887090151433253,0.40887090151433253,0.40887090151433253,0.40887090151433253,0.40887090151433253,0.40887090151433253,0.25783172699042395
T000573,2.189835534892911,2.193537298489025,2.189835534892911,2.189835534892911,2.215952424741729,2.215952424741729,2.215952424741729,2.115077132362357,2.20688107982188,2.115077132362357,2.215952424741729
T000574,3.034975331297289,2.9922133605130847,2.9922133605130847,3.0655158272134204,3.0655158272134204,1.6619780122889662,3.0655158272134204,1.6619780122889662,3.0655158272134204,3.0655158272134204,3.0655158272134204
T000575,2.5598525690424108,2.5598525690424108,2.556807854834619,2.4988291430182374,2.4988291430182374,2.4988291430182374,2.4988291430182374,2.4988291430182374,2.4988291430182374,2.556807854834619,2.8706833950437725
T000576,1.9275680412255305,1.7803249097516756,1.6014627090901237,1.6014627090901237,1.6014627090901237,1.6014627090901237,1.6014627090901237,1.6014627090901237,1.6014627090901237,1.6014627090901237,2.2840693768141223
T000577,1.793390680986739,1.6077964803431468,2.0747176210590896,1.6907061483361794,1.5421535048415698,1.5421535048415698,1.8063847415196743,1.8063847415196743,1.7908680390677434,1.6715669230200736,2.8708832563402007
T000578,2.3207128973014646,2.3207128973014646,2.086258416268182,2.086258416268182,2.086258416268182,2.086258416268182,2.086258416268182,2.086258416268182,2.086258416268182,2.086258416268182,2.744566724558253
T000579,1.6631179898919866,2.5131567596778077,2.522490059073582,1.9002049480278072,2.522490059073582,2.522490059073582,2.522490059073582,2.522490059073582,2.522490059073582,2.522490059073582,2.522490059073582
T000580,2.50939642111622,2.50939642111622,2.457974686716035,2.457974686716035,2.457974686716035,2.457974686716035,2.457974686716035,2.5903618244760755,2.5903618244760755,2.5903618244760755,2.6344070900444674
T000581,1.935989769121261,1.9613634561214124,1.8064901071942288,1.8064901071942288,1.8064901071942288,1.8064901071942288,1.8064901071942288,1.8064901071942288,2.2004254751416266,2.2004254751416266,2.10062700854487
T000582,2.2016471690210335,2.202306060346104,2.1873970480503098,2.1873970480503098,2.1873970480503098,2.1873970480503098,2.2016471690210335,2.2016471690210335,2.2016471690210335,2.2016471690210335,2.1873970480503098
T000583,2.1240772235977703,2.1240772235977703,2.1240772235977703,1.9342383116715407,1.9342383116715407,1.9342383116715407,1.9342383116715407,1.9342383116715407,2.1240772235977703,1.9342383116715407,2.2189478522414103
T000584,1.155962902314752,1.155962902314752,1.4645357739991471,1.4645357739991471,1.4645357739991471,1.4645357739991471,1.4645357739991471,1.4645357739991471,0.42164341689576224,1.4645357739991471,4.456118127153448
T000585,0.7262242670288133,0.8603021295496336,0.6943900295964764,0.6943900295964764,0.6943900295964764,0.6943900295964764,0.7262242670288133,0.6281413934841131,0.6281413934841131,0.7262242670288133,0.6175318015054609
T000586,0.3841483573747505,0.624805162569775,0.5289624427051499,0.5289624427051499,0.5289624427051499,0.5289624427051499,0.32577126154763514,0.5289624427051499,0.5289624427051499,0.5289624427051499,1.8078534623485423
T000587,0.6939767850183421,1.1781384997347468,0.6939767850183421,0.8382504357514062,0.8382504357514062,0.8382504357514062,0.8382504357514062,0.8006081192920389,0.8006081192920389,0.8006081192920389,1.6920503477327518
T000588,1.3484504657485294,1.457668177441162,1.5314290777313426,1.5314290777313426,1.5287774928252527,1.5314290777313426,1.5314290777313426,1.5314290777313426,1.5314290777313426,1.5314290777313426,1.361204140272672
T000589,1.1807406140769126,1.701432306885724,1.701432306885724,1.701432306885724,1.701432306885724,2.4603744716325493,2.4603744716325493,2.4603744716325493,2.4603744716325493,1.091364817067865,1.4948421620973384
T000590,1.5263794344371149,1.5263794344371149,1.5311386357193688,1.5357847709087522,1.5357847709087522,1.5357847709087522,1.5357847709087522,1.5357847709087522,1.5357847709087522,1.5357847709087522,1.0898823160546676
T000591,2.2918968544980842,2.3349859662993033,2.2918968544980842,2.200126392399549,1.9327605650150235,1.9327605650150235,2.173761742634923,1.9327605650150235,1.7085021516234862,1.9327605650150235,2.8966019975865738
T000592,0.5370982378661504,0.5370982378661504,0.7016025490624908,0.7016025490624908,1.965399619298514,1.965399619298514,1.7286738815880485,0.7016025490624908,1.7286738815880485,0.160933380841125,1.1762852763051752
T000593,0.8508396023647204,0.8508396023647204,0.8508396023647204,0.8508396023647204,0.8508396023647204,0.8508396023647204,0.8508396023647204,0.9406267283539,0.8508396023647204,0.8508396023647204,0.6525435953841066
T000594,0.9619444235029502,0.8010337416206756,0.8457038014257653,0.981554085607909,0.8790074776220933,0.8790074776220933,0.8790074776220933,0.9619444235029502,0.8457038014257653,0.9619444235029502,0.14723694619178077
T000595,1.5981901711027509,1.5981901711027509,1.5981901711027509,1.5981901711027509,1.5981901711027509,1.5981901711027509,1.5981901711027509,1.5981901711027509,1.5981901711027509,1.5981901711027509,1.0971526496177169
T000596,0.7128546901529762,0.6959562348788999,0.6288588896005428,0.6288588896005428,0.6288588896005428,0.6288588896005428,0.6288588896005428,0.7128546901529762,0.6288588896005428,0.6288588896005428,0.5139184491365716
T000597,0.15379512330461373,0.1536349765132743,0.15379512330461373,0.15379512330461373,0.15379512330461373,0.15379512330461373,0.15379512330461373,0.15379512330461373,0.15203879427780137,0.15379512330461373,0.18068973917383307
T000598,0.558963600138473,0.4497231032912385,0.4497231032912385,0.816570882186509,0.45665841519556954,0.8290114939008252,0.8290114939008252,0.831556245713114,0.816570882186509,0.8290114939008252,0.45665841519556954
T000599,0.43408732753629997,0.43408732753629997,0.5184262071509828,0.43408732753629997,0.5017522561361524,0.4711778046805517,0.43408732753629997,0.5184262071509828,0.5184262071509828,0.1279043495068757,0.6670884606065801
T000600,0.5271580298932101,0.6335449930266799,0.6335449930266799,0.5523362087129604,0.9163636363636364,0.6335449930266799,0.6209209668070385,0.640324983105512,0.640324983105512,0.640324983105512,0.9244172569872708
T000601,1.2071408443965403,1.1953062516439672,1.1953062516439672,1.258100563602746,1.258100563602746,1.258100563602746,1.258100563602746,1.296218487394958,1.258100563602746,1.296218487394958,1.296218487394958
T000602,0.9568130072464875,0.9872091762547043,0.9872091762547043,0.7050798073893666,0.9872091762547043,0.7050798073893666,0.7050798073893666,0.7050798073893666,0.7050798073893666,0.7050798073893666,0.8161088785439351
T000603,0.4225498098939136,0.6287558362360861,0.6287558362360861,0.45136715550361395,0.6287558362360861,0.6287558362360861,0.6287558362360861,0.6287558362360861,0.6287558362360861,0.8942903304225767,0.28523049538262785
T000604,0.48468420082360275,0.6509669691505009,0.6509669691505009,0.44159523364350833,0.44159523364350833,0.44159523364350833,0.44159523364350833,0.44159523364350833,0.44159523364350833,0.6580062095871526,0.833078022912861
T000605,1.1239388975331657,1.3454665701670403,1.3454665701670403,1.3454665701670403,1.3454665701670403,1.077925284282143,1.3382081193819202,1.3382081193819202,1.3382081193819202,1.077925284282143,0.7271931149459611
T000606,1.155962902314752,1.155962902314752,1.4645357739991471,1.4645357739991471,1.4645357739991471,1.4645357739991471,1.4645357739991471,1.4645357739991471,0.42164341689576224,1.4645357739991471,4.456118127153448
T000607,3.001409991574291,3.030606438294669,2.153385210606302,3.001409991574291,3.030606438294669,3.1555904637633154,3.030606438294669,2.153385210606302,3.1555904637633154,3.1555904637633154,4.998166819431714
T000608,0.6951328296612383,1.2511642315580023,1.2511642315580023,1.2511642315580023,1.2511642315580023,1.2511642315580023,1.2511642315580023,1.2511642315580023,1.2511642315580023,1.2511642315580023,0.7136355032047385
T000609,1.1127981213290155,0.5242399673749953,0.6854690002383417,0.6150979705863885,0.892698476650697,0.892698476650697,0.892698476650697,0.892698476650697,0.892698476650697,0.892698476650697,1.7380174218918238
T000610,1.1807406140769126,1.701432306885724,1.701432306885724,1.701432306885724,1.701432306885724,2.4603744716325493,2.4603744716325493,2.4603744716325493,2.4603744716325493,1.091364817067865,1.4948421620973384
T000611,1.2891892870141495,1.839384488187049,1.839384488187049,1.839384488187049,1.839384488187049,1.839384488187049,1.839384488187049,1.839384488187049,1.839384488187049,1.839384488187049,1.4495588991022783
T000612,0.8116905636399182,1.1924369476605754,1.1924369476605754,1.1924369476605754,1.7468898758952336,1.7468898758952336,1.7468898758952336,1.7468898758952336,0.4366628289071117,0.4366628289071117,1.1183771004162937
T000613,1.6464259541117394,1.5593889521888034,1.7255150001776658,1.7255150001776658,1.5593889521888034,2.3414163878634633,1.5593889521888034,1.5593889521888034,0.9863423954803417,0.9863423954803417,2.299049957717381
T000614,0.4454041031646324,0.4454041031646324,0.4454041031646324,0.8326521260933974,0.8326521260933974,0.45408942879419134,0.45408942879419134,0.8326521260933974,0.45408942879419134,0.45408942879419134,1.197375147555001
T000615,0.9495063797749248,0.568589961408026,0.568589961408026,0.568589961408026,0.568589961408026,0.568589961408026,0.9660620194536799,1.083127680292819,1.083127680292819,1.173569672766257,0.8975470129205572
T000616,0.345370270370992,0.7608657436256316,0.7608657436256316,0.7608657436256316,0.7608657436256316,0.7608657436256316,0.7895980147692526,0.7895980147692526,0.7895980147692526,0.777368467583064,1.1135378892564272
T000617,0.5081755937781943,0.5081755937781943,0.5417883997943278,0.5417883997943278,0.4471937650787479,0.5417883997943278,0.5417883997943278,0.5417883997943278,0.5081755937781943,0.5081755937781943,1.0567615815224567
T000618,0.3874420704651525,0.3874420704651525,0.3874420704651525,0.7159547541614969,0.3874420704651525,0.3874420704651525,0.3874420704651525,0.7159547541614969,0.5147354272592872,0.3874420704651525,0.8151829414502288
T000619,1.2042626542297064,0.8655084011083495,0.8655084011083495,0.579909573742615,0.8655084011083495,1.1378228919420745,0.5271432847835709,0.5230523253534137,1.1378228919420745,0.8655084011083495,1.2240007641317847
T000620,0.3749159419477754,0.3749159419477754,0.3749159419477754,0.3749159419477754,0.3749159419477754,0.3749159419477754,0.3749159419477754,0.3749159419477754,0.3749159419477754,0.3749159419477754,1.2262635353478102
T000621,0.7911628247492086,0.8861094324568065,0.43168268084747735,0.43168268084747735,0.43168268084747735,0.43168268084747735,0.43168268084747735,0.43168268084747735,0.43168268084747735,0.43168268084747735,0.9186213065899824
T000622,1.10747241210191,1.6709111698740056,1.7936555176973819,1.7936555176973819,1.7936555176973819,1.7936555176973819,1.9073610609837428,2.317755191395748,1.4137523180848586,2.317755191395748,1.6586369520435116
T000623,0.14665622109566004,0.11390688947687641,0.5505839269934864,0.5505839269934864,0.5505839269934864,0.5505839269934864,0.5505839269934864,0.5505839269934864,0.5505839269934864,0.5505839269934864,0.10729715714052397
T000624,0.06493232240093647,0.046300560613167834,0.07001763002438453,0.07001763002438453,0.23765361660658613,0.23765361660658613,0.046300560613167834,0.23765361660658613,0.23765361660658613,0.23765361660658613,0.22537277944789955
T000625,0.19814551197679206,0.07954437934369715,0.0601401415506794,0.05567785869474712,0.05567785869474712,0.0803872188466049,0.0601401415506794,0.05567785869474712,0.0803872188466049,0.0803872188466049,0.3024970064571141
T000626,2.178918977041485,2.0692665374851145,1.4706985635423553,1.4494343565515975,1.4706985635423553,1.4706985635423553,1.4706985635423553,1.4706985635423553,1.4706985635423553,1.4077985479496677,2.0692665374851145
T000627,0.2677901945017676,0.46448372700036666,0.24866694694809938,0.46448372700036666,0.4564250634120746,0.24866694694809938,0.24866694694809938,0.39009313512747607,0.44212918141480195,0.4564250634120746,0.5421637644788458
T000628,1.0624893199711831,1.063492086729923,1.063492086729923,1.063492086729923,1.063492086729923,1.063492086729923,1.063492086729923,1.0633426565891306,1.063492086729923,1.0633426565891306,0.9992717400370661
T000629,1.1348426394309956,1.1028860771762625,1.1028860771762625,1.627045020159612,1.1022978275009052,1.1028860771762625,1.627045020159612,1.627045020159612,1.627045020159612,1.0992782863988513,1.1222600609176698
T000630,0.3948806878648922,0.3948806878648922,0.45130618772976655,0.39451520449403993,0.39451520449403993,0.39451520449403993,0.39451520449403993,0.39451520449403993,0.39451520449403993,0.39451520449403993,0.7410688477745557
T000631,1.4271718328984968,1.354023638851068,1.4271718328984968,1.297606762868961,1.2383968223709543,1.2383968223709543,1.354023638851068,1.2383968223709543,1.4271718328984968,1.2383968223709543,1.1897327458760945
T000632,1.8285042578762114,1.8263088498201316,1.8263088498201316,1.8263088498201316,1.8410039510507308,1.8263088498201316,1.8410039510507308,1.8263088498201316,1.8263088498201316,1.8263088498201316,1.6432547028843496
T000633,0.9262095136031183,0.8850054527433413,0.8850054527433413,0.8810236034161583,1.297539541311325,0.8835274970351034,0.9519278048434209,1.164123975434269,1.164123975434269,1.164123975434269,0.904474420500093
T000634,1.4950452686600413,1.5171354570046265,1.5171354570046265,1.5171354570046265,1.5171354570046265,1.5171354570046265,1.5171354570046265,1.5171354570046265,1.5171354570046265,1.5171354570046265,1.9116477626693673
T000635,0.4910668502580856,0.4566861630185277,0.5457125516409622,0.5457125516409622,0.5457125516409622,0.5457125516409622,0.5457125516409622,0.5138091710461488,0.5457125516409622,0.5457125516409622,1.984997707404585
T000636,1.1420520739981908,1.2504996493991105,1.2069255025306727,1.2069255025306727,1.2069255025306727,1.2069255025306727,1.2069255025306727,1.2069255025306727,1.2069255025306727,1.2069255025306727,1.2069255025306727
T000637,0.694912132926701,0.49909696424963773,0.49909696424963773,0.49909696424963773,0.8079544990479974,0.8079544990479974,0.8079544990479974,0.8079544990479974,0.8079544990479974,0.8079544990479974,0.5901428300164143
T000638,0.2891610815470342,0.29381939406243096,0.2786614599418315,0.2786614599418315,0.2786614599418315,0.2786614599418315,0.2786614599418315,0.2786614599418315,0.2786614599418315,0.2786614599418315,0.2786614599418315
T000639,0.8624865152719448,0.6647097127491393,1.173284343629156,0.6647097127491393,1.173284343629156,1.173284343629156,0.6647097127491393,1.173284343629156,1.1711131420891063,1.1711131420891063,0.7607456317584498
T000640,0.3970977937332001,0.42387668358829483,0.37619677663459616,0.37619677663459616,0.37619677663459616,0.37619677663459616,0.37619677663459616,0.37619677663459616,0.37619677663459616,0.37619677663459616,0.37619677663459616
T000641,0.24947876147281262,0.24947876147281262,0.24947876147281262,0.16835678555205985,0.20341527965765113,0.20341527965765113,0.20341527965765113,0.20341527965765113,0.20341527965765113,0.20341527965765113,0.10034751193382205
T000642,0.9115370263571493,1.0068551481448411,0.9474462858072571,0.9474462858072571,0.9474462858072571,1.2277766528820975,1.2277766528820975,1.2277766528820975,1.2277766528820975,1.2277766528820975,0.9474462858072571
T000643,0.6782302536303323,0.6782302536303323,0.6700941705836999,0.6745734776121504,0.6745734776121504,0.6745734776121504,0.6745734776121504,0.6745734776121504,0.6745734776121504,0.6745734776121504,0.8256651262569107
T000644,1.5311232365217067,1.164817743503254,1.0941666676162292,1.0941666676162292,1.0941666676162292,1.0941666676162292,1.0941666676162292,1.0941666676162292,1.0941666676162292,1.0941666676162292,1.1388494793614883
T000645,0.4478940119960218,0.9125063705420658,0.5116900710873761,0.5116900710873761,0.5116900710873761,0.5893809512568565,0.5116900710873761,0.33253530336422354,0.33253530336422354,0.33253530336422354,1.0646611392836507
T000646,1.6275146767771953,1.0777413204248965,0.9882254883244894,0.9882254883244894,0.9882254883244894,0.9882254883244894,0.9882254883244894,0.9882254883244894,0.9882254883244894,0.9882254883244894,1.0373145201594813
T000647,1.4015625963649843,1.423805642902019,1.4015625963649843,1.4015625963649843,1.297976533757581,1.297976533757581,1.297976533757581,1.297976533757581,1.297976533757581,1.297976533757581,1.4903272348510874
T000648,0.7427237672813577,0.8543253623680555,0.8543253623680555,0.8543253623680555,0.8543253623680555,0.787375732465093,0.787375732465093,0.787375732465093,0.787375732465093,0.787375732465093,0.9305657697196601
T000649,1.2285515608696707,0.9644666775423715,0.9644666775423715,0.9086898731440746,0.9086898731440746,0.9086898731440746,0.9086898731440746,0.9086898731440746,0.9086898731440746,0.9086898731440746,0.9473145041583623
T000650,0.48086899934432487,0.38569683834053825,0.38569683834053825,0.645963089953118,0.26928264249053835,0.3263446829594955,0.3263446829594955,0.3263446829594955,0.3263446829594955,0.21991576413959085,0.21991576413959085
T000651,1.6480634880370746,0.9785379497642746,1.3668537272804284,1.0981663278029066,1.0981663278029066,1.0981663278029066,1.0981663278029066,1.0981663278029066,1.0981663278029066,1.0981663278029066,0.7733992816187202
T000652,0.15860232617560793,0.21248485488478586,0.21248485488478586,0.21248485488478586,0.21248485488478586,0.21248485488478586,0.21248485488478586,1.223935877873139,1.223935877873139,1.223935877873139,0.17389866967439663
T000653,0.9731146365583633,0.9054043112602255,0.9054043112602255,0.9731146365583633,1.267738936916806,0.9731146365583633,0.9731146365583633,0.9054043112602255,0.9054043112602255,0.9731146365583633,1.2406313416395203
T000654,1.2027768103703038,0.955124967384045,0.904993263413911,0.904993263413911,0.904993263413911,0.904993263413911,0.904993263413911,0.904993263413911,0.904993263413911,0.904993263413911,0.9591678787258009
T000655,1.5726390315647119,1.7006012732828562,1.7062651411672096,1.7062651411672096,1.7006012732828562,1.7006012732828562,1.7006012732828562,1.7006012732828562,1.7006012732828562,1.7006012732828562,1.5108015618387904
T000656,0.8751174090968666,0.8467306003081037,0.8467306003081037,0.8467306003081037,0.8467306003081037,0.8467306003081037,0.5835444888449575,0.5835444888449575,0.5835444888449575,0.5835444888449575,0.8467306003081037
T000657,0.649734144659901,0.7416164006504301,0.7416164006504301,0.7416164006504301,0.7416164006504301,0.7416164006504301,0.7416164006504301,0.7416164006504301,0.7416164006504301,0.7416164006504301,0.7903363753454633
T000658,3.1842533685913064,2.9245313267285864,2.9245313267285864,2.9300878036316536,3.2311709428624313,2.9174371647722435,2.9812568922077602,3.2311709428624313,2.9812568922077602,2.9812568922077602,3.0601687878866346
T000659,0.5660282906766024,0.5660282906766024,0.5546739027713171,0.5563667423088517,0.5563667423088517,0.6153061890212779,0.6153061890212779,0.5563667423088517,0.6153061890212779,0.6150647127535269,0.9830383790235415
T000660,0.83979853518004,0.9959902189035754,0.5820119408404397,0.8994261606492656,0.9959902189035754,0.9959902189035754,0.8349243417002038,0.8349243417002038,0.8349243417002038,0.8349243417002038,0.9959902189035754
T000661,0.7885561980283431,1.6848614204134054,1.1446721704772826,1.1446721704772826,0.7885561980283431,0.7885561980283431,1.141205527963822,0.595583562983541,1.141205527963822,1.141205527963822,1.314575956315032
T000662,0.6194818634500933,0.6171287898948192,0.6194818634500933,0.5982690032170034,0.6171287898948192,0.60198006135905,0.6171287898948192,0.60198006135905,0.60198006135905,0.6171287898948192,0.5982690032170034
T000663,1.1930669886275436,1.1930669886275436,1.1930669886275436,1.1930669886275436,1.4596816173615446,1.4596816173615446,1.2577792728857402,1.4596816173615446,1.1930669886275436,1.1930669886275436,1.1336331708546208
T000664,1.0345807860071983,0.9265737090950348,0.9265737090950348,0.9265737090950348,0.50109886925508,0.50109886925508,0.9265737090950348,0.50109886925508,0.50109886925508,0.50109886925508,1.0187813960188479
T000665,1.4086016256852687,1.2143428448192148,1.218680796981361,1.2075864967752978,1.2075864967752978,1.2075864967752978,1.2075864967752978,1.2075864967752978,1.2075864967752978,1.2075864967752978,1.483130257341941
T000666,1.365957735712378,1.5686883926374964,1.5641440795315256,1.5641440795315256,1.5240483868059973,1.5220981208366677,1.5240483868059973,1.5240483868059973,1.5822279794520406,1.5240483868059973,1.1771502059234404
T000667,0.8238935900801547,0.8508702115250683,0.8223079025816917,0.8223079025816917,0.8223079025816917,0.8223079025816917,0.8223079025816917,0.8508702115250683,0.8508702115250683,0.8508702115250683,0.7528384310520603
T000668,1.9272772040128914,2.339844367862792,2.3117596408632597,2.3117596408632597,2.3117596408632597,2.4481280609425795,2.4481280609425795,2.3117596408632597,2.298958062360506,2.4871100683748146,2.4481280609425795
T000669,0.6720722556514418,0.5573047463836217,0.5573047463836217,0.5573047463836217,0.5573047463836217,1.4934946000217213,1.4934946000217213,1.4934946000217213,1.4934946000217213,1.4934946000217213,0.5586270266136886
T000670,1.3932614265378653,1.2017321644425634,1.2017321644425634,1.1021360775728133,1.1388382793876244,1.1388382793876244,1.1388382793876244,1.1388382793876244,1.1388382793876244,1.1388382793876244,1.2017321644425634
T000671,1.1931597719133236,0.85101836133998,0.20923138999940855,0.22615460998497555,0.22615460998497555,0.22615460998497555,0.6272507560990729,0.22615460998497555,0.6272507560990729,0.8022930987106809,0.85101836133998
T000672,1.2839413739017063,1.3514180614910398,1.3514180614910398,1.3514180614910398,1.310246078250095,1.310246078250095,1.310246078250095,1.310246078250095,1.310246078250095,1.310246078250095,1.299398247291424
T000673,2.1824441731757735,1.658094160431921,2.1824441731757735,1.658094160431921,1.4124256708402028,1.4124256708402028,1.4124256708402028,1.4124256708402028,1.4124256708402028,1.4124256708402028,1.2536958890547576
T000674,0.7128226453725782,0.6927371378693294,0.7233214506934728,0.7139968216699119,0.7139968216699119,0.7139968216699119,0.7139968216699119,0.7139968216699119,0.7139968216699119,0.7139968216699119,0.7139968216699119
T000675,0.5724251147582649,0.7258566410606581,0.6227260666265415,0.6815605439235695,0.7996819970961522,0.7996819970961522,0.7996819970961522,0.7996819970961522,0.7996819970961522,0.7996819970961522,0.6815605439235695
T000676,0.9819822984968879,0.9702444597539414,1.017117691745382,1.017117691745382,2.4436948726929884,1.017117691745382,1.017117691745382,2.4436948726929884,2.4436948726929884,2.4436948726929884,1.017117691745382
T000677,0.5212240159253891,0.5177532412244656,0.5884645159458501,0.47697434681618467,0.47697434681618467,0.47697434681618467,0.47697434681618467,0.47697434681618467,0.47697434681618467,0.47697434681618467,0.6789336556612885
T000678,0.764376435053091,0.6111161227464953,0.6470968288802863,0.6111161227464953,0.6111161227464953,0.6111161227464953,0.6111161227464953,0.6111161227464953,0.6111161227464953,0.6111161227464953,0.6470968288802863
T000679,1.202058945827326,1.2197635905376816,1.3468719358367005,1.3468719358367005,1.3468719358367005,1.3912183264812221,1.3912183264812221,1.3912183264812221,1.3912183264812221,1.3912183264812221,1.447379561087664
T000680,1.062486179120388,0.938183110953379,0.938183110953379,1.0012579728129611,1.0424381024983274,1.466794732386306,1.7927710946394446,0.938183110953379,1.5429601894182743,1.382223207364344,0.957590825278311
T000681,0.7580819839234275,0.7606532493198216,0.7623177934478208,0.7606532493198216,0.7623177934478208,0.7623177934478208,0.7623177934478208,0.7623177934478208,0.7623177934478208,0.7623177934478208,0.9407202993933812
T000682,1.4462165036572532,1.369969825034098,1.3823286540049546,1.3823286540049546,1.3823286540049546,1.3823286540049546,1.3823286540049546,1.3823286540049546,1.3823286540049546,1.3823286540049546,1.3823286540049546
T000683,0.5956196197195266,0.5271625437155406,0.5986598654324431,0.5986598654324431,0.5271625437155406,0.5986598654324431,0.5271625437155406,0.5986598654324431,0.6166480141714035,0.5271625437155406,0.6599749168590002
T000684,0.4590764072219159,0.3881888505657093,0.3881888505657093,0.5026308002378185,0.5026308002378185,0.5026308002378185,0.5026308002378185,0.5026308002378185,0.5026308002378185,0.5026308002378185,0.5026308002378185
T000685,0.2235848739863665,0.2185125691975397,0.22692229061168046,0.22712349915995933,0.22692229061168046,0.22692229061168046,0.22692229061168046,0.22692229061168046,0.22692229061168046,0.22692229061168046,0.22692229061168046
T000686,1.2481598974322212,1.059002445744351,1.059002445744351,1.217055649958313,1.3330572809724184,1.4265801157951714,1.4265801157951714,1.4265801157951714,1.4265801157951714,1.4265801157951714,0.8704198437846595
T000687,0.3188448383893,0.26834691290970963,0.26834691290970963,0.29065489184692883,0.26834691290970963,0.26834691290970963,0.2997728460134868,0.2997728460134868,0.2997728460134868,0.2997728460134868,0.5195055048582785
T000688,2.3103689599117057,2.3103689599117057,2.272333121957477,2.272333121957477,2.272333121957477,2.2589218538185136,2.272333121957477,2.2589218538185136,2.272333121957477,2.272333121957477,2.7241069274790326
T000689,0.2689014362363968,0.2696322783219826,0.268580528532933,0.2696322783219826,0.3972447004302431,0.268580528532933,0.268580528532933,0.2696322783219826,0.2696322783219826,0.45513511147919733,0.3566780044888906
T000690,1.6524621594024447,1.531127410625856,1.7554918531549635,1.7554918531549635,1.7554918531549635,1.7554918531549635,1.7554918531549635,1.7554918531549635,1.7554918531549635,1.7554918531549635,1.531127410625856
T000691,0.2614879458643321,0.21281388106513724,0.22104439699863349,0.22104439699863349,0.22104439699863349,0.22104439699863349,0.22104439699863349,0.22104439699863349,0.22104439699863349,0.24690878747395265,0.5941027614315645
T000692,0.6044924848929476,0.69697261825248,0.6060759023397433,0.606419970328812,0.9051032362395341,0.9051032362395341,0.836072454644232,0.836072454644232,0.836072454644232,0.836072454644232,0.6101246668957504
T000693,1.2096450513610422,0.49238687270284,0.49238687270284,0.49238687270284,0.9559789306812528,0.9559789306812528,0.9559789306812528,0.9559789306812528,0.9559789306812528,0.9559789306812528,1.2861161634866942
T000694,1.0596521916498927,1.1889193642639073,1.0397086626171004,1.1889193642639073,1.1889193642639073,1.0397086626171004,1.0397086626171004,1.0397086626171004,1.0397086626171004,1.0397086626171004,0.7580518807209202
T000695,0.8839121990522574,0.8707039698547934,0.8839121990522574,0.8839121990522574,1.0275084338020655,0.8833794108248194,1.1632806326610228,1.0323218732049242,1.0323218732049242,1.0323218732049242,0.8818444181345189
T000696,1.832736598617536,1.6637450791811237,1.552397694255218,1.4046653430612261,1.4046653430612261,1.6048050768258146,1.4046653430612261,1.4046653430612261,1.4046653430612261,1.4046653430612261,1.552397694255218
T000697,0.6950459420306052,0.7391860746783443,0.727043498424683,0.727043498424683,0.727043498424683,0.727043498424683,0.727043498424683,0.727043498424683,0.727043498424683,0.727043498424683,1.0290456687354164
T000698,0.5223331008135347,0.5223331008135347,0.5223331008135347,0.5223331008135347,0.5223331008135347,0.5223331008135347,0.5223331008135347,0.5223331008135347,0.5223331008135347,0.5223331008135347,0.5011019397796747
T000699,0.11076440979610565,0.11028356788297318,0.1595904606273177,0.1595904606273177,0.149408267400771,0.17675904881522225,0.1595904606273177,0.1595904606273177,0.1595904606273177,0.1595904606273177,0.1556364931580763
T000700,0.12468194332092014,0.07168596077135606,0.14767019484281038,0.13063450689953138,0.14116769246361605,0.07168596077135606,0.07168596077135606,0.07168596077135606,0.12468194332092014,0.12468194332092014,0.19869402985074627
T000701,0.12923593870940414,0.13894885313658117,0.13051850850014554,0.13051850850014554,0.13051850850014554,0.13051850850014554,0.13051850850014554,0.13051850850014554,0.13051850850014554,0.13051850850014554,0.21916448137498784
T000702,0.1455540356131645,0.2076445077746864,0.2076445077746864,0.2076445077746864,0.19315801192331314,0.19315801192331314,0.19315801192331314,0.19315801192331314,0.19315801192331314,0.19315801192331314,0.0742092492410598
T000703,0.32953660294555903,0.38474758698640504,0.3580236337852046,0.3580236337852046,0.3580236337852046,0.3580236337852046,0.3580236337852046,0.3580236337852046,0.3580236337852046,0.3580236337852046,0.3147314315648311
T000704,0.955874589546072,0.9300046865489114,0.9457883604784634,0.9457883604784634,0.9457883604784634,0.9457883604784634,0.9457883604784634,0.9300046865489114,0.9300046865489114,0.9457883604784634,1.5409801067019453
T000705,1.367893139552826,1.6933950420332382,1.8480530919960885,1.8480530919960885,1.8480530919960885,1.8480530919960885,1.8480530919960885,1.8480530919960885,1.8480530919960885,1.8480530919960885,1.367893139552826
T000706,2.256324429232832,2.0893289159265036,0.18143097866616187,0.3503958417373523,2.0893289159265036,2.0893289159265036,0.2966851909141014,0.2966851909141014,2.256324429232832,0.34383437639045716,0.5377217042464272
T000707,0.6058556588318015,1.0859081271604187,1.0550479741440628,1.0859081271604187,1.0859081271604187,1.0166791180262547,1.0166791180262547,1.0859081271604187,1.1262412374797748,1.113072599564084,1.1129825794762287
T000708,0.5554194308385966,0.876255246860387,0.876255246860387,0.5554194308385966,0.5554194308385966,0.5554194308385966,0.5554194308385966,0.8614237560709093,0.8614237560709093,0.8614237560709093,1.5727387695115835
T000709,0.6998490111594095,0.8714605135921218,0.6998490111594095,0.6998490111594095,0.4069649556581224,0.6998490111594095,0.6998490111594095,0.6998490111594095,0.6998490111594095,0.6998490111594095,0.9113488301682517
T000710,0.8413482283438122,0.8413482283438122,0.8314861867390773,0.48206494561490393,0.8314861867390773,0.5836841001124813,0.8314861867390773,0.5836841001124813,0.5836841001124813,0.5836841001124813,0.874838463897122
T000711,2.0074563673076886,0.9652630701765917,1.2722558805537068,1.2374408029529258,1.2374408029529258,1.6339651617595123,1.2374408029529258,1.6339651617595123,1.8430042436872207,1.6339651617595123,2.2973805916270407
T000712,1.6055796106612095,0.6494463704236791,1.4249443219868418,0.6494463704236791,0.6494463704236791,0.9973528075917233,0.9973528075917233,0.9973528075917233,0.6494463704236791,0.9973528075917233,1.3889745793376862
T000713,2.7628496010872503,1.652344161580058,1.652344161580058,1.652344161580058,1.652344161580058,1.652344161580058,1.804354579052654,1.804354579052654,1.804354579052654,1.804354579052654,2.151298124564195
T000714,1.5513247582130172,1.5513247582130172,1.3471439050566365,1.5513247582130172,1.5513247582130172,1.5513247582130172,1.5513247582130172,1.3471439050566365,1.5385138778002625,1.5513247582130172,0.7741935152682312
T000715,2.8558222083604523,2.8558222083604523,2.927410278424216,2.927410278424216,2.036103463862437,2.927410278424216,1.3286814357324896,1.3286814357324896,1.3286814357324896,1.3286814357324896,2.0256953353172107
T000716,2.0472813301142194,1.9215460555466028,1.9215460555466028,1.9215460555466028,3.191272806433288,1.9215460555466028,1.9215460555466028,1.9215460555466028,1.9215460555466028,3.02282219185522,1.6675124628752023
T000717,0.5498825569702689,0.5498825569702689,0.43600190918240095,0.6451885977132529,0.43600190918240095,0.43600190918240095,0.43600190918240095,0.43600190918240095,0.43600190918240095,0.43600190918240095,0.43600190918240095
T000718,0.4402844800904608,0.5524839650613836,0.5549721803361987,0.5503030208971897,0.5503030208971897,0.5503030208971897,0.5503030208971897,0.5503030208971897,0.5503030208971897,0.5503030208971897,0.5503030208971897
T000719,0.7078510393489018,0.712594267330888,0.712594267330888,0.712594267330888,0.5800123460708848,0.8559289961103078,0.5634288391041117,0.5634288391041117,0.5634288391041117,0.5634288391041117,0.6339401559077363
T000720,0.4919653751443322,0.4919653751443322,0.4919653751443322,0.4919653751443322,0.4919653751443322,0.4919653751443322,0.46837269021534494,0.46837269021534494,0.46837269021534494,0.46837269021534494,0.6702600998957928
T000721,1.4379331512323879,1.389029592382251,1.4379331512323879,1.563864075294484,1.563864075294484,1.4379331512323879,1.4379331512323879,1.4379331512323879,1.4379331512323879,1.4379331512323879,0.8703362761895026
T000722,1.7327476878394723,1.8372780831660933,1.8270648128409954,1.8270648128409954,1.725256361460999,1.725256361460999,1.8270648128409954,1.9371272019438293,1.8270648128409954,1.8270648128409954,1.7569018688844344
T000723,0.7346622520466226,0.7346622520466226,0.7346622520466226,0.7346622520466226,0.7346622520466226,0.7346622520466226,0.7069576972330914,0.7346622520466226,0.6820884741837768,0.6820884741837768,0.7824712346192806
T000724,1.1147066847200786,1.1147066847200786,1.1147066847200786,0.4328569535740356,0.7388610062713227,0.7388610062713227,0.7388610062713227,0.7388610062713227,0.7388610062713227,0.4328569535740356,0.3123501673353638
T000725,0.33926275816445944,0.4719265554041167,0.27201821863946946,0.27201821863946946,0.27201821863946946,0.27201821863946946,0.27201821863946946,0.748430981297101,0.27201821863946946,0.27201821863946946,0.30770336843798896
T000726,0.3188084730784286,0.7478797682652412,1.2190709280941014,0.9779635230096295,1.2190709280941014,1.2190709280941014,0.9779635230096295,1.2190709280941014,0.9779635230096295,0.9779635230096295,0.10505009095692523
T000727,0.19124163155782908,0.19124163155782908,0.19124163155782908,0.19124163155782908,0.19124163155782908,0.19124163155782908,0.19124163155782908,0.3197632861753054,0.19124163155782908,0.19124163155782908,0.31172520492759576
T000728,0.7960378393815305,0.7960378393815305,0.3112022087431913,0.4390730010061542,0.471010321676642,0.2621787454651803,0.2621787454651803,0.2621787454651803,0.2621787454651803,0.471010321676642,0.8188899804975602
T000729,0.5846863725901326,0.3286123637067083,0.5846863725901326,0.5846863725901326,0.428665999441934,0.5846863725901326,0.5846863725901326,0.4186596013722121,0.5119243432820973,0.5846863725901326,0.2872088761282273
T000730,0.8122880723638729,0.8446868648833752,0.8446868648833752,0.8446868648833752,0.8446868648833752,0.8232617211954962,0.8232617211954962,0.8232617211954962,0.926524750261937,0.926524750261937,1.0061296020201047
T000731,2.493222252105432,0.2980018206818763,2.493222252105432,2.493222252105432,2.493222252105432,2.493222252105432,2.493222252105432,2.493222252105432,1.36857884219497,1.36857884219497,0.4134928742129525
T000732,2.822681032553127,2.766108207037521,2.766108207037521,4.194110399989335,4.194110399989335,4.194110399989335,1.9017954306582734,2.766108207037521,2.766108207037521,2.766108207037521,5.165722617864258
T000733,1.5721074369977752,1.5721074369977752,1.5721074369977752,1.5755338895975521,1.5721074369977752,1.5721074369977752,1.5721074369977752,1.5721074369977752,1.5755338895975521,1.5755338895975521,1.1807084669455665
T000734,7.533086752752738,7.533086752752738,7.491576936803513,7.491576936803513,7.4942239026508,7.491576936803513,7.491576936803513,7.491576936803513,7.491576936803513,7.491576936803513,7.838298652551173
T000735,0.5246937964103157,0.47476599016621823,0.47476599016621823,0.5141126065887857,0.42577505286079637,0.42414340194971023,0.42577505286079637,0.38998309052172564,0.43044272943285655,0.42577505286079637,0.6426216342586889
T000736,0.5529542883031068,3.631431118617507,0.5529542883031068,1.336604119848121,2.9628656603380104,2.9628656603380104,2.9628656603380104,2.9628656603380104,1.9268037371632503,1.336604119848121,0.7492149741361859
T000737,8.520024732867967,8.520024732867967,8.543513931248919,8.50351987852463,8.50351987852463,8.50351987852463,8.543513931248919,8.543513931248919,8.543513931248919,8.543513931248919,9.068401592718999
T000738,0.15655733111081663,0.10051715342368962,0.10051715342368962,0.10051715342368962,0.10051715342368962,0.10051715342368962,0.10051715342368962,0.10051715342368962,0.10051715342368962,0.2122546450888279,0.21821688376609072
T000739,0.4018952760336151,0.4018952760336151,0.4018952760336151,0.2653338200789528,0.2653338200789528,0.2653338200789528,0.2653338200789528,0.3265270254665647,0.4543290407208829,0.3265270254665647,0.30437429868872024
T000740,2.881420976940335,4.52010428103445,4.52010428103445,5.871826093503374,1.1364009223943359,1.7661464323293519,1.1364009223943359,4.52010428103445,4.52010428103445,1.7661464323293519,6.865671641791045
T000741,2.8639982072227954,3.0161990797204403,3.0658207230609453,3.0658207230609453,3.0658207230609453,3.0658207230609453,3.0658207230609453,3.0658207230609453,3.0658207230609453,3.0658207230609453,3.18870523832525
T000742,4.2686662704424645,4.559474273447594,4.26828444794252,2.91359589379146,3.435463939325748,3.435463939325748,4.559474273447594,4.559474273447594,4.559474273447594,2.91359589379146,4.5987906503095335
T000743,0.8646676352416145,0.7526115810848155,0.7526115810848155,0.3435387918653879,0.49861394386416463,1.2291871186510146,1.2291871186510146,0.7526115810848155,0.7526115810848155,0.7526115810848155,1.0278058006311788
T000744,0.44338035174125445,0.4911517979325634,0.4746694656733886,0.4746694656733886,0.4746694656733886,0.4746694656733886,0.4746694656733886,0.4746694656733886,0.4746694656733886,0.4746694656733886,0.3953488372093023
T000745,1.1664739228493786,1.1664739228493786,1.1664739228493786,0.5627965053619913,0.6941878116674812,0.6941878116674812,0.6941878116674812,0.6941878116674812,0.6941878116674812,0.6941878116674812,1.151014547438014
T000746,0.7730415470673766,0.8037544348760542,0.7933005348793545,0.7933005348793545,0.7933005348793545,0.7933005348793545,0.7933005348793545,0.7933005348793545,0.7933005348793545,0.7933005348793545,0.9731533476217559
T000747,2.0877853421904446,2.021476179042317,2.0877853421904446,2.0877853421904446,2.0877853421904446,2.0877853421904446,2.0877853421904446,2.1411764705882352,2.0877853421904446,2.0416245084748263,1.6061857028528277
T000748,2.6812151649566704,2.665972770789043,2.8498874651234187,2.8162924604674173,2.8162924604674173,2.8162924604674173,2.7002943604970535,2.953140026704335,2.7002943604970535,2.8498874651234187,3.3252955138712417
T000749,2.6625149038640217,2.5401624314885973,2.5401624314885973,2.5401624314885973,2.849168107208479,2.849168107208479,2.3863912271493413,2.6625149038640217,2.6625149038640217,2.5401624314885973,1.0770485560475396
T000750,2.64801141071563,2.3393333146319133,2.383063264990757,2.64801141071563,2.3393333146319133,2.383063264990757,2.383063264990757,2.3393333146319133,2.383063264990757,2.3393333146319133,2.97902597017896
T000751,1.5675106800637673,1.608496941739889,1.608496941739889,1.608496941739889,1.608496941739889,1.608496941739889,1.52994282804228,1.52994282804228,1.52994282804228,1.52994282804228,1.7577447566825886
T000752,1.9500410849795224,1.8918384221608862,1.9407273041039885,1.8918384221608862,1.8918384221608862,1.8918384221608862,1.8918384221608862,1.8918384221608862,1.8918384221608862,1.8918384221608862,2.330924327608505
T000753,9.595766428188686,9.41471987410419,9.41471987410419,9.41471987410419,9.41471987410419,9.41471987410419,9.41471987410419,9.41471987410419,9.41471987410419,9.41471987410419,9.580756326748103
T000754,0.8914725709927611,1.3382786352709923,1.4024301209465304,1.3382786352709923,1.4024301209465304,1.4024301209465304,1.4024301209465304,1.4024301209465304,1.4024301209465304,1.4024301209465304,1.21429646349525
T000755,0.8150887569963853,0.9026403351687358,0.9026403351687358,0.9026403351687358,0.9640503662870256,0.9640503662870256,0.9026403351687358,0.9640503662870256,0.9640503662870256,0.9640503662870256,1.3273397283754138
