unique_id,MetaARIMA(1),MetaARIMA(2),MetaARIMA(5),MetaARIMA(10),MetaARIMA(20),MetaARIMA(30),MetaARIMA(40),MetaARIMA(50),MetaARIMA(75),MetaARIMA(94),AutoARIMA
T000000,0.7184087279125188,0.7184087279125188,0.7184087279125188,0.7184087279125188,0.7184087279125188,0.7184087279125188,0.9243518121487843,0.9243518121487843,0.9243518121487843,0.9243518121487843,0.7184087279125188
T000001,0.5802256444624677,0.5525934824055727,0.6757810978869992,0.6610075602467115,0.6610075602467115,0.6610075602467115,0.6610075602467115,0.6610075602467115,0.6610075602467115,0.6610075602467115,0.6302798637755809
T000002,0.5958574685219603,0.5958574685219603,0.5958574685219603,0.5958574685219603,0.29899799980367375,0.7106584109478251,0.7106584109478251,0.7487315886714974,0.7487315886714974,0.7487315886714974,0.7498324729326424
T000003,0.8730744052304914,0.8730744052304914,0.8730744052304914,0.8730744052304914,0.8730744052304914,0.8730744052304914,0.9674730914964241,0.9674730914964241,0.9674730914964241,1.245674568896637,0.8730744052304914
T000004,3.387074051529042,3.0923427911656396,3.0471357469864717,3.0471357469864717,1.358290436702272,1.358290436702272,1.7192034229869313,1.7192034229869313,2.4408520185345695,2.5614289074206598,1.816378058663533
T000005,0.4437164727765378,0.4437164727765378,0.28360198806922515,0.9533611667458269,0.9533611667458269,0.9533611667458269,0.8625377948617169,0.8625377948617169,0.7327651307557895,1.7964413084416038,1.1243849887463249
T000006,0.7641200385972384,0.7641200385972384,0.26248732509123907,0.26248732509123907,0.26248732509123907,0.26248732509123907,0.26248732509123907,0.26248732509123907,0.26248732509123907,0.26248732509123907,0.57111672347501
T000007,0.5559397823744839,0.5559397823744839,0.15077963299197963,0.15077963299197963,0.15077963299197963,0.15077963299197963,0.15077963299197963,0.15077963299197963,0.37162169093825964,0.37162169093825964,0.30663269541469235
T000008,0.4697328928807101,0.48730509340067435,0.48730509340067435,0.48730509340067435,0.48730509340067435,0.48730509340067435,0.48730509340067435,0.48730509340067435,0.5224522463199767,0.5224522463199767,0.48730509340067435
T000009,1.496950351486244,1.48067672832751,1.48067672832751,1.48067672832751,0.6662314639027648,0.6662314639027648,0.6662314639027648,0.6662314639027648,0.6662314639027648,0.6662314639027648,1.48067672832751
T000010,2.5631402620128765,2.5631402620128765,2.2109117214079386,2.2109117214079386,2.2109117214079386,2.223133438568104,2.223133438568104,2.223133438568104,2.223133438568104,2.223133438568104,2.60775796728033
T000011,0.6902896255733788,0.6902896255733788,0.5350959265789721,0.5350959265789721,0.5350959265789721,0.5350959265789721,0.5350959265789721,0.5350959265789721,0.5350959265789721,0.5350959265789721,0.2474289826730907
T000012,4.162099762293401,4.162099762293401,4.162099762293401,4.162099762293401,4.162099762293401,4.162099762293401,4.162099762293401,4.23316503699217,4.23316503699217,4.2319595295073205,4.162099762293401
T000013,0.5461919798872517,0.5461919798872517,0.5461919798872517,1.1403092473853975,0.42727250641525294,0.42727250641525294,0.42727250641525294,0.42727250641525294,0.42727250641525294,0.42727250641525294,0.6979452527950952
T000014,0.3221576657864379,0.3221576657864379,0.3221576657864379,0.3221576657864379,0.5504371177179304,0.5504371177179304,0.5504371177179304,0.5504371177179304,0.5504371177179304,0.5504371177179304,0.7142795557035375
T000015,0.4389759262638661,0.4389759262638661,0.33047621303939406,0.33047621303939406,0.45505480136824195,0.45505480136824195,0.45505480136824195,0.535479829171519,0.5330982303924877,0.5330982303924877,0.4810150863682722
T000016,0.4622387638089775,0.3067719141659191,0.17453825282757987,0.17453825282757987,0.25753823739118265,0.25753823739118265,0.25753823739118265,0.25753823739118265,0.25753823739118265,0.25753823739118265,0.50187632685458
T000017,0.7073978491479203,0.7073978491479203,0.499471863392216,0.499471863392216,0.499471863392216,0.499471863392216,0.5882623540967611,0.5882623540967611,0.4971929727323036,0.4971929727323036,0.6742411983625101
T000018,1.8505989004132268,1.8505989004132268,3.025182830061356,3.025182830061356,3.00450492498669,3.00450492498669,3.00450492498669,3.00450492498669,3.00450492498669,3.00450492498669,1.8553782483101182
T000019,0.1294080459939889,0.1294080459939889,0.3681262323912411,1.3806498726070964,1.4353050872271242,1.4353050872271242,1.4353050872271242,1.4353050872271242,1.4353050872271242,1.4353050872271242,0.1412088578616159
T000020,1.5422926455618302,1.5422926455618302,1.5422926455618302,1.5683732588969148,1.5846252644933205,1.5846252644933205,1.5846252644933205,1.5846252644933205,1.1912671582785916,1.5836826542889322,2.423757770789603
T000021,0.22755608710296715,0.2843111107522171,0.2843111107522171,0.2843111107522171,0.2903407891455063,0.31922511321167146,0.31922511321167146,0.34490762510324163,0.34490762510324163,0.25451700431190566,0.3767477966957802
T000022,2.244927990557004,2.244927990557004,2.286522556056507,2.286522556056507,2.0890397895880364,2.0890397895880364,2.0890397895880364,2.0890397895880364,2.0890397895880364,2.1960505874821425,2.0890397895880364
T000023,0.9020945887863615,0.9020945887863615,0.9020945887863615,1.2457013386985356,1.2457013386985356,0.4168816780444166,0.4168816780444166,0.4168816780444166,0.4168816780444166,0.4168816780444166,0.8460279264316799
T000024,5.389889822948779,5.389889822948779,5.125320678447347,5.115694937534857,5.115694937534857,5.115694937534857,5.115694937534857,5.115694937534857,4.3846496585482075,4.3846496585482075,5.093901339116032
T000025,1.0779229709972955,1.4642473120931392,1.4642473120931392,1.4642473120931392,1.4642473120931392,1.4642473120931392,1.5881739936045445,1.5881739936045445,1.5881739936045445,1.5881739936045445,1.4276681875785202
T000026,2.032013568750185,2.032013568750185,2.032013568750185,1.1802539379011947,1.1802539379011947,1.1802539379011947,1.1802539379011947,1.1802539379011947,1.1802539379011947,1.1802539379011947,2.1083724538052326
T000027,2.649623280587696,2.649623280587696,2.588299517039404,2.588299517039404,2.588299517039404,2.554370841360293,2.554370841360293,1.9699811702292174,2.035014484132126,2.035014484132126,2.554370841360293
T000028,0.7443113374067153,0.6598346893642668,0.7518952096475847,0.7518952096475847,0.7518952096475847,0.7518952096475847,0.7518952096475847,0.7518952096475847,0.7518952096475847,0.7518952096475847,0.6276037289294935
T000029,1.1368790459485374,1.1368790459485374,1.5820364391620347,1.5820364391620347,1.5900278679618514,1.5900278679618514,1.5900278679618514,1.412480383510792,1.412480383510792,1.412480383510792,1.6072109806715205
T000030,2.4053125221619567,2.4053125221619567,2.4053125221619567,2.4053125221619567,2.4053125221619567,2.4053125221619567,2.4053125221619567,2.4053125221619567,2.4053125221619567,2.4053125221619567,4.417255644571346
T000031,0.23129257403621825,0.23129257403621825,0.23129257403621825,0.23129257403621825,0.23129257403621825,0.23129257403621825,0.23129257403621825,0.23129257403621825,0.19256150883996712,0.19256150883996712,0.19256150883996712
T000032,0.7262714696798683,0.7558791542183658,0.6012218091714371,0.6012218091714371,1.0315964955667953,1.0315964955667953,0.9237693200025524,0.9237693200025524,0.9237693200025524,0.9237693200025524,0.7525507790836172
T000033,1.0129030934132366,1.453773916481309,1.453773916481309,1.453773916481309,0.9792298248437014,0.9792298248437014,0.9792298248437014,0.9792298248437014,0.9716426086082187,0.9716426086082187,1.6392570527334027
T000034,0.5772781259922147,0.5772781259922147,0.5772781259922147,0.5772781259922147,0.5772781259922147,0.5772781259922147,0.7491927148535076,0.7491927148535076,0.7491927148535076,0.7491927148535076,0.5772781259922147
T000035,0.48671667774484934,0.48671667774484934,0.48671667774484934,0.49647542772174574,0.49647542772174574,0.49647542772174574,0.49647542772174574,0.49647542772174574,0.49647542772174574,0.49647542772174574,0.9894196543116103
T000036,0.24842267055031342,0.23207802892900767,0.24016855713511445,0.2573944387558008,0.20839218656227967,0.20839218656227967,0.22602269012325193,0.24648654983978252,0.572820208843884,0.28437938003200486,0.2269676002927489
T000037,0.9835026401848411,1.1350339143690007,1.1350339143690007,1.1350339143690007,1.2096630292763855,1.2096630292763855,1.2096630292763855,1.2096630292763855,1.2096630292763855,1.2096630292763855,0.927795433766259
T000038,1.8503169757351696,1.8503169757351696,1.5744502635304414,1.5744502635304414,1.5744502635304414,1.5744502635304414,1.5744502635304414,1.5744502635304414,1.5744502635304414,1.5744502635304414,2.534012762053264
T000039,0.9095875980064723,0.9095875980064723,0.7829329010199058,0.7783088786631223,0.4220894663107367,0.4220894663107367,0.5312443313373074,0.5312443313373074,0.6367390355048342,1.0408605073736852,0.7776519843526392
T000040,1.3359420855893345,1.3359420855893345,1.7093143844947685,1.7093143844947685,1.5992608205894956,1.4475079238176065,1.7015661547567476,0.9122807931434577,1.0977397280998795,0.9206112750074722,2.217732290598061
T000041,4.701283136598405,4.701283136598405,4.701283136598405,4.838910587336311,4.838910587336311,4.838910587336311,4.838910587336311,4.67356046496456,4.67356046496456,4.822203642376826,4.838910587336311
T000042,1.2107900872288877,1.2107900872288877,1.2107900872288877,1.3239351398214583,1.3239351398214583,1.3239351398214583,1.3239351398214583,1.1012226375400007,1.1012226375400007,1.1012226375400007,1.3239351398214583
T000043,0.05947414481369559,0.04159989753331516,0.16109896888333933,0.3350275943208317,0.3350275943208317,0.3350275943208317,0.3350275943208317,0.3350275943208317,0.3350275943208317,0.3350275943208317,0.04159989753331516
T000044,0.35635301963032195,0.35635301963032195,0.8172349653527167,0.8172349653527167,0.8172349653527167,0.47399426231021596,0.47399426231021596,0.47399426231021596,0.8280231557617542,0.8280231557617542,0.5555063192351132
T000045,1.1882425842440656,1.2065177465357342,0.6368900925519301,0.6368900925519301,0.6368900925519301,0.6368900925519301,0.6368900925519301,0.6368900925519301,0.5998083121794773,0.5998083121794773,1.2005269601965873
T000046,0.5807386653417125,0.4747045454661935,0.4747045454661935,0.3805534810899388,0.3805534810899388,0.3805534810899388,0.3805534810899388,0.3805534810899388,0.3805534810899388,0.3805534810899388,0.6327126988388622
T000047,0.8008695653792608,0.9068998948576615,0.9068998948576615,0.9068998948576615,0.9068998948576615,0.9068998948576615,0.9068998948576615,0.9068998948576615,0.9068998948576615,0.9068998948576615,0.14707744233174777
T000048,1.382629401824996,1.2265910426407094,1.2265910426407094,1.2265910426407094,1.2265910426407094,1.2265910426407094,1.0786927421348038,1.0786927421348038,0.9294365883949349,0.9294365883949349,1.2265910426407094
T000049,1.068682620147614,1.130104689982586,1.068682620147614,1.0650869032051973,1.0650869032051973,1.0650869032051973,1.0650869032051973,1.0650869032051973,1.0783895587739516,1.0783895587739516,2.0663748557186805
T000050,0.9624738072704044,0.9811173441881077,1.3199800447004544,1.3370039002965406,0.9824035680164703,1.3711147243700512,1.2285473841065222,1.2370965269500205,1.1782720198114596,1.1782720198114596,1.1254422494611653
T000051,1.2566706419476468,1.2397299894073277,1.2724372926469458,1.2724372926469458,1.2724372926469458,1.2724372926469458,1.2724372926469458,1.2724372926469458,1.2724372926469458,1.0825909688105542,1.1658028139745598
T000052,0.5537488563668618,0.5537488563668618,0.5537488563668618,0.5163403177402669,0.3978677005088442,0.3978677005088442,0.18467553714555518,1.0243559557771817,1.0243559557771817,1.0005788416041006,0.2353310481784742
T000053,3.224836238703499,3.224836238703499,3.224836238703499,3.224836238703499,3.224836238703499,3.224836238703499,3.224836238703499,3.224836238703499,3.224836238703499,3.224836238703499,3.8062132805900752
T000054,1.3142484469210434,1.3142484469210434,1.4530399925966695,1.4530399925966695,1.4530399925966695,1.4530399925966695,1.4530399925966695,1.4530399925966695,1.1004365321969527,1.1004365321969527,1.4530399925966695
T000055,0.5008356173541012,0.6533315041807979,0.49215160045311634,0.49215160045311634,0.49215160045311634,0.49215160045311634,0.49215160045311634,0.49215160045311634,0.49215160045311634,0.49215160045311634,0.5508135985393012
T000056,0.6663308030136349,0.8146610416145043,0.6418716453098358,0.6418716453098358,0.6418716453098358,0.6418716453098358,0.6418716453098358,0.6418716453098358,0.6418716453098358,0.7342020097183364,0.6418716453098358
T000057,0.9599527363217905,0.9599527363217905,0.9599527363217905,0.9599527363217905,1.2391227876735544,1.2391227876735544,1.2391227876735544,1.2391227876735544,1.247214421138198,1.247214421138198,0.9819893973214286
T000058,0.7579502204449547,0.7579502204449547,0.7101117220572121,0.7796395760973168,0.7796395760973168,0.760442305080306,0.760442305080306,0.760442305080306,1.0791642444902563,1.1351454624000676,0.7931713170053996
T000059,1.0752813955151106,1.0752813955151106,1.1124794619412495,1.1124794619412495,1.1124794619412495,1.1124794619412495,1.1156410346149879,0.5672067540119707,0.5298506821521247,0.5298506821521247,1.1156410346149879
T000060,0.6266760099943912,1.0197966233813778,1.0197966233813778,1.0197966233813778,1.0197966233813778,1.0197966233813778,1.0197966233813778,1.0197966233813778,1.0197966233813778,1.0197966233813778,0.8061670861901739
T000061,0.834747383242995,0.834747383242995,0.6023341676440334,0.6023341676440334,0.7314399101440348,0.7312206738913892,0.7312206738913892,0.7312206738913892,0.7312206738913892,0.5453766982598531,0.749459292276105
T000062,5.030489016836861,5.030489016836861,5.712856292837615,5.712856292837615,5.8395263469830745,5.502241229835674,5.502241229835674,5.502241229835674,4.52143389676524,4.52143389676524,5.090611539133057
T000063,0.9007784761183455,0.898744757147178,0.898744757147178,0.898744757147178,0.9515117133097626,0.7961655054128681,0.7961655054128681,0.7961655054128681,0.7961655054128681,0.7961655054128681,0.9522305443240588
T000064,0.40858413850694014,0.20331505276691658,0.20331505276691658,0.20331505276691658,0.20331505276691658,0.8959229544556865,0.8959229544556865,0.8959229544556865,0.8959229544556865,0.8959229544556865,0.2283865345471069
T000065,0.541851267735082,0.5351262866465434,0.5351262866465434,0.5351262866465434,0.5351262866465434,0.5351262866465434,0.4728477001714145,0.4728477001714145,0.4728477001714145,0.4728477001714145,0.5819608059834124
T000066,1.7344123949230912,1.7344123949230912,1.772329368833321,1.7998249390110739,1.7566344399656681,1.7566344399656681,1.7566344399656681,1.790879925371174,1.6825343492895228,1.6825343492895228,1.996968734905063
T000067,0.8206149562066449,0.7981601331434897,0.7981601331434897,0.808250844123629,0.808250844123629,0.808250844123629,0.808250844123629,0.808250844123629,0.41235022332135707,0.4560311946390643,0.4098763625976596
T000068,0.4078205711370688,0.4078205711370688,0.4078205711370688,0.4078205711370688,0.4078205711370688,0.4078205711370688,0.4078205711370688,0.4078205711370688,0.4078205711370688,0.4078205711370688,0.5206912078248571
T000069,0.856943914280763,0.49802185066808236,0.49802185066808236,0.45600269821340833,0.5089343684485857,0.5089343684485857,0.850332391979763,0.850332391979763,0.6661588664355372,0.6661588664355372,1.0149684227676958
T000070,1.7335020227881377,1.7335020227881377,1.7335020227881377,2.5152716967235946,2.5152716967235946,2.999911591382177,2.999911591382177,2.999911591382177,2.999911591382177,2.999911591382177,1.9302842971458298
T000071,0.4383796244392601,0.41548820304086226,0.47908600456321765,0.7634445649479823,0.7634445649479823,0.7634445649479823,0.7634445649479823,0.7634445649479823,0.7634445649479823,0.7634445649479823,0.6922990519469631
T000072,1.9601515192816308,1.960378112242253,1.2187636044161962,1.2365522446755688,1.2143362903019579,1.2143362903019579,1.2406854197991182,1.2406854197991182,1.2406854197991182,1.2406854197991182,1.7955134851370733
T000073,1.3522470832260227,3.8867596059742358,0.7999242708393735,0.7680333567179827,0.7680333567179827,0.7680333567179827,0.7680333567179827,0.7680333567179827,0.7680333567179827,0.7680333567179827,0.7680333567179827
T000074,0.5478475399794448,0.5478475399794448,0.5478475399794448,0.5478475399794448,0.5478475399794448,0.7102264062706505,0.7371861628279249,0.7371861628279249,0.7371861628279249,0.7371861628279249,0.7102264062706505
T000075,0.37831038845716275,0.37831038845716275,0.38009850224866665,0.9190355939323147,0.9190355939323147,0.9190355939323147,0.9190355939323147,0.9190355939323147,0.9190355939323147,0.9190355939323147,0.8213157863921677
T000076,1.2908102472429275,1.2227888824909225,1.2227888824909225,1.2227888824909225,1.4219957371187075,1.5213474462714103,1.5213474462714103,1.4228550481430229,1.498277257503924,1.498277257503924,1.498277257503924
T000077,1.0862744079406836,1.0862744079406836,1.0862744079406836,1.0862744079406836,1.0862744079406836,1.3350065903553867,1.3350065903553867,1.477730867165071,1.0400260734009736,1.0400260734009736,1.3350065903553867
T000078,0.8512290448587524,0.8512290448587524,0.8512290448587524,0.8798392030062047,1.3761420808737377,1.3761420808737377,0.8745374836855718,0.8745374836855718,0.8560201623339346,0.8560201623339346,0.8798392030062047
T000079,0.5257735282870412,0.7235607402145747,0.7235607402145747,0.7235607402145747,0.7235607402145747,0.7235607402145747,0.6226726751513296,0.6226726751513296,0.6226726751513296,0.8066169019862631,0.4856347009454945
T000080,1.1130751156101537,1.00818871359257,1.00818871359257,0.7446474245685945,0.7446474245685945,0.8103499003142444,0.8103499003142444,0.8103499003142444,0.7175950878270416,0.7175950878270416,1.0311739301138594
T000081,1.1197945052781002,1.1197945052781002,1.1197945052781002,1.1197945052781002,1.1197945052781002,1.1197945052781002,1.125488482339406,1.125488482339406,1.125488482339406,1.125488482339406,1.0340638692653972
T000082,1.1526172157970862,1.0568947279080823,0.648059228926418,0.648059228926418,0.5769741755015809,0.5769741755015809,0.5769741755015809,0.5769741755015809,0.5513800477507008,0.5513800477507008,1.0584784802268021
T000083,1.1897335464329863,1.377606119909065,1.377606119909065,0.3252313528726278,0.3194427955653717,0.32146066923202604,0.32146066923202604,0.32146066923202604,0.32146066923202604,0.32146066923202604,1.3798613410251122
T000084,0.7009125234351942,0.714294628114776,0.6672385822060152,0.6755569508020142,0.6694921684346664,0.6694921684346664,0.6694921684346664,0.9030978501616211,0.8088650508536803,0.9287589690369108,0.7003701068766319
T000085,0.29348500479455414,0.29348500479455414,0.35966667667282637,0.3536716059667749,0.3697975892675176,0.3697975892675176,0.2130862474355566,0.2130862474355566,0.22418972406756368,0.22418972406756368,0.42011204661092993
T000086,1.2489750348390631,1.1109622774206727,1.2355823695843504,1.2355823695843504,1.513246008935319,1.513246008935319,1.513246008935319,1.513246008935319,1.513246008935319,1.513246008935319,1.1292245110328027
T000087,3.2254705459424873,3.2254705459424873,3.2254705459424873,1.5480052908298438,1.5480052908298438,0.7906949944882786,3.969889838693777,3.969889838693777,3.969889838693777,1.228391561158229,7.921005781986051
T000088,1.1077138722005657,0.6382022635791471,0.6418776748920548,0.6418776748920548,0.9641921176145704,0.9658380030409939,0.9706497860470078,0.9706497860470078,0.9706497860470078,0.9706497860470078,0.9706497860470078
T000089,0.6928809722626561,0.6928809722626561,0.6517330065169898,0.6517330065169898,0.6517330065169898,0.6517330065169898,0.6517330065169898,0.6517330065169898,0.6517330065169898,0.6517330065169898,0.9027041187480547
T000090,2.057407281856906,2.057407281856906,2.613606077504448,2.395161156064301,2.395161156064301,2.373076918438902,2.373076918438902,2.4573572874581817,2.388855651306191,2.388855651306191,2.388855651306191
T000091,3.5838225826508885,3.5838225826508885,3.5838225826508885,2.556480986180667,2.556480986180667,2.652176621073389,2.652176621073389,2.652176621073389,2.652176621073389,2.652176621073389,3.6063731680698394
T000092,0.6071078272615459,0.990098071729758,0.6023488923526272,0.6023488923526272,0.5286245221801616,0.5286245221801616,0.5286245221801616,0.5392270557425961,0.5415101752258599,0.5415101752258599,0.707401979931914
T000093,1.894392749642907,1.894392749642907,2.7818065370613243,2.7818065370613243,2.7818065370613243,2.806008809718359,2.806008809718359,2.806008809718359,3.316504430849217,3.316504430849217,2.879985066105326
T000094,0.8486158287008779,0.611919936618685,0.6064259761598045,0.6064259761598045,0.6064259761598045,0.6064259761598045,0.6064259761598045,0.6064259761598045,0.6064259761598045,0.6064259761598045,0.6064259761598045
T000095,0.6422947819962789,0.5279982636994125,0.5279982636994125,0.5279982636994125,0.4809689253760784,0.44309616515612665,0.44309616515612665,0.44309616515612665,0.44309616515612665,0.44309616515612665,0.6828773756555979
T000096,0.30074540846324715,0.4061471467588223,0.4061471467588223,0.35310096206925184,0.35310096206925184,0.35310096206925184,0.334583266755658,0.334583266755658,0.3535028228139724,0.3535028228139724,0.40187138706675507
T000097,0.6300153408983694,0.6540483314849384,0.6540483314849384,0.6540483314849384,0.6540483314849384,0.511556938555534,0.511556938555534,0.851188703320222,0.851188703320222,0.851188703320222,0.851188703320222
T000098,2.9344052117609065,2.080611781121341,2.080611781121341,2.080611781121341,2.080611781121341,2.080611781121341,2.080611781121341,2.080611781121341,2.2172695978671366,2.0101615433869195,1.6701129963855565
T000099,3.360136296202341,3.360136296202341,2.2469709170324665,2.544168336534353,2.544168336534353,2.544168336534353,2.544168336534353,2.544168336534353,2.544168336534353,2.544168336534353,2.858137874734582
T000100,1.1779681023507642,1.1779681023507642,1.280426890727941,1.280426890727941,2.3264567568918393,2.3264567568918393,2.3264567568918393,2.3264567568918393,2.3739556149523686,2.3739556149523686,2.060938446158328
T000101,4.857568209411,4.856451312086041,4.008742089983403,4.008742089983403,4.008742089983403,3.9943699634092367,3.9943699634092367,3.9943699634092367,3.9943699634092367,3.9943699634092367,4.4188853746856065
T000102,4.621837784862395,5.112347266588232,5.112347266588232,5.112347266588232,4.662176465987152,4.662176465987152,4.29790977642315,4.29790977642315,4.29790977642315,4.29790977642315,4.301252462694439
T000103,0.6989829461311227,0.6989829461311227,0.45782586862822405,0.45782586862822405,0.45782586862822405,0.45782586862822405,0.45782586862822405,0.45782586862822405,0.45782586862822405,0.5014185682634198,0.6828811673278062
T000104,0.3264920839708313,0.3264920839708313,0.4804991910766109,0.4804991910766109,0.4600583390147203,0.4600583390147203,0.32602590813893895,0.32602590813893895,0.32602590813893895,0.32602590813893895,0.5790055635006307
T000105,0.37767785005029747,0.46501436664838564,0.46501436664838564,0.8713516445305685,0.8713516445305685,0.8713516445305685,0.8713516445305685,0.8713516445305685,0.8713516445305685,0.8840412165058683,0.4294763474851104
T000106,0.6713674613508518,1.4390944044317944,1.4390944044317944,1.4390944044317944,1.4390944044317944,0.7746161557602094,0.7746161557602094,0.7746161557602094,0.7746161557602094,0.7746161557602094,0.7746161557602094
T000107,2.319726196158367,2.2352549561088524,2.228658554101918,2.228658554101918,2.19948911853604,2.19948911853604,2.19948911853604,2.19948911853604,2.19948911853604,2.19948911853604,2.19948911853604
T000108,0.9037932708827473,0.7371917246291123,0.6028613575990018,0.6028613575990018,0.6028613575990018,0.6028613575990018,0.7114043875372607,0.7114043875372607,0.7114043875372607,0.7114043875372607,0.8623729727076496
T000109,0.9026629223192034,1.2544517385994445,1.2544517385994445,1.2544517385994445,1.1124618013741197,1.1124618013741197,1.1124618013741197,1.1124618013741197,1.1124618013741197,1.1124618013741197,0.7968120207073147
T000110,1.032579245830214,1.4658769843861759,1.4658769843861759,1.4658769843861759,1.4658769843861759,0.8487023022258212,0.8487023022258212,0.8487023022258212,1.3659332773197748,1.3659332773197748,1.3659332773197748
T000111,3.10810317743329,2.7765777184350298,2.7765777184350298,2.407719278414808,2.407719278414808,3.0710997402604425,2.5137032006926634,2.5137032006926634,2.3684617188828385,2.3684617188828385,2.407719278414808
T000112,0.5980564214834904,0.5467580457165206,0.5467580457165206,0.5467580457165206,0.5521270827809781,0.5521270827809781,0.5521270827809781,0.5521270827809781,0.5521270827809781,0.5521270827809781,0.7541245184288413
T000113,3.1222193843133663,2.770839383969824,2.770839383969824,2.770839383969824,2.770839383969824,2.770839383969824,2.768117564722749,2.768117564722749,2.768117564722749,2.768117564722749,3.043683113214658
T000114,1.0471888427555636,1.0471888427555636,1.0140562671967577,0.51348390449251,0.51348390449251,0.610571567044503,0.610571567044503,0.610571567044503,0.6134712396533417,0.6586570114345821,1.0789799077056497
T000115,1.6210484599166932,2.2711926265508473,2.3317558373711615,2.3317558373711615,0.8492160214881319,0.7472164644458277,0.7472164644458277,0.7472164644458277,0.7472164644458277,0.7472164644458277,1.4678477557616803
T000116,3.80560137616265,3.80560137616265,3.9163231763560002,2.7696731684756006,3.2664912007189817,2.4686803136000792,2.4686803136000792,2.4686803136000792,2.5212406248137826,2.5212406248137826,3.2664912007189817
T000117,1.7329443390476758,1.7329443390476758,1.7329443390476758,1.6929124402778968,1.6929124402778968,1.6371402109201256,1.6371402109201256,1.3243042330290593,1.2809397409686325,1.2809397409686325,1.6371402109201256
T000118,0.9471469088441239,0.9471469088441239,0.9471469088441239,0.9471469088441239,0.9471469088441239,0.9471469088441239,0.9471469088441239,0.9471469088441239,0.9471469088441239,0.9471469088441239,0.9471469088441239
T000119,0.9480415019642368,1.8090914969278002,1.8090914969278002,1.6691764637898416,1.6691764637898416,1.6691764637898416,1.7848318928441593,1.7848318928441593,1.7848318928441593,1.7848318928441593,0.9579342322005986
T000120,2.1041165834807662,1.949461879996971,1.967925511795227,1.967925511795227,1.967925511795227,1.967925511795227,1.967925511795227,1.967925511795227,1.967925511795227,1.967925511795227,2.1598132217261448
T000121,1.0548985965530393,0.876420046017667,0.876420046017667,0.8331550293587766,0.8331550293587766,0.8331550293587766,0.8331550293587766,0.8331550293587766,0.5443841174626878,0.493314307116489,0.7825247329659465
T000122,0.6813145340649372,3.2560484097091016,3.494966261720902,3.494966261720902,3.494966261720902,3.494966261720902,3.494966261720902,3.494966261720902,3.494966261720902,3.494966261720902,1.2075244362376392
T000123,0.48325891714300734,0.48325891714300734,0.4753789275658962,0.4753789275658962,0.4753789275658962,0.4753789275658962,0.4753789275658962,0.4753789275658962,0.4753789275658962,0.4753789275658962,0.5608632406345796
T000124,0.2694809772477787,0.2694809772477787,0.2694809772477787,0.3198598242207137,0.3198598242207137,0.3198598242207137,0.3198598242207137,0.3198598242207137,0.3355954017111262,0.3355954017111262,1.0511781400501912
T000125,6.251414359172026,6.300989661217194,6.300989661217194,6.300989661217194,6.300989661217194,6.300989661217194,6.300989661217194,6.300989661217194,6.300989661217194,6.300989661217194,6.696455156274605
T000126,1.2543721471576632,1.2605786889506367,1.231306588528151,1.231306588528151,1.6710488633515301,1.6710488633515301,1.6710488633515301,1.6710488633515301,1.3007753071458985,1.2474277453931666,1.2047262737575526
T000127,0.7405665359072174,0.7087825308791229,0.7247374691327967,0.7218172350950274,0.7262295660738217,0.7262295660738217,0.7262295660738217,0.7262295660738217,0.7262295660738217,0.7262295660738217,0.7112054835844211
T000128,1.4363996823858407,1.4505475580182876,1.4505475580182876,1.3040732128957686,1.3040732128957686,1.3040732128957686,1.3040732128957686,1.3040732128957686,1.3639058586060908,1.3639058586060908,1.877561969214418
T000129,0.944670762978811,0.38038274783868514,0.38038274783868514,0.38038274783868514,0.38038274783868514,0.38038274783868514,0.38038274783868514,0.38038274783868514,0.38038274783868514,0.38038274783868514,1.3589953671131723
T000130,1.562947556674384,1.4995871268676133,1.4995871268676133,1.4995871268676133,1.4995871268676133,1.4414005349755565,1.4414005349755565,1.4414005349755565,1.5117810620636698,1.5117810620636698,1.496142121994517
T000131,0.699193711200249,1.0756570323832295,1.130098314455288,1.130098314455288,1.130098314455288,1.130098314455288,1.130098314455288,1.130098314455288,1.1979221673517555,1.0864334154506983,0.9545176026229024
T000132,2.4080076277507794,2.4080076277507794,2.245757339557747,3.9163384753671635,3.9163384753671635,3.9163384753671635,3.9163384753671635,3.9163384753671635,3.9163384753671635,3.9163384753671635,4.1289711319827775
T000133,0.32675130987433,0.31153771473957076,0.31153771473957076,0.3117581597944072,0.3117581597944072,0.3117581597944072,0.3117581597944072,0.2995043881348597,0.3183499405401026,0.3130210223138077,0.5815850409797522
T000134,0.46342164678283826,0.46342164678283826,0.46342164678283826,0.46342164678283826,0.46342164678283826,0.5522555719388177,0.5522555719388177,0.5522555719388177,0.6250617088443013,0.6250617088443013,0.6250617088443013
T000135,0.760704819011723,0.760704819011723,0.5455422324685237,0.694575485082259,0.5787549865222322,0.7426126836660283,0.6598550504588944,0.7595417688315348,0.6193606522699685,0.6193606522699685,0.7942397177560614
T000136,0.8018983800217794,0.8018983800217794,0.793250542274621,0.793250542274621,0.8146677201654425,0.8146677201654425,0.8146677201654425,0.8146677201654425,0.745868370013456,0.745868370013456,0.7560511569359167
T000137,0.7927486789646664,0.27001278436151505,0.49008635120165234,0.49008635120165234,0.49008635120165234,0.49008635120165234,0.49008635120165234,0.6894284521787916,0.18852160361050418,0.18852160361050418,0.49008635120165234
T000138,0.6409919788543806,0.7507250125076544,0.40812888395426794,0.40812888395426794,0.40812888395426794,0.40812888395426794,0.40812888395426794,0.40812888395426794,0.40812888395426794,0.40812888395426794,0.6747445200837754
T000139,0.7658245838884218,0.7187839788406273,0.7658245838884218,0.7238712728785426,0.7024863586089675,1.0919558208146245,0.6659317002718809,0.6659317002718809,0.6659317002718809,0.6659317002718809,0.674683212985036
T000140,0.7418335871274547,0.7418335871274547,0.7418335871274547,0.7418335871274547,0.7418335871274547,0.7418335871274547,0.7418335871274547,0.7418335871274547,0.7418335871274547,0.7418335871274547,0.7129183618903772
T000141,0.7993058733535776,0.7993058733535776,0.4769765527512808,0.4769765527512808,0.7076927388861356,0.7076927388861356,0.44102715869194403,0.44102715869194403,0.44102715869194403,0.44102715869194403,0.7076927388861356
T000142,0.43272605166354744,0.43272605166354744,0.4095520980862994,0.39586463052465143,0.39586463052465143,1.0780186788113861,1.1409618345811865,1.1409618345811865,1.1409618345811865,1.1409618345811865,0.41811578928225285
T000143,0.6728629080464446,0.6523867019270564,0.5953488136551427,0.6728629080464446,0.4964727454579693,0.4964727454579693,0.4964727454579693,0.4964727454579693,0.6796309623146815,0.6796309623146815,0.6288554360552865
T000144,0.9208605983348235,0.9454436445531755,0.9454436445531755,0.9541827618449392,0.6669851072280442,1.3182491916037937,1.3182491916037937,1.3182491916037937,1.3182491916037937,1.3182491916037937,0.7573898442775676
T000145,0.858735463084036,0.639758060384711,0.7016600105150792,0.7209367144453732,0.7209367144453732,1.7980806954316955,1.7980806954316955,0.850320540410976,0.850320540410976,0.7961542968501385,0.7209367144453732
T000146,0.9035885820795302,0.9035885820795302,0.9035885820795302,0.6531079163182855,0.6531079163182855,0.6677893156804013,0.6677893156804013,0.6677893156804013,0.6677893156804013,0.6677893156804013,0.7478563432439861
T000147,1.1245605015258773,1.1245605015258773,1.1245605015258773,0.7975885968645645,0.5052674377587161,1.1305789436453664,1.1305789436453664,1.1305789436453664,1.1305789436453664,1.1305789436453664,1.3888479115524204
T000148,0.3591770750287891,0.3591770750287891,0.6019656787486025,0.6019656787486025,0.6019656787486025,0.45698531293824335,0.45698531293824335,0.45698531293824335,0.45698531293824335,0.45698531293824335,0.3591770750287891
T000149,0.5433226801224964,0.4550133804913993,0.4550133804913993,0.4550133804913993,0.4550133804913993,0.46445638017919105,0.46445638017919105,0.46445638017919105,0.46445638017919105,0.46445638017919105,0.5607311256844716
T000150,0.9152080457280732,1.0321163713360957,0.8136362967101005,0.8136362967101005,0.841432890122369,0.841432890122369,0.841432890122369,0.8994732787984674,0.8994732787984674,0.8994732787984674,0.825127126533644
T000151,0.5529007294988427,0.5529007294988427,0.5529007294988427,0.5536737348318471,0.6356950617153803,0.5591876686080035,0.48826280551158424,0.48826280551158424,0.48826280551158424,0.48826280551158424,0.6879596895444756
T000152,4.096368304179935,4.096368304179935,4.096368304179935,4.096368304179935,4.096368304179935,4.262551284703739,4.262551284703739,4.262551284703739,4.262551284703739,4.262551284703739,4.262551284703739
T000153,3.1926219652230112,3.1926219652230112,2.9177046815115513,3.5625064864455043,3.5625064864455043,3.5625064864455043,3.5625064864455043,3.5625064864455043,3.5625064864455043,3.709677845245499,3.166439423155932
T000154,0.728927159950748,1.347949264313328,1.347949264313328,1.347949264313328,1.347949264313328,1.634874569588084,1.634874569588084,1.634874569588084,1.634874569588084,3.359164288144922,1.634874569588084
T000155,1.9642728913622518,1.9121196336719732,2.3524116761483675,2.3524116761483675,2.3524116761483675,2.3524116761483675,2.3524116761483675,2.3524116761483675,2.3524116761483675,2.3524116761483675,1.9740519466949804
T000156,2.4956565787709057,2.4956565787709057,2.7055051709642717,2.5081971281325095,2.5081971281325095,2.5081971281325095,2.5081971281325095,2.5081971281325095,1.1767321459725737,1.8843113526010768,2.7720622797784826
T000157,5.694851141125821,5.694851141125821,5.363183083031426,5.249533203247004,5.249533203247004,3.216135390706614,3.216135390706614,3.216135390706614,3.216135390706614,3.216135390706614,5.437546656717843
T000158,0.874288868628694,0.874288868628694,0.42908955112757685,0.42908955112757685,0.42908955112757685,0.42908955112757685,0.4263278967013259,0.4263278967013259,0.6231607894553075,0.6231607894553075,5.283419322371912
T000159,6.090846412720212,6.090846412720212,6.090846412720212,5.660465131529434,5.660465131529434,5.660465131529434,5.660465131529434,5.018827495929522,5.818580212242101,5.818580212242101,5.695472618658883
T000160,3.923851987920973,2.867341131351856,2.867341131351856,2.867341131351856,2.5851409389271747,15.89185387810383,15.89185387810383,11.498853037341364,15.531082843496367,12.662254035642105,7.8981638962921465
T000161,0.8846276043950348,0.8846276043950348,0.8951852845345365,0.8951852845345365,0.8951852845345365,0.8951852845345365,0.8951852845345365,0.7975108541734061,0.7975108541734061,0.8247558564232393,0.9048999845441856
T000162,0.9335581274829212,0.9335581274829212,0.9335581274829212,1.1748785555157248,1.177497898088244,1.177497898088244,1.177497898088244,1.177497898088244,0.8159586123563005,0.8115706558471751,1.208906539608706
T000163,1.3465598957468634,2.198374168313412,1.6482519573122734,1.0326996806883546,1.0616468138332797,1.5767319401728714,1.5767319401728714,1.2809525720005248,0.9884908504775174,0.9884908504775174,1.9853165116083622
T000164,0.3317693064931677,0.33780329898635675,0.34027080429015705,0.34027080429015705,0.3562307373046778,0.3562307373046778,0.3562307373046778,0.3562307373046778,0.4121236014504619,0.4121236014504619,0.3562307373046778
T000165,0.4032100659198076,0.33104430703246707,0.3439364679458785,0.3439364679458785,0.3439364679458785,0.3232783153101878,0.3232783153101878,0.3232783153101878,0.3847687692901094,0.3847687692901094,0.32891778287238066
T000166,0.7210091524957285,0.7210091524957285,0.6635622513102667,0.6635622513102667,0.7466165179448506,0.7466165179448506,0.7466165179448506,0.7466165179448506,0.7466165179448506,0.5346819414934249,1.1039730309957627
T000167,0.5779005770534019,0.5811056259161508,0.5546725452750406,0.5444320689228113,0.5444320689228113,0.6490598891369055,0.6490598891369055,0.6490598891369055,0.8996415918277296,0.8977829185432274,0.5554360778089605
T000168,0.6509578345736521,0.6509578345736521,0.6768503518468058,0.7630062767981858,0.7630062767981858,0.7630062767981858,0.7630062767981858,0.7630062767981858,0.7630062767981858,0.7630062767981858,0.663448559815178
T000169,0.6565164534937412,0.6565164534937412,0.5905462221919306,0.6460517001490442,0.6801681996744611,0.6634978197474072,0.6634978197474072,0.6634978197474072,0.6069784709614684,0.4207931703869644,0.6057458957887225
T000170,0.48874478732710114,0.5546786527249238,0.5546786527249238,0.6626678645809453,0.6626678645809453,0.6626678645809453,0.6626678645809453,0.6626678645809453,0.6673816890783941,0.6673816890783941,0.5733857343071747
T000171,0.8795890985200584,0.8795890985200584,0.8795890985200584,0.880628141402575,0.8765324027155416,1.0161135670704338,1.0161135670704338,0.9913105186185189,0.9913105186185189,0.9363623467629452,1.0161135670704338
T000172,1.4767092800118038,1.4504985468602112,0.8546604934802272,0.8546604934802272,0.8059409126856854,0.8059409126856854,0.8059409126856854,0.8059409126856854,0.8059409126856854,0.8059409126856854,1.065772086314509
T000173,6.999785410376468,6.999785410376468,1.8313914093276558,1.8313914093276558,1.8313914093276558,3.2786185054653827,3.2786185054653827,3.2786185054653827,5.648866499590027,3.2402716699324676,3.745137756525262
T000174,1.2891524524680835,1.2891524524680835,1.3113522674300213,1.264680042052582,1.264680042052582,1.264680042052582,1.264680042052582,1.0808334749409862,0.9950918348386736,0.9950918348386736,1.264680042052582
T000175,3.0023499329253176,2.6491768297996563,2.4124469938580826,2.4124469938580826,2.4124469938580826,2.4124469938580826,2.4124469938580826,2.4124469938580826,3.3963463502317355,3.549499687899211,2.4124469938580826
T000176,3.274595844131573,3.3046426379367233,3.3046426379367233,3.2036876799381284,3.2036876799381284,5.1953877481567705,5.1953877481567705,5.1953877481567705,3.472968439876083,3.472968439876083,3.2123476712593844
T000177,2.0774998345026554,1.4861601768683002,1.4861601768683002,1.4861601768683002,1.4861601768683002,1.4861601768683002,1.4861601768683002,1.4861601768683002,1.4861601768683002,1.4861601768683002,1.984303942206025
T000178,0.9610885126879305,0.9610885126879305,0.7791927284234987,0.7083424258032043,0.7083424258032043,0.5497680469658163,0.5497680469658163,0.5497680469658163,0.5356344646041543,0.5294271673509594,0.7509851859567503
T000179,1.5169960963462774,1.6820092648101792,0.7978825474608596,0.7978825474608596,0.7978825474608596,0.7978825474608596,0.7978825474608596,0.7978825474608596,0.7978825474608596,0.7978825474608596,1.0423811697376435
T000180,1.970858913131451,1.970858913131451,1.4533460806733374,1.4533460806733374,1.4533460806733374,1.4533460806733374,1.4533460806733374,1.776314384204645,1.776314384204645,2.0500534834773245,2.0500534834773245
T000181,0.16046514515331411,0.16389944155484076,0.16389944155484076,0.07533244889793667,0.07533244889793667,0.07533244889793667,0.07533244889793667,0.07533244889793667,0.07533244889793667,0.2682402779664827,0.07196909887216184
T000182,3.415538478310528,3.415538478310528,3.3738268654538053,5.272707925394163,5.272707925394163,5.309322275995226,5.309322275995226,5.309322275995226,6.611812460084959,6.611812460084959,4.568186994301949
T000183,1.2349141411932112,2.0149312241602266,2.019311287947672,1.8127635760849914,1.8127635760849914,1.8127635760849914,1.8127635760849914,1.8127635760849914,1.8127635760849914,1.8127635760849914,1.8127635760849914
T000184,0.8202722617335914,0.3995515074516646,0.32845668265096095,0.32845668265096095,0.32845668265096095,0.32845668265096095,0.32845668265096095,0.32845668265096095,0.32845668265096095,0.32845668265096095,1.0191094399366263
T000185,1.8335165198998205,1.8335165198998205,1.8351359151633888,1.8351359151633888,2.001587593751055,2.001587593751055,2.001587593751055,2.001587593751055,2.001587593751055,2.001587593751055,2.441494654719106
T000186,0.9932265044964989,0.9932265044964989,0.9481657523783746,0.9481657523783746,0.9481657523783746,0.7929705829827113,0.7929705829827113,0.7929705829827113,0.7929705829827113,0.7821214923572035,1.5482056193795117
T000187,1.8603909980406177,2.8202280868243697,2.8202280868243697,0.7997960063791844,0.7997960063791844,0.7997960063791844,1.0231065984231476,1.0231065984231476,1.0231065984231476,1.0231065984231476,2.5257783925598654
T000188,2.462797217625322,2.462797217625322,2.50608439384136,3.295121360369881,3.42854968940085,3.42854968940085,3.42854968940085,3.42854968940085,3.42854968940085,3.42854968940085,2.4594689243874197
T000189,1.7701581298940847,1.7701581298940847,1.7654193601346386,1.7654193601346386,1.7656329905557893,1.7656329905557893,1.7656329905557893,1.7656329905557893,1.7656329905557893,1.8564679931000743,1.7465075283746947
T000190,1.5415554466661865,1.5415554466661865,0.7020735208872693,0.7020735208872693,0.7020735208872693,0.5803389884933268,0.5803389884933268,0.5803389884933268,0.9663746525588611,0.8814286329662248,0.850492454756775
T000191,2.5578000088795876,2.9087188879177353,2.3999387913918637,2.7021080210748347,2.870970921895685,2.4466663897283794,2.4466663897283794,2.4466663897283794,2.3825840493429427,2.3825840493429427,2.8822167459507684
T000192,0.998388355045904,0.998388355045904,2.8968481824480663,2.8968481824480663,3.315454921638035,3.315454921638035,1.0909079711652416,3.045076981059955,3.045076981059955,1.031691950763951,2.516092318661504
T000193,2.880011643660328,2.880011643660328,2.784935043034426,2.784935043034426,2.784935043034426,2.784935043034426,2.784935043034426,2.712256169125873,2.712256169125873,2.550879628288574,2.720134678271557
T000194,0.5733599051776579,0.5733599051776579,0.5733599051776579,0.45779975652797,0.45779975652797,0.45779975652797,0.45779975652797,0.45779975652797,0.45779975652797,0.8718460077076129,0.500732069880324
T000195,3.037985479929072,3.037985479929072,3.1157941375634755,3.1157941375634755,3.140605143966612,2.7041281051975337,2.068827296184747,2.068827296184747,2.068827296184747,1.6951398944812603,2.7041281051975337
T000196,1.5053485553301496,1.5053485553301496,1.540627101444432,1.540627101444432,1.540627101444432,0.8895823361024793,0.8895823361024793,0.8895823361024793,0.8983593517806729,0.8880097956660994,1.428607020311555
T000197,1.0849775054215383,1.0849775054215383,0.8274995888691118,0.8274995888691118,0.8274995888691118,0.8288546001249053,0.8351905920819618,0.8351905920819618,1.1349657455780604,1.1349657455780604,0.8261444619243715
T000198,2.649485336641531,2.649485336641531,2.962127082479011,2.962127082479011,2.9646403587084604,2.9646403587084604,3.002022231401175,3.002022231401175,2.445625050309945,2.445625050309945,3.002022231401175
T000199,0.4009509426590927,0.4009509426590927,0.40217988721344894,0.40217988721344894,0.49791996416104994,0.4818198383182974,0.5462605919925771,0.5462605919925771,0.5816751954627073,0.6439296062183031,0.4818198383182974
T000200,0.8769771902717711,0.8769771902717711,0.5309199264153306,0.7966389581927609,0.7966389581927609,0.7966389581927609,0.7966389581927609,0.7966389581927609,0.4512509218769365,0.4512509218769365,0.5286102978632718
T000201,0.4263193178897194,0.4263193178897194,0.40389766692215434,0.40389766692215434,0.4055349605643122,0.4055349605643122,0.4055349605643122,0.4055349605643122,0.4055349605643122,0.5319906382225279,0.9167062438235418
T000202,3.1007930172170206,2.9723477560122014,2.9723477560122014,2.9723477560122014,2.9723477560122014,2.9723477560122014,2.9723477560122014,2.9723477560122014,2.9723477560122014,2.9723477560122014,2.9723477560122014
T000203,1.0986614014430698,0.9057958475035155,0.8767366335960568,1.0986614014430698,1.0986614014430698,1.0986614014430698,1.0986614014430698,1.0986614014430698,0.9295652807744822,0.9295652807744822,0.9295652807744822
T000204,0.71517391462122,0.882535041765464,1.0864023159071694,1.0864023159071694,1.0461520920580711,1.0461520920580711,1.0461520920580711,1.0461520920580711,1.2089548546819662,1.2089548546819662,1.1307108220763538
T000205,0.5610458431662098,0.5610458431662098,0.5610458431662098,0.9123090434954533,0.9123090434954533,0.8337273907087974,0.8337273907087974,0.8036666537194416,0.8036666537194416,0.8036666537194416,0.6537840984738431
T000206,0.2627623134030446,0.2627623134030446,0.2629538949026997,0.6730926118177156,0.6730926118177156,0.6730926118177156,0.6730926118177156,0.6730926118177156,0.6730926118177156,0.6730926118177156,0.3435964616345425
T000207,1.3785093213311337,1.0688953096358391,1.0688953096358391,0.8085478071846569,2.0574182904987324,2.0574182904987324,1.7487666800044046,1.7487666800044046,1.7487666800044046,1.7487666800044046,1.4798007782927391
T000208,1.0010255458147839,1.8308690419884015,1.1682261350771637,1.03277229169444,1.03277229169444,1.03277229169444,1.1275474152749763,1.1275474152749763,1.0925883940959265,1.1238772079817096,1.03277229169444
T000209,1.298003110226612,2.126464156094269,2.126464156094269,2.1137460440065783,2.1137460440065783,2.1137460440065783,2.1137460440065783,2.2223913563418516,2.2223913563418516,0.8624005650652193,1.5705421948508078
T000210,0.5511972191284578,0.5511972191284578,0.5511972191284578,0.5511972191284578,0.5817502543569433,0.5817502543569433,1.1569926897356997,1.1569926897356997,0.7717190663304991,0.9221883277135613,0.5817502543569433
T000211,0.5737266111821955,0.5737266111821955,0.5013455438629123,0.5767314580276371,0.47884224751373317,0.47884224751373317,0.47884224751373317,0.47884224751373317,0.3729294045603709,0.3729294045603709,0.47884224751373317
T000212,0.9274470147088634,0.8082041315440548,0.9880983483854515,0.8793703849931569,0.8793703849931569,0.844122556859276,0.844122556859276,0.844122556859276,0.9448809553361947,1.0226906694922533,1.0226906694922533
T000213,0.11313407899024383,0.11313407899024383,0.06959964218922517,0.06959964218922517,0.06959964218922517,0.14402066967435043,0.14402066967435043,0.14402066967435043,0.14402066967435043,0.14402066967435043,0.1491092320471912
T000214,0.059705962873467286,0.059705962873467286,0.05912009824999422,0.05912009824999422,0.1459311779670336,0.11857878974508196,0.11857878974508196,0.11857878974508196,0.11857878974508196,0.11857878974508196,0.12342574090102638
T000215,0.5625075680501873,0.5625075680501873,0.31921212735400056,0.43357230674442476,0.5274747945497328,0.5102268953241083,0.5102268953241083,0.5102268953241083,0.5398493626504082,0.5398493626504082,0.5158462945361565
T000216,0.8397936878685095,0.9272740823988136,0.9272740823988136,0.9272740823988136,0.9272740823988136,0.9272740823988136,0.9272740823988136,0.9272740823988136,0.9272740823988136,0.9393512735429295,0.7944444444444445
T000217,0.41979586279183073,0.41979586279183073,0.41979586279183073,0.41681664070270086,0.721477155697782,0.3797142263152794,0.611115091543094,0.611115091543094,0.5712534170701119,0.5712534170701119,0.5219180529020359
T000218,0.4606643952477235,0.4606643952477235,0.45722159761779074,0.4574309941377575,0.4611048757656545,0.4611048757656545,0.4611048757656545,0.4611048757656545,0.4611048757656545,0.4611048757656545,0.4900101959233793
T000219,0.44834147250623346,0.4504884356711694,0.4504884356711694,0.43301406971268525,0.43301406971268525,0.44067021774031134,0.44067021774031134,0.44067021774031134,0.44067021774031134,0.5070883367584029,0.5034984403504551
T000220,0.10197122685093533,0.10197122685093533,0.10258789720714023,0.10349034184871703,0.10349034184871703,0.10349034184871703,0.10349034184871703,0.10349034184871703,0.10349034184871703,0.10349034184871703,0.10349034184871703
T000221,0.9821950589386058,0.9821950589386058,1.0143304117152856,0.9455309991305274,0.9413747931173211,0.9413747931173211,0.9413747931173211,0.9413747931173211,0.9413747931173211,0.9669096760853474,1.0056179775280898
T000222,2.4303026125824476,2.3522022333299084,2.4104917471662755,2.4104917471662755,2.4303026125824476,2.4303026125824476,2.4303026125824476,2.4303026125824476,2.4303026125824476,2.4303026125824476,2.739663582444852
T000223,0.4838552021627267,0.6095826297557644,0.6586095564190341,0.4838552021627267,0.5564102736617628,0.5564102736617628,0.5564102736617628,0.5564102736617628,0.5564102736617628,0.5564102736617628,0.7232142426837068
T000224,1.135729240102311,1.135729240102311,1.142830984088125,1.142830984088125,1.1183497099229895,1.135729240102311,1.0235123157405936,1.0235123157405936,1.3831723061759935,1.3831723061759935,1.837344239940259
T000225,0.6953074967642033,0.6953074967642033,0.6953074967642033,0.64543132697363,0.6190714800627701,0.5879157482584837,0.6357406344857914,0.6357406344857914,0.632855095066212,0.632855095066212,0.655050784007936
T000226,0.3233959223272259,0.3233959223272259,0.3233959223272259,0.3233959223272259,0.18775814570719332,0.18775814570719332,0.18775814570719332,0.18775814570719332,0.18775814570719332,0.2433360621396303,0.3311186536548835
T000227,0.590221980403279,0.7927208039099968,0.7306075913960953,0.7241271957751122,0.5881778150666164,0.18528950420753115,0.18528950420753115,0.8585801088045661,0.8083875722259358,0.8083875722259358,0.4159301007246861
T000228,1.495393734458891,1.5822241289684278,1.4689769725182587,1.4689769725182587,1.4689769725182587,1.5377798707370869,1.5377798707370869,1.5633677296869906,1.5822076061742016,1.5822076061742016,1.5328399039513905
T000229,1.0878350089387776,1.0878350089387776,1.0878350089387776,0.6670325345532431,0.35166019915067576,0.3997022080534473,0.3997022080534473,0.3997022080534473,0.3997022080534473,0.3997022080534473,0.4396576778399737
T000230,1.3246174853979753,1.3246174853979753,0.49987499864590457,0.49987499864590457,0.4989618259662828,0.4989618259662828,0.4989618259662828,0.4989618259662828,0.4989618259662828,0.4989618259662828,1.268379367125413
T000231,0.7016888134269813,0.7016888134269813,0.45830436580036993,0.49215700915558425,0.48741725769134564,0.48747521714755526,0.4852148121517167,0.4852148121517167,0.358450487710308,0.2053988524087849,0.4852148121517167
T000232,3.303346786642066,3.137073411434777,2.720239643931407,2.720239643931407,2.7321560198329786,2.7321560198329786,2.7321560198329786,2.7758058676619664,2.7758058676619664,2.7758058676619664,3.4973963213892474
T000233,1.2959308875637623,0.9016251190553932,0.9016251190553932,0.9016251190553932,0.7511234530573222,0.6193946053905194,0.6193946053905194,0.5059088947034589,0.5420909762710469,0.5420909762710469,1.1189032883214478
T000234,1.7366477799087783,1.7366477799087783,2.356653676365275,0.4587403585266155,1.0168383122257318,0.4760974994232547,0.4760974994232547,0.4760974994232547,0.4760974994232547,0.4760974994232547,1.205048789284566
T000235,1.3914851338784364,1.3914851338784364,0.15098352190593126,0.3668141980593008,0.3668141980593008,0.2734603196691065,0.2327377515310146,0.2080265998778064,0.2080265998778064,0.2080265998778064,1.4477882505626325
T000236,0.7738547769960663,0.7738547769960663,1.075738703944842,1.075738703944842,0.7966109839266591,0.7519953336723852,0.7519953336723852,0.7519953336723852,0.7317113836660863,1.0634050509738509,1.0634050509738509
T000237,0.8470961749029607,0.8470961749029607,1.2257847235904624,1.242504364303652,1.7007936525236644,0.8388166914147482,0.8690320079624684,2.0992392146989105,1.2340575130075104,1.0419624313092029,1.8468732337503866
T000238,0.6464416377351979,0.6464416377351979,0.6049319532829652,0.6471996295029271,0.6471996295029271,0.4338744921830223,0.4338744921830223,0.4338744921830223,0.4338744921830223,0.4338744921830223,0.5053520837882599
T000239,2.500564747757521,2.500564747757521,2.500564747757521,2.3213595511499747,2.3213595511499747,2.2339622742049667,2.2339622742049667,2.2339622742049667,1.730702527232154,1.730702527232154,2.2491807340459307
T000240,2.21603278940847,2.465087101918893,2.465087101918893,2.3291044215734162,2.3291044215734162,1.7678348260312104,1.7678348260312104,2.49236366906162,2.49236366906162,2.49236366906162,2.3644944399580146
T000241,0.77947912247786,1.008877307859549,1.008877307859549,1.0856958050952934,0.8658125568189345,0.8658125568189345,0.8658125568189345,0.7854151631156432,0.7854151631156432,0.7854151631156432,0.8432328195071941
T000242,0.29929637165140727,0.29929637165140727,0.29929637165140727,0.42731416260416427,0.42731416260416427,0.42731416260416427,0.42731416260416427,0.45115074470175975,0.45115074470175975,0.45115074470175975,0.3124086585508318
T000243,0.8546343810134702,0.8546343810134702,0.8546343810134702,0.8546343810134702,0.8546343810134702,0.8546343810134702,0.7230481413562073,0.7230481413562073,0.7230481413562073,0.7230481413562073,0.8546343810134702
T000244,0.638630249691578,0.5279879762086731,0.5279879762086731,0.5279879762086731,0.7778772979298978,0.7456685263665802,0.7456685263665802,0.7456685263665802,1.6462854985292215,1.6462854985292215,0.5896345596844765
T000245,2.392055865272227,2.392055865272227,2.404463322789491,2.404463322789491,2.5178575383073682,2.5178575383073682,2.5178575383073682,2.2036851167882063,2.3721749226194198,2.3721749226194198,2.3883679876456045
T000246,0.3027522230873253,0.2722549976124061,0.3027522230873253,0.4232604446269394,0.4232604446269394,0.4232604446269394,0.14854480321573305,0.14854480321573305,0.27208690720200296,0.27208690720200296,0.34389238015958734
T000247,0.28978989375094416,0.3236862463827754,0.3236862463827754,0.3236862463827754,0.3236862463827754,0.3236862463827754,0.30027185586195954,0.30027185586195954,0.30027185586195954,0.3186161252769506,0.3593541806855867
T000248,0.3014997680771015,0.32323181426078684,0.32323181426078684,0.32323181426078684,0.32323181426078684,0.32323181426078684,0.3396507743980689,0.3396507743980689,0.3396507743980689,0.3396507743980689,0.39798999958687514
T000249,0.13180202583556752,0.24875515599907033,0.24875515599907033,0.24875515599907033,0.24875515599907033,0.24875515599907033,0.24875515599907033,0.24875515599907033,0.8026821799720825,0.8026821799720825,0.3998509692139375
T000250,0.47449310239438447,0.33178430251417135,0.3333955483897102,0.3333955483897102,0.3112512375779799,0.4175390621971159,0.4175390621971159,0.4175390621971159,0.4175390621971159,0.4175390621971159,0.3112512375779799
T000251,0.3834354580783545,0.4493190633580986,0.4493190633580986,0.4493190633580986,0.4511107130778167,0.4511107130778167,0.4511107130778167,0.4511107130778167,0.4511107130778167,0.4511107130778167,0.3452791878475766
T000252,0.2577324560081407,0.2577324560081407,0.2546838348794818,0.2546838348794818,0.2974422120759933,0.2538930639687924,0.2538930639687924,0.2548617870080856,0.28360891445003594,0.24862594618504888,0.28360891445003594
T000253,0.6629832174491321,0.6458481810545003,0.826210737837959,0.826210737837959,0.4856914774533898,0.423729088608836,0.423729088608836,0.3761412351297246,0.5010340423028317,0.4280769405539062,0.4239737274220033
T000254,0.23198368183991724,0.35314237903360124,0.35314237903360124,0.38229798665075765,0.3971861684371748,0.3971861684371748,0.3971861684371748,0.3971861684371748,0.13607251233990886,0.47755670871206346,0.3971861684371748
T000255,2.984914189090709,2.984914189090709,2.9241611443318587,3.0091317399052584,2.705074217389733,3.1703558558693454,2.891100582686367,2.891100582686367,2.7903222923374735,2.1003660058098177,2.8161599432154265
T000256,0.951951091189789,0.951951091189789,0.924545179104781,0.9873265950942329,0.9873265950942329,0.9873265950942329,0.9873265950942329,0.9914794369395745,1.006962687234762,1.0024737397541905,0.9595654296139875
T000257,0.3949734348431468,0.4686758681286027,0.4686758681286027,0.4017890608129233,0.4017890608129233,0.4017890608129233,0.4017890608129233,0.4017890608129233,0.5344336000655259,0.603936475545475,0.4017890608129233
T000258,0.6067299867248348,0.6067299867248348,0.545330009421977,0.545330009421977,0.5449439337603664,0.5449439337603664,0.5449439337603664,0.5449439337603664,0.5449439337603664,0.5449439337603664,0.6201453851510593
T000259,1.2021789019769917,1.2047387948218553,1.2021789019769917,1.2248360359713855,1.2248360359713855,1.2248360359713855,1.1953176184244045,1.2062706417166773,2.162258589521195,1.9784911021918592,1.1953176184244045
T000260,0.38285137908268885,0.38285137908268885,0.38285137908268885,0.3226371859348587,0.3226371859348587,0.3226371859348587,0.3226371859348587,0.3226371859348587,0.3226371859348587,0.5000599778478964,0.3226371859348587
T000261,0.41009077164892976,1.0250584010112338,1.0250584010112338,1.0250584010112338,1.0250584010112338,1.0250584010112338,1.0250584010112338,1.0250584010112338,0.7189037216715957,0.7189037216715957,1.0167739639276068
T000262,1.0043925691869244,1.0043925691869244,0.929918119851405,0.929918119851405,1.053652641526718,1.0604196971258844,1.0604196971258844,1.0604196971258844,1.0604196971258844,0.7288074575052759,0.7663306115647391
T000263,0.9789375010235297,0.7815878196810078,0.7815878196810078,0.7815878196810078,0.7815878196810078,0.7815878196810078,0.7815878196810078,0.7231942144973575,0.7231942144973575,0.7231942144973575,0.8372556442615723
T000264,0.7673885319165684,0.7673885319165684,0.7673885319165684,0.7673885319165684,0.6598114751297928,0.6697398425865753,0.6697398425865753,1.0368903378727181,0.6179892492214122,0.6179892492214122,0.7352694309216048
T000265,0.5677001875728492,0.5332269848021691,0.5517782987007964,0.5535263694110191,0.5535263694110191,0.30584310187633557,0.30584310187633557,0.30584310187633557,0.30584310187633557,0.30584310187633557,0.5002983293556086
T000266,0.30193352299651893,0.30193352299651893,0.20297589552999223,0.20297589552999223,0.22606783047710952,0.22606783047710952,0.22606783047710952,0.22606783047710952,0.22606783047710952,0.22606783047710952,0.3096149328647991
T000267,0.6110491165300426,0.2968069824772389,0.2968069824772389,0.2968069824772389,0.2968069824772389,0.3134137079013728,0.3134137079013728,0.3134137079013728,0.3134137079013728,0.3134137079013728,0.542951076211685
T000268,0.46055982232977694,0.46739392641114885,0.46563931130545144,0.47771654784119816,0.46278736160567646,0.48119011636108444,0.47298550137481304,0.47298550137481304,0.47298550137481304,0.4615206877068888,0.4615206877068888
T000269,1.5736222981194703,1.5114782986120028,1.5114782986120028,1.5114782986120028,1.5114782986120028,1.5114782986120028,1.5114782986120028,1.5114782986120028,1.6026941715360246,1.6026941715360246,1.4809078449667377
T000270,0.2999375278143968,0.2999375278143968,0.3202656790501437,0.3249131366390141,0.2667570732609911,0.254683299712511,0.254683299712511,0.2955954809798786,0.5021783181013714,0.43757494475500586,0.2641624603139599
T000271,0.39592274098964464,0.3036581363046549,0.5029161266432143,0.5029161266432143,0.5029161266432143,0.5029161266432143,0.5029161266432143,0.5029161266432143,0.22122906653836322,0.22122906653836322,0.320110184394899
T000272,0.6347045725035847,0.6291279616921601,0.6291279616921601,0.6291279616921601,0.88725549422713,0.88725549422713,0.88725549422713,0.88725549422713,0.6294255851514118,0.6294255851514118,0.8188373276395163
T000273,2.5184755067567566,2.642028231966509,2.642028231966509,2.642028231966509,2.820913388178065,2.820913388178065,2.882332994776781,2.882332994776781,2.882332994776781,2.882332994776781,2.6682661878932294
T000274,3.2264744608739386,3.0776004026571004,3.0776004026571004,3.0776004026571004,3.3098318478826103,3.387557062881001,3.387557062881001,3.387557062881001,3.387557062881001,3.387557062881001,3.387557062881001
T000275,2.386395760865462,2.218624954206681,2.155470697534434,2.34382980535808,1.9605306835012868,1.9605306835012868,2.2856872103394412,2.2856872103394412,2.2856872103394412,2.3992327761849777,1.9605306835012868
T000276,1.8064518224304393,1.2041573757857822,1.2041573757857822,1.4463487076289696,1.4176393906275946,1.8486654069167183,1.8486654069167183,1.5929865483027812,1.5707205495255232,1.5707205495255232,1.4463487076289696
T000277,3.8498559496743647,3.0247100391589217,2.345177876548425,2.345177876548425,2.168787182132316,2.168787182132316,2.168787182132316,2.393721346001925,2.1250369172277703,2.1250369172277703,2.9045413938874356
T000278,0.7139774058331468,0.7139774058331468,0.9035511542623852,0.7454317443088458,0.7454317443088458,0.7454317443088458,0.7454317443088458,0.5020192700712786,0.9708357278687015,0.5843276714606088,1.1864528778202288
T000279,1.5225683686922304,1.5225683686922304,1.5243685188322282,1.5978350791231966,1.8004779101919515,2.904706236301696,2.904706236301696,2.904706236301696,3.086575273997632,3.086575273997632,1.6944444444444444
T000280,1.3480752004244778,1.2188676379372172,1.769356743292555,1.9028954545088674,1.9028954545088674,1.9028954545088674,1.9028954545088674,1.9028954545088674,1.9028954545088674,1.9028954545088674,1.1320704814813507
T000281,1.5536809740416282,1.5536809740416282,1.5536809740416282,0.9236927199822116,0.9236927199822116,1.815785320436165,1.815785320436165,1.4811417581472912,1.4811417581472912,1.4811417581472912,2.9867802205570144
T000282,1.6244171694309482,0.6603232758491536,0.6603232758491536,0.6603232758491536,0.6384309754379071,1.561445893174602,1.7575515762846077,1.7575515762846077,1.7461859926632086,1.7461859926632086,1.8383126265567846
T000283,5.045116916239669,2.497351103945544,2.497351103945544,2.497351103945544,2.497351103945544,2.497351103945544,2.497351103945544,2.497351103945544,2.3479981605552878,2.1409125974123215,4.0604853707274575
T000284,0.8243174487366569,0.8243174487366569,0.8243174487366569,0.8243174487366569,0.8243174487366569,0.8298554799044245,0.8298554799044245,0.8298554799044245,0.3005474567484331,0.5020502770584883,0.8243174487366569
T000285,0.9572271525954237,0.9370580057804047,0.9370580057804047,0.9370580057804047,0.7549588271017103,0.7549588271017103,0.7549588271017103,0.7549588271017103,0.7329936124997227,0.7329936124997227,1.173718778902529
T000286,1.3798308158863202,1.1649554377743063,1.2806586857245412,1.398328382915476,1.2822210525900277,1.224300143746457,1.224300143746457,1.224300143746457,1.224300143746457,1.1369097048049006,1.1708699624338759
T000287,0.6112252515295368,0.9248040313806251,0.9248040313806251,0.9248040313806251,0.9248040313806251,0.9248040313806251,0.9248040313806251,0.9248040313806251,0.9248040313806251,0.9248040313806251,0.4096869070057975
T000288,0.32532774968772726,0.3128604757822471,0.3128604757822471,0.3128604757822471,0.3128604757822471,0.956716781270085,0.7963796584612749,0.8429368062290657,0.8429368062290657,0.8429368062290657,0.9042691905400877
T000289,0.772672825151273,0.772672825151273,0.41070640014077486,0.41070640014077486,0.41070640014077486,0.1871659874782095,0.1351540128805533,0.1351540128805533,0.1351540128805533,0.1351540128805533,0.6602707062542196
T000290,1.1652758245556583,0.8279507764636174,0.8279507764636174,0.980684106937509,0.980684106937509,0.9407536834362784,0.9407536834362784,0.9407536834362784,1.6223733319003524,0.7657825158402254,1.045132743362832
T000291,1.1239696198666385,2.6674419619327407,2.6674419619327407,3.1694183168335788,3.1694183168335788,3.1694183168335788,3.1694183168335788,3.1694183168335788,3.1694183168335788,3.1694183168335788,1.9818440866138682
T000292,0.13881746370109055,0.5898312599348555,0.41416753243553994,0.5898312599348555,0.5898312599348555,0.7259148857935777,0.7717128015950897,0.7717128015950897,0.7717128015950897,0.7717128015950897,0.1691294919784115
T000293,1.0788018455922739,1.0788018455922739,1.0788018455922739,0.493049463355775,1.5737121314490432,1.5737121314490432,1.5737121314490432,0.32374064271859704,0.7196639592549027,1.167128404714521,1.2845728526534548
T000294,0.5356749534056643,0.24927362023374175,0.3197927762216183,0.3197927762216183,0.27984275221067856,0.27984275221067856,0.2667815140184337,0.2887926015096405,0.2887926015096405,0.2887926015096405,0.23441746304203612
T000295,0.23793023890731516,0.23793023890731516,0.41952506637641124,0.41952506637641124,0.41952506637641124,0.47768840271325647,0.4574711183729172,0.4574711183729172,0.4574711183729172,0.4574711183729172,0.5537535992379091
T000296,0.20512280773524721,0.6858281703725249,0.6858281703725249,0.6858281703725249,0.6858281703725249,1.170463542025983,1.170463542025983,1.170463542025983,1.0337784245819897,1.0337784245819897,1.5122462813079587
T000297,0.5921172228260937,0.5393670292262254,0.5921172228260937,0.6447222724442395,0.6447222724442395,0.6447222724442395,0.22473124865666777,0.22473124865666777,0.22473124865666777,0.23790360468066826,0.9592863677950595
T000298,2.2907397871813524,1.3223068223163064,1.3223068223163064,1.3223068223163064,1.4677357529409263,2.5750046123302006,2.5750046123302006,2.5750046123302006,2.5750046123302006,2.5750046123302006,2.162800343385288
T000299,1.079798696730835,1.4862739972345977,1.3122596350211464,1.3122596350211464,1.0754353650138773,1.0754353650138773,1.0754353650138773,1.0754353650138773,1.2543229131745888,1.2543229131745888,0.2003011643295771
T000300,0.3232797059393905,0.29650241340557554,0.29650241340557554,0.29650241340557554,0.29650241340557554,0.29650241340557554,0.29650241340557554,0.29650241340557554,0.5895480346322344,0.5895480346322344,0.10960160851918654
T000301,1.03096165831341,1.03096165831341,0.6976030307604836,0.6976030307604836,0.41329675251085696,0.25687732298275007,0.25687732298275007,0.25687732298275007,0.25687732298275007,0.2557850630689839,0.7899020006932053
T000302,0.17673536972222648,0.19505187815919944,0.19505187815919944,0.19505187815919944,0.19505187815919944,0.19505187815919944,0.19505187815919944,0.19505187815919944,0.19505187815919944,0.19505187815919944,0.2813505106068894
T000303,0.9869492111510966,0.9869492111510966,0.4036111065307404,0.3245379553557107,0.34864075486888496,0.34864075486888496,0.34864075486888496,0.34864075486888496,0.34864075486888496,0.34864075486888496,1.236448598130841
T000304,1.1213744003934434,0.48716109998646484,0.48716109998646484,0.2137302658643861,0.1506024666246952,0.1506024666246952,0.1506024666246952,0.1506024666246952,0.1506024666246952,0.1506024666246952,0.6912955055687693
T000305,2.1003823084424362,2.1003823084424362,1.9659676031296585,1.9659676031296585,1.9659676031296585,1.9659676031296585,1.9659676031296585,1.9659676031296585,1.9666727321682074,1.9666727321682074,2.064554742712591
T000306,1.4609223086609826,1.9533579692661893,2.7183461971551393,2.7183461971551393,2.746220492832739,2.746220492832739,2.746220492832739,2.746220492832739,2.746220492832739,2.746220492832739,1.5914245834985152
T000307,0.13079567457155297,0.36111666172133267,0.16745894618504237,0.16745894618504237,0.4060850407445075,0.4060850407445075,0.4060850407445075,0.4060850407445075,0.4060850407445075,0.4060850407445075,0.6072585601756464
T000308,0.5220182741323388,0.8787914754382143,0.9181773278961242,0.47116643515607454,0.6950559244342093,0.6950559244342093,1.3259566854969491,1.5559041586705622,1.5559041586705622,1.5559041586705622,1.6612929512694117
T000309,0.31238350461020076,0.16496131150180876,0.2068843390715617,0.24311782414765873,0.24311782414765873,0.24311782414765873,0.21858777531252865,0.21545510822132427,0.1585512130050958,0.1585512130050958,0.4047922035712857
T000310,0.25861174852367586,0.25861174852367586,0.43084307082292406,0.4257910151318123,0.5774808571861603,0.5774808571861603,0.5774808571861603,0.5774808571861603,0.5774808571861603,0.5774808571861603,0.3526161885088506
T000311,0.20300293615054543,0.20300293615054543,0.20300293615054543,0.3679163339494932,0.3679163339494932,0.3679163339494932,0.5659285264127154,0.5659285264127154,0.5659285264127154,0.5659285264127154,0.6479620610050013
T000312,0.31399622196189975,0.38378981777332705,0.38378981777332705,0.27091217908233245,0.27091217908233245,0.32866137010942886,0.32866137010942886,0.32866137010942886,0.25680756883463507,0.2118353949167796,0.32866137010942886
T000313,0.8648924216333855,0.9188635255645359,0.9823768764096875,0.9823768764096875,0.925097832092351,0.925097832092351,0.7782697099792393,0.9538535535957121,0.9058923078778289,0.678973903859163,0.7437331675989227
T000314,0.7638120129900458,0.7638120129900458,0.771285810496542,0.881085079777814,0.881085079777814,0.9022340864709658,0.9022340864709658,0.8588225523377635,0.8588225523377635,0.8588225523377635,0.34632066298457703
T000315,0.8886695525093022,0.7057253368983527,0.8886695525093022,0.5741170484038757,0.5035254800696707,0.5035254800696707,0.5035254800696707,0.5035254800696707,0.2567432968417535,0.2567432968417535,0.2708859157175114
T000316,0.39012580597794677,0.33121025888522787,0.3102805114791848,0.3102805114791848,0.3102805114791848,0.3102805114791848,0.33312134459636406,0.33312134459636406,0.33155112387023294,0.33155112387023294,0.4520554322661203
T000317,0.4457032932016522,0.4457032932016522,0.4457032932016522,0.4457032932016522,0.4457032932016522,0.4457032932016522,0.4457032932016522,0.4457032932016522,0.4457032932016522,0.4457032932016522,1.5854432387841868
T000318,1.1120463250852513,1.2545983840174257,1.2545983840174257,1.1247760142980212,1.1247760142980212,1.1247760142980212,1.1247760142980212,1.1247760142980212,1.1247760142980212,1.1247760142980212,1.5151237448948927
T000319,0.3717331164497229,0.5652624826517278,0.49982239973922754,0.9156940463336611,0.9278269943157961,0.9112596423958792,0.9112596423958792,0.9112596423958792,0.9112596423958792,0.9112596423958792,0.3832934670199998
T000320,2.924187092505801,2.924187092505801,2.924187092505801,2.924187092505801,2.924187092505801,2.924187092505801,2.924187092505801,2.924187092505801,1.9796033652882334,1.9796033652882334,3.007713974659453
T000321,0.7961778752731018,0.7961778752731018,0.7273495374460907,0.7273495374460907,0.794710728221361,0.794710728221361,0.794710728221361,0.794710728221361,0.794710728221361,0.794710728221361,0.724087291536568
T000322,0.18845301221633484,0.5779682002795918,0.4174171179330524,0.19322536643783153,0.2972017803194142,0.28413618251657763,0.28413618251657763,0.28413618251657763,0.28413618251657763,0.28413618251657763,0.21826551347093723
T000323,0.7531725689819292,0.9755811089820604,0.9755811089820604,0.9755811089820604,0.9207622723118675,0.9207622723118675,0.9207622723118675,0.5927580624264838,0.5927580624264838,0.6154612056107603,0.8866553641714449
T000324,0.26612885412674575,0.26612885412674575,0.20608973011591833,0.20608973011591833,0.2666783542162413,0.2666783542162413,0.2666783542162413,0.2666783542162413,0.2666783542162413,0.2666783542162413,0.26056755362391715
T000325,0.6078052923121712,0.6078052923121712,0.2969073343865967,0.2969073343865967,0.2969073343865967,0.2969073343865967,0.2969073343865967,0.2969073343865967,0.2969073343865967,0.2969073343865967,0.7567744555413969
T000326,0.33682177094904014,0.33682177094904014,0.3807922716018751,0.679488565695377,0.679488565695377,0.679488565695377,0.679488565695377,0.679488565695377,0.679488565695377,0.679488565695377,0.5834076718468956
T000327,0.6623193270338105,0.5639387289229633,0.5639387289229633,0.5639387289229633,0.5409819531954926,0.5409819531954926,0.5409819531954926,0.5409819531954926,0.5409819531954926,0.5409819531954926,0.726979481976514
T000328,0.18257958736212543,0.9461043404557978,0.9461043404557978,0.9461043404557978,0.9461043404557978,0.9461043404557978,0.9461043404557978,0.9461043404557978,0.9461043404557978,0.9461043404557978,0.19355062242216212
T000329,0.07941709469528964,0.07941709469528964,0.08083906465819037,0.3706300577278125,0.46831941870902,0.46831941870902,0.5652847508802651,0.5652847508802651,0.5652847508802651,0.5652847508802651,0.06118952435339804
T000330,1.2798971019010834,1.2798971019010834,1.3642849529628132,0.9719614977112256,0.9719614977112256,1.1282203097361632,1.2092226338723162,1.2092226338723162,1.2092226338723162,1.2092226338723162,1.6543851536470875
T000331,0.6742138840772514,1.0667550742790686,1.0590914008607217,1.0590914008607217,1.0590914008607217,1.0315553735003526,1.0315553735003526,1.0315553735003526,1.0315553735003526,1.0315553735003526,0.7620312464750311
T000332,1.3222745056212497,1.3222745056212497,1.4587089193732734,1.4587089193732734,1.4587089193732734,1.024025641633566,1.024025641633566,0.6239569381996114,0.6239569381996114,0.6239569381996114,0.8824042767763883
T000333,0.8000572481693294,0.8000572481693294,0.8000572481693294,0.9183851515943198,0.9183851515943198,0.9183851515943198,0.9183851515943198,1.2496310102018156,0.8948100559100518,0.8948100559100518,0.47643830507374013
T000334,0.40466496937570506,0.5993152186695906,0.5204615817936451,0.5204615817936451,0.5366046962851075,1.1046022268845,0.7022678808832381,1.1761505948456272,1.1761505948456272,1.1761505948456272,0.15328228849857362
T000335,1.89480396427332,2.3093692425778793,2.3093692425778793,2.3093692425778793,2.3093692425778793,2.3093692425778793,2.3093692425778793,2.3093692425778793,2.3093692425778793,2.3093692425778793,1.8368353736524758
T000336,3.5832329069747333,3.5832329069747333,4.240185440084119,3.80759012563882,4.134693666749088,4.134693666749088,3.938230994152047,3.938230994152047,3.9586456934242342,3.9586456934242342,3.938230994152047
T000337,0.2236557856603339,0.2236557856603339,0.3445608505680766,0.1990466567267541,0.1990466567267541,0.38388020814213475,0.527581066434118,0.3147916140351508,0.5631152062201774,0.5631152062201774,0.7784257023940486
T000338,0.5900382594730158,0.8915932150637259,0.5878870559015668,0.5878870559015668,0.5878870559015668,0.5878870559015668,0.5878870559015668,0.9109999300623525,0.9109999300623525,0.9109999300623525,1.5723005710362805
T000339,0.5282994611857691,0.6430307008740784,0.4716491650065705,0.4716491650065705,0.4716491650065705,0.4716491650065705,0.4716491650065705,0.4716491650065705,0.5172743292854048,0.5172743292854048,0.6111830449297136
T000340,1.8331662039768708,1.8331662039768708,1.8036630206579105,1.8036630206579105,1.8036630206579105,2.069916500107744,2.069916500107744,2.069916500107744,2.0848742312483997,2.0848742312483997,2.1006831555753003
T000341,0.5871108339824012,0.5829893868681272,0.5760106699312668,0.5682058865026945,0.5682058865026945,0.6470949725096432,0.6209324884424128,0.6209324884424128,0.6209324884424128,0.6338808844629245,0.6209324884424128
T000342,0.8132496796060946,0.8132496796060946,0.9962762475040499,0.9962762475040499,0.9279359927992731,0.9279359927992731,0.9279359927992731,1.1842119113580987,1.1842119113580987,0.4556509394311063,0.5142869024065926
T000343,3.511324287951038,3.5308038329453857,3.5308038329453857,3.7209181677288057,3.7209181677288057,4.163220008653738,4.163220008653738,4.163220008653738,4.163220008653738,4.163220008653738,3.1253709537506276
T000344,0.5678588141004709,0.6534335680611667,0.45324433751588783,1.3665974335171394,1.4546308637650558,1.4546308637650558,1.4546308637650558,1.4546308637650558,0.5280984348775862,0.5280984348775862,0.6143591729544673
T000345,0.5615567965611609,0.5615567965611609,0.2779446332108926,0.783749987179605,0.49817563638875134,0.49817563638875134,0.4932211332949635,0.6185893411305259,0.6663882624226816,0.6663882624226816,0.31592437153347397
T000346,0.9662283819395096,0.9662283819395096,0.6510488785669414,0.6510488785669414,0.8737568198381696,0.8737568198381696,0.7199154035136691,0.7199154035136691,0.7199154035136691,0.825984578335459,0.6636387855313781
T000347,1.59171599495311,1.9979351174646962,1.9979351174646962,1.2039740499315372,1.2039740499315372,1.2039740499315372,1.2039740499315372,1.4765831868395143,1.4765831868395143,1.4765831868395143,2.08664457385541
T000348,0.9268451648047634,0.9268451648047634,0.5875158833704466,1.2140673143733551,1.2140673143733551,1.0944672610265447,1.0944672610265447,1.0944672610265447,1.0944672610265447,1.0944672610265447,0.8161690115997
T000349,1.5272153562704351,1.5272153562704351,0.773340357029068,0.773340357029068,0.773340357029068,0.773340357029068,0.773340357029068,0.7554452028970953,0.7554452028970953,0.7554452028970953,1.5337330031712932
T000350,0.6709618108569924,0.4460099048143846,0.4460099048143846,0.4460099048143846,0.44740791283978537,0.6553824969138141,0.6553824969138141,0.6553824969138141,0.6553824969138141,0.6553824969138141,0.8033571879604293
T000351,0.9523929711828727,1.0016056408124683,0.9251801868826329,0.9251801868826329,0.9686236552420483,0.9225279743463123,1.3265139089195377,1.3265139089195377,1.2259610965390195,1.2243926412816335,0.9683631262165239
T000352,1.3241946758941476,1.3241946758941476,1.3241946758941476,1.3241946758941476,1.6319222616512332,0.39979533144735896,0.39979533144735896,0.39979533144735896,0.39979533144735896,0.39979533144735896,1.3241946758941476
T000353,3.3239132746562743,0.41709354817084565,3.0722010730702696,2.5727940428180136,0.78543618979771,0.9991193044490025,0.9991193044490025,0.9991193044490025,0.9991193044490025,0.9991193044490025,2.3832241950611914
T000354,0.6186007233297747,0.6186007233297747,0.6186007233297747,0.611328533741066,1.3591153531978222,1.3591153531978222,1.3591153531978222,1.3591153531978222,1.3591153531978222,1.3591153531978222,0.5888299216578217
T000355,0.4795166845981968,0.28985317317480525,0.28985317317480525,0.28985317317480525,0.28985317317480525,0.28985317317480525,0.2540620369143313,0.2540620369143313,0.2540620369143313,0.2540620369143313,0.8001977370328646
T000356,0.4103985935172983,0.4103985935172983,0.4103985935172983,0.4103985935172983,0.2148962884359352,0.2148962884359352,0.23441633773336135,0.23441633773336135,0.23441633773336135,0.23441633773336135,1.230813507290867
T000357,1.4900197573506475,1.4900197573506475,0.3909968499663507,0.3909968499663507,0.3909968499663507,0.3909968499663507,0.3909968499663507,0.3909968499663507,0.3909968499663507,0.3909968499663507,1.4765950494240667
T000358,0.5673160936137698,0.619541781946076,0.5935540406023859,0.5935540406023859,0.961727317992471,1.3869691736787244,1.0960997379746558,1.0960997379746558,1.0960997379746558,1.0960997379746558,0.5389724575725732
T000359,0.8762031756120385,0.1376137104883523,0.1376137104883523,0.12995478953276202,0.32287393879211984,0.32287393879211984,0.32287393879211984,0.32287393879211984,0.32287393879211984,0.32287393879211984,1.0029201422259264
T000360,0.6117091006053545,0.8658082237714181,0.8172310624918546,0.6018269755978525,0.6018269755978525,0.6018269755978525,0.8462604630485449,0.8462604630485449,0.8462604630485449,0.8462604630485449,0.6644577243950063
T000361,0.2932023480483643,0.2932023480483643,0.3854883524873828,0.2932023480483643,0.2932023480483643,0.36171575433403036,0.5144275119440544,0.33452409686468354,0.33452409686468354,0.2427964664844987,0.3317074692438337
T000362,0.662252956842544,0.662252956842544,1.0119009590493362,0.7124993196325975,0.6951551874898597,0.7678899062350139,0.308369309798229,0.308369309798229,0.7310309940170946,0.7310309940170946,1.3322252593272943
T000363,0.8763803206985822,0.8763803206985822,0.8763803206985822,0.8763803206985822,0.9463300779702245,0.9737087724115427,0.7550011278140607,0.7550011278140607,0.7550011278140607,0.7550011278140607,0.9463300779702245
T000364,1.409554097425698,1.5264000683441552,1.5264000683441552,1.5264000683441552,1.3896561390406932,0.817272514983654,0.817272514983654,0.817272514983654,0.817272514983654,0.5641073155829853,1.4237359133037082
T000365,1.443654923061629,1.443654923061629,1.443654923061629,0.9072940335690908,0.9072940335690908,0.9072940335690908,0.8794045827951789,0.8794045827951789,0.9486798573701009,0.9486798573701009,1.3914044512663086
T000366,1.542856206601705,1.2693728892170073,1.3403885545431782,1.3403885545431782,1.3403885545431782,1.5899364007228858,1.3724036431355968,1.861614655386463,1.861614655386463,1.861614655386463,1.3724036431355968
T000367,0.4296883728687198,0.4296883728687198,0.4296883728687198,0.4296883728687198,0.4296883728687198,0.4296883728687198,0.6391903148364552,0.6391903148364552,0.4140004250930304,0.4140004250930304,0.7754447679954715
T000368,1.0955710971104813,0.4166170817234399,0.4166170817234399,0.4166170817234399,1.5131255262681647,1.5131255262681647,2.761456137268258,1.112522346843831,1.112522346843831,1.01607681217791,2.4699976288815924
T000369,0.520198221860448,0.520198221860448,0.520198221860448,0.520198221860448,0.7758552730043903,0.7758552730043903,0.48718860221878973,0.48718860221878973,0.48718860221878973,0.48718860221878973,0.9868988459484989
T000370,0.2582099571992968,0.6915830982606029,0.5433355407679544,0.22076069097007622,0.8018799531117743,0.8018799531117743,1.4514708892759285,1.4514708892759285,2.1278306637037407,2.1278306637037407,0.8153988050757642
T000371,1.0093909348274601,0.9128238011630002,0.9128238011630002,1.054639477263066,1.054639477263066,1.1037816339317346,1.1037816339317346,1.1037816339317346,0.499897108982609,0.499897108982609,1.1037816339317346
T000372,0.5350342807132977,0.5350342807132977,0.6184063834440402,0.6184063834440402,0.42401294849818133,0.42401294849818133,0.42401294849818133,0.42401294849818133,0.42401294849818133,0.42401294849818133,0.5821967924057623
T000373,0.5212915255978151,0.5212915255978151,0.5775289511808867,0.48822846902131684,0.4477437322565168,0.4477437322565168,0.4477437322565168,0.4477437322565168,0.5608479852466386,0.548729769537646,0.4817420897718911
T000374,0.84896643984551,0.84896643984551,0.8657378340212522,1.288696172363617,1.288696172363617,1.288696172363617,1.288696172363617,1.288696172363617,1.288696172363617,1.288696172363617,0.4391915978642374
T000375,0.4113485254047895,0.4113485254047895,0.5702423622343005,0.49849409563304153,0.49849409563304153,0.5396918497166322,0.49646295191404366,0.4863088396257702,0.4863088396257702,0.6273367336175116,0.5374490437297231
T000376,1.5741988660798631,1.7165017869057078,1.6245697989086985,1.6245697989086985,1.2367317149693426,1.0421279431904236,1.0421279431904236,1.0421279431904236,0.7554414911071906,1.1428316682633721,1.5443010415436784
T000377,0.18344909345931107,0.18344909345931107,0.18344909345931107,0.18946242393469098,0.18946242393469098,0.18946242393469098,0.18946242393469098,0.18946242393469098,0.18946242393469098,0.18946242393469098,0.25281840712576686
T000378,1.4652442946906075,0.963894939303381,1.4652442946906075,1.342503075851566,1.634872954024005,1.634872954024005,1.634872954024005,1.634872954024005,1.634872954024005,1.634872954024005,0.6448445775138237
T000379,0.29563488978695857,0.29563488978695857,0.29563488978695857,0.21231647481315435,0.2700095355374436,0.2700095355374436,0.2700095355374436,0.2700095355374436,0.2700095355374436,0.2700095355374436,0.2995206745849826
T000380,0.8553773076346487,1.1997281075801318,0.5730940359991125,0.5730940359991125,0.5730940359991125,0.5730940359991125,0.5730940359991125,0.5730940359991125,0.5730940359991125,0.5730940359991125,0.510677242739827
T000381,0.6830726396773996,0.9338546848221443,0.8824908917544828,0.7262943042593586,0.7262943042593586,0.7262943042593586,0.7262943042593586,0.7262943042593586,0.7262943042593586,0.7262943042593586,0.7386293328655764
T000382,0.17704931229170245,0.19553593154102364,0.19553593154102364,0.19553593154102364,0.19553593154102364,0.19553593154102364,0.19553593154102364,0.19553593154102364,0.19553593154102364,0.19553593154102364,0.27985333581950717
T000383,0.44568584169421044,0.44568584169421044,0.44568584169421044,0.44568584169421044,0.44568584169421044,0.44568584169421044,0.44568584169421044,0.44568584169421044,0.44568584169421044,0.44568584169421044,1.5856035753339988
T000384,1.3225017269564834,1.3225017269564834,1.4594014261891939,1.4594014261891939,1.4594014261891939,1.0254013921803855,1.0254013921803855,0.6245604401269512,0.6245604401269512,0.6245604401269512,0.8829691278230436
T000385,1.5918056621451648,1.9982830150363309,1.9982830150363309,1.2039662849388546,1.2039662849388546,1.2039662849388546,1.2039662849388546,1.4767559342534118,1.4767559342534118,1.4767559342534118,2.086466165413534
T000386,0.662076292238556,0.662076292238556,1.0115139001201834,0.7122243273505707,0.6947202156112006,0.7677114910999281,0.3081978432683148,0.3081978432683148,0.7307753010822672,0.7307753010822672,1.3307497354813163
T000387,0.6114183439268976,0.9252236916400416,0.9252236916400416,0.9252236916400416,0.9252236916400416,0.9252236916400416,0.9252236916400416,0.9252236916400416,0.9252236916400416,0.9252236916400416,0.4081056339130977
T000388,0.5579346826302704,0.5808921048622568,0.6135564793431354,0.6048272366645198,0.6048272366645198,0.6048272366645198,0.6048272366645198,0.6048272366645198,0.6048272366645198,0.6048272366645198,0.35778409735315453
T000389,0.7020072222397117,0.44476318557174976,0.8976294643164618,0.7020072222397117,0.9196488823935438,0.9196488823935438,0.9196488823935438,0.9196488823935438,0.9196488823935438,0.9196488823935438,0.17799213772768002
T000390,1.4738493678714346,2.098613054650654,2.098613054650654,2.098613054650654,2.098613054650654,2.098613054650654,2.098613054650654,2.098613054650654,2.098613054650654,2.098613054650654,1.1241311513618253
T000391,0.568255984802399,0.5850241664863148,0.6946340967040395,0.6946340967040395,0.5994437361691025,0.4653899644465028,0.7222246864428156,0.967732677579142,0.9072386569768321,0.9072386569768321,0.4699909747292419
T000392,0.755080458184365,0.755080458184365,0.755080458184365,0.755080458184365,0.755080458184365,0.8407865437458256,0.8407865437458256,0.8407865437458256,0.8407865437458256,0.8407865437458256,0.43168741261632126
T000393,0.973882018053256,0.5885734116073283,0.973882018053256,0.7619391821501119,0.8242974128275409,0.7600587345961164,0.7600587345961164,0.7600587345961164,0.7600587345961164,0.7600587345961164,0.549766680927561
T000394,0.9040886003022078,0.9040886003022078,0.9167501737229983,0.9288857616245048,0.9288857616245048,0.9288857616245048,0.9288857616245048,0.9288857616245048,0.9288857616245048,0.9288857616245048,0.1824670498149179
T000395,0.6830726396773996,0.9338546848221443,0.8824908917544828,0.7262943042593586,0.7262943042593586,0.7262943042593586,0.7262943042593586,0.7262943042593586,0.7262943042593586,0.7262943042593586,0.7386293328655764
T000396,0.5441432992957889,0.5441432992957889,0.3889696727910064,0.4464367519031953,0.6721249047981721,0.6721249047981721,0.6721249047981721,0.6721249047981721,0.9994274732024431,0.9994274732024431,0.6721249047981721
T000397,0.7175724586450634,0.7175724586450634,0.7363352249139472,0.7175724586450634,0.8233677196776958,0.8233677196776958,0.8233677196776958,0.8233677196776958,0.8233677196776958,0.8233677196776958,0.6874553165107306
T000398,0.6830726396773996,0.9338546848221443,0.8824908917544828,0.7262943042593586,0.7262943042593586,0.7262943042593586,0.7262943042593586,0.7262943042593586,0.7262943042593586,0.7262943042593586,0.7386293328655764
T000399,0.3680845846322658,0.3680845846322658,0.4114467339566667,0.43904115233987706,0.3680845846322658,0.3458716419622919,0.37886470372298364,0.7113131195757442,0.7846790255801948,0.613013127749592,0.37886470372298364
T000400,0.7437770661877057,0.7437770661877057,0.7735402719127757,0.8840684237872267,0.8840684237872267,0.8840684237872267,0.8840684237872267,0.8840684237872267,0.8840684237872267,0.8840684237872267,0.4760417310041914
T000401,0.6114183439268976,0.9252236916400416,0.9252236916400416,0.9252236916400416,0.9252236916400416,0.9252236916400416,0.9252236916400416,0.9252236916400416,0.9252236916400416,0.9252236916400416,0.4081056339130977
T000402,0.38102704180827907,0.38102704180827907,0.38102704180827907,0.38102704180827907,0.5976136807262535,0.5976136807262535,0.5976136807262535,0.5976136807262535,0.5976136807262535,0.5976136807262535,0.3108420603116862
T000403,0.7095175873968204,0.5803979400802457,1.2535808613955295,1.2535808613955295,1.2535808613955295,1.2535808613955295,1.3830797697214683,1.5743256894542368,1.5743256894542368,1.5743256894542368,1.9839460779795808
T000404,1.5708831099092435,1.5673840356399273,1.541355112972888,0.9570469542379669,0.9570469542379669,0.9570469542379669,0.9570469542379669,0.9570469542379669,0.9570469542379669,0.9570469542379669,1.7251947118347482
T000405,1.7480531154916088,1.7480531154916088,1.7480531154916088,1.6020103181516068,1.6020103181516068,1.9983407033098026,1.9342401653459695,1.9342401653459695,1.9342401653459695,1.9342401653459695,1.3705975050514152
T000406,1.4652442946906075,0.963894939303381,1.4652442946906075,1.342503075851566,1.634872954024005,1.634872954024005,1.634872954024005,1.634872954024005,1.634872954024005,1.634872954024005,0.6448445775138237
T000407,0.6159667723962766,0.6159667723962766,0.5900725876441582,0.43284969742365503,0.5193561497899523,0.5421920882346866,0.48885070877564113,0.48885070877564113,0.46123457048032684,0.4524328805198949,0.521556274766836
T000408,2.084251546555674,2.084251546555674,2.084251546555674,2.115972761271757,2.115972761271757,2.1787478729048275,2.1787478729048275,3.082596630514643,3.082596630514643,3.082596630514643,2.1267574842631474
T000409,1.295846559993653,1.295846559993653,1.295846559993653,1.3544869475035919,1.2538466985316832,1.3141706688995007,2.0251673603211184,2.0251673603211184,2.0251673603211184,2.0251673603211184,1.4193011647254576
T000410,0.4600452418952735,0.4600452418952735,0.4612645081273294,0.3219869626762885,0.3219869626762885,0.3219869626762885,0.6436789100155184,0.6436789100155184,0.6513258470784574,0.7040327350188281,0.39101173418372
T000411,0.8073109056410133,0.7320462291189571,0.7320462291189571,1.2910696564561686,1.2910696564561686,1.3987906770161684,1.3987906770161684,1.3987906770161684,1.3987906770161684,1.3987906770161684,0.8759801726173243
T000412,1.55070295751432,1.55070295751432,1.613511571639443,1.6559974405023772,1.6559974405023772,1.6559974405023772,1.5788966050977444,1.5788966050977444,1.553999331927,1.553999331927,1.6412092752793526
T000413,1.5481967944209483,1.6035065000232789,1.6035065000232789,1.6035065000232789,1.2848350894513032,1.2848350894513032,1.2560127015823106,1.2560127015823106,1.2560127015823106,1.2560127015823106,1.3450225388562143
T000414,1.3225017269564834,1.3225017269564834,1.4594014261891939,1.4594014261891939,1.4594014261891939,1.0254013921803855,1.0254013921803855,0.6245604401269512,0.6245604401269512,0.6245604401269512,0.8829691278230436
T000415,0.4741603539828543,0.44944800824206127,0.4719589845831774,0.4719589845831774,0.41729615422719074,0.41729615422719074,0.6527521414937772,0.46828274821132726,0.4601756618022849,0.43190490767666356,0.42068295711775855
T000416,1.898990040180319,1.898990040180319,2.0430176394626796,2.0430176394626796,2.0430176394626796,2.0033871688600384,2.0639178778876066,2.06999880833884,2.164845469518702,2.064269598665402,2.0639178778876066
T000417,1.4975206786664919,1.6357742348751192,1.6357742348751192,1.6357742348751192,1.6357742348751192,1.6357742348751192,1.6357742348751192,1.6357742348751192,1.6357742348751192,1.6357742348751192,1.4642551130648584
T000418,0.5284426721958682,0.5284426721958682,0.548751672669941,0.41329674616493783,0.46707065544542853,0.46707065544542853,0.402322057390181,0.402322057390181,0.27743898841681547,0.29802336611096314,0.4307518294841445
T000419,1.023722211897535,1.0380960520400124,1.0987537072212794,1.0807562291489234,0.6069774748734288,1.2416672109334423,1.2416672109334423,1.2416672109334423,1.2416672109334423,1.281084927915272,1.1691953724205215
T000420,0.37320921777140187,0.7543122554592905,0.38623636254232474,0.3996218738714421,0.4237755073746884,0.4237755073746884,0.4237755073746884,0.4237755073746884,0.4364726701677129,0.4364726701677129,0.5933860398891926
T000421,0.33584322106301845,0.3875087644058217,0.3562839268375494,0.254932430412315,0.254932430412315,0.254932430412315,0.254932430412315,0.254932430412315,0.254932430412315,0.254932430412315,0.5188317264294078
T000422,0.8764484591933316,0.8764484591933316,0.8764484591933316,0.8764484591933316,1.0210651354448015,1.0210651354448015,0.9999329970958744,0.9999329970958744,0.9999329970958744,0.9999329970958744,1.287144104202565
T000423,0.5294927420968792,0.9118415925215592,0.1197708179730406,0.3326061131507653,0.12178489136374361,0.122470850729265,0.122470850729265,0.122470850729265,0.122470850729265,0.122470850729265,0.8859194905104232
T000424,0.14500065802146392,0.2345548418530221,0.34280381686647154,0.14500065802146392,0.14500065802146392,0.14500065802146392,0.3055598271752402,0.3055598271752402,0.19190573770491803,0.19190573770491803,0.2107436210945245
T000425,0.7429751366357871,0.637455358195888,0.7429751366357871,0.6634458909682669,0.7378706122797654,0.7378706122797654,0.7378706122797654,0.7378706122797654,0.7378706122797654,0.7378706122797654,0.7380191729455664
T000426,0.9685359198531315,0.9685359198531315,1.146923470730098,0.9458055000580284,0.6519436556134749,0.6519436556134749,0.6519436556134749,0.6519436556134749,0.6519436556134749,0.6103414422095176,1.249190231725719
T000427,1.2439416519138995,0.502075308487136,0.502075308487136,0.502075308487136,0.502075308487136,0.502075308487136,0.502075308487136,0.502075308487136,0.502075308487136,0.502075308487136,1.2788773148148147
T000428,1.774253266204094,1.0481153533655292,1.0481153533655292,1.0481153533655292,1.0481153533655292,1.0481153533655292,1.0481153533655292,1.0481153533655292,1.0481153533655292,1.0481153533655292,1.3858199559332705
T000429,0.20147193295392285,0.4610358764472038,0.4610358764472038,0.4476624685868984,0.4476624685868984,0.4476624685868984,0.4476624685868984,0.4476624685868984,0.8941419464664898,0.8941419464664898,0.5936288682551543
T000430,0.17704931229170245,0.19553593154102364,0.19553593154102364,0.19553593154102364,0.19553593154102364,0.19553593154102364,0.19553593154102364,0.19553593154102364,0.19553593154102364,0.19553593154102364,0.27985333581950717
T000431,0.15924190229756024,0.13348933008989652,0.13348933008989652,0.11818213251225093,0.11818213251225093,0.11818213251225093,0.11818213251225093,0.11818213251225093,0.2503637078173773,0.2503637078173773,0.8299319475052936
T000432,1.298977434117163,1.2496482651183054,1.2496482651183054,1.0642497404647684,1.1847947505217362,1.269064233880066,1.1785134464933933,1.1785134464933933,1.1785134464933933,1.1785134464933933,1.2984653402152828
T000433,0.7767009652008127,1.6296595516394383,1.6296595516394383,1.6296595516394383,1.0932793550734472,1.0932793550734472,0.9990350053872644,0.9990350053872644,0.8937258030526013,0.8937258030526013,0.8675798196277623
T000434,1.1697446886015839,0.7170901534044896,0.7170901534044896,0.7170901534044896,0.6905029741693995,0.6905029741693995,0.6905029741693995,0.6905029741693995,0.6905029741693995,0.6905029741693995,0.8119565874293279
T000435,0.707867401499568,0.5780802265942488,0.5780802265942488,0.5780802265942488,0.5780802265942488,0.5780802265942488,0.5780802265942488,0.5780802265942488,0.5780802265942488,0.5780802265942488,0.5462256200325575
T000436,0.4683850880490433,0.4383273585666173,0.4383273585666173,0.4383273585666173,0.4581403478107211,0.4581403478107211,0.4581403478107211,0.4581403478107211,0.48953867892091324,0.48953867892091324,0.5168679401239801
T000437,0.6752698819156452,0.6752698819156452,0.6752698819156452,1.2783770203761906,0.26712202854449535,0.27350481313276453,0.27991441019419455,0.31489308442434855,0.31489308442434855,0.31489308442434855,0.31489308442434855
T000438,0.892467093747292,0.892467093747292,0.892467093747292,0.892467093747292,0.892467093747292,0.892467093747292,0.892467093747292,0.892467093747292,0.892467093747292,0.892467093747292,0.8622173665526666
T000439,2.0301622254079694,2.0301622254079694,2.0301622254079694,1.6855690514769492,1.2844458801557854,0.9886892571856124,0.9886892571856124,0.9886892571856124,0.9886892571856124,1.1887226156448254,1.199626901301668
T000440,1.5469113224898043,1.5469113224898043,0.916493946130838,0.916493946130838,0.7162456079412192,1.4717410882139572,1.3182488382416315,1.3182488382416315,1.3182488382416315,1.3182488382416315,1.3182488382416315
T000441,0.8260135842933918,0.8260135842933918,0.8489483525379471,0.8260135842933918,0.8608118297335786,0.9975285769523433,0.825502890078164,0.9407801926353783,0.9407801926353783,0.9407801926353783,1.0324197289977766
T000442,0.7162724298066264,0.7162724298066264,0.9734109643511121,0.7162724298066264,0.975683063123466,1.154519495345936,1.154519495345936,1.1556547438118987,1.1556547438118987,1.1556547438118987,1.1556547438118987
T000443,0.2224244284360364,0.18316127935165835,0.18316127935165835,0.19858710429209656,0.19858710429209656,0.19858710429209656,0.19858710429209656,0.19858710429209656,0.19858710429209656,0.19858710429209656,0.19858710429209656
T000444,0.9555897556435109,0.7431878220884441,0.7431878220884441,0.8234555020255021,0.8359358096731361,0.8359358096731361,0.8359358096731361,0.8359358096731361,0.8359358096731361,0.8330377487012284,0.9266253458425693
T000445,0.3873475763331812,0.2501027631182131,0.2501027631182131,0.2908894196265515,0.31078116207236534,0.29071331751173446,0.3224731985850376,0.3224731985850376,0.3224731985850376,0.3224731985850376,0.3224731985850376
T000446,0.38912917135962116,0.20035686233285552,0.20035686233285552,0.20035686233285552,0.20035686233285552,0.20035686233285552,0.20035686233285552,0.20035686233285552,0.20035686233285552,0.20035686233285552,0.20035686233285552
T000447,0.4034865969812134,0.3670422575794856,0.3670422575794856,0.37264409997646764,0.368703404317379,0.368703404317379,0.368703404317379,0.368703404317379,0.368703404317379,0.368703404317379,0.3800034250837506
T000448,0.6556398378580967,0.45509898222590217,0.45509898222590217,0.5229669238327892,0.5229669238327892,0.5229669238327892,0.5229669238327892,0.5229669238327892,0.5229669238327892,0.5229669238327892,0.5229669238327892
T000449,0.18578345150204953,0.18121112868328518,0.18121112868328518,0.18121112868328518,0.209253654633665,0.15230293286851146,0.15230293286851146,0.15230293286851146,0.15230293286851146,0.15230293286851146,0.44373277081584844
T000450,2.247659254240206,1.8536787626226061,1.8536787626226061,2.2826024152222746,2.2826024152222746,2.2826024152222746,2.347870971678203,2.347870971678203,2.347870971678203,2.347870971678203,2.179194279415193
T000451,0.6058109169525178,0.5815000598432417,0.5815000598432417,0.5815000598432417,0.5874584369475061,0.5641159849856614,0.5641159849856614,0.5641159849856614,0.5645192796030764,0.5645192796030764,0.9600443119318149
T000452,0.43540023313601744,0.43540023313601744,0.3385258743211655,0.3385258743211655,0.4532692030983021,0.5184132344699142,0.5184132344699142,0.5184132344699142,0.4215160834757996,0.4215160834757996,0.6386470875666398
T000453,0.4683850880490433,0.4383273585666173,0.4383273585666173,0.4383273585666173,0.4581403478107211,0.4581403478107211,0.4581403478107211,0.4581403478107211,0.48953867892091324,0.48953867892091324,0.5168679401239801
T000454,0.7717458348975568,0.427449900946855,0.8841670434840913,0.5327794763550073,0.6224028050407567,0.6224028050407567,0.6224028050407567,0.6224028050407567,0.6224028050407567,0.6224028050407567,1.137528316893359
T000455,0.17741314980909215,0.46644797006004785,0.46501632895726064,0.46501632895726064,1.0682047903773326,1.0682047903773326,1.334475411551199,1.334475411551199,1.3812416346173908,1.3812416346173908,1.3812416346173908
T000456,1.4382253780138627,0.8015119739726332,1.670044987897762,0.743286663506859,0.743286663506859,0.743286663506859,0.743286663506859,0.743286663506859,1.670044987897762,0.6668144764187017,0.6829999446133183
T000457,0.7919626709509798,0.8974228065959069,0.7108937191609652,0.8940876067379852,0.7233892160905578,0.7233892160905578,0.7233892160905578,0.7233892160905578,0.7233892160905578,0.7233892160905578,0.7233892160905578
T000458,0.7402042046256531,0.7442704146933448,0.8359992706184745,0.7466244571091106,0.7466244571091106,1.3334929828207494,1.3334929828207494,1.2959709742537697,0.8200674416477358,0.8200674416477358,0.6401740181757172
T000459,1.0986321095138916,2.469654952733126,2.469654952733126,0.5245014408790429,0.534578600315393,0.534578600315393,0.534578600315393,0.534578600315393,0.534578600315393,0.39379384152582714,0.42045193403102543
T000460,0.7162724298066264,0.7162724298066264,0.9734109643511121,0.7162724298066264,0.975683063123466,1.154519495345936,1.154519495345936,1.1556547438118987,1.1556547438118987,1.1556547438118987,1.1556547438118987
T000461,0.7136563332401892,0.7136563332401892,0.7990802345958062,0.38263915586957675,0.38263915586957675,0.38263915586957675,0.38263915586957675,0.45807217721812865,0.45807217721812865,0.45807217721812865,0.5095214622194003
T000462,0.5455101640417348,0.5455101640417348,0.8337158759637421,0.8337158759637421,0.8337158759637421,0.795015059336741,0.795015059336741,0.795015059336741,0.9138241924178686,0.9138241924178686,0.7526881311865165
T000463,0.8570785909829635,0.8662183359402035,0.8662183359402035,0.8734232943771614,0.8734232943771614,0.8734232943771614,0.8734232943771614,0.8734232943771614,0.8734232943771614,0.8734232943771614,0.9941280025943342
T000464,0.7848713286242047,0.7848713286242047,0.43597319623516295,0.43597319623516295,0.3925292593175927,0.3925292593175927,0.3925292593175927,0.3925292593175927,0.3925292593175927,0.3925292593175927,0.8963725108651256
T000465,0.12895700169336305,0.12895700169336305,0.12895700169336305,0.1081753654117392,0.07755091927610713,0.07755091927610713,0.07755091927610713,0.07755091927610713,0.07755091927610713,0.07755091927610713,0.4758343541905229
T000466,1.1189464977799874,0.48654943263982137,0.48654943263982137,0.21661187144761818,0.15062099161065828,0.15062099161065828,0.15062099161065828,0.15062099161065828,0.15062099161065828,0.15062099161065828,0.691141912208823
T000467,0.37488514775496984,0.5692591500789451,0.5692591500789451,0.9177781173885834,0.9291617402938219,0.9130414105919927,0.9130414105919927,0.9130414105919927,0.9130414105919927,0.9130414105919927,0.38150734501528555
T000468,0.40112737627337,0.40112737627337,0.519710868489126,0.519710868489126,0.5352476809501742,1.1036505103087662,0.7021445887098681,1.1773040861190125,1.1773040861190125,1.1773040861190125,0.15314096690870396
T000469,1.5263532974291996,1.5263532974291996,0.7726966688089525,0.7726966688089525,0.7726966688089525,0.7726966688089525,0.7726966688089525,0.7539576391241325,0.7539576391241325,0.7539576391241325,1.5331134096494796
T000470,1.4088884056263025,1.5255796818498006,1.5255796818498006,1.5255796818498006,1.3886128615005096,0.8160729077102501,0.8160729077102501,0.8160729077102501,0.8160729077102501,0.5635558594267884,1.4227589841278467
T000471,0.7707796173434224,0.7707796173434224,0.41006610429204976,0.41006610429204976,0.41006610429204976,0.18954070912783033,0.13387250726548308,0.13387250726548308,0.13387250726548308,0.13387250726548308,0.6599309178277393
T000472,0.5141767250552739,0.778294807938772,0.4698554135347559,0.4698554135347559,0.35994697302309375,0.35994697302309375,0.35994697302309375,0.35994697302309375,0.35994697302309375,0.35994697302309375,0.45704518334507044
T000473,1.8509499698768168,1.9246235527408404,1.9246235527408404,2.323029329443936,2.323029329443936,1.989958922866271,2.5056716851584726,2.440447960547884,2.440447960547884,2.440447960547884,2.3194441231187706
T000474,1.3139889267442002,1.212673850113511,1.4364260767046593,1.3139889267442002,1.5297288752917984,1.5297288752917984,1.5297288752917984,1.5297288752917984,1.316799429186549,1.316799429186549,1.3725755240549962
T000475,2.8725160864159336,3.358016067558954,3.358016067558954,3.358016067558954,3.279168288686007,3.360775290440732,3.360775290440732,3.360775290440732,3.360775290440732,3.360775290440732,2.8792566665755155
T000476,3.5663233423158545,3.5663233423158545,3.5663233423158545,5.160750640368446,3.5014273854817266,3.5014273854817266,3.7997190515044097,3.7997190515044097,2.1927040616032323,2.1927040616032323,5.622769864272895
T000477,0.3880055887880319,0.36105560505222667,0.38337411088643586,0.38337411088643586,0.28746947496947484,0.28746947496947484,0.28746947496947484,0.28746947496947484,0.6250211267680308,0.42604226690424496,0.3762795918539535
T000478,0.33924262336432015,0.606173114529637,0.606173114529637,0.6040788002638917,0.6040788002638917,0.6040788002638917,0.6040788002638917,1.1863744920712174,0.7569582830790403,0.8726756522137915,1.1863744920712174
T000479,0.25439295411631296,0.1877982677614018,0.22101522574870214,0.22101522574870214,0.5813747132371674,0.5813747132371674,0.5813747132371674,0.5880630787573852,0.5880630787573852,0.5880630787573852,0.5489951906561327
T000480,0.6661481785445513,0.39162731597162287,0.39162731597162287,0.39162731597162287,0.5155270873014234,0.5155270873014234,0.5155270873014234,0.6220591670944579,0.5058646291873868,0.2795379296008953,0.40520563217445954
T000481,0.4950507199345771,0.8080681892984101,0.8080681892984101,0.8080681892984101,0.8080681892984101,0.8829078815984318,0.8829078815984318,0.8829078815984318,0.8829078815984318,0.8829078815984318,0.2651251461447125
T000482,0.4917144399440183,0.827594885638952,0.7891831295091286,0.7891831295091286,0.7891831295091286,0.7733884333106674,0.8880579636109184,0.8880579636109184,0.8880579636109184,1.0665743726918826,0.7864134856861543
T000483,0.5455101640417348,0.5455101640417348,0.8337158759637421,0.8337158759637421,0.8337158759637421,0.795015059336741,0.795015059336741,0.795015059336741,0.9138241924178686,0.9138241924178686,0.7526881311865165
T000484,2.0276448780944825,2.6254724604263595,1.714376767388059,1.714376767388059,2.7751599467861205,2.7751599467861205,2.1318038055767436,1.8039864998941217,1.8039864998941217,1.8039864998941217,1.6621484402822844
T000485,0.7328065981819043,0.7328065981819043,0.7328065981819043,0.7328065981819043,1.759947640906215,1.0483076162377294,1.0483076162377294,1.5502965185918895,1.1465072188570018,1.1465072188570018,0.7659742674468577
T000486,0.40662039848265014,0.18074845717841354,0.17677910711776343,0.17677910711776343,0.27587026745108445,0.27587026745108445,1.1285607333797143,1.1285607333797143,1.1285607333797143,0.8241577048470347,0.6246844492789071
T000487,0.5455101640417348,0.5455101640417348,0.8337158759637421,0.8337158759637421,0.8337158759637421,0.795015059336741,0.795015059336741,0.795015059336741,0.9138241924178686,0.9138241924178686,0.7526881311865165
T000488,1.408606462978134,1.408606462978134,1.408606462978134,1.3866450632703518,1.3866450632703518,1.3971216870903391,1.3388774687680116,1.3388774687680116,1.2710047633239603,0.6968307073923278,1.3971216870903391
T000489,0.3153708080309522,0.49372965490995396,0.14449529311437526,0.1376472287828657,1.0376227351455394,1.0376227351455394,0.9150147726352338,0.9150147726352338,0.9150147726352338,0.9150147726352338,0.16165568835330815
T000490,0.40112737627337,0.40112737627337,0.519710868489126,0.519710868489126,0.5352476809501742,1.1036505103087662,0.7021445887098681,1.1773040861190125,1.1773040861190125,1.1773040861190125,0.15314096690870396
T000491,0.5063415415246639,0.5063415415246639,0.666482764388672,0.32645458177790193,0.32645458177790193,0.32645458177790193,1.0313422404699677,0.7882944348769371,0.5262698147698608,0.5262698147698608,0.42315697475590114
T000492,0.966224407805324,0.966224407805324,0.9302325581395344,0.9137931034482757,0.9058183433871136,0.9058183433871136,0.970847273864033,0.970847273864033,0.970847273864033,1.0889793687251421,0.9058183433871136
T000493,0.3530958352898972,0.3530958352898972,0.3530958352898972,0.6023329273689,0.6023329273689,0.8733765491947861,0.8733765491947861,0.19935220187500083,0.19935220187500083,0.3111533611228484,0.27988291796468207
T000494,0.40112737627337,0.40112737627337,0.519710868489126,0.519710868489126,0.5352476809501742,1.1036505103087662,0.7021445887098681,1.1773040861190125,1.1773040861190125,1.1773040861190125,0.15314096690870396
T000495,0.8904534417706865,0.40491907430270446,0.41222861177683146,0.41222861177683146,0.29220482550872967,0.29220482550872967,0.44049230439470444,0.44049230439470444,0.44049230439470444,0.44049230439470444,0.3390498523282512
T000496,0.2682015289985233,0.4808413154918018,0.942580606023575,0.942580606023575,0.942580606023575,0.942580606023575,0.942580606023575,0.942580606023575,0.942580606023575,0.942580606023575,0.20730769470738686
T000497,0.5030283958703131,0.4527446804743918,0.4527446804743918,0.5030283958703131,0.3507894093290577,0.4167306336043143,0.353180919424234,0.353180919424234,0.31951209167120176,0.4174129333441774,0.415912690172532
T000498,1.5026533859786648,1.347704546259294,1.5959191502002337,1.4758238947224949,1.765723482892421,1.9765089188268814,1.624956695462724,1.624956695462724,1.7693398713348742,1.7171088771451914,2.114270941054811
T000499,0.3608351521002267,0.4908002505218135,0.4908002505218135,0.4908002505218135,0.46215049183948836,0.41335690563378247,0.41335690563378247,0.42511852024559155,0.3710204194577026,0.20334667969411038,0.42511852024559155
T000500,0.7776738532265389,0.7776738532265389,0.7776738532265389,0.7776738532265389,0.7776738532265389,0.7776738532265389,0.8640531710952711,0.9164531463004503,0.9164531463004503,0.9164531463004503,0.22666353420243518
T000501,0.3481324363673775,0.39793101343435533,0.39793101343435533,0.3942773084029706,0.26478118049491417,0.26478118049491417,0.26478118049491417,0.26478118049491417,0.26478118049491417,0.26478118049491417,0.5623924324209836
T000502,1.1189464977799874,0.48654943263982137,0.48654943263982137,0.21661187144761818,0.15062099161065828,0.15062099161065828,0.15062099161065828,0.15062099161065828,0.15062099161065828,0.15062099161065828,0.691141912208823
T000503,0.7797172796451691,0.7797172796451691,0.7797172796451691,0.22970004456335796,0.22970004456335796,0.21607577711102033,0.3137924197062003,0.312946684722937,0.312946684722937,0.312946684722937,0.7797172796451691
T000504,0.22773887173387286,0.22773887173387286,0.22773887173387286,0.2293934819264601,0.2293934819264601,0.22765310003804454,0.22765310003804454,0.22765310003804454,0.22765310003804454,0.2297852495109977,0.22765310003804454
T000505,0.960924361095878,0.960924361095878,1.6757678619926086,1.6757678619926086,1.6757678619926086,1.6757678619926086,1.6757678619926086,1.4547199385274767,1.4547199385274767,1.4547199385274767,1.4547199385274767
T000506,0.5886860565929335,0.5886860565929335,0.6964879372415265,0.4565712044475809,0.4528232266631121,0.4528232266631121,0.4528232266631121,0.4528232266631121,0.4528232266631121,0.5617168280569923,0.8944906250678669
T000507,0.9761665875610583,0.9761665875610583,0.9393151522791793,0.9393151522791793,0.6809230443264322,0.6809230443264322,0.6809230443264322,0.6809230443264322,0.6809230443264322,0.6809230443264322,1.2059098764814926
T000508,0.2582002708363448,0.2582002708363448,0.2582002708363448,0.2582002708363448,0.34148998077584414,0.34148998077584414,0.34148998077584414,0.34148998077584414,0.34148998077584414,0.34148998077584414,0.3234585715873773
T000509,1.9603461475562372,1.9603461475562372,1.9603461475562372,1.955407877756801,1.955407877756801,1.955407877756801,1.9427266757337192,1.7643421209571097,1.795966771220029,1.8362416107382549,1.8362416107382549
T000510,2.2731651674789854,2.2731651674789854,2.2790433065841396,2.2790433065841396,2.2790433065841396,2.2790433065841396,2.2790433065841396,2.2790433065841396,2.2509845735545326,2.2509845735545326,2.2509845735545326
T000511,0.740081269914986,0.22074929039774174,0.7882859532231705,0.7573328792250963,0.5196569297287891,0.5196569297287891,0.3481439136253398,0.3481439136253398,0.7287118701172122,0.6050584399804136,0.40652518193451864
T000512,1.3616404604754964,1.3616404604754964,1.3616404604754964,1.889865133375852,1.889865133375852,1.889865133375852,1.889865133375852,1.889865133375852,1.6394975679025985,0.9258519266433474,1.6394975679025985
T000513,1.541683859155874,1.0609974443094508,1.8629037142848344,1.8629037142848344,1.660695581563697,1.355210878743254,1.5463775962489428,1.355210878743254,1.6233552631578947,1.6233552631578947,1.6233552631578947
T000514,0.3164223380188007,0.3164223380188007,0.22222437161719447,0.22222437161719447,0.22222437161719447,0.22222437161719447,0.22222437161719447,0.22222437161719447,0.31929308309157217,0.31929308309157217,0.1839622772191448
T000515,0.4960197259479757,0.4960197259479757,0.4960197259479757,0.4960197259479757,0.43547543462777444,0.525996443142587,0.525996443142587,0.525996443142587,0.525996443142587,2.6383723836177704,0.525996443142587
T000516,0.1758635653433975,0.1758635653433975,0.1758635653433975,0.1758635653433975,0.23001801925154852,0.17984992965452554,0.17984992965452554,0.17984992965452554,0.19047969754411395,0.19047969754411395,0.17094140284829878
T000517,0.4458833619210978,0.4458833619210978,0.4458833619210978,0.4458833619210978,0.6140982709544065,0.6140982709544065,0.6140982709544065,0.6140982709544065,0.606166877001408,0.606166877001408,0.4458833619210978
T000518,0.39842478765061545,0.39702374334975,0.394271948608137,0.394271948608137,0.394271948608137,0.394271948608137,0.8072527890057064,0.7570737699077282,0.8412959313575147,0.8412959313575147,0.394271948608137
T000519,0.19674154615685488,0.30075952570689024,0.30075952570689024,0.30075952570689024,0.3109965834025846,0.3109965834025846,0.3109965834025846,0.3109965834025846,0.3109965834025846,0.3109965834025846,0.45858166540874146
T000520,0.22266518455906736,0.22266518455906736,0.2802650395724498,0.2802650395724498,0.2802650395724498,0.3750000000000081,0.3750000000000081,0.3750000000000081,0.3750000000000081,0.3750000000000081,0.7076735852847496
T000521,0.7501808212663384,0.78452444293501,0.7372185712579659,0.7372185712579659,0.7372185712579659,0.7372185712579659,0.7372185712579659,0.7372185712579659,0.7372185712579659,0.7372185712579659,0.7372185712579659
T000522,0.2582002708363448,0.2582002708363448,0.2582002708363448,0.2582002708363448,0.34148998077584414,0.34148998077584414,0.34148998077584414,0.34148998077584414,0.34148998077584414,0.34148998077584414,0.3234585715873773
T000523,0.5116042976082561,0.5116042976082561,0.7076736666711584,0.7076736666711584,0.7966432880878005,0.7966432880878005,0.7966432880878005,0.7966432880878005,0.7966432880878005,0.7098574634617965,0.5116042976082561
T000524,0.2780644741050519,0.27182243824057684,0.27182243824057684,0.2756999594981857,0.2756999594981857,0.2756999594981857,0.2756999594981857,0.2756999594981857,0.2756999594981857,0.2756999594981857,0.2423012597899922
T000525,2.4805945474872795,2.2927013826629983,2.2927013826629983,2.391340055259995,2.391340055259995,2.269335558791575,2.3921052631578945,2.3921052631578945,2.3921052631578945,2.3921052631578945,2.3921052631578945
T000526,0.2582002708363448,0.2582002708363448,0.2582002708363448,0.2582002708363448,0.34148998077584414,0.34148998077584414,0.34148998077584414,0.34148998077584414,0.34148998077584414,0.34148998077584414,0.3234585715873773
T000527,3.985466376775358,0.9467526067493747,0.9502743637108025,0.9502743637108025,0.9502743637108025,0.9502743637108025,0.9502743637108025,0.9502743637108025,0.9502743637108025,0.9502743637108025,0.9787499999999999
T000528,0.4034218765182179,0.4034218765182179,0.4034218765182179,0.4034218765182179,0.4034218765182179,0.4034218765182179,0.4034218765182179,0.5317682144170516,0.37919648804290146,0.4199327877167409,0.4034218765182179
T000529,1.541683859155874,1.0609974443094508,1.8629037142848344,1.8629037142848344,1.660695581563697,1.355210878743254,1.5463775962489428,1.355210878743254,1.6233552631578947,1.6233552631578947,1.6233552631578947
T000530,2.0356728578553387,3.244400513073348,2.2147340191683025,2.2147340191683025,2.2147340191683025,2.2147340191683025,2.2147340191683025,1.890908483808403,3.1504601557160483,3.1504601557160483,3.1504601557160483
T000531,1.109106185565652,1.109106185565652,1.109106185565652,1.109106185565652,1.109106185565652,1.109106185565652,1.109106185565652,1.109106185565652,1.109106185565652,1.109106185565652,1.109106185565652
T000532,1.5895356823892557,1.4426354602266738,1.5835984597478414,1.5835984597478414,1.5835984597478414,1.618510477717906,1.618510477717906,1.618510477717906,1.6184019370460048,1.6184019370460048,1.6184019370460048
T000533,0.960924361095878,0.960924361095878,1.6757678619926086,1.6757678619926086,1.6757678619926086,1.6757678619926086,1.6757678619926086,1.4547199385274767,1.4547199385274767,1.4547199385274767,1.4547199385274767
T000534,1.17504392978644,1.17504392978644,0.8979743146800127,0.8979743146800127,0.9908480184692586,0.9908480184692586,0.9908480184692586,0.9908480184692586,0.9908480184692586,0.9908480184692586,2.308152793614595
T000535,2.2731651674789854,2.2731651674789854,2.2790433065841396,2.2790433065841396,2.2790433065841396,2.2790433065841396,2.2790433065841396,2.2790433065841396,2.2509845735545326,2.2509845735545326,2.2509845735545326
T000536,3.5464109304543863,3.5464109304543863,3.3635649460195363,3.3635649460195363,3.3635649460195363,3.3635649460195363,3.3635649460195363,3.3635649460195363,3.3635649460195363,3.3635649460195363,3.3635649460195363
T000537,0.6872727468391416,0.0,1.4274360377931832,1.721870051823972,1.721870051823972,1.0084631521380565,1.721870051823972,1.721870051823972,1.6813613558056653,1.8443505267562625,1.0084631521380565
T000538,0.27225939083589956,0.27225939083589956,0.27225939083589956,0.27225939083589956,0.2526614564742448,0.2526614564742448,0.2526614564742448,0.2526614564742448,0.24352495262160456,0.24352495262160456,0.24352495262160456
T000539,0.4402987200235745,0.7557464652186565,0.7557464652186565,0.7557464652186565,0.22788240093114867,0.22788240093114867,0.34714738543751283,0.3357904526205084,0.3357904526205084,0.3357904526205084,0.7557464652186565
T000540,0.7797172796451691,0.7797172796451691,0.7797172796451691,0.22970004456335796,0.22970004456335796,0.21607577711102033,0.3137924197062003,0.312946684722937,0.312946684722937,0.312946684722937,0.7797172796451691
T000541,2.466485372021509,2.466485372021509,2.466485372021509,2.466485372021509,2.466485372021509,2.478392946230206,2.478392946230206,2.478392946230206,2.276649746192893,2.276649746192893,2.276649746192893
T000542,1.9603461475562372,1.9603461475562372,1.9603461475562372,1.955407877756801,1.955407877756801,1.955407877756801,1.9427266757337192,1.7643421209571097,1.795966771220029,1.8362416107382549,1.8362416107382549
T000543,2.6436716995908736,1.4284807434024949,1.4929901488400348,1.4929901488400348,1.4929901488400348,1.4929901488400348,1.4929901488400348,1.4929901488400348,1.4929901488400348,1.4929901488400348,1.2900013311664
T000544,0.47518617236076965,0.47518617236076965,0.47518617236076965,0.7322984200282514,0.7322984200282514,0.7322984200282514,0.7322984200282514,0.7322984200282514,0.723080170320719,0.723080170320719,0.743417176059058
T000545,2.5835706877561324,3.0155291376293056,2.791087948367999,2.791087948367999,2.791087948367999,2.791087948367999,2.785173078220934,2.785173078220934,2.785173078220934,2.337820590886107,1.3820474777448133
T000546,0.5852356262875195,0.5852356262875195,0.29438150823343145,0.29438150823343145,0.29438150823343145,0.29438150823343145,0.29438150823343145,0.29438150823343145,0.29438150823343145,0.3143153526970945,0.5852356262875195
T000547,0.7797172796451691,0.7797172796451691,0.7797172796451691,0.22970004456335796,0.22970004456335796,0.21607577711102033,0.3137924197062003,0.312946684722937,0.312946684722937,0.312946684722937,0.7797172796451691
T000548,1.9603461475562372,1.9603461475562372,1.9603461475562372,1.955407877756801,1.955407877756801,1.955407877756801,1.9427266757337192,1.7643421209571097,1.795966771220029,1.8362416107382549,1.8362416107382549
T000549,0.857879903280613,0.5340648665375876,0.5102608557645787,0.5201973618182631,0.5102608557645787,0.5102608557645787,0.5102608557645787,0.5102608557645787,0.5102608557645787,0.5102608557645787,0.5735761024536417
T000550,1.6014627090901237,1.6014627090901237,1.6014627090901237,1.6014627090901237,1.6014627090901237,1.6014627090901237,1.6014627090901237,1.6014627090901237,1.6014627090901237,1.6014627090901237,2.2840693768141223
T000551,0.247387428483407,0.247387428483407,0.247387428483407,0.18264888258994386,0.18264888258994386,0.18264888258994386,0.18264888258994386,0.18264888258994386,0.18264888258994386,0.18264888258994386,0.6378754929805399
T000552,1.2339247690473845,1.2339247690473845,1.168760935029161,1.168760935029161,2.2627344360532877,2.2627344360532877,2.2627344360532877,1.4205949078566298,1.7686782800356473,1.7686782800356473,1.2010084635144243
T000553,0.2564229929246065,0.2564229929246065,0.2564229929246065,0.42387481079387573,0.5787077827881258,0.5787077827881258,0.5787077827881258,0.5787077827881258,0.5787077827881258,0.5787077827881258,0.3542305927672011
T000554,0.6077511842017318,0.6077511842017318,0.2973700781501077,0.2973700781501077,0.2973700781501077,0.2973700781501077,0.2973700781501077,0.2973700781501077,0.2973700781501077,0.2973700781501077,0.756962149838158
T000555,1.8323298985434968,1.8323298985434968,1.8064901071942288,1.8064901071942288,1.8064901071942288,2.0715676305369737,2.0715676305369737,2.0715676305369737,2.085124209051409,2.085124209051409,2.10062700854487
T000556,0.29358896672191614,1.251591243293092,0.2061611291346917,1.4232986409697013,0.24195128366439325,0.29358896672191614,0.29358896672191614,0.29358896672191614,0.29358896672191614,0.29358896672191614,0.34619751975572916
T000557,0.21994640337844837,0.21994640337844837,0.24245982040577582,0.24245982040577582,0.24245982040577582,0.24245982040577582,0.24245982040577582,0.24245982040577582,0.7767830354697286,0.2634912544469088,1.1422332692988437
T000558,0.3184396965421341,0.5054832812960699,0.5054832812960699,0.5089846842798147,0.5089846842798147,0.5350775679741592,0.5192898251481328,0.5192898251481328,0.5192898251481328,0.5192898251481328,0.6542985141635657
T000559,0.17517677694274517,0.14583263731383878,0.2860579067557322,0.2640490911584698,0.2640490911584698,0.3216127774741111,0.3216127774741111,0.3216127774741111,0.3216127774741111,0.35753719060636807,0.5236587362691838
T000560,0.7175709118808075,0.7175709118808075,0.6794473500181233,0.6756588159084476,0.47835624435760477,0.47835624435760477,0.47835624435760477,0.47835624435760477,0.47835624435760477,0.47835624435760477,0.9359679195095573
T000561,0.45260933293707994,0.5063397106682849,0.5063397106682849,0.5063397106682849,0.5097156505600859,0.5097156505600859,0.5097156505600859,1.416478432628102,1.5297971484821262,1.5297971484821262,0.5097156505600859
T000562,0.25779014238333825,0.6444910139782143,0.2586706556697256,0.2586706556697256,0.3206812702820684,0.5843849452183185,0.5843849452183185,0.5843849452183185,0.31265680505270865,0.31265680505270865,0.340152098101252
T000563,1.0628477111252375,1.0628477111252375,1.0546504849934473,1.1362145188999295,1.11452248118174,1.9542409779401884,1.9542409779401884,1.9542409779401884,1.9542409779401884,1.4436633929048244,1.060806218571115
T000564,0.6490391788770781,0.24314092227967074,0.24314092227967074,0.24361375975998437,0.24361375975998437,0.24361375975998437,0.24361375975998437,0.24361375975998437,0.1665172950505165,0.1665172950505165,0.7571476249460348
T000565,0.5005272375216865,0.49770824842531763,0.5719448904054883,0.5719448904054883,0.5301548181613227,0.5301548181613227,0.5301548181613227,0.5301548181613227,0.5301548181613227,0.5301548181613227,0.49979305560550835
T000566,1.853096356372965,1.764182838692955,1.5216356693262247,1.7471863892636184,1.7471863892636184,1.7471863892636184,1.8747149458198409,1.8747149458198409,1.8747149458198409,1.8747149458198409,1.5967470191635182
T000567,1.5331076074571064,1.5331076074571064,1.2922868978005413,1.2922868978005413,1.3658075632993736,2.021012875206985,1.2409162620357517,1.6870712008609245,1.763010439063852,1.763010439063852,2.6010871034079694
T000568,3.1467263588466294,2.32369150850104,2.8634542580535967,2.32369150850104,2.32369150850104,1.3995430419165982,1.3995430419165982,1.3995430419165982,1.4823259995100972,1.4823259995100972,3.3845996590803966
T000569,0.4831048313265422,0.49125402903782583,0.49125402903782583,0.49125402903782583,0.5006859301674007,0.5006859301674007,0.5006859301674007,0.5006859301674007,0.5006859301674007,0.5006859301674007,0.4882717113873638
T000570,1.8724318435932625,1.8724318435932625,1.9116214624424026,1.8963620204717169,1.6296131933232298,1.6296131933232298,1.6296131933232298,1.6296131933232298,1.6797048256244247,1.6881533305741543,1.6858841102030744
T000571,1.5331076074571064,1.5331076074571064,1.2922868978005413,1.2922868978005413,1.3658075632993736,2.021012875206985,1.2409162620357517,1.6870712008609245,1.763010439063852,1.763010439063852,2.6010871034079694
T000572,0.18489320885236848,0.18489320885236848,0.2799466940952815,0.38920226271589,0.38920226271589,0.40887090151433253,0.40887090151433253,0.40887090151433253,0.40887090151433253,0.40887090151433253,0.25783172699042395
T000573,1.7259942876094494,1.7259942876094494,1.7259942876094494,1.7259942876094494,2.215952424741729,2.215952424741729,2.215952424741729,2.215952424741729,2.215952424741729,2.215952424741729,2.215952424741729
T000574,3.058328776944103,3.058328776944103,3.058328776944103,3.0655158272134204,3.0655158272134204,3.0655158272134204,3.0655158272134204,3.0655158272134204,1.6619780122889662,1.6619780122889662,3.0655158272134204
T000575,2.8180001743689194,2.8180001743689194,2.4988291430182374,2.4988291430182374,2.4988291430182374,2.4988291430182374,2.556807854834619,2.556807854834619,2.556807854834619,2.556807854834619,2.8706833950437725
T000576,1.6014627090901237,1.6014627090901237,1.6014627090901237,1.6014627090901237,1.6014627090901237,1.6014627090901237,1.6014627090901237,1.6014627090901237,1.6014627090901237,1.6014627090901237,2.2840693768141223
T000577,2.006708343260297,2.006708343260297,1.8704299534107953,1.7549576592632494,1.793390680986739,1.793390680986739,1.793390680986739,1.5421535048415698,1.7908680390677434,3.080720816193643,2.8708832563402007
T000578,1.0260382073952867,2.086258416268182,2.086258416268182,2.086258416268182,2.086258416268182,2.086258416268182,2.086258416268182,2.086258416268182,2.086258416268182,2.086258416268182,2.744566724558253
T000579,2.533940238457789,2.565572269353987,2.565572269353987,2.565572269353987,2.522490059073582,2.522490059073582,2.522490059073582,2.2735217297283783,1.9002049480278072,1.9002049480278072,2.522490059073582
T000580,2.541099205825891,2.541099205825891,2.541099205825891,2.457974686716035,2.457974686716035,2.457974686716035,2.457974686716035,2.5903618244760755,2.587270488265682,2.587270488265682,2.6344070900444674
T000581,1.8323298985434968,1.8323298985434968,1.8064901071942288,1.8064901071942288,1.8064901071942288,2.0715676305369737,2.0715676305369737,2.0715676305369737,2.085124209051409,2.085124209051409,2.10062700854487
T000582,2.305392030170051,2.305392030170051,2.1795746040857837,2.2016471690210335,2.2016471690210335,2.1873970480503098,2.1873970480503098,2.1873970480503098,2.202306060346104,2.202306060346104,2.1873970480503098
T000583,1.7778887599238204,1.9342383116715407,1.9342383116715407,1.9342383116715407,1.9342383116715407,1.9342383116715407,1.9342383116715407,2.1240772235977703,2.1240772235977703,2.1240772235977703,2.2189478522414103
T000584,2.3548043180257934,2.3548043180257934,1.3351325270670225,1.3351325270670225,1.3351325270670225,3.208968007681052,3.208968007681052,1.206177448939775,1.206177448939775,1.9375303054766215,4.456118127153448
T000585,0.9192150639044773,0.9192150639044773,0.6365469895078808,0.6943900295964764,0.6943900295964764,0.6082927196215805,0.6082927196215805,0.6082927196215805,0.6082927196215805,0.6082927196215805,0.6175318015054609
T000586,1.4321840399164245,1.394895017238675,1.394895017238675,0.9293168776143079,0.32577126154763514,0.32577126154763514,0.5289624427051499,0.5289624427051499,0.5289624427051499,0.5289624427051499,1.8078534623485423
T000587,1.6288243538299723,0.9007389503364275,0.8382504357514062,2.0229143032734043,0.8382504357514062,0.8382504357514062,0.8006081192920389,0.8006081192920389,0.8006081192920389,0.8006081192920389,1.6920503477327518
T000588,1.1334848082173161,1.466076293975036,1.466076293975036,1.5314290777313426,1.5314290777313426,1.5287774928252527,1.5287774928252527,1.5287774928252527,1.5287774928252527,1.5287774928252527,1.361204140272672
T000589,2.881235825756258,2.881235825756258,1.376140245878042,2.387904135608553,1.701432306885724,1.701432306885724,1.701432306885724,1.701432306885724,1.701432306885724,1.701432306885724,1.4948421620973384
T000590,1.4898868627968294,1.4898868627968294,1.4898868627968294,1.5357847709087522,0.8293117122358471,0.8293117122358471,0.8293117122358471,1.0256781598294011,1.1195781759542947,1.1195781759542947,1.0898823160546676
T000591,3.443420425314326,3.619201585941623,3.026597562246134,3.4261389554179233,2.780321924116329,2.780321924116329,2.4024139692220183,2.4614113269357123,2.8581369018945018,2.8581369018945018,2.8966019975865738
T000592,1.5268277761238702,1.1269340678549102,1.7286738815880485,1.7286738815880485,1.4072961249913882,0.5370982378661504,0.5370982378661504,0.5370982378661504,0.5370982378661504,0.7852688701397047,1.1762852763051752
T000593,0.8508396023647204,1.0746103275345178,0.8508396023647204,0.8508396023647204,0.8508396023647204,0.9406267283539,0.8508396023647204,0.8508396023647204,0.8508396023647204,0.8508396023647204,0.6525435953841066
T000594,0.35540290982297496,0.6392119615138161,1.110525374891614,0.9619444235029502,0.9619444235029502,0.8457038014257653,0.8457038014257653,0.8457038014257653,0.8457038014257653,0.8457038014257653,0.14723694619178077
T000595,1.7280558650895639,1.7280558650895639,1.7280558650895639,1.373364414698962,1.5981901711027509,1.5981901711027509,1.5981901711027509,1.5981901711027509,1.101131006592192,1.101131006592192,1.0971526496177169
T000596,0.5009899238452148,0.5987580113242312,0.6136427833080953,0.6136427833080953,0.6288588896005428,0.6288588896005428,0.6288588896005428,0.6288588896005428,0.6288588896005428,0.6288588896005428,0.5139184491365716
T000597,0.15379512330461373,0.15379512330461373,0.15666142832133287,0.15379512330461373,0.15379512330461373,0.15379512330461373,0.15379512330461373,0.15379512330461373,0.15379512330461373,0.15379512330461373,0.18068973917383307
T000598,0.4487978974112357,0.435705986600961,0.435705986600961,0.45665841519556954,0.45665841519556954,0.45665841519556954,0.45665841519556954,0.45665841519556954,0.831556245713114,0.831556245713114,0.45665841519556954
T000599,0.877422191703854,0.6197772950846279,0.6197772950846279,0.6197772950846279,0.43408732753629997,0.43408732753629997,0.43408732753629997,0.43408732753629997,0.5184262071509828,0.5184262071509828,0.6670884606065801
T000600,0.9244172569872708,0.9244172569872708,0.9244172569872708,0.6335449930266799,0.6335449930266799,0.6335449930266799,0.6335449930266799,0.6335449930266799,0.640324983105512,0.640324983105512,0.9244172569872708
T000601,1.2196981245133027,1.2196981245133027,1.296218487394958,1.296218487394958,1.296218487394958,1.296218487394958,1.296218487394958,1.296218487394958,1.258100563602746,1.258100563602746,1.296218487394958
T000602,0.9561360631874429,0.9561360631874429,0.9568130072464875,0.9568130072464875,0.7050798073893666,0.7050798073893666,0.7050798073893666,0.7050798073893666,0.9872091762547043,0.9872091762547043,0.8161088785439351
T000603,0.4490766059484246,0.4490766059484246,0.4490766059484246,0.6287558362360861,0.8942903304225767,0.8942903304225767,0.8942903304225767,0.8942903304225767,0.8942903304225767,1.1174819798760667,0.28523049538262785
T000604,0.7075479587217457,0.7075479587217457,0.7075479587217457,0.7075479587217457,0.7820920070163734,0.44159523364350833,0.44159523364350833,0.44159523364350833,0.44159523364350833,0.44159523364350833,0.833078022912861
T000605,0.7419830925513171,0.7419830925513171,0.7419830925513171,0.7574977652107046,0.7574977652107046,0.7271931149459611,0.7271931149459611,1.5285088997563288,1.1239388975331657,1.1239388975331657,0.7271931149459611
T000606,2.3548043180257934,2.3548043180257934,1.3351325270670225,1.3351325270670225,1.3351325270670225,3.208968007681052,3.208968007681052,1.206177448939775,1.206177448939775,1.9375303054766215,4.456118127153448
T000607,2.5534993995281092,2.5534993995281092,2.153385210606302,2.153385210606302,2.153385210606302,2.153385210606302,3.1555904637633154,3.1555904637633154,3.001409991574291,3.001409991574291,4.998166819431714
T000608,0.6990236004022635,0.6990236004022635,0.6990236004022635,0.7010320057475478,1.2511642315580023,1.2511642315580023,1.2511642315580023,0.6951328296612383,0.6710331356822917,0.30942944026329666,0.7136355032047385
T000609,1.6503072317463539,1.6503072317463539,1.6503072317463539,1.7096210326633638,0.5242399673749953,0.5242399673749953,0.892698476650697,0.9984674528194838,1.4999479134582308,1.4999479134582308,1.7380174218918238
T000610,2.881235825756258,2.881235825756258,1.376140245878042,2.387904135608553,1.701432306885724,1.701432306885724,1.701432306885724,1.701432306885724,1.701432306885724,1.701432306885724,1.4948421620973384
T000611,2.1682216744519924,2.1682216744519924,2.1682216744519924,1.839384488187049,1.839384488187049,1.839384488187049,1.839384488187049,1.839384488187049,1.839384488187049,1.839384488187049,1.4495588991022783
T000612,1.1507919935074247,1.7468898758952336,1.7468898758952336,1.7468898758952336,1.7468898758952336,1.7468898758952336,1.7468898758952336,1.7468898758952336,1.400006819190425,1.400006819190425,1.1183771004162937
T000613,2.240439836575525,2.240439836575525,2.3164550598463585,2.169278544369189,1.5593889521888034,1.5593889521888034,1.5593889521888034,2.3414163878634633,2.025761309195909,1.7255150001776658,2.299049957717381
T000614,1.1168134260281195,1.1168134260281195,1.4311286284411506,1.9700058909334304,1.2839109161758737,1.2839109161758737,0.4454041031646324,0.4454041031646324,0.45408942879419134,0.8326521260933974,1.197375147555001
T000615,1.0748200861302808,1.3433357336330691,0.9130449660665263,1.508239419300713,0.968027913356516,1.0250438580647168,0.48643681974201897,0.8855673595261702,1.083127680292819,1.173569672766257,0.8975470129205572
T000616,1.4157969914042834,1.4157969914042834,0.7608657436256316,0.7608657436256316,0.7608657436256316,0.7608657436256316,0.7608657436256316,0.7608657436256316,0.7608657436256316,0.7608657436256316,1.1135378892564272
T000617,0.787734778559945,0.566695910090728,0.4846673771283296,0.4846673771283296,0.5081755937781943,0.4471937650787479,0.4471937650787479,0.4471937650787479,0.4471937650787479,0.4471937650787479,1.0567615815224567
T000618,0.5515336121656248,0.3874420704651525,0.3874420704651525,0.3874420704651525,0.3874420704651525,0.36748171977578625,0.36748171977578625,0.36748171977578625,0.36748171977578625,0.36748171977578625,0.8151829414502288
T000619,1.6119278559163301,0.369820884026607,1.014746663400832,0.8655084011083495,1.1378228919420745,1.1378228919420745,1.2042626542297064,1.2042626542297064,1.2042626542297064,0.5271432847835709,1.2240007641317847
T000620,0.9645291685703582,0.18580756500553894,0.18580756500553894,0.3749159419477754,0.3749159419477754,0.3749159419477754,0.3749159419477754,0.3749159419477754,0.3749159419477754,0.3749159419477754,1.2262635353478102
T000621,0.964005984865477,0.964005984865477,0.964005984865477,0.9177200456896764,0.9177200456896764,1.0289636004019804,0.43168268084747735,0.43168268084747735,0.43168268084747735,0.43168268084747735,0.9186213065899824
T000622,1.5950181132812296,1.5950181132812296,1.9073610609837428,1.9073610609837428,1.9073610609837428,1.10747241210191,1.10747241210191,1.10747241210191,1.5163887631824264,1.5163887631824264,1.6586369520435116
T000623,0.17996042801627957,0.17996042801627957,0.12388251491834029,0.15954005320635142,0.15954005320635142,0.15954005320635142,0.5505839269934864,0.5505839269934864,0.5505839269934864,0.5505839269934864,0.10729715714052397
T000624,0.046300560613167834,0.046300560613167834,0.23765361660658613,0.23765361660658613,0.23765361660658613,0.23765361660658613,0.23765361660658613,0.23765361660658613,0.16512605547005996,0.16512605547005996,0.22537277944789955
T000625,0.15544043301171726,0.04400811279800324,0.0803872188466049,0.0803872188466049,0.0383782901862847,0.0601401415506794,0.0601401415506794,0.0601401415506794,0.0601401415506794,0.5683374898658379,0.3024970064571141
T000626,2.3180122167428734,2.3180122167428734,1.4706985635423553,1.4706985635423553,1.4706985635423553,1.4706985635423553,1.459963838124844,1.6221089561643125,1.6221089561643125,1.6221089561643125,2.0692665374851145
T000627,0.424646509226867,0.424646509226867,0.424646509226867,0.31395379066004875,0.394912568893189,0.3660331095271509,0.4564250634120746,0.4564250634120746,0.31436955601658645,0.26447416234220045,0.5421637644788458
T000628,1.2613076874751794,1.0080057296460427,1.0080057296460427,1.0080057296460427,1.063492086729923,1.063492086729923,1.063492086729923,1.063492086729923,1.0633426565891306,1.0633426565891306,0.9992717400370661
T000629,1.2784816056123305,1.2784816056123305,1.2735304332612987,1.1348426394309956,1.1348426394309956,1.627045020159612,1.627045020159612,1.0992782863988513,1.5509077802753164,1.4763580083606334,1.1222600609176698
T000630,0.9369400891266946,0.43864277860707973,0.43864277860707973,0.43864277860707973,0.3531388885136175,0.5616426534102895,0.5616426534102895,0.3531388885136175,0.39451520449403993,0.39451520449403993,0.7410688477745557
T000631,1.2541625869487738,1.2266366567404448,1.2266366567404448,1.2266366567404448,1.1897327458760945,1.1897327458760945,1.4271718328984968,1.4271718328984968,1.2967889496484881,1.2967889496484881,1.1897327458760945
T000632,1.8233497543061006,1.8349549772356277,1.8285042578762114,1.8285042578762114,1.8263088498201316,1.8263088498201316,1.8410039510507308,1.8410039510507308,1.8410039510507308,2.0163997207542197,1.6432547028843496
T000633,0.9066495588675053,0.8868947402108357,0.8868947402108357,0.8883242260454932,0.8883242260454932,0.8883242260454932,0.8883242260454932,0.8883242260454932,0.8835274970351034,0.8835274970351034,0.904474420500093
T000634,1.6034730400773847,1.5171354570046265,1.5171354570046265,1.5171354570046265,1.5171354570046265,1.420765375023002,1.420765375023002,1.420765375023002,1.514293450667747,1.514293450667747,1.9116477626693673
T000635,0.5457125516409622,0.5457125516409622,0.5457125516409622,0.5457125516409622,0.5457125516409622,0.5457125516409622,0.5457125516409622,0.5457125516409622,0.5457125516409622,0.5457125516409622,1.984997707404585
T000636,1.2517112382909978,1.2517112382909978,1.2069255025306727,1.2069255025306727,1.2069255025306727,1.2069255025306727,1.2069255025306727,1.2069255025306727,1.2639829956496447,1.2639829956496447,1.2069255025306727
T000637,0.49909696424963773,0.49909696424963773,0.49909696424963773,0.49909696424963773,0.49909696424963773,0.8079544990479974,0.8079544990479974,0.8079544990479974,0.8079544990479974,0.8079544990479974,0.5901428300164143
T000638,0.2786614599418315,0.2786614599418315,0.2786614599418315,0.2786614599418315,0.2786614599418315,0.2786614599418315,0.2786614599418315,0.13806174296037688,0.13806174296037688,0.13806174296037688,0.2786614599418315
T000639,0.7478771920943917,0.7478771920943917,0.7478771920943917,0.7478771920943917,0.7478771920943917,0.7478771920943917,0.677765596761326,0.677765596761326,1.1711131420891063,1.1711131420891063,0.7607456317584498
T000640,0.6674712131856299,0.6674712131856299,0.37619677663459616,0.37619677663459616,0.37619677663459616,0.37619677663459616,0.37619677663459616,0.37619677663459616,0.4133796525187354,0.4133796525187354,0.37619677663459616
T000641,0.2805847796339326,0.30345089124048225,0.30345089124048225,0.30345089124048225,0.16835678555205985,0.16835678555205985,0.16835678555205985,0.16835678555205985,0.20341527965765113,0.20341527965765113,0.10034751193382205
T000642,0.9474462858072571,0.9474462858072571,0.9474462858072571,0.9474462858072571,0.9474462858072571,0.9474462858072571,0.9474462858072571,0.9474462858072571,0.9426835238049912,0.8300067597738573,0.9474462858072571
T000643,1.0756737069562843,0.9649237005776367,0.6745734776121504,0.6745734776121504,0.6745734776121504,0.6745734776121504,0.6745734776121504,0.6745734776121504,0.6745734776121504,0.6745734776121504,0.8256651262569107
T000644,1.1178401268920615,1.1178401268920615,1.0870031366576347,1.1388494793614883,1.0941666676162292,1.0941666676162292,1.0941666676162292,1.0941666676162292,1.0941666676162292,1.0941666676162292,1.1388494793614883
T000645,0.9822831288187353,0.9822831288187353,0.9125063705420658,0.9125063705420658,0.9125063705420658,0.9125063705420658,0.9125063705420658,0.9125063705420658,0.33253530336422354,1.1671754584976153,1.0646611392836507
T000646,1.050917598073694,1.050917598073694,1.0373145201594813,1.0373145201594813,1.0373145201594813,1.0373145201594813,0.9882254883244894,0.9882254883244894,0.9882254883244894,0.9882254883244894,1.0373145201594813
T000647,1.6243299859266251,1.5548654135149034,1.5548654135149034,1.751850722547515,1.4015625963649843,1.4015625963649843,1.4015625963649843,1.423805642902019,1.5780916122044317,1.5780916122044317,1.4903272348510874
T000648,0.9318404820813193,0.9318404820813193,0.8311296075245753,0.9305657697196601,0.9305657697196601,0.787375732465093,0.787375732465093,0.787375732465093,0.787375732465093,0.787375732465093,0.9305657697196601
T000649,0.9396449676602338,0.9822933791949898,0.9473145041583623,0.9473145041583623,0.9473145041583623,0.9086898731440746,0.9086898731440746,0.9086898731440746,0.9086898731440746,0.9086898731440746,0.9473145041583623
T000650,0.4139258673279606,0.4139258673279606,0.3263446829594955,0.3263446829594955,0.3263446829594955,0.3263446829594955,0.3263446829594955,0.3263446829594955,0.7093341227756672,0.7093341227756672,0.21991576413959085
T000651,0.7733992816187202,0.7733992816187202,0.7733992816187202,0.7733992816187202,0.7733992816187202,0.7733992816187202,0.4379691749061523,0.4379691749061523,1.0981663278029066,1.0981663278029066,0.7733992816187202
T000652,0.21248485488478586,0.21248485488478586,0.21248485488478586,0.21248485488478586,0.21248485488478586,0.21248485488478586,0.21248485488478586,1.223935877873139,1.223935877873139,1.223935877873139,0.17389866967439663
T000653,0.8093715353906801,0.8093715353906801,0.7147949497781885,0.9103623006645118,0.843698669918489,0.9731146365583633,0.9731146365583633,0.9054043112602255,0.9054043112602255,0.9054043112602255,1.2406313416395203
T000654,0.9568556191614673,0.9568556191614673,0.9591678787258009,0.9591678787258009,0.9591678787258009,0.904993263413911,0.904993263413911,0.904993263413911,0.904993263413911,0.904993263413911,0.9591678787258009
T000655,1.4637678492372381,1.7006012732828562,1.7006012732828562,1.7006012732828562,1.7006012732828562,1.7006012732828562,1.7006012732828562,1.7006012732828562,1.7006012732828562,1.5899712808293833,1.5108015618387904
T000656,0.8029653348714083,0.8029653348714083,0.6704415538912684,0.8467306003081037,0.8467306003081037,0.8467306003081037,0.8467306003081037,0.8467306003081037,0.5835444888449575,0.5835444888449575,0.8467306003081037
T000657,0.7416164006504301,0.7416164006504301,0.7416164006504301,0.7416164006504301,0.7416164006504301,0.7416164006504301,0.7416164006504301,0.7703691128276646,0.7703691128276646,0.7703691128276646,0.7903363753454633
T000658,3.15952880129725,3.0601687878866346,3.0601687878866346,3.0601687878866346,3.0601687878866346,3.0601687878866346,3.0224310222969533,3.2311709428624313,2.9812568922077602,2.9300878036316536,3.0601687878866346
T000659,1.0139838131009706,1.0139838131009706,0.9753142552533102,1.0593604813412605,0.6153061890212779,0.5563667423088517,0.5563667423088517,0.5563667423088517,0.5563667423088517,0.5563667423088517,0.9830383790235415
T000660,0.6424052386935254,1.0029368219733943,0.878416392402547,0.9959902189035754,0.9959902189035754,0.9959902189035754,0.9959902189035754,0.8349243417002038,0.8349243417002038,1.2809918586045088,0.9959902189035754
T000661,1.136724736980309,1.1341632340243275,0.8328076413638691,1.141205527963822,1.141205527963822,1.141205527963822,1.1446721704772826,0.7885561980283431,0.7885561980283431,0.7885561980283431,1.314575956315032
T000662,0.6060993776854963,0.6060993776854963,0.6043129369179231,0.8573402692152181,0.6179678562546812,0.6194818634500933,0.6194818634500933,0.6171287898948192,0.6171287898948192,0.8467579708861535,0.5982690032170034
T000663,0.9873988642999908,0.9873988642999908,1.1930669886275436,1.1930669886275436,1.1930669886275436,1.4596816173615446,1.4596816173615446,1.4596816173615446,1.3857720291512545,1.3857720291512545,1.1336331708546208
T000664,0.7850990925055983,0.7850990925055983,0.9265737090950348,0.9265737090950348,0.50109886925508,0.50109886925508,0.50109886925508,0.50109886925508,0.7850990925055983,0.38128349114172944,1.0187813960188479
T000665,1.4086016256852687,1.4086016256852687,1.4086016256852687,1.2277199349912202,1.218680796981361,1.2075864967752978,1.2075864967752978,1.2075864967752978,1.2075864967752978,1.6904352115458459,1.483130257341941
T000666,1.5329288361900506,1.5329288361900506,1.5544311029357094,1.5126911267229606,1.5686883926374964,1.4968069779473137,1.4968069779473137,1.4968069779473137,1.4968069779473137,1.5246580429179624,1.1771502059234404
T000667,0.8168726809573448,0.7813329649328917,0.7813329649328917,2.1263116147004975,2.3047612051339303,1.9913920711692321,1.7579314869517308,0.8223079025816917,0.8508702115250683,0.8508702115250683,0.7528384310520603
T000668,1.9718109558286203,1.9718109558286203,2.173491742044682,2.173491742044682,2.173491742044682,2.4481280609425795,2.4481280609425795,2.4481280609425795,2.3117596408632597,2.3117596408632597,2.4481280609425795
T000669,1.1827800584605785,0.6267969358700309,0.6267969358700309,0.6267969358700309,0.5573047463836217,0.5573047463836217,0.5573047463836217,1.5313701387956233,1.320498720341241,1.367642764467204,0.5586270266136886
T000670,1.1471272930632774,1.1388382793876244,1.1388382793876244,1.1388382793876244,1.2017321644425634,1.2017321644425634,1.2017321644425634,1.2017321644425634,1.2017321644425634,1.1833957331139944,1.2017321644425634
T000671,0.20923138999940855,0.20923138999940855,0.20923138999940855,0.20923138999940855,0.22615460998497555,0.22615460998497555,0.22615460998497555,0.6272507560990729,0.6272507560990729,1.2094978659684708,0.85101836133998
T000672,1.3228042495990404,1.3228042495990404,1.3228042495990404,1.2992180191282467,1.310246078250095,1.310246078250095,1.310246078250095,1.310246078250095,1.310246078250095,1.310246078250095,1.299398247291424
T000673,1.133062428753566,1.4124256708402028,1.4124256708402028,1.4124256708402028,1.658094160431921,1.658094160431921,1.658094160431921,1.658094160431921,1.658094160431921,1.658094160431921,1.2536958890547576
T000674,0.6831210239753127,0.6831210239753127,0.6831210239753127,0.7139968216699119,0.7139968216699119,0.7139968216699119,0.7139968216699119,0.7139968216699119,1.0203472547696806,0.7139968216699119,0.7139968216699119
T000675,0.6227260666265415,0.6227260666265415,0.6227260666265415,0.6227260666265415,0.6815605439235695,0.6815605439235695,0.6815605439235695,0.7996819970961522,0.5749939455570822,1.2007703032305732,0.6815605439235695
T000676,1.017117691745382,1.017117691745382,1.017117691745382,1.017117691745382,1.017117691745382,1.017117691745382,2.4436948726929884,2.4436948726929884,1.0092565040501107,1.0092565040501107,1.017117691745382
T000677,0.5147059556629259,0.49888869345528386,0.49888869345528386,0.5884645159458501,0.47697434681618467,0.47697434681618467,0.47697434681618467,0.47697434681618467,0.5177532412244656,0.5177532412244656,0.6789336556612885
T000678,0.4932708818710915,0.48605861569203745,0.6674352368593931,0.5794645602791928,0.6381886284453284,0.6381886284453284,0.6381886284453284,0.6381886284453284,0.6470968288802863,0.6470968288802863,0.6470968288802863
T000679,1.3018522637824659,1.3468719358367005,1.3468719358367005,1.3468719358367005,1.3468719358367005,1.3468719358367005,1.3468719358367005,1.3912183264812221,1.3912183264812221,1.3912183264812221,1.447379561087664
T000680,1.0394051459426599,0.938183110953379,0.938183110953379,0.938183110953379,0.938183110953379,0.938183110953379,0.938183110953379,1.0012579728129611,0.7208168067785922,0.9075317211957942,0.957590825278311
T000681,0.8539678755709154,0.8539678755709154,0.7623177934478208,0.7623177934478208,0.7623177934478208,0.7623177934478208,0.7623177934478208,0.7623177934478208,0.7623177934478208,0.7623177934478208,0.9407202993933812
T000682,1.3786212628006984,1.3786212628006984,1.3823286540049546,1.3823286540049546,1.3823286540049546,1.3823286540049546,1.3823286540049546,1.3823286540049546,1.417974240035984,1.4338466755463628,1.3823286540049546
T000683,0.5250697955696353,0.5260469046796459,0.5271625437155406,0.5271625437155406,0.5271625437155406,0.5271625437155406,0.5271625437155406,0.5271625437155406,0.6042897707299815,0.8095100821920255,0.6599749168590002
T000684,0.44858721347337327,0.45356608144143823,0.5026308002378185,0.5026308002378185,0.5026308002378185,0.5026308002378185,0.5026308002378185,0.5026308002378185,0.44266097983005104,0.44266097983005104,0.5026308002378185
T000685,0.22689510815377922,0.22689510815377922,0.22692229061168046,0.22692229061168046,0.22692229061168046,0.22692229061168046,0.22692229061168046,0.22692229061168046,0.24993517648654756,0.26655808130852227,0.22692229061168046
T000686,1.2542760385766558,1.251581145769514,1.2542760385766558,1.217055649958313,1.217055649958313,1.2056605068253343,1.2392922282739658,1.2104275560395208,1.4265801157951714,1.1335865243905114,0.8704198437846595
T000687,0.2823395830342357,0.2874359029853736,0.26834691290970963,0.26834691290970963,0.29065489184692883,0.29065489184692883,0.29065489184692883,0.25958576245421383,0.3039580906216164,0.5461325259734457,0.5195055048582785
T000688,2.6027973093342958,2.4450783694284617,2.0448128365224307,2.752674405043752,2.752674405043752,2.7384821614859627,2.7241069274790326,2.272333121957477,2.3652110153330477,2.3652110153330477,2.7241069274790326
T000689,0.268580528532933,0.268580528532933,0.268580528532933,0.268580528532933,0.2696322783219826,0.2696322783219826,0.2696322783219826,0.2696322783219826,0.27157593468906277,0.27157593468906277,0.3566780044888906
T000690,0.6596880988223427,1.286510245501318,1.286510245501318,1.286510245501318,1.286510245501318,1.4083680134259444,1.4083680134259444,1.7554918531549635,1.3011080251797205,1.3011080251797205,1.531127410625856
T000691,0.508379278063398,0.6638480061968789,0.6638480061968789,0.6638480061968789,0.6638480061968789,0.8193027561614274,0.8193027561614274,0.8193027561614274,0.21281388106513724,0.21281388106513724,0.5941027614315645
T000692,0.69697261825248,0.6060759023397433,0.6060759023397433,0.6060759023397433,0.6060759023397433,0.6060759023397433,0.6060759023397433,0.9051032362395341,0.606419970328812,0.606419970328812,0.6101246668957504
T000693,1.058896553219581,1.058896553219581,1.034324256292454,1.1781741319891652,1.1781741319891652,1.1781741319891652,0.49238687270284,0.5634777383360252,0.5634777383360252,0.5634777383360252,1.2861161634866942
T000694,1.4145651563400126,0.7461433386209589,0.7504671504406487,1.4779849154346252,2.4290765904986444,1.0397086626171004,1.0397086626171004,1.0397086626171004,1.1889193642639073,1.1889193642639073,0.7580518807209202
T000695,0.8762519683310698,0.8762519683310698,0.8762519683310698,0.9000669551942406,0.8887343339025779,0.8839121990522574,1.1632806326610228,1.1632806326610228,1.0323218732049242,1.0323218732049242,0.8818444181345189
T000696,1.1998514693370426,1.5508120430282273,1.3145061509828806,1.3145061509828806,1.552397694255218,1.552397694255218,1.552397694255218,1.552397694255218,1.8623925078939227,1.668686069542047,1.552397694255218
T000697,0.6960547918572931,0.6960547918572931,0.727043498424683,0.727043498424683,0.727043498424683,0.727043498424683,0.727043498424683,0.727043498424683,0.5199741295707183,0.5199741295707183,1.0290456687354164
T000698,0.5255850784966832,0.5255850784966832,0.5255850784966832,0.5070657042251032,0.5223331008135347,0.5223331008135347,0.5223331008135347,0.5223331008135347,0.5223331008135347,0.5223331008135347,0.5011019397796747
T000699,1.0941518756856663,0.1645946278075651,0.19877845443177458,0.19877845443177458,0.19877845443177458,0.1595904606273177,0.1595904606273177,0.1595904606273177,0.1595904606273177,0.17675904881522225,0.1556364931580763
T000700,0.22575679427539114,0.17440873624792663,0.17583548557555084,0.17583548557555084,0.04639365359049871,0.04639365359049871,0.12468194332092014,0.07168596077135606,0.07168596077135606,0.07168596077135606,0.19869402985074627
T000701,0.13051850850014554,0.13051850850014554,0.13051850850014554,0.13051850850014554,0.13051850850014554,0.13051850850014554,0.13051850850014554,0.13051850850014554,0.13051850850014554,0.13051850850014554,0.21916448137498784
T000702,0.0784809245705954,0.09705593524411167,0.2076445077746864,0.2076445077746864,0.2076445077746864,0.19315801192331314,0.14506288848195104,0.14506288848195104,0.14506288848195104,0.14506288848195104,0.0742092492410598
T000703,0.23870142414602685,0.4352516660524359,0.36776108958533166,0.36776108958533166,0.36776108958533166,0.3580236337852046,0.3580236337852046,0.3580236337852046,0.3580236337852046,0.3580236337852046,0.3147314315648311
T000704,0.9300046865489114,0.9300046865489114,0.9940680759617191,0.9940680759617191,0.955874589546072,0.955874589546072,0.955874589546072,0.955874589546072,0.955874589546072,0.955874589546072,1.5409801067019453
T000705,1.3528957877228995,1.403010447791777,1.367893139552826,1.367893139552826,1.367893139552826,1.367893139552826,1.367893139552826,1.9048763078131334,1.6704218604997116,1.6704218604997116,1.367893139552826
T000706,1.5546486046925232,0.3503958417373523,0.3503958417373523,1.126056090992492,1.126056090992492,1.126056090992492,1.126056090992492,1.126056090992492,2.0893289159265036,2.0893289159265036,0.5377217042464272
T000707,0.9257713090058957,0.9257713090058957,0.9906775677699726,1.113072599564084,1.113072599564084,1.0859081271604187,1.1262412374797748,1.1262412374797748,0.827025130991318,0.6058556588318015,1.1129825794762287
T000708,1.021239117497054,0.9730309035878165,0.9730309035878165,0.8451323406611604,0.8451323406611604,0.5554194308385966,0.496207304589545,0.496207304589545,1.2621008500217061,0.876255246860387,1.5727387695115835
T000709,0.9992524122731494,0.8505727573860237,0.6998490111594095,0.6998490111594095,0.6998490111594095,0.6998490111594095,0.43396311992126757,0.43396311992126757,0.43396311992126757,0.2808865734253382,0.9113488301682517
T000710,0.5408280829235004,0.221980936335728,0.41389955242146975,0.8757755400870355,0.7211739892285656,0.5811907586384497,0.5811907586384497,0.5811907586384497,0.8314861867390773,0.25207328430665704,0.874838463897122
T000711,1.3592529188763738,1.3927363497100602,1.3927363497100602,1.3927363497100602,1.3154308960307493,1.8430042436872207,1.2374408029529258,1.739006380787255,2.0074563673076886,2.0074563673076886,2.2973805916270407
T000712,1.0180669145513002,0.609749511646553,0.9973528075917233,0.9973528075917233,0.9973528075917233,0.9973528075917233,0.9973528075917233,0.6494463704236791,0.6494463704236791,0.6494463704236791,1.3889745793376862
T000713,1.6991501543316387,1.804354579052654,1.804354579052654,1.804354579052654,1.804354579052654,1.804354579052654,1.804354579052654,1.804354579052654,1.804354579052654,1.804354579052654,2.151298124564195
T000714,1.230232022004397,0.5923236411386087,1.256473065378932,1.256473065378932,1.5513247582130172,1.433389449763112,1.5034355269664426,1.5034355269664426,1.5034355269664426,1.5034355269664426,0.7741935152682312
T000715,0.6502413631250215,1.5612445065676905,1.861125469362306,1.861125469362306,2.6247015708139827,2.6247015708139827,2.0203142853393574,2.0203142853393574,1.3286814357324896,2.927410278424216,2.0256953353172107
T000716,2.3719498772841927,2.3719498772841927,2.305436923149066,2.305436923149066,1.9215460555466028,1.9215460555466028,1.6896461724436564,1.6896461724436564,3.191272806433288,1.8542173335683767,1.6675124628752023
T000717,0.9948575401088247,1.5349775197712168,0.6451885977132529,0.6451885977132529,0.6451885977132529,0.43600190918240095,0.6451885977132529,0.43600190918240095,0.43600190918240095,0.43600190918240095,0.43600190918240095
T000718,0.5505878371009328,0.5505878371009328,0.5350071384200772,0.5503030208971897,0.5503030208971897,0.5503030208971897,0.5503030208971897,0.5503030208971897,0.4735852459692295,0.44626345382430344,0.5503030208971897
T000719,0.5800123460708848,0.5800123460708848,0.5800123460708848,0.5800123460708848,0.5800123460708848,0.712594267330888,0.712594267330888,0.712594267330888,0.712594267330888,0.712594267330888,0.6339401559077363
T000720,0.5731742934129719,0.5672989803050341,0.5672989803050341,0.48289261967459207,0.4919653751443322,0.4919653751443322,0.4919653751443322,0.4919653751443322,0.4919653751443322,0.4919653751443322,0.6702600998957928
T000721,1.4379331512323879,1.4379331512323879,1.4379331512323879,1.4379331512323879,1.4379331512323879,1.4379331512323879,1.4379331512323879,1.4379331512323879,1.4379331512323879,1.4379331512323879,0.8703362761895026
T000722,1.8616205978446356,1.8616205978446356,1.8616205978446356,1.8616205978446356,1.7557298599707438,1.7557298599707438,1.7557298599707438,1.7557298599707438,1.7557298599707438,1.9413903682908291,1.7569018688844344
T000723,0.7073473112361461,0.7753851862846121,0.7753851862846121,0.7396933048831921,0.7396933048831921,0.7346622520466226,0.7346622520466226,0.783950174657149,0.783950174657149,0.6820884741837768,0.7824712346192806
T000724,1.1147066847200786,1.155564572994204,1.1473576066898306,1.1147066847200786,0.7388610062713227,0.7388610062713227,0.7388610062713227,0.7388610062713227,0.7388610062713227,0.7388610062713227,0.3123501673353638
T000725,0.802710008122088,0.802710008122088,0.5424657281251601,0.62658025950151,0.62658025950151,0.27201821863946946,0.27201821863946946,0.27201821863946946,0.27201821863946946,0.27201821863946946,0.30770336843798896
T000726,0.0933443192004474,0.096093348582499,0.096093348582499,0.096093348582499,0.570785303681975,0.570785303681975,0.570785303681975,0.570785303681975,0.12338095048494671,0.14866779444026548,0.10505009095692523
T000727,0.4398340614805105,0.4398340614805105,0.4398340614805105,0.19124163155782908,0.19124163155782908,0.19124163155782908,0.19124163155782908,0.19124163155782908,0.17904098349123818,0.17904098349123818,0.31172520492759576
T000728,0.7128159739591124,0.7128159739591124,0.7735797701064001,0.7735797701064001,0.4949114450081818,0.4949114450081818,0.4949114450081818,0.2621787454651803,0.2621787454651803,0.446101902913818,0.8188899804975602
T000729,1.053116891039579,1.053116891039579,1.053116891039579,0.8285311299512347,0.428665999441934,0.5846863725901326,0.5846863725901326,0.5846863725901326,0.5846863725901326,0.5846863725901326,0.2872088761282273
T000730,0.9689093536739748,0.8211259595808591,0.8211259595808591,0.8211259595808591,0.8232617211954962,0.8232617211954962,0.8232617211954962,0.8525828061313704,0.8525828061313704,0.8525828061313704,1.0061296020201047
T000731,0.2662009610663429,0.2662009610663429,0.5358600069551259,0.651921750324181,0.2980018206818763,2.493222252105432,2.493222252105432,0.34486148335824096,0.34486148335824096,0.34486148335824096,0.4134928742129525
T000732,3.9169002365977703,3.770292787638573,0.37501541094262436,3.7931428959443307,0.3448807067967531,0.6345954920654562,0.6345954920654562,2.328215473492776,2.822681032553127,2.822681032553127,5.165722617864258
T000733,1.5721074369977752,1.5721074369977752,1.5721074369977752,1.5721074369977752,1.5755338895975521,1.5755338895975521,1.5755338895975521,1.5755338895975521,1.5755338895975521,1.5755338895975521,1.1807084669455665
T000734,7.786216060877312,7.786216060877312,7.4942239026508,7.4942239026508,7.4942239026508,7.4942239026508,7.491576936803513,7.491576936803513,7.491576936803513,7.491576936803513,7.838298652551173
T000735,0.5490113063718824,0.5490113063718824,0.5490113063718824,0.42577505286079637,0.42577505286079637,0.42577505286079637,0.42577505286079637,0.47476599016621823,0.47476599016621823,0.47476599016621823,0.6426216342586889
T000736,1.2174710915919296,1.2174710915919296,1.2174710915919296,1.2174710915919296,1.2174710915919296,0.7492149741361859,0.6383409160477193,0.7642006932151364,3.3163591055164052,0.6333830010872,0.7492149741361859
T000737,9.121055280956426,8.134209150774865,9.123522091695582,9.23896809391755,9.078599410200276,9.078599410200276,9.078599410200276,9.195122031947614,8.50351987852463,8.50351987852463,9.068401592718999
T000738,0.9000688135193244,0.9000688135193244,0.8436300404103606,0.8436300404103606,0.10051715342368962,0.10051715342368962,0.10051715342368962,0.21821688376609072,0.21821688376609072,0.21821688376609072,0.21821688376609072
T000739,0.639244291397606,0.639244291397606,0.639244291397606,0.3309195513286288,0.2653338200789528,0.2653338200789528,0.2653338200789528,0.5497175886038813,0.39032698038692837,0.29872106449594776,0.30437429868872024
T000740,1.6427920270766814,1.6427920270766814,6.197885412567268,1.7661464323293519,3.148412204623015,1.9637326337174403,1.9637326337174403,4.52010428103445,4.52010428103445,4.52010428103445,6.865671641791045
T000741,2.6268208793563996,2.1798119190230683,2.1798119190230683,2.1798119190230683,2.1798119190230683,2.1798119190230683,2.2935837298853547,2.2935837298853547,2.2935837298853547,2.2935837298853547,3.18870523832525
T000742,3.229522511123279,1.497860307470647,1.497860307470647,3.435463939325748,3.435463939325748,3.435463939325748,3.435463939325748,3.435463939325748,4.559474273447594,4.559474273447594,4.5987906503095335
T000743,0.8121548292338746,1.2291871186510146,1.2291871186510146,1.2291871186510146,0.49861394386416463,1.2291871186510146,0.8935446816964416,0.49861394386416463,0.7526115810848155,0.7526115810848155,1.0278058006311788
T000744,0.40322267013888935,0.40322267013888935,0.40322267013888935,0.40322267013888935,0.4265578297494897,0.4746694656733886,0.4746694656733886,0.4746694656733886,0.4746694656733886,0.4746694656733886,0.3953488372093023
T000745,0.5224234253792098,1.1724053050784904,1.145966186210184,0.6114796822877346,0.5869295751247237,0.5869295751247237,0.5869295751247237,0.5869295751247237,0.6941878116674812,0.6941878116674812,1.151014547438014
T000746,0.7779240242946764,0.7779240242946764,0.7779240242946764,0.7779240242946764,0.7933005348793545,0.7933005348793545,0.7933005348793545,0.7933005348793545,0.7933005348793545,0.7933005348793545,0.9731533476217559
T000747,2.1908629873863683,2.157558584464285,2.189592009396327,2.0877853421904446,2.0416245084748263,2.0416245084748263,2.0416245084748263,2.0416245084748263,2.1411764705882352,2.1411764705882352,1.6061857028528277
T000748,2.8580596536546405,2.7002943604970535,2.8162924604674173,2.7002943604970535,2.7002943604970535,2.7002943604970535,2.7002943604970535,2.953140026704335,2.953140026704335,2.953140026704335,3.3252955138712417
T000749,1.927828881085393,1.927828881085393,2.1331119135649206,2.5952232810971165,2.5401624314885973,2.5401624314885973,2.5401624314885973,2.5401624314885973,2.5401624314885973,2.5401624314885973,1.0770485560475396
T000750,2.363632830998649,2.363632830998649,2.363632830998649,2.363632830998649,2.3393333146319133,2.3393333146319133,2.64801141071563,2.377421580977622,2.235119111416626,2.4307582909681926,2.97902597017896
T000751,1.7577447566825886,1.7577447566825886,1.608496941739889,1.608496941739889,1.608496941739889,1.608496941739889,1.608496941739889,1.5948148785837315,1.5948148785837315,1.2937804989339832,1.7577447566825886
T000752,2.9627490131489216,2.2786329738695272,2.456564556190829,2.330924327608505,1.8918384221608862,1.8918384221608862,1.8918384221608862,1.8918384221608862,1.8918384221608862,1.8918384221608862,2.330924327608505
T000753,9.328711864742463,9.356301108051172,9.356301108051172,9.356301108051172,9.356301108051172,9.356301108051172,9.172923306989079,9.41471987410419,9.595766428188686,8.564421636696787,9.580756326748103
T000754,0.951961386644011,0.7143572227896517,0.790005569299333,1.3382786352709923,1.4024301209465304,1.4024301209465304,1.4024301209465304,1.4024301209465304,1.4024301209465304,1.4024301209465304,1.21429646349525
T000755,0.98125,0.9640503662870256,0.9640503662870256,0.9640503662870256,0.9026403351687358,0.9026403351687358,0.9026403351687358,0.9026403351687358,0.9026403351687358,0.9026403351687358,1.3273397283754138
