unique_id,MetaARIMA(1),MetaARIMA(2),MetaARIMA(5),MetaARIMA(10),MetaARIMA(20),MetaARIMA(30),MetaARIMA(40),MetaARIMA(50),MetaARIMA(75),MetaARIMA(94),AutoARIMA
T000000,1.125326483595212,1.0974044501972444,1.0974044501972444,1.0974044501972444,1.0974044501972444,1.0974044501972444,0.960139357627696,1.2674279508751607,1.2674279508751607,1.4066246440889405,0.9495269714509343
T000001,0.5170454582446545,0.5170454582446545,0.5170454582446545,2.071294956265075,1.5214486706771875,1.5214486706771875,1.5214486706771875,1.5214486706771875,1.5214486706771875,1.5214486706771875,0.49748515319614145
T000002,1.8274267059565892,2.051089416392087,2.051089416392087,2.051089416392087,2.051089416392087,2.051089416392087,2.020499287860433,2.020499287860433,2.020499287860433,2.020499287860433,1.8529186801370467
T000003,2.1019848744887706,2.1019848744887706,2.0573305003929323,2.0573305003929323,2.0833827195838683,1.7689383018937754,1.5689390363545277,1.5689390363545277,1.5689390363545277,1.5689390363545277,2.249830179581461
T000004,1.6118270028267883,1.6118270028267883,1.8475833153701984,2.0716277386193154,2.0716277386193154,2.0716277386193154,2.0760669362720594,2.0760669362720594,2.0014798840160437,1.9172522940260313,1.8850736667432746
T000005,0.9211455320109966,1.0469124802279455,1.2741772280412251,1.2741772280412251,1.2741772280412251,0.7699262925280388,0.7699262925280388,0.6274535969908126,0.6274535969908126,0.6274535969908126,1.0469124802279455
T000006,1.0615946121978717,1.0615946121978717,1.0216660843631185,1.0216660843631185,1.0216660843631185,1.1982942233208556,1.1982942233208556,1.1982942233208556,1.119187810235656,1.0002807672896854,1.0002807672896854
T000007,0.6554659951543337,0.6554659951543337,0.6554659951543337,0.4752782159377803,0.4752782159377803,0.4752782159377803,0.4752782159377803,0.4752782159377803,0.4752782159377803,0.4752782159377803,0.6518672341182482
T000008,0.6212102755718841,0.7148624690774452,0.7148624690774452,0.7148624690774452,0.7148624690774452,0.7148624690774452,0.6833494651612342,0.6833494651612342,0.7108821329063245,0.7108821329063245,0.7139031044346115
T000009,0.5098545676329185,0.4644761033083607,0.5515515408836874,0.5515515408836874,0.5515515408836874,0.5515515408836874,0.5515515408836874,0.5515515408836874,0.4804511661451101,0.4804511661451101,0.4078405802674096
T000010,5.0663571903358555,5.0663571903358555,5.577195849026535,5.577195849026535,5.221999553433016,5.221999553433016,5.221999553433016,5.198905237010156,5.148972119244881,5.148972119244881,5.366506944612241
T000011,0.9476613185815849,0.45279070702882523,0.4939590312087072,0.4939590312087072,0.4939590312087072,0.5189179652910626,0.5031159135040221,0.5031159135040221,0.5165405622160705,0.5165405622160705,0.7664053937883334
T000012,0.5122819775301,0.5122819775301,0.5629035331005712,0.5629035331005712,0.5629035331005712,0.5629035331005712,0.5629035331005712,0.5629035331005712,0.5629035331005712,0.5262908621889876,0.6303076217638398
T000013,1.6761769596631815,1.6761769596631815,1.6761769596631815,1.6761769596631815,1.8991581481830146,1.8991581481830146,1.8991581481830146,1.8991581481830146,1.8991581481830146,1.8991581481830146,1.8985601707689481
T000014,0.9953935707526748,0.927430415199848,1.007858602804326,1.007858602804326,0.9440540749149796,0.9269749707354401,0.9269749707354401,0.9377637835386933,0.9377637835386933,0.9377637835386933,0.97033760107578
T000015,0.2585234363525295,0.2854173008789713,0.20467239224801437,0.20467239224801437,0.2900168971317737,0.31780594922562233,0.3507395061292157,0.3507395061292157,0.3507395061292157,0.3507395061292157,0.31780594922562233
T000016,0.2660683833430119,0.7606194355881617,0.23792252577497155,0.23792252577497155,0.23792252577497155,0.23792252577497155,0.23792252577497155,0.23792252577497155,0.23792252577497155,0.23792252577497155,0.5981511853599276
T000017,0.6479623652458146,0.6433232271371493,0.6433232271371493,0.6433232271371493,0.6507785506821177,0.6507785506821177,0.7467838505675932,0.6153735467980272,0.6153735467980272,0.6153735467980272,0.6511644712388674
T000018,1.1642205872822462,1.1735253262987477,1.1735253262987477,1.1735253262987477,0.9507109169370659,0.7584538921125367,0.7584538921125367,0.7584538921125367,0.7584538921125367,0.7584538921125367,0.9582306836431521
T000019,2.4664939132133137,2.4664939132133137,2.6039514392677834,2.6039514392677834,2.395097268340953,1.7479369291533338,1.7479369291533338,1.7479369291533338,1.7479369291533338,1.7479369291533338,2.4423917328673928
T000020,1.2849431182560902,1.2849431182560902,1.2849431182560902,1.4199244720792439,1.1976981096315669,0.9687967625998026,0.9687967625998026,0.9687967625998026,0.9687967625998026,0.9687967625998026,0.9266526962784057
T000021,0.960057531405349,0.960057531405349,0.960057531405349,1.102176225432305,1.102176225432305,1.102176225432305,1.102176225432305,1.102176225432305,1.102176225432305,1.102176225432305,1.0515028093277807
T000022,1.184189421972598,1.13261045862962,1.13261045862962,1.13261045862962,1.13261045862962,1.13261045862962,1.13261045862962,1.0672790684945055,1.0672790684945055,1.0672790684945055,1.13261045862962
T000023,0.43694560340710475,0.48507633525589827,0.48507633525589827,0.48507633525589827,0.48507633525589827,0.48507633525589827,0.48507633525589827,0.48507633525589827,0.47314123087869087,0.47314123087869087,0.47314123087869087
T000024,1.039760024479059,1.0525988099411479,1.0525988099411479,1.0525988099411479,0.9767584284112071,0.9767584284112071,1.293764713392949,1.0608405564505892,1.002219135976773,1.0005860326979186,1.0759355579735679
T000025,2.5514112807255285,2.0989589323747104,2.0989589323747104,2.0989589323747104,2.0989589323747104,2.0989589323747104,2.2316178229384867,2.0117125705287378,2.0117125705287378,2.1070306676568693,1.8638590993871984
T000026,1.7744838156825515,1.7744838156825515,1.8142810750136371,1.4825107859945865,1.4825107859945865,1.4825107859945865,1.4825107859945865,1.4825107859945865,1.4825107859945865,1.6685280773717281,1.5956484025397104
T000027,1.6813472665321545,1.6813472665321545,1.6002363784549274,1.6002363784549274,1.6002363784549274,1.6002363784549274,1.6002363784549274,1.5518867104085277,2.3910666810301606,2.3910666810301606,1.5518867104085277
T000028,1.1558671456907657,0.7723650418808057,1.1558671456907657,0.49344294008560424,0.49344294008560424,0.49344294008560424,0.49344294008560424,0.49344294008560424,0.3614526200085141,0.3614526200085141,0.5918845555496852
T000029,1.2492233475898398,0.9646248850881538,0.9646248850881538,0.9646248850881538,0.9646248850881538,0.8532371503391745,0.8976930936510991,0.8976930936510991,0.96570366662916,0.96570366662916,0.7890988475478491
T000030,1.4086101530579822,1.6472272728274489,1.6472272728274489,1.6472272728274489,1.6472272728274489,1.614045237452259,1.614045237452259,1.614045237452259,1.614045237452259,1.614045237452259,1.5495730698356018
T000031,1.6332426748505018,2.179003897159405,2.179003897159405,2.179003897159405,2.179003897159405,2.0211804635406114,2.0211804635406114,2.0211804635406114,2.0211804635406114,2.0211804635406114,1.7625638576314167
T000032,0.9910202695023421,1.0371520504597025,0.9133474803236018,0.9133474803236018,0.9133474803236018,0.9133474803236018,0.9133474803236018,0.9133474803236018,0.9460550693712135,0.9460550693712135,1.0472675507165659
T000033,0.9148304145167746,0.9148304145167746,1.4892997796990561,1.4892997796990561,1.4892997796990561,1.6035262626058304,1.6035262626058304,1.0880148775470846,1.0880148775470846,1.0880148775470846,1.3208604451391623
T000034,2.4416652402287413,2.4416652402287413,2.4416652402287413,2.4416652402287413,2.7082533153972275,1.9269889932539368,1.9269889932539368,1.9269889932539368,1.9269889932539368,1.8182902881156866,2.6623747951132226
T000035,1.2923596306604994,1.2923596306604994,1.2923596306604994,1.2923596306604994,1.4794737214296692,1.4794737214296692,1.4794737214296692,1.4794737214296692,1.4794737214296692,1.4794737214296692,1.4155331647471772
T000036,1.0175046153411529,0.8596052018581835,1.2881723588286298,1.0629791724321833,1.3734244567273737,1.3734244567273737,1.3734244567273737,1.3734244567273737,1.7530164387263003,1.7229913283145741,1.557948676373545
T000037,2.4995328092446796,2.889721631490098,2.889721631490098,2.889721631490098,2.889721631490098,2.837357712083117,2.8851540606688904,2.8851540606688904,2.8851540606688904,2.8574994277288637,2.8574994277288637
T000038,2.1668103519533135,2.1697784816331507,2.0961630092988597,1.9840804363592075,1.9840804363592075,2.154802645891734,2.154802645891734,2.154802645891734,2.154802645891734,2.048800012543574,2.154802645891734
T000039,2.9149404063396007,1.3508283803620298,3.2509197564495538,3.2509197564495538,3.2509197564495538,3.2509197564495538,3.2509197564495538,3.2509197564495538,3.3520426704337742,3.3520426704337742,2.83656449867053
T000040,1.4965909088137612,1.4965909088137612,1.4268348209048365,1.4268348209048365,1.4268348209048365,1.4268348209048365,1.4268348209048365,1.4268348209048365,1.5532760432936676,1.5532760432936676,1.4268348209048365
T000041,0.47152282332088313,0.47152282332088313,0.47152282332088313,0.47152282332088313,0.4550430654892709,0.4550430654892709,0.4550430654892709,0.5593106429409312,0.5593106429409312,0.5593106429409312,1.309961373093241
T000042,0.5090853414073521,0.5090853414073521,0.5090853414073521,0.5090853414073521,0.4727997854506314,0.4727997854506314,0.548742093139545,0.588671668234565,0.588671668234565,0.588671668234565,1.27341315495531
T000043,0.8237635853224289,0.8237635853224289,0.5529370605603497,0.5529370605603497,0.5529370605603497,0.5626439252842995,0.5546371508653765,0.5546371508653765,0.5546371508653765,0.5546371508653765,1.1990486808676635
T000044,0.718660576593325,0.5546688030880451,0.5546688030880451,0.5725765222132007,0.58694673088185,0.58694673088185,0.58694673088185,0.58694673088185,0.58694673088185,0.58694673088185,0.5865846811137437
T000045,0.3571994756254502,0.3571994756254502,0.3571994756254502,0.3703000482645034,0.26733424661634514,0.33085607371568043,0.33085607371568043,0.33085607371568043,0.33085607371568043,0.37383333568690674,0.33085607371568043
T000046,1.7186298838911103,1.7186298838911103,1.7893867807258201,1.7893867807258201,1.7893867807258201,1.8040975241004154,1.8040975241004154,1.8303870090254533,1.8303870090254533,1.6063667867826978,1.0532941587354347
T000047,1.7231339595395374,1.7231339595395374,1.7231339595395374,1.8243446839170223,1.8238653997546093,1.8238653997546093,1.8238653997546093,1.8238653997546093,1.8238653997546093,1.6254717726030627,1.1502631959134106
T000048,0.723177931677076,0.723177931677076,0.723177931677076,0.7264067963487371,0.7264067963487371,0.823091164212045,0.823091164212045,0.823091164212045,0.823091164212045,0.823091164212045,0.7264067963487371
T000049,0.36407226880955595,0.3721499500768374,0.40124845427048533,0.40124845427048533,0.40124845427048533,0.40124845427048533,0.40124845427048533,0.40124845427048533,0.49983720266483594,0.49983720266483594,0.3811621492897839
T000050,0.4025586944171657,0.4025586944171657,0.24895061745871294,0.24895061745871294,0.24895061745871294,0.3361938459713911,0.36007791543041406,0.36007791543041406,0.36007791543041406,0.37284544171081363,0.3347613893351866
T000051,0.6142818713159289,0.6142818713159289,0.3299955721748855,0.3299955721748855,0.3299955721748855,0.3299955721748855,0.3299955721748855,0.3299955721748855,0.3299955721748855,0.584259219842046,0.7032824117735982
T000052,0.5153988903242389,0.5153988903242389,0.5153988903242389,0.5153988903242389,0.5153988903242389,0.5153988903242389,0.4876582701667134,0.5764126271389658,0.5764126271389658,0.5368079332585315,0.5319769050892786
T000053,0.38767535494371647,0.38767535494371647,0.3290309680889856,0.5358333375669542,0.5358333375669542,0.41451074290496875,0.41451074290496875,0.41451074290496875,0.5806928461323307,0.5806928461323307,0.4241729800673659
T000054,0.40035760854535396,0.34980663619843877,0.3622906085021748,0.3622906085021748,0.4331095207488829,0.4331095207488829,0.22278615121161666,0.22278615121161666,0.23703722126525567,0.23781764936891003,0.3509205372235503
T000055,0.6951814149857107,1.1259531410742973,0.5947521302935309,0.9580497558332403,0.9580497558332403,0.9580497558332403,1.1221540802471688,1.1221540802471688,0.4480655427217297,0.44897949384155,0.7241516390543821
T000056,0.8050494813334643,0.7122042670846761,0.7122042670846761,0.7122042670846761,0.7122042670846761,0.7122042670846761,0.7122042670846761,0.7122042670846761,0.7252467778546636,0.6617737244209905,1.0458940801395589
T000057,1.278909600336775,1.278909600336775,1.3311518483598996,1.3311518483598996,1.3311518483598996,1.3311518483598996,1.3311518483598996,1.3311518483598996,1.2904582893471184,1.2904582893471184,1.2904582893471184
T000058,0.3557190685824844,0.3557190685824844,0.3557190685824844,0.3557190685824844,0.3557190685824844,0.3557190685824844,0.3557190685824844,0.5407813801469791,0.5407813801469791,0.5407813801469791,0.3557190685824844
T000059,0.5396870531629164,0.5784477772818937,0.5784477772818937,0.5784477772818937,0.6202630406408973,0.7373697149020217,0.5684881225532837,0.5684881225532837,0.609354388253572,0.609354388253572,0.6302094249370898
T000060,0.5200427011376365,0.4809712739930815,0.4809712739930815,0.4809712739930815,0.4809712739930815,0.4809712739930815,0.4929269970341064,0.4929269970341064,0.4922693603427375,0.5436023650676641,0.4674688990196804
T000061,1.0570936879061885,1.0627357080676416,1.0627357080676416,1.052319199270831,1.227017426515334,1.227017426515334,1.227017426515334,1.227017426515334,1.227017426515334,1.227017426515334,1.0855273653864939
T000062,3.383737438832957,3.383737438832957,3.281859908365021,3.589264624954879,3.589264624954879,3.581223564068172,3.581223564068172,3.581223564068172,3.581223564068172,3.581223564068172,3.3346161438914006
T000063,1.2910198933319041,0.939909673988577,0.939909673988577,0.939909673988577,0.9092734518838907,0.9359566734557326,1.2557648801418448,1.2557648801418448,1.2557648801418448,1.2557648801418448,1.1425932372475298
T000064,0.9349280563910134,0.707454986816441,0.8660979772800829,0.707454986816441,0.8372209583891765,0.8372209583891765,0.9535717726810187,0.9535717726810187,0.9535717726810187,0.9535717726810187,0.9535717726810187
T000065,0.6522300044386427,0.5090302133603187,0.5090302133603187,0.5090302133603187,0.5090302133603187,0.5090302133603187,0.5090302133603187,0.5090302133603187,0.5101184009664883,0.6558791612066611,0.613998801619725
T000066,0.6717555960170412,0.6717555960170412,0.8481613737122409,0.8481613737122409,0.8437950407784276,0.8437950407784276,0.8437950407784276,0.4719728377695831,0.4719728377695831,0.4719728377695831,0.8887651175792747
T000067,0.9981146673276154,0.8176535347037637,0.8176535347037637,0.8176535347037637,0.9700330260855322,0.919512907454366,0.919512907454366,0.919512907454366,0.919512907454366,0.919512907454366,0.9779730127284767
T000068,0.677871113282378,0.7352475161191206,0.7352475161191206,0.7352475161191206,0.7352475161191206,0.7352475161191206,0.7352475161191206,0.7324805114268464,0.7324805114268464,0.7207617852969654,0.6919358152110994
T000069,0.8498278300686176,0.8498278300686176,3.46877067582859,3.46877067582859,0.7758301779777499,0.7993700584332651,0.7993700584332651,0.7993700584332651,0.8071526467534275,0.8071526467534275,0.7873889992725572
T000070,0.906343146317013,0.906343146317013,0.8433207889344178,0.8433207889344178,0.7101508979130484,0.7101508979130484,0.7101508979130484,0.7101508979130484,0.7890568264459744,0.7960551401027626,0.85224182812073
T000071,2.2380390469601963,1.7548461978500387,1.7548461978500387,1.7548461978500387,1.8979772301405438,1.898093129806056,1.9012356868398024,1.9012356868398024,1.9012356868398024,1.9012356868398024,1.829530594292686
T000072,0.44292225350234926,0.37834598706596145,0.37834598706596145,0.37834598706596145,0.34240146688083556,0.34240146688083556,0.34240146688083556,0.34240146688083556,0.34240146688083556,0.34240146688083556,0.4226279935738808
T000073,0.516512696456652,0.42517795298004585,0.5075934194963233,0.5075934194963233,0.5075934194963233,0.5075934194963233,0.5075934194963233,0.5075934194963233,0.7150190057020586,0.7150190057020586,0.5230160161761183
T000074,0.7034004412171948,0.7034004412171948,0.7596148337370452,0.7596148337370452,0.7596148337370452,0.7596148337370452,0.7596148337370452,0.7596148337370452,0.7596148337370452,0.7596148337370452,0.6986627248269165
T000075,0.6309262375325374,0.4046597019373881,0.5415121862145491,0.5415121862145491,0.5415121862145491,0.5415121862145491,0.5415121862145491,0.5415121862145491,0.447535927107461,0.48326511419647544,0.40270332885607224
T000076,1.110448257474956,1.1217842227306971,1.1217842227306971,1.1217842227306971,1.0197399974297814,1.0197399974297814,1.0197399974297814,1.0197399974297814,1.0559699696321116,1.0861179951339348,0.923278413659372
T000077,0.7313158749709894,0.7313158749709894,1.05247467943764,1.1314915996028374,1.1314915996028374,1.1314915996028374,1.1314915996028374,1.1314915996028374,1.1314915996028374,0.9952000668278116,1.118074760969773
T000078,0.5817919226742471,0.44993159994617277,0.372805814308748,0.372805814308748,0.372805814308748,0.372805814308748,0.372805814308748,0.372805814308748,0.372805814308748,0.372805814308748,0.5944985096520269
T000079,0.42080828758849287,1.6472553841339472,0.40094117562143333,0.40094117562143333,0.44809642493598684,0.2872214402480197,0.2872214402480197,0.2872214402480197,0.27997600622959834,0.27997600622959834,0.4640078713213645
T000080,0.9998291956571201,0.6184866079546774,0.6184866079546774,0.6184866079546774,0.6184866079546774,0.6184866079546774,0.5401326206068486,0.8303438864510402,0.8303438864510402,0.7404598855886976,0.7488332388372998
T000081,1.765139177727479,1.696000588389135,1.696000588389135,1.696000588389135,1.7367468893176303,1.7367468893176303,1.7367468893176303,1.7367468893176303,1.749474267080237,1.6228358337681836,1.7349686390959589
T000082,0.2820941669614812,0.2820941669614812,0.602471519940648,0.602471519940648,0.602471519940648,0.602471519940648,0.602471519940648,0.602471519940648,1.1695122152580644,0.9081949495981401,0.3677761099430609
T000083,0.7148644634879765,0.6771038564798433,0.6771038564798433,0.6771038564798433,0.6771038564798433,0.6771038564798433,0.6771038564798433,0.695850559868515,0.6754202324778251,0.6754202324778251,0.7876417293848181
T000084,0.7182707328990581,0.7182707328990581,0.7182707328990581,0.7182707328990581,0.5909439194565177,0.5909439194565177,0.5909439194565177,0.5906132768537271,0.5910409058777247,0.5897061919768617,0.6675814549003461
T000085,0.8769933261937083,0.8769933261937083,1.0001712471529027,1.0001712471529027,0.9284851280037173,0.689670794380636,0.689670794380636,0.713908011833732,0.713908011833732,0.713908011833732,1.0177699764663284
T000086,1.6054983763416837,1.3720889279711035,1.3720889279711035,1.3882011508044831,1.3882011508044831,1.3882011508044831,1.3882011508044831,1.0050980532091227,1.0050980532091227,1.0050980532091227,1.3174986580661487
T000087,0.7856340017474183,0.9361378196453765,0.6512216201254064,0.6512216201254064,0.6512216201254064,0.6512216201254064,0.6512216201254064,0.6512216201254064,0.6350877452574606,0.6350877452574606,0.9612321937371223
T000088,1.1389445665515643,1.2279052725541815,1.2279052725541815,1.2279052725541815,1.2279052725541815,1.0630323678999487,1.0630323678999487,1.0467993657895833,1.068467010524742,1.068467010524742,1.1145582801325202
T000089,0.47569160192959925,0.521311609978114,0.521311609978114,0.521311609978114,0.521311609978114,0.521311609978114,0.5049807079366636,0.5049807079366636,0.5375154278957293,0.506021750314379,0.4844454258213099
T000090,0.8129430664140936,0.8129430664140936,0.8758049866815425,0.8758049866815425,0.4630682457303733,0.5661806430336358,0.5661806430336358,0.5661806430336358,0.5661806430336358,0.4890556297353517,0.8252357065915159
T000091,0.4450523650189632,0.35230679449317864,0.36874217394389125,0.3254519287236464,0.3254519287236464,0.3254519287236464,0.3254519287236464,0.3254519287236464,0.34135009156258883,0.34124267315952345,0.5929195849514464
T000092,0.6284784071758839,0.6284784071758839,0.6284784071758839,0.48661991209795546,0.48661991209795546,0.48661991209795546,0.48661991209795546,0.48661991209795546,0.48661991209795546,0.4569833716028771,0.611139155037539
T000093,0.9379520783226997,1.2230910063726845,0.8771778127381226,0.8771778127381226,0.8771778127381226,0.8771778127381226,0.9459227866914439,0.9459227866914439,1.8826847770278303,1.8826847770278303,1.2238342654039036
T000094,0.5149515354709238,0.5149515354709238,0.5492267684922391,0.5492267684922391,0.3367077954184498,0.3367077954184498,0.3367077954184498,0.3367077954184498,0.3367077954184498,0.3367077954184498,0.5482403787461682
T000095,0.6826446559349921,0.6826446559349921,0.6826446559349921,0.7274266127886663,0.47054686255948175,0.47054686255948175,0.47054686255948175,0.47054686255948175,0.47054686255948175,0.42251533158630705,0.6085687469866133
T000096,0.38701110590829785,0.33182765282359356,0.40157060584523147,0.43020570352416687,0.4002202683625238,0.4002202683625238,0.4002202683625238,0.4002202683625238,0.3650423362709522,0.4621598990123247,0.3650423362709522
T000097,0.5889552301917045,0.5889552301917045,0.5889552301917045,0.34832130703905534,0.20063972967209082,0.20063972967209082,0.21785169666441392,0.2843727011725686,0.2843727011725686,0.2843727011725686,0.35503915674244574
T000098,0.37908064824099597,0.37908064824099597,0.3295981103174536,0.3295981103174536,0.3295981103174536,0.3295981103174536,0.484602022550051,0.484602022550051,0.7174610379701942,0.7174610379701942,0.3294168536200455
T000099,1.1487147041639452,1.1487147041639452,1.1916034724769051,1.1460524186582242,1.1477910174816452,1.1477910174816452,1.1477910174816452,1.1477910174816452,1.1477910174816452,1.0509422677225067,1.1477910174816452
T000100,0.384524254961514,0.384524254961514,0.36450995452071105,0.4119786013277566,0.4119786013277566,0.3546938755132116,0.3546938755132116,0.3546938755132116,0.3546938755132116,0.3546938755132116,0.3546938755132116
T000101,0.48377726500455565,0.4782637495309416,0.4889897134777954,0.4889897134777954,0.4889897134777954,0.4889897134777954,0.4889897134777954,0.4889897134777954,0.4662674314243804,0.4662674314243804,0.4639520941708331
T000102,1.1570231224942276,1.1570231224942276,1.0931664483736838,1.0931664483736838,1.0931664483736838,1.0017147369234838,1.0017147369234838,1.0017147369234838,1.0017147369234838,1.1121268422694386,1.0028723556050954
T000103,1.9181577482340615,1.9181577482340615,1.300503864196477,1.300503864196477,1.300503864196477,1.300503864196477,1.300503864196477,1.9378723249733476,1.9283576350384635,1.9283576350384635,1.9283576350384635
T000104,0.7424429967736103,0.691586815156757,0.7450906854226901,0.6190292314855587,0.6190292314855587,0.6454992043730285,0.817520049314374,0.817520049314374,0.817520049314374,0.817520049314374,0.5971538607524695
T000105,0.7179943557627844,0.48925362716437265,0.4746777637043052,0.4746777637043052,0.5465490608358518,0.5661819723536855,0.5661819723536855,0.8578334641325229,0.8578334641325229,0.8578334641325229,0.5661819723536855
T000106,0.4373064299321732,0.4051846901744453,0.4051846901744453,0.4238617231286019,0.4238617231286019,0.3951831075620646,0.3951831075620646,0.3951831075620646,0.3951831075620646,0.3951831075620646,0.3859153854562099
T000107,0.4900157047415743,0.4480974468359331,0.4480974468359331,0.4480974468359331,0.4480974468359331,0.4459571237041657,0.4459571237041657,0.4459571237041657,0.4459571237041657,0.4459571237041657,0.45956882152349826
T000108,1.7132349105737348,2.180552625409316,2.180552625409316,2.180552625409316,2.180552625409316,2.1241749886151404,2.1241749886151404,2.1241749886151404,2.1241749886151404,2.1241749886151404,1.8960767085076027
T000109,0.618658848438018,0.618658848438018,0.621163524959227,0.5895530860670459,0.5895530860670459,0.5895530860670459,0.5895530860670459,0.5895530860670459,0.5895530860670459,0.5895530860670459,0.5990292184130528
T000110,0.7840638156111485,0.24670100849665544,0.31871482336957596,0.31871482336957596,0.31871482336957596,0.31871482336957596,0.31871482336957596,0.31871482336957596,0.31871482336957596,0.32131596345693564,0.20869341203448039
T000111,0.43706213697657387,1.5146773053635565,1.3075042320408885,1.3075042320408885,1.3075042320408885,0.786899299497007,0.786899299497007,0.786899299497007,0.786899299497007,0.786899299497007,1.7921692458949003
T000112,0.9295928582971958,0.9048981103320837,0.8073750015973437,1.4186025228823174,1.4186025228823174,1.2608714690220217,1.2889548349547322,1.2538100019121234,1.1599352567688836,1.1618191967400266,1.0101555435894596
T000113,0.6396751086456898,0.530508764282471,0.530508764282471,0.530508764282471,0.5282332115701232,0.5282332115701232,0.5282332115701232,0.46632729963284314,0.4658253358602901,0.43753525698749335,0.5907519675850038
T000114,2.181903043083866,1.9861383975417635,1.9861383975417635,1.9861383975417635,2.604847066047509,2.604847066047509,2.604847066047509,2.604847066047509,2.44481429201262,2.449733930721793,2.0857011896764295
T000115,0.49246331930356124,0.7009537778131613,0.617279922808228,0.45275543948608804,0.44538615169892243,0.35836233301833453,0.35154138943135155,0.35154138943135155,0.5280338458183889,0.38225603324857044,0.486625528772062
T000116,0.5654225027997374,0.5654225027997374,0.5654225027997374,0.5590911219239185,0.4154604628395543,0.4154604628395543,0.4154604628395543,0.4154604628395543,0.4154604628395543,0.45468381225852655,0.5848327000855811
T000117,0.328013412045291,0.46871951430958286,0.46871951430958286,0.46871951430958286,0.46871951430958286,0.46871951430958286,0.3314155722492308,0.34085070438666415,0.3440573527238901,0.34309601557087277,0.4715233128215741
T000118,0.6341705094945018,0.6341705094945018,0.5045810789724295,0.5045810789724295,0.5045810789724295,0.5045810789724295,0.5082041474726952,0.5082041474726952,0.5082041474726952,0.5082041474726952,0.6248942242707631
T000119,0.3768889149774988,0.3684879723421814,0.36479115763579867,0.3217300388200641,0.6462170334355745,0.6462170334355745,0.6330705850681925,0.5550835544912771,0.5514624973825684,0.5528912019730953,0.4074235760541626
T000120,0.6361168048561403,0.6361168048561403,0.521128330936986,0.521128330936986,0.521128330936986,0.5227638583365612,0.5227638583365612,0.5227638583365612,0.4645875560692225,0.5068944612099778,0.6574463305770861
T000121,0.6152811505262713,0.5921629011324557,0.5921629011324557,0.6921891892648482,0.3606809368731482,0.3606809368731482,0.3442553078587305,0.3442553078587305,0.35189738000493304,0.35189738000493304,0.6658935170390083
T000122,0.6487492891924587,0.6487492891924587,0.655962093263503,0.655962093263503,0.655962093263503,0.655962093263503,0.655962093263503,0.655962093263503,0.655962093263503,0.6575641674350424,0.7010416646922714
T000123,0.6152811505262713,0.5921629011324557,0.5921629011324557,0.6921891892648482,0.3606809368731482,0.3606809368731482,0.3442553078587305,0.3442553078587305,0.35189738000493304,0.35189738000493304,0.6658935170390083
T000124,0.3174531216691581,0.3174531216691581,0.7522746745788964,0.7522746745788964,0.7522746745788964,0.7522746745788964,0.7522746745788964,0.7522746745788964,0.7200188531583829,0.7200188531583829,0.6717461628398448
T000125,0.4237899125317246,0.5637002217211692,0.4712062883528197,0.4712062883528197,0.4712062883528197,0.4712062883528197,0.4712062883528197,0.4712062883528197,0.4712062883528197,0.5210831488095378,0.5827543454303853
T000126,0.6050990822810661,0.41440741705156153,0.41440741705156153,0.41440741705156153,0.41440741705156153,0.41440741705156153,0.41440741705156153,0.41440741705156153,0.41440741705156153,0.4415544697761777,0.5078440403501914
T000127,0.3604260370402272,0.3640508315269027,0.6651129121210759,0.6651129121210759,0.31727886702208047,0.31727886702208047,0.31727886702208047,0.31727886702208047,0.31727886702208047,0.31727886702208047,0.30426209616398703
T000128,0.5357986728075642,0.5357986728075642,0.5357986728075642,0.3669323972437623,0.3669323972437623,0.3826922362184109,0.3600801661251457,0.3600801661251457,0.3600801661251457,0.3600801661251457,0.4013402066446285
T000129,0.7311630835627592,0.8398923167865311,0.8398923167865311,0.8398923167865311,0.5882534336438603,0.5882534336438603,0.6239502633240613,0.6239502633240613,0.6239502633240613,0.5935426181313619,0.7278541813597165
T000130,0.13340910954207247,0.24577473083588738,0.24577473083588738,0.24577473083588738,0.24577473083588738,0.24577473083588738,0.24577473083588738,0.24577473083588738,0.13709531776228895,0.13709531776228895,0.11530333660525971
T000131,0.415710039746668,0.3915997608671446,0.5628836924989058,0.5628836924989058,0.5461448963321194,0.5461448963321194,0.5461448963321194,0.4805764481675194,0.4805764481675194,0.4805764481675194,0.3780095939875895
T000132,1.0874127166482566,1.3267999061399123,1.4181893880307812,1.4181893880307812,1.4181893880307812,1.4297033202191587,1.4297033202191587,1.4162525584219419,1.4162525584219419,1.6116480557478512,1.2931445234328842
T000133,1.5349831848858504,0.9728724675757328,0.9416366515321735,0.9111920206355949,0.9111920206355949,0.9111920206355949,0.9537373622735154,0.9243619916187791,0.9243619916187791,0.9377741154162506,0.937352586704322
T000134,1.1357425898709095,1.1357425898709095,1.1357425898709095,1.1357425898709095,1.1357425898709095,1.1290310891478412,1.1290310891478412,1.1290310891478412,1.1290310891478412,1.213437612570165,0.8146423551012681
T000135,0.4921300743957467,0.4595689347813742,0.4595689347813742,0.4595689347813742,0.4606434007848155,0.5121220474438175,0.5121220474438175,0.5121220474438175,0.5121220474438175,0.4493831890638487,0.4606434007848155
T000136,0.9378934238697815,0.7405700061407876,0.7405700061407876,0.7405700061407876,0.7405700061407876,0.7405700061407876,0.7405700061407876,0.8253224383747545,0.8482294615565366,0.8482294615565366,0.854591259488436
T000137,0.8635353501604751,1.1111249719048437,0.7871948934578354,0.7871948934578354,0.7871948934578354,0.7871948934578354,0.7871948934578354,0.7871948934578354,0.9123298627345163,0.9123298627345163,1.0863366620205543
T000138,0.9098291798286795,0.9098291798286795,1.1043040324205435,0.9300033345960386,0.6521633778645444,0.6521633778645444,0.6521633778645444,0.6521633778645444,0.6415025416142974,0.6415025416142974,0.9189396258966519
T000139,0.4604659492395848,0.4604659492395848,0.457226033897235,0.457226033897235,0.457226033897235,0.457226033897235,0.457226033897235,0.457226033897235,0.4667989232957624,0.4667989232957624,0.47550589103561436
T000140,1.047279794049847,0.995931744643694,1.0534595941430989,1.0534595941430989,1.0534595941430989,1.0534595941430989,1.0534595941430989,1.0482450242805532,1.0482450242805532,1.0482450242805532,1.0829328212679943
T000141,0.6139154160708699,0.6751289622011953,0.6139154160708699,0.5355226172079756,0.5355226172079756,0.5355226172079756,0.5355226172079756,0.5355226172079756,0.5355226172079756,0.5691763942862608,0.5494527668287155
T000142,0.9272860528469347,0.4736469797810949,0.4736469797810949,0.4736469797810949,0.4736469797810949,0.4736469797810949,0.4736469797810949,0.4736469797810949,0.5008147533269349,0.506903994264792,0.711803135488318
T000143,0.38963920838030597,0.9565126242135544,0.6414292174296135,0.6414292174296135,1.6434527168783424,1.6434527168783424,0.6445229303277498,0.7647792767718758,0.7647792767718758,0.8016268086311318,1.0951118152593016
T000144,0.47359462593082946,0.45731072957852154,0.45731072957852154,0.45731072957852154,0.4959990430305972,0.4959990430305972,0.4959990430305972,0.4959990430305972,0.4959990430305972,0.4959990430305972,0.4452424025667906
T000145,2.2952388313887506,2.2952388313887506,2.291220064409369,2.291220064409369,2.1977991398970618,2.3244262307201393,2.3244262307201393,2.256324976409312,2.256324976409312,2.256324976409312,2.256324976409312
T000146,0.8158385989226749,0.8158385989226749,0.8158385989226749,0.7911553002109823,0.7911553002109823,0.7911553002109823,0.7911553002109823,0.7911553002109823,0.6751559956090117,0.6751559956090117,0.7911553002109823
T000147,0.22705536141254368,0.22705536141254368,0.22705536141254368,0.22705536141254368,0.22705536141254368,0.22705536141254368,0.22705536141254368,0.22705536141254368,0.42197182328155386,0.42197182328155386,0.1712073247858015
T000148,0.31288550618449723,0.31288550618449723,0.3249713602499982,0.3249713602499982,0.3249713602499982,0.3249713602499982,0.3249713602499982,0.3249713602499982,0.28382844343321423,0.3258231473823632,0.32494823656932065
T000149,0.7638594724304902,0.7638594724304902,0.7198673347759835,0.7198673347759835,0.711427686064244,0.711427686064244,0.711427686064244,0.711427686064244,0.711427686064244,0.711427686064244,0.8591287928390028
T000150,0.7742663802997592,0.7742663802997592,0.8763697245116001,1.0896268476415987,0.755116583344724,0.755116583344724,0.6502451404499099,0.6502451404499099,0.6502451404499099,0.46085797145272356,0.6129954211576097
T000151,0.39143665082393586,0.41764716858999795,0.6452238632432661,0.6452238632432661,0.38467889856559356,0.38467889856559356,0.38467889856559356,0.38467889856559356,0.3802303942001529,0.3802303942001529,0.49196112741489956
T000152,0.4703225018211466,0.4703225018211466,0.4703225018211466,0.4703225018211466,0.5137763811524948,0.4395990010908324,0.4395990010908324,0.4395990010908324,0.4395990010908324,0.4395990010908324,0.5034005910896661
T000153,0.3062067615680786,0.7074218793175217,0.7074218793175217,0.7074218793175217,0.7074218793175217,0.5500432607025205,0.5500432607025205,0.5500432607025205,0.5500432607025205,0.5500432607025205,0.5445279410097176
T000154,0.6619233010054241,0.6619233010054241,0.4284936546412621,0.4284936546412621,0.3674569698861445,0.3674569698861445,0.22184172647511669,0.22184172647511669,0.3101845463017184,0.3001544450163419,0.8640428015519952
T000155,0.3063141606277128,0.27984274248299396,0.27984274248299396,0.27984274248299396,0.22207138830089648,0.22207138830089648,0.22207138830089648,0.22207138830089648,0.22207138830089648,0.24390939104466006,0.22207138830089648
T000156,0.6656889976265716,0.5614420254642795,0.22949592299368504,0.22949592299368504,0.5180593986447497,0.5037282981961801,0.5037282981961801,0.5020502314540155,0.5208189005240772,0.5208189005240772,0.5035492017824058
T000157,0.6936919355681832,0.6936919355681832,0.782652045340557,0.782652045340557,0.782652045340557,0.782652045340557,0.782652045340557,0.782652045340557,0.782652045340557,0.782652045340557,0.7391689465640704
T000158,0.2655418154212367,0.2655418154212367,0.3108028924403353,0.3108028924403353,0.3108028924403353,0.3108028924403353,0.3108028924403353,0.3108028924403353,0.3108028924403353,0.3108028924403353,0.3108028924403353
T000159,0.8357306674860958,0.8412660269875287,0.7502036407148788,0.7502036407148788,0.7502036407148788,0.7502036407148788,0.7502036407148788,0.7502036407148788,0.7502036407148788,0.7502036407148788,0.9916131991529863
T000160,0.3225813109675803,0.8659440531222969,0.8659440531222969,0.3642777909107345,0.7804638440890588,0.7804638440890588,0.7804638440890588,0.9725431317843666,0.9725431317843666,0.8380375117209745,0.3642777909107345
T000161,0.6918087063749158,0.6918087063749158,0.6143389984401406,0.6143389984401406,0.6143389984401406,0.6143389984401406,0.6143389984401406,0.6143389984401406,0.6143389984401406,0.6143389984401406,0.7270025661763503
T000162,0.7055941014773705,0.6119642111171222,0.6119642111171222,0.735624405949364,0.735624405949364,0.735624405949364,0.735624405949364,0.735624405949364,0.735624405949364,0.735624405949364,0.735624405949364
T000163,0.5683856898870793,0.6326056249219237,0.6326056249219237,0.6326056249219237,0.6326056249219237,0.6326056249219237,0.6326056249219237,0.6156467063004074,0.6156467063004074,0.6156467063004074,1.2603286125265378
T000164,2.5851840749394954,2.5851840749394954,2.5851840749394954,2.5450262705665723,2.2284869151500084,2.3273665985218366,2.3273665985218366,2.3273665985218366,2.4355761185156832,2.4355761185156832,2.3273665985218366
T000165,1.0318724516708104,1.272920844249667,1.272920844249667,1.272920844249667,0.9884552281109111,0.9884552281109111,0.9753014884046141,0.9659010644515337,0.9659010644515337,0.9659010644515337,0.9911143681582925
T000166,1.4011849696230603,1.4011849696230603,1.4455710900198189,1.4455710900198189,1.4455710900198189,1.4455710900198189,1.4455710900198189,1.4455710900198189,1.4455710900198189,1.4455710900198189,1.3699221617175177
T000167,1.0247198260773909,0.8300306125318858,0.8300306125318858,0.8300306125318858,0.8300306125318858,0.8300306125318858,0.8300306125318858,0.8300306125318858,0.8300306125318858,0.8300306125318858,0.9702121764523562
T000168,1.1745002947674437,0.599367269141829,0.599367269141829,0.599367269141829,0.5495109018802043,0.5495109018802043,0.5495109018802043,0.5495109018802043,0.5495109018802043,0.5495109018802043,0.6086112620930076
T000169,0.9787217874903482,1.1458328048757014,0.8252025003015132,0.8252025003015132,0.9979717219865786,0.9979717219865786,0.9979717219865786,0.9979717219865786,1.3313311738038773,1.4126284826012045,1.2008350265219427
T000170,1.4616841471023463,1.5164860365215298,1.8965929772461159,1.8965929772461159,1.8758315889881199,1.8758315889881199,1.8758315889881199,1.8758315889881199,1.7823566814632186,1.7823566814632186,2.1952035733443935
T000171,0.5521545419510057,0.5521545419510057,0.5521545419510057,0.5388915860791271,0.5548364370766659,0.5548364370766659,0.5709492001362467,0.5709492001362467,0.5511102543739071,0.5511102543739071,0.5135373799372217
T000172,1.8770453230994657,1.8770453230994657,2.517964396999525,2.517964396999525,2.517964396999525,2.517964396999525,2.517964396999525,2.517964396999525,2.517964396999525,2.517964396999525,2.7020452593428805
T000173,0.579060272180666,0.579060272180666,0.579060272180666,0.579060272180666,0.579060272180666,0.579060272180666,0.6132368593402465,0.6132368593402465,0.6132368593402465,0.6132368593402465,0.6189310797950038
T000174,1.1077243183732195,1.1077243183732195,0.6476365899292617,0.7573432336752127,0.7692345769654515,0.7692345769654515,0.7692345769654515,0.7692345769654515,0.7692345769654515,0.7692345769654515,0.8584686868396777
T000175,0.44514508006469755,0.5254754563367416,0.5216403738137356,0.46987478536963057,0.46987478536963057,0.46987478536963057,0.471568551465717,0.471568551465717,0.471568551465717,0.471568551465717,0.4845052146316105
T000176,0.33347528876940347,0.3281378053149178,0.3281378053149178,0.32945729593959233,0.32945729593959233,0.32945729593959233,0.32945729593959233,0.32945729593959233,0.32945729593959233,0.3963375291737625,0.4181835114798872
T000177,0.40322925501626405,0.40322925501626405,0.3945371802816349,0.40322925501626405,0.6535587423926601,0.6535587423926601,0.5868683318982479,0.5868683318982479,0.2726802847828157,0.2726802847828157,0.4243855233984464
T000178,0.4224805341766291,0.3420939901473698,0.3420939901473698,0.429752362526927,0.429752362526927,0.429752362526927,0.429752362526927,0.429752362526927,0.429752362526927,0.429752362526927,0.4103665943819928
T000179,0.2723808505642139,0.2721032933789203,0.2721032933789203,0.2495520206511687,0.2495520206511687,0.2495520206511687,0.2790292737964145,0.2790292737964145,0.2537649997128558,0.2537649997128558,0.2790292737964145
T000180,1.0045584986569187,0.3567445190046925,0.3567445190046925,0.3567445190046925,0.3567445190046925,0.5570967632794329,0.5570967632794329,0.5570967632794329,0.5570967632794329,0.35590675529489096,0.4424939184654177
T000181,0.4601171037766798,0.4601171037766798,0.4005175003256883,0.4005175003256883,0.4548867341412447,0.4548867341412447,0.4548867341412447,0.5456182251029358,0.5554257703308044,0.6384385650676789,0.6007374080734303
T000182,1.0163513793315817,1.0163513793315817,0.963264509320811,0.7040203807209519,0.7040203807209519,0.7040203807209519,0.7040203807209519,0.7705987925049318,0.7705987925049318,0.781248339714552,0.8812245974253934
T000183,0.9034072064959631,0.9034072064959631,0.9372178995787696,0.9372178995787696,0.9539865756844527,1.1431913807415857,0.9558586803832394,0.9558586803832394,1.3171892089029358,1.1900536387923426,0.93836494187832
T000184,0.9325195265930423,0.9325195265930423,0.8124982298209069,0.8124982298209069,0.8124982298209069,0.8124982298209069,0.8433238075423611,0.8063338903417998,0.8063338903417998,0.8063338903417998,0.9630631502586372
T000185,0.9867627122916451,0.6375378677022787,0.6375378677022787,0.6736365825146383,0.6736365825146383,0.6120615426763957,0.6120615426763957,0.6120615426763957,0.6120615426763957,0.6120615426763957,0.6120615426763957
T000186,0.2958303381097541,0.3439127903957023,0.3439127903957023,0.3439127903957023,0.3439127903957023,0.33863228868595174,0.33863228868595174,0.34196053031107126,0.34196053031107126,0.34196053031107126,0.3220492704419291
T000187,0.45162518089778236,0.45162518089778236,0.5293112479283815,0.5293112479283815,0.5278933869204236,0.5232803759427954,0.5232803759427954,0.5421716784190631,0.5421716784190631,0.5417661184145456,0.47727099690470637
T000188,0.5041994066246531,0.5063036854348658,0.5063036854348658,0.5063036854348658,0.5063036854348658,0.5063036854348658,0.5063036854348658,0.5063036854348658,0.5631446854841261,0.5631446854841261,0.648310137528198
T000189,0.9387625064326541,0.9840150623919565,1.0967887412199908,0.6344115289962982,0.6953431543056732,0.6953431543056732,0.6953431543056732,0.6953431543056732,0.6953431543056732,0.7148038418624533,0.7041419421832986
T000190,0.35801265324240017,0.43508855593618007,0.4890504507695252,0.4890504507695252,0.4890504507695252,0.4890504507695252,0.4890504507695252,0.6658942875364493,0.6972442098726772,0.6972442098726772,0.5314750580745639
T000191,0.46890057753007014,0.41165702695151124,0.41165702695151124,0.3458658230502871,0.6811469113006957,0.6811469113006957,0.6811469113006957,0.6811469113006957,0.6811469113006957,0.6811469113006957,0.3511603231537246
T000192,1.2535697573570865,1.4498898592024119,1.0853307343954526,1.0853307343954526,1.0853307343954526,1.0853307343954526,1.0853307343954526,1.0853307343954526,1.0667818248496552,1.0667818248496552,1.4821527903846126
T000193,0.8194072857254722,0.8194072857254722,0.8194072857254722,0.7473655684257259,0.7473655684257259,0.4771687736921557,0.4771687736921557,0.4771687736921557,0.4771687736921557,0.4771687736921557,0.6703851436025328
T000194,2.8608823859935195,2.7419532061857614,2.7419532061857614,2.7419532061857614,2.6801046837016917,3.1621705979430836,3.1621705979430836,3.1621705979430836,3.1621705979430836,3.2228997147015424,3.335730162833985
T000195,0.3404552947746031,0.3404552947746031,0.3404552947746031,0.3404552947746031,0.4907464225931219,0.4907464225931219,0.4907464225931219,0.4907464225931219,0.4907464225931219,0.4907464225931219,0.3138566358316824
T000196,0.7746289164655982,0.7746289164655982,0.6836487792342101,0.6836487792342101,0.7173414131462494,0.7754604760981757,0.7754604760981757,0.7754604760981757,0.7685352275753691,0.7685352275753691,0.7403590304425788
T000197,0.37541193000885603,0.41247639269044284,0.41247639269044284,0.37544684406553125,0.3762154057688725,0.3762154057688725,0.3762154057688725,0.3762154057688725,0.3762154057688725,0.3458903726153292,0.3762154057688725
T000198,1.1639782250555875,1.1639782250555875,1.1639782250555875,1.1639782250555875,1.1744066480827005,1.1744066480827005,1.1744066480827005,1.1744066480827005,1.3189760923739322,1.3189760923739322,1.3189760923739322
T000199,0.8530636257180898,0.6539817612937753,0.7452367024222716,0.7452367024222716,0.7452367024222716,0.731771528583765,0.731771528583765,0.731771528583765,0.731771528583765,0.731771528583765,0.7898031450774432
T000200,1.434226783441386,1.2075548474228985,1.2075548474228985,1.2075548474228985,1.2075548474228985,1.2075548474228985,1.2181868266524178,1.2181868266524178,1.2181868266524178,1.2181868266524178,1.6196252198280554
T000201,0.8096956227723823,0.8096956227723823,0.7987168994748359,0.8825909081010672,0.8340513628116899,0.8340513628116899,0.835740204097609,0.835740204097609,0.8148680362338632,0.8148680362338632,0.7720244103844888
T000202,0.9358468860932093,1.6283805482027913,1.6283805482027913,1.6283805482027913,1.6283805482027913,1.6283805482027913,1.221534163945607,1.221534163945607,0.870918109072656,0.870918109072656,1.0166859726577933
T000203,0.6641333791330764,0.6600137228979767,0.6600137228979767,0.6600137228979767,0.6600137228979767,0.6600137228979767,0.622171907264005,0.622171907264005,0.6269924776332177,0.6269924776332177,0.6260288482798875
T000204,1.485623731650587,1.485623731650587,1.485623731650587,1.485623731650587,1.7092628277303379,1.7092628277303379,1.7092628277303379,1.7092628277303379,1.7092628277303379,1.6589601863864585,1.5537588054462301
T000205,1.1931318422357577,1.3343717715722867,1.3343717715722867,1.3343717715722867,1.3343717715722867,1.3343717715722867,1.3343717715722867,1.2659049276179246,1.2659049276179246,1.2659049276179246,1.1083119650466646
T000206,0.7799175058968364,0.44715950189591086,0.44715950189591086,0.44715950189591086,0.44715950189591086,0.4560576279187963,0.4560576279187963,0.4560576279187963,0.627610041560416,0.627610041560416,0.878530249356018
T000207,1.2589323344986751,0.9374963495319066,0.9374963495319066,0.9374963495319066,0.9235919314434741,0.9484189998998853,0.9569535509926839,0.9530989087124536,0.8361157422131834,0.8361157422131834,0.9318803524761167
T000208,0.5532244339876392,0.46355449509844665,0.46355449509844665,0.46355449509844665,0.4064201620441003,0.4064201620441003,0.4064201620441003,0.4064201620441003,0.4064201620441003,0.4026870251181135,0.4026870251181135
T000209,3.769734739481561,3.769734739481561,3.798789977266322,3.2830371109989582,3.3594691755255797,3.3465431102462624,3.2760554178684638,3.2760554178684638,3.984501747054302,3.984501747054302,3.4491309232944283
T000210,2.6661766902339923,2.6661766902339923,2.712979718641782,2.712979718641782,2.7668173848201256,2.7776041829116203,2.7776041829116203,2.7800579698799774,2.7800579698799774,2.805337818340344,2.805337818340344
T000211,0.817411419581486,0.7496557556279965,0.7496557556279965,0.7496557556279965,0.7496557556279965,0.7496557556279965,0.7066716352591134,0.7066716352591134,0.7066716352591134,0.7066716352591134,0.9743647748583053
T000212,1.2104909935724768,1.122399366232536,1.2373713462806324,1.2373713462806324,1.2373713462806324,1.2492760811998118,1.2492760811998118,1.1768377555012792,1.1768377555012792,1.1768377555012792,1.2070201479092257
T000213,0.4869835841615739,0.9804738808462464,2.5008963527329997,2.5008963527329997,2.5008963527329997,2.5008963527329997,1.3969784956179272,1.3969784956179272,1.4964383443886664,1.2660451685293272,1.2083093017730808
T000214,0.7981699649356048,0.5729071616207891,0.6956107388445802,0.5818497041653204,0.5818497041653204,0.5818497041653204,0.5818497041653204,0.5818497041653204,0.5818497041653204,0.5748735402979663,0.5748735402979663
T000215,2.39327394150445,2.259409381630319,2.9463277947361144,2.9463277947361144,2.9463277947361144,2.7032703068430717,2.7032703068430717,2.7032703068430717,3.1220107931010905,3.11169648284324,2.2440279694013463
T000216,0.7912498061969527,0.7912498061969527,0.8588164915662417,0.8588164915662417,0.8588164915662417,0.8588164915662417,0.8588164915662417,0.8588164915662417,0.8588164915662417,0.8588164915662417,0.7016949061999723
T000217,1.04605789031968,1.0154507443191778,1.0154507443191778,1.0154507443191778,1.0016507491795097,1.0016507491795097,1.0016507491795097,1.0016507491795097,1.0182444187784576,1.0076767714480286,1.0076767714480286
T000218,1.300611550895015,1.300611550895015,1.3024627502106743,1.3024627502106743,1.2891180486222247,1.2891180486222247,1.2891180486222247,1.2891180486222247,1.2891180486222247,1.2891180486222247,1.3195525621792876
T000219,0.316905352885864,0.37885046084188745,0.416011125899254,0.4177442769167226,0.32834084289825666,0.36848732739591267,0.36848732739591267,0.42592120732406485,0.3159776039536202,0.3159776039536202,0.3025906189246007
T000220,0.6390774633960353,0.6390774633960353,0.6390774633960353,0.43540521959940326,0.43540521959940326,0.43540521959940326,0.43540521959940326,0.43540521959940326,0.43540521959940326,0.43540521959940326,0.4315901837656193
T000221,0.33350640054123515,0.33350640054123515,0.34598967606266845,0.4315347655441184,0.4315347655441184,0.4315347655441184,0.4315347655441184,0.4315347655441184,0.40774001441229885,0.40774001441229885,0.4313144190190736
T000222,0.39950472003998927,0.42015884892691996,0.42015884892691996,0.5527830584847794,0.5527830584847794,0.5527830584847794,0.5527830584847794,0.5527830584847794,0.7030045920073168,0.7030045920073168,0.7512733128850954
T000223,0.9454196816837438,0.4633541226775693,0.4633541226775693,0.4633541226775693,0.4633541226775693,0.4633541226775693,0.4633541226775693,0.4633541226775693,0.43474543572512375,0.43474543572512375,0.9206880964669762
T000224,1.674747990701559,1.2789985206040648,1.687457158226789,1.637122345623803,1.637122345623803,1.637122345623803,1.637122345623803,1.637122345623803,1.4976454809620223,1.4976454809620223,1.7454879134028745
T000225,0.4390469920211913,0.379006018196006,0.379006018196006,0.379006018196006,0.366520484233537,0.366520484233537,0.366520484233537,0.366520484233537,0.36596783334885713,0.36596783334885713,1.0747513902340937
T000226,0.5610994522839451,0.5610994522839451,0.5225848842087184,0.5225848842087184,0.5225848842087184,1.2727296760423306,0.522967838303664,0.522967838303664,0.522967838303664,0.522967838303664,0.6228908040096125
T000227,0.5907968185321469,0.5907968185321469,1.1642822586832053,1.1642822586832053,1.2034023944513443,1.2299048359646458,1.2299048359646458,1.2299048359646458,1.2299048359646458,1.2299048359646458,0.2850381125906967
T000228,1.4959190557925883,1.4959190557925883,1.529198099641053,0.6109283768152112,0.5687251743498595,1.3711071377191577,1.3711071377191577,1.3711071377191577,1.3711071377191577,3.684491085904552,5.012038391580564
T000229,1.3082175622061587,1.3082175622061587,1.0965813668205322,1.0965813668205322,1.0965813668205322,1.0965813668205322,1.0965813668205322,1.0965813668205322,1.2038761336093198,1.2038761336093198,3.3839475160679737
T000230,0.5286881832848894,1.4739469266986391,0.20676942100709844,0.20676942100709844,0.20676942100709844,0.20676942100709844,0.20676942100709844,0.3024249124830454,0.236905833071546,0.236905833071546,0.6727946441253632
T000231,1.0175612838090624,1.0376183873417308,1.0376183873417308,1.0376183873417308,1.0376183873417308,1.0200024723559151,1.0200024723559151,1.0200024723559151,1.0200024723559151,1.037118428049025,1.4513008012246407
T000232,0.6173041254743012,2.592237721295318,0.6279253124168154,0.6279253124168154,0.5504057201490653,0.5504057201490653,0.5504057201490653,0.5504057201490653,0.5504057201490653,0.5504057201490653,0.6712728916713934
T000233,0.5622175398855275,0.5622175398855275,0.594038322014476,0.594038322014476,0.594038322014476,0.3379232324409638,0.3379232324409638,0.3379232324409638,0.3379232324409638,0.3379232324409638,0.44660981118785475
T000234,0.7348963365704533,0.7019607663773755,0.7451668406679676,0.7451668406679676,0.7451668406679676,0.7405225724841297,0.7373910938920626,0.7160810124180379,0.7160810124180379,0.7160810124180379,0.7016895039846689
T000235,0.8960153815168793,0.8595900360491879,0.9677824928122591,0.9677824928122591,0.9677824928122591,0.9677824928122591,0.9677824928122591,0.9677824928122591,0.6944075603140331,0.8126914177558752,1.0674225542410698
T000236,0.5079257240374436,0.5181725767703125,0.5181725767703125,0.5448411550009014,0.9452622576255977,0.9452622576255977,0.9452622576255977,0.9452622576255977,0.9452622576255977,0.9452622576255977,0.5073351442308195
T000237,0.6690135932471035,0.8668291882778273,0.8668291882778273,0.8668291882778273,0.8668291882778273,0.5995341038508225,0.5306665544413289,0.7682490068201541,0.7682490068201541,0.7682490068201541,0.6542769702645325
T000238,0.7071893997333394,0.7236975392914635,0.6932483710458222,0.6932483710458222,0.6159046198319195,0.5668250370871762,0.5668250370871762,0.5648502443509374,0.5648502443509374,0.5648502443509374,0.6072031696265999
T000239,2.820165745453046,2.9157685172572423,3.194264540690236,3.194264540690236,3.194264540690236,3.194264540690236,3.194264540690236,3.194264540690236,3.32995052235302,3.32995052235302,2.897954667485733
T000240,0.5446367878810133,0.5382134587214499,0.5047581874706311,0.5047581874706311,0.7399513539101661,0.7399513539101661,0.7399513539101661,0.8626818059230852,0.645031563739552,0.645031563739552,0.6327745105597413
T000241,0.5609323851551988,0.5609323851551988,0.7058110836787059,0.6943092414004749,0.6943092414004749,0.6943092414004749,0.6943092414004749,0.6943092414004749,0.8518307250113613,0.8518307250113613,0.6321561575941191
T000242,0.9727910472196839,0.8547376802917206,0.8547376802917206,0.8547376802917206,0.8547376802917206,0.8547376802917206,0.8766338003935614,0.8766338003935614,0.8766338003935614,0.8766338003935614,0.9563453737550339
T000243,0.351129716800722,0.32214274293731554,0.35124057614477405,0.35124057614477405,0.37070924396636085,0.3542716647588145,0.3542716647588145,0.3542716647588145,0.3542716647588145,0.34285920729959585,0.3632884010577507
T000244,0.37982931416764526,0.37982931416764526,0.3939432660589264,0.3939432660589264,0.3939432660589264,0.3939432660589264,0.3803870608355699,0.3803870608355699,0.3803870608355699,0.37803074811199966,0.6223147107620655
T000245,0.8179115352160646,0.6519230384792438,0.6519230384792438,0.695056569435664,0.695056569435664,0.695056569435664,0.8354498593283701,0.8354498593283701,0.6990310650648053,0.6990310650648053,0.7521512795760515
T000246,0.323048787288216,0.323048787288216,0.5330114086122076,0.5330114086122076,0.5330114086122076,0.5330114086122076,0.5330114086122076,0.5330114086122076,0.5482477783920601,0.5487302872823073,0.6082296668076537
T000247,1.320827242362046,1.320827242362046,1.504643540634657,1.504643540634657,1.504643540634657,1.504643540634657,1.504643540634657,1.504643540634657,1.48204265853944,1.3577861499755297,1.26218217461895
T000248,0.8971947097085216,0.7403209582720033,1.0545306496054463,1.0545306496054463,1.0545306496054463,1.0545306496054463,1.0545306496054463,1.0545306496054463,1.088231145013872,1.088231145013872,0.969896383976658
T000249,1.2334190214759575,1.2818680221534093,1.2818680221534093,1.2818680221534093,1.3275292131822654,1.282439651813653,1.3009844459534052,1.3009844459534052,1.3009844459534052,1.3189716200283863,1.17536385180528
T000250,0.6652199763436553,0.6855552245535478,0.6855552245535478,0.6855552245535478,0.6855552245535478,0.7083683260725949,0.7447712179573056,0.7447712179573056,0.6767655273532651,0.678169283680869,0.6663586914247638
T000251,0.9303326138506295,0.9303326138506295,0.8551810708559445,0.8918276025873652,0.8918276025873652,0.8918276025873652,0.8918276025873652,0.8712039521498629,0.8712039521498629,0.8712039521498629,1.2211115418767584
T000252,0.2121630354593074,0.2121630354593074,0.2121630354593074,0.2230130308524957,0.22565554449139497,0.22565554449139497,0.22961655520970792,0.22961655520970792,0.22961655520970792,0.22961655520970792,0.5024568805506764
T000253,0.4346764570253637,0.42644731298756106,0.42644731298756106,0.42644731298756106,0.42644731298756106,0.42644731298756106,0.42644731298756106,0.42644731298756106,0.42590705053646494,0.42590705053646494,0.6527003338672385
T000254,0.3425918489527779,0.43081655616830133,0.43081655616830133,0.43081655616830133,0.43081655616830133,0.43081655616830133,0.43081655616830133,0.43081655616830133,0.3911092045425092,0.3911092045425092,0.3113051871776526
T000255,0.32609909944235393,0.37647772805607704,0.37647772805607704,0.37647772805607704,0.37647772805607704,0.37045377491970605,0.3723441695660977,0.3723441695660977,0.3081456604305381,0.3081456604305381,0.3723441695660977
T000256,0.9678374971166444,0.9678374971166444,0.9612808085851037,0.9612808085851037,0.9612808085851037,0.9612808085851037,0.9630398699337352,0.9630398699337352,0.9852742491812821,0.9852742491812821,1.0775637011181554
T000257,0.586957641687464,0.586957641687464,0.5692160348326603,0.7043267090153592,0.7043267090153592,0.7043267090153592,0.7043267090153592,0.7043267090153592,0.7043267090153592,0.719485638544139,0.5628714475233257
T000258,1.2587957612613485,0.5377294002298111,0.5377294002298111,0.5377294002298111,0.5377294002298111,0.5377294002298111,0.5422075702302236,0.5422075702302236,0.5524502826756439,0.5524502826756439,1.1962255947859928
T000259,0.9164851037438739,0.9164851037438739,1.181138253458054,1.181138253458054,1.181138253458054,1.181138253458054,1.181138253458054,1.181138253458054,1.181138253458054,0.9984435015402869,0.9237063944410379
T000260,0.5706309724989069,0.5786934924930425,0.590206193513238,0.6691680159040587,0.6373140022775563,0.6373140022775563,0.6373140022775563,0.5076447342717815,0.5076447342717815,0.5117380009529292,1.8964898089708837
T000261,0.6525692979364534,0.6525692979364534,0.48457569752184604,0.48457569752184604,0.48457569752184604,0.48457569752184604,0.48457569752184604,0.5680528164908958,0.5680528164908958,0.5680528164908958,0.4282425081034464
T000262,0.4317552323993508,0.4387512896635866,0.30633088995186236,0.2566729402638816,0.2566729402638816,0.43365628244313853,0.43365628244313853,0.43365628244313853,0.43365628244313853,0.43365628244313853,0.46872714825041506
T000263,0.8224617161396821,0.6363051009990447,0.6363051009990447,0.6363051009990447,0.682154010165867,0.634612667436746,0.634612667436746,0.634612667436746,0.5964077083590141,0.6580205852530454,0.5964883690027014
T000264,0.5468193220748849,0.5468193220748849,0.4349992116087999,0.4349992116087999,0.35739613466251857,0.35739613466251857,0.35739613466251857,0.35739613466251857,0.35739613466251857,0.35739613466251857,0.548679444003962
T000265,0.7008259316449922,0.5808304253331709,0.5808304253331709,0.5808304253331709,0.6967328021426414,0.9395506811056338,0.8774474891264701,0.8774474891264701,0.8774474891264701,0.8774474891264701,0.5107802736462306
T000266,0.32783279475913296,0.32783279475913296,0.3298940674922737,0.3298940674922737,0.3298940674922737,0.3298940674922737,0.3298940674922737,0.3329092763306568,0.3329092763306568,0.3329092763306568,0.3329092763306568
T000267,0.7759970211369934,0.7759970211369934,0.7759970211369934,0.7383081755525266,0.7383081755525266,0.7948573748932972,0.7575628845898252,0.7572914234598693,0.7636240861651317,0.7636240861651317,0.7288328167595587
T000268,0.780094736973687,1.05342863453922,0.7844298181824495,0.7844298181824495,0.7844298181824495,0.7844298181824495,0.7844298181824495,0.7844298181824495,0.7844298181824495,0.7844298181824495,0.7844298181824495
T000269,0.45995707477205544,0.4524500312658775,0.4524500312658775,0.4524500312658775,0.4524500312658775,0.7827945250773527,0.7827945250773527,0.7827945250773527,0.6987965225873819,0.6987965225873819,0.39731325330288486
T000270,0.708343786262877,0.708343786262877,0.6836117522160373,0.6260685600750763,0.6260685600750763,0.604525313765831,0.604525313765831,0.604525313765831,0.623330534369241,0.623330534369241,0.6137312280797488
T000271,1.1287481729864013,1.1917173566506645,1.1917173566506645,1.1917173566506645,1.174049006894362,1.1307934691575432,1.1944512079694327,1.1944512079694327,1.1748953523066328,1.1748953523066328,1.1748953523066328
T000272,0.8104955416709129,0.8104955416709129,0.8850587656692237,0.8850587656692237,0.8850587656692237,0.7927893526814661,0.7927893526814661,0.8286673859117684,0.8286673859117684,0.8286673859117684,0.8286673859117684
T000273,0.4271157156753894,0.4271157156753894,0.4271157156753894,0.38936156729829874,0.38936156729829874,0.38936156729829874,0.38936156729829874,0.38936156729829874,0.42946798374586276,0.42946798374586276,0.4018243211135937
T000274,1.0405230638651888,0.8978606009514026,0.8978606009514026,0.8978606009514026,0.8978606009514026,0.9187011447616967,0.9187011447616967,0.9187011447616967,0.9187011447616967,0.9187011447616967,1.4365893451332807
T000275,0.6179085341493422,0.6179085341493422,0.5410650374262402,0.6129436854822853,0.5586149358911043,0.5586149358911043,0.5586149358911043,0.5586149358911043,0.5586149358911043,0.5586149358911043,0.5476778787508
T000276,0.7651581413264987,0.6318884047375724,0.6318884047375724,0.6318884047375724,0.6631603146725983,0.6631603146725983,0.6631603146725983,0.6631603146725983,1.1952689033469395,0.5290106704195567,1.2467395174462135
T000277,1.1347611584907522,1.1347611584907522,1.1347611584907522,1.0214954650595518,0.5993992570580381,0.5948816043804284,0.5948816043804284,0.5948816043804284,0.5948816043804284,0.6367857803606153,1.1347611584907522
T000278,0.9007261194799303,0.9007261194799303,0.969180613832005,0.969180613832005,0.8147289412405829,0.8147289412405829,0.8147289412405829,0.8147289412405829,0.8152495096005933,0.8152495096005933,0.7716977812625606
T000279,0.831349735769821,0.9756238284467547,1.031068753800172,1.0850517890401004,1.1450249079417294,1.1450249079417294,1.1203909989013878,1.1203909989013878,1.1203909989013878,1.1203909989013878,0.8721586528630321
T000280,0.9010314007412094,1.444435805698972,0.8697041684952259,0.8219467851059102,0.8219467851059102,0.8219467851059102,0.8219467851059102,0.8219467851059102,0.8219467851059102,0.8219467851059102,1.1500791594310598
T000281,0.5583690497649277,0.7779047260626095,0.7779047260626095,0.5553192511016138,0.5553192511016138,0.5553192511016138,0.5553192511016138,0.5553192511016138,0.5553192511016138,0.5553192511016138,0.5545812448999821
T000282,0.44420185455847433,0.44420185455847433,0.44420185455847433,0.44420185455847433,0.4905156264572288,0.4905156264572288,0.45331697850599867,0.45331697850599867,0.45331697850599867,0.45331697850599867,0.45331697850599867
T000283,0.8125314656835582,0.8125314656835582,0.8125314656835582,0.8125314656835582,0.9321374362519843,0.8419038668880625,0.8542594219790695,0.8542594219790695,0.8666081407913679,0.8666081407913679,0.9262753975199117
T000284,0.5207169962403501,0.5207169962403501,0.5297997556833852,0.5297997556833852,0.5231587823456995,0.5231587823456995,0.5231587823456995,0.5231587823456995,0.5231587823456995,0.5231587823456995,0.5011444737078143
T000285,0.6862144712761434,0.7190986256062807,0.7512026500328615,1.2071400301676318,1.2071400301676318,1.2071400301676318,1.2071400301676318,1.2071400301676318,1.2071400301676318,1.2071400301676318,0.8110231572631471
T000286,0.7196899769615408,0.848699549573042,0.9608285252587541,0.9608285252587541,0.9608285252587541,0.9608285252587541,0.7301368998870774,0.7528910392932331,0.7528910392932331,0.7528910392932331,0.8630882320205538
T000287,1.1303135362634211,1.0868610715689158,1.0868610715689158,1.0868610715689158,1.0868610715689158,1.0836141752183404,1.0836141752183404,0.9736033712814829,0.9736033712814829,0.9736033712814829,1.4023931295003973
T000288,0.3258107370344634,0.32414765233056086,0.32414765233056086,0.3586098474611313,0.3586098474611313,0.3586098474611313,0.3586098474611313,0.3586098474611313,0.3844524766702016,0.3844524766702016,0.4191459183277769
T000289,0.6494590171189852,0.6494590171189852,0.6494590171189852,0.6634005371930387,0.662152550525954,0.927301980619098,0.927301980619098,0.927301980619098,0.927301980619098,0.927301980619098,0.7589973151967064
T000290,0.8961850840164719,0.8961850840164719,0.8974077008266446,0.5851928442521392,0.7293963822074281,0.7293963822074281,0.7818851480538191,0.7807570151491272,0.6245425068881701,0.6245425068881701,0.9823132432227448
T000291,0.6374745156068553,0.6408956433378046,0.552525980939369,0.552525980939369,0.552525980939369,0.552525980939369,0.552525980939369,0.552525980939369,0.6009409512765022,0.6472770288862516,1.7003471989915067
T000292,0.5976307597206294,0.6978424183480416,0.5976307597206294,0.5758987836705807,0.7011037183821468,0.4738737265175611,0.4738737265175611,0.4738737265175611,0.4738737265175611,0.4738737265175611,0.5758987836705807
T000293,0.4767015164116842,0.4767015164116842,0.520749657213524,0.520749657213524,0.520749657213524,0.520749657213524,0.520749657213524,0.520749657213524,0.520749657213524,0.520749657213524,0.43204882347617424
T000294,0.9675854222674627,0.9675854222674627,0.5896531028356103,0.5786328004773641,0.5786328004773641,0.5786328004773641,0.5786328004773641,0.4520537631859442,0.4520537631859442,0.4520537631859442,0.6139105748757984
T000295,1.1207625061710464,1.1207625061710464,0.9070845803768588,0.9070845803768588,0.9070845803768588,0.9070845803768588,0.9070845803768588,0.9070845803768588,0.9070845803768588,0.9411927891163456,1.1439975474659891
T000296,1.3655660556333116,1.3655660556333116,1.4096733069510456,1.4096733069510456,1.4107781760233895,1.3888845070098739,1.4304981134100574,1.4685078073972895,1.4685078073972895,1.4685078073972895,1.3830272995568202
T000297,1.5064153640217264,1.5064153640217264,1.6181531032358323,1.4393653650743101,1.4393653650743101,1.4393653650743101,1.4393653650743101,1.4393653650743101,1.4393653650743101,1.2396886228705086,1.2318030918108513
T000298,1.137858518205963,1.137858518205963,1.1726203051146065,1.1726203051146065,1.0426931237168584,1.0426931237168584,1.0426931237168584,1.0436566801661857,1.0436566801661857,1.0681328794298448,1.0436566801661857
T000299,0.29721262594377,0.31006493452680706,0.31006493452680706,0.31006493452680706,0.31006493452680706,0.31006493452680706,0.31006493452680706,0.31837199715426223,0.3229159405647605,0.3229159405647605,0.3569998292584821
T000300,0.8521460718816014,0.841955364150826,0.9200608565835364,0.8211130916861049,0.8211130916861049,0.8211130916861049,0.8211130916861049,0.8211130916861049,0.8946507341885525,0.8946507341885525,0.9238584652681439
T000301,0.5046113275216225,0.5969864323466442,0.5969864323466442,0.5969864323466442,0.5969864323466442,0.5969864323466442,0.5969864323466442,0.5969864323466442,0.5969864323466442,0.46487650699903366,0.6086508294758473
T000302,0.48410274371329964,0.48410274371329964,0.5570130803404886,0.5570130803404886,0.5570130803404886,0.5570130803404886,0.5570130803404886,0.47853790241541266,0.4712304197609241,0.4960196526816361,0.44086268148921387
T000303,0.48481924906360213,0.5485028023902406,0.5485028023902406,0.5485028023902406,0.5485028023902406,0.5292577974450448,0.5292577974450448,0.5292660843272566,0.5258476177120109,0.5280674619136598,0.526561605361799
T000304,1.540374331292413,1.540374331292413,1.540374331292413,1.363838978370631,1.363838978370631,1.4683745509819377,1.4683745509819377,1.4240255741204948,1.4240255741204948,1.3165891390532647,1.4240255741204948
T000305,0.7669719839679704,0.7669719839679704,0.7669719839679704,0.6598069546501,0.6598069546501,0.7669719839679704,0.6598069546501,0.6607770163622053,0.6978240070641843,0.6978240070641843,0.6627744682893858
T000306,0.4624733440651579,0.4624733440651579,0.5780257882480254,0.5780257882480254,0.5780257882480254,0.5780257882480254,0.5780257882480254,0.5780257882480254,0.5780257882480254,0.6305037711032482,0.428099033736233
T000307,0.9940541650387513,1.194422697081973,0.818088576118109,0.818088576118109,0.942479244335953,0.942479244335953,0.942479244335953,0.9725354659187411,0.9725354659187411,0.9725354659187411,1.0196814984851232
T000308,1.7881670139010621,1.0636575704510776,1.3306389700054977,1.3306389700054977,1.3306389700054977,1.3306389700054977,1.3306389700054977,1.3306389700054977,1.3306389700054977,0.9827912364469239,1.073794461816158
T000309,0.5474114323363286,0.5474114323363286,0.6136638383138365,0.6136638383138365,0.6136638383138365,0.5561833599254918,0.5561833599254918,0.5561833599254918,0.6042285653734798,0.6042285653734798,0.519001150485085
T000310,0.9046402172279759,0.9046402172279759,0.9046402172279759,0.7372181267756217,0.9781325948118721,0.9781325948118721,0.9781325948118721,0.9781325948118721,0.9781325948118721,0.9781325948118721,0.74253616720934
T000311,0.4688537446983929,0.4688537446983929,0.4688537446983929,0.45721032039670556,0.45721032039670556,0.45721032039670556,0.4817175234041657,0.4807529083553319,0.4807529083553319,0.547946296494335,0.4675044506032681
T000312,0.5126216360208394,0.5099808442021484,0.5099808442021484,0.7516779070741677,0.7516779070741677,0.7516779070741677,0.7516779070741677,0.7516779070741677,0.742074420413841,0.742074420413841,0.44423062258927487
T000313,1.7224781226201478,1.7224781226201478,0.9702823660573775,0.9702823660573775,1.1509620154568516,1.1863579731036258,1.039420873709114,1.039420873709114,1.039420873709114,1.039420873709114,1.184600126771771
T000314,0.6474321933053997,0.6474321933053997,0.6474321933053997,0.6474321933053997,0.6474321933053997,0.6474321933053997,0.6474321933053997,0.6474321933053997,0.6474321933053997,0.6324750310378089,0.6324750310378089
T000315,0.7675638668992981,0.7675638668992981,0.2822182517646744,0.2822182517646744,0.2822182517646744,0.2822182517646744,0.2822182517646744,0.2822182517646744,0.2822182517646744,0.2822182517646744,0.7611096645761097
T000316,0.8634773725011047,0.8634773725011047,0.6221520650431964,0.6221520650431964,0.6221520650431964,0.6221520650431964,0.6221520650431964,0.5241849632033059,0.8859826110992334,0.8859826110992334,0.978728738920497
T000317,2.9504553440217145,2.9481806285015435,2.9481806285015435,2.9481806285015435,2.9481806285015435,2.999289547781729,2.999289547781729,2.999289547781729,2.48465727262281,2.48465727262281,2.9200392043801275
T000318,0.7726726331793405,1.4304046436617324,0.7629954495645513,0.7629954495645513,0.7629954495645513,0.7629954495645513,0.7629954495645513,0.7629954495645513,0.757353989859186,0.757353989859186,0.7982143769111798
T000319,0.5153679795481655,0.5153679795481655,0.47414167302516597,0.5153679795481655,0.5153679795481655,0.5153679795481655,0.5153679795481655,0.5153679795481655,0.5153679795481655,0.5153679795481655,0.5215784004132026
T000320,0.5767340346101273,0.5767340346101273,0.4791330821320332,0.4791330821320332,0.4791330821320332,0.4791330821320332,0.4791330821320332,0.4791330821320332,0.4791330821320332,0.5230166727312507,0.501487632811774
T000321,0.7703824911111342,0.7703824911111342,0.7608248425095832,0.7608248425095832,0.7608248425095832,0.7608248425095832,0.7608248425095832,0.7608248425095832,0.7608248425095832,0.7608248425095832,0.774650341640126
T000322,0.32869639023292735,0.32869639023292735,0.3295712265609675,0.3297702295193264,0.3297702295193264,0.3297702295193264,0.3297702295193264,0.3296540896635093,0.3296540896635093,0.7202123731701093,0.3296540896635093
T000323,0.4573836883986801,0.5316478180057733,0.5316478180057733,0.5316478180057733,0.5330738249230577,0.48319195354456396,0.48319195354456396,0.48319195354456396,0.48319195354456396,0.48319195354456396,0.48319195354456396
T000324,1.2062893075211016,1.2062893075211016,1.0849656803131014,1.0966586708947745,1.0966586708947745,1.0966586708947745,1.0966586708947745,0.9889851866187651,0.9889851866187651,0.9889851866187651,1.1701701905955415
T000325,1.291331234154728,1.3294796970374243,1.14889481537171,1.3123011908234667,1.3123011908234667,1.3123011908234667,1.3123011908234667,1.2936768565026966,1.2936768565026966,1.2461240482149738,1.18107748159743
T000326,1.041547915353635,1.041547915353635,0.9345391068532591,0.9345391068532591,0.9345391068532591,0.9345391068532591,0.9345391068532591,0.9345391068532591,0.9075042192376258,1.0709454989215446,1.0417054852346446
T000327,1.2625668221854633,1.2625668221854633,1.2625668221854633,1.195176099459345,1.195176099459345,1.195176099459345,1.1565387224061447,1.1565387224061447,1.1565387224061447,0.7400997157176772,0.965564813468851
T000328,0.9866316343191754,0.8878401230021012,0.8878401230021012,0.8878401230021012,0.8878401230021012,0.8878401230021012,0.8878401230021012,0.8878401230021012,0.8878401230021012,0.8530837301510369,0.9628779355597954
T000329,1.8503886076956078,1.8503886076956078,1.5822564301639075,1.4315072849476622,1.5744128376294582,1.5416907568887224,1.5265280065376086,1.5265280065376086,1.554714873304832,1.554714873304832,1.4930858530086704
T000330,0.4199367498804687,0.45803447443382433,0.45867774867849653,0.45867774867849653,0.45867774867849653,0.45867774867849653,0.45867774867849653,0.45867774867849653,0.45867774867849653,0.45867774867849653,0.606786732834622
T000331,0.778287995985292,0.8231778280936863,0.8231778280936863,1.019378417227272,1.019378417227272,1.019378417227272,1.019378417227272,1.019378417227272,1.019378417227272,1.0643412797273306,0.6942541086192694
T000332,0.6023521713700849,0.6023521713700849,0.6042432199484853,0.6042432199484853,0.5644282491750112,0.5644282491750112,0.5644282491750112,0.5644282491750112,0.6049359691681184,0.6049359691681184,0.6003845012400768
T000333,0.5443894360896837,0.5443894360896837,0.5443894360896837,0.5695662970621029,0.574439608784377,0.5301052607654223,0.5301052607654223,0.5464507269063723,0.5464507269063723,0.6053970526842787,0.5839247111939824
T000334,1.4630946412250245,1.4630946412250245,1.4630946412250245,1.416623844974595,1.5420862712729724,1.5420862712729724,1.5420862712729724,1.5420862712729724,1.5420862712729724,1.5420862712729724,1.4337246565161663
T000335,0.7113924046444323,0.7113924046444323,0.7244346511403362,0.7307847695839019,0.7280286336005571,0.7280286336005571,0.7280286336005571,0.7280286336005571,0.7280286336005571,0.6597875589394522,0.7280286336005571
T000336,1.0643378054324464,1.2637508120436745,1.0825518278040314,1.1523570693591483,1.6464635908592857,1.263734785672619,1.3329349116995675,1.3329349116995675,1.4936667621580864,1.4936667621580864,1.0448495404969318
T000337,0.49641925830485284,0.49641925830485284,0.43480559047524286,0.43480559047524286,0.43480559047524286,0.43480559047524286,0.43480559047524286,0.43480559047524286,0.43480559047524286,0.43480559047524286,0.43480559047524286
T000338,0.7605161088465776,0.7426509291278387,0.7426509291278387,0.7426509291278387,0.7334845247086327,0.7334845247086327,0.7334845247086327,0.7713030907832013,0.7455519666143398,0.9579902603848006,0.7455519666143398
T000339,1.6594902755731746,1.6080242469193402,1.6080242469193402,1.6940355202567516,1.6940355202567516,1.6940355202567516,1.6637076398193307,1.6637076398193307,1.6637076398193307,1.6637076398193307,1.8250444886153785
T000340,0.24657260404955292,0.2509272321716487,0.2509272321716487,0.2509272321716487,0.2772984854595949,0.2772984854595949,0.2772984854595949,0.2772984854595949,0.5057760758168964,0.5057760758168964,0.2668401533057342
T000341,0.33329418532234517,0.28961781334657727,0.30926532671057433,0.30926532671057433,0.30926532671057433,0.30926532671057433,0.30926532671057433,0.30926532671057433,0.30926532671057433,0.30926532671057433,0.30926532671057433
T000342,0.689333179358876,0.689333179358876,0.689333179358876,0.6845708466937304,0.6779200565204989,0.7099522055694923,0.6808311419577345,0.6808311419577345,0.6808311419577345,0.6925506960953599,0.7099522055694923
T000343,0.48256384853946604,0.48256384853946604,0.48256384853946604,0.48256384853946604,0.47179588857990207,0.47179588857990207,0.47179588857990207,0.5236686329925473,0.4400732159713228,0.764507616500914,0.3653372895441559
T000344,1.9478343700417837,1.438111914566169,1.438111914566169,1.438111914566169,1.438111914566169,1.438111914566169,1.438111914566169,1.438111914566169,1.363641365608303,1.315677643979582,1.9446795753535782
T000345,0.35456920394208225,0.2984104898927226,0.2984104898927226,0.2984104898927226,0.43865490766502335,0.43865490766502335,0.43865490766502335,0.43865490766502335,0.43865490766502335,0.43865490766502335,0.3032929972169676
T000346,1.2731449298634974,1.2921546169777558,1.296935696197229,1.296935696197229,1.296935696197229,1.2866572994761494,1.2866572994761494,1.2866572994761494,1.2866572994761494,1.252019633532404,1.252019633532404
T000347,3.3587914318941126,3.3587914318941126,3.3587914318941126,3.3587914318941126,3.573734869967537,3.573734869967537,3.573734869967537,3.573734869967537,3.573734869967537,3.733138948193192,3.199290105939678
T000348,0.5309637091033537,0.53076477879997,1.2676973792209358,1.2676973792209358,1.2676973792209358,1.2676973792209358,1.353088771181489,1.353088771181489,1.1973436051100736,1.1973436051100736,0.5828518081836522
T000349,0.8884254331517711,0.9589386221459332,0.782007828045284,0.782007828045284,0.782007828045284,0.782007828045284,0.782007828045284,0.7667944602595556,0.7908041081865764,0.7588207797195602,0.9487247889669773
T000350,1.2607872992697213,0.9135607073397443,0.9135607073397443,0.9135607073397443,0.9898198699950462,0.9898198699950462,0.9094035323090228,0.9337335997382483,0.9337335997382483,1.00189605762224,1.00189605762224
T000351,0.7406639131769839,0.3722339200710314,0.3722339200710314,0.3722339200710314,0.3722339200710314,0.3883538323127815,0.3883538323127815,0.3883538323127815,0.3871150309266401,0.3871150309266401,0.3883538323127815
T000352,0.503763411177506,0.4907800755677394,0.5770496319850885,0.5770496319850885,0.4712034441322439,0.6281060087317569,0.6281060087317569,0.6281060087317569,0.48391932885757105,0.5076587227266239,0.42257598237431565
T000353,0.6489480832210174,1.217924324059527,1.217924324059527,1.217924324059527,1.217924324059527,0.5405067327268266,0.5604605400177417,0.5604605400177417,0.7553766103655893,0.7553766103655893,0.7063091457641968
T000354,0.3038483166799482,0.4961975307963074,0.4961975307963074,0.5222224182896198,0.5222224182896198,0.5222224182896198,0.5222224182896198,0.5222224182896198,0.5320165096497824,0.5320165096497824,0.542418441236418
T000355,0.6852697616476627,0.6717607507207144,0.6717607507207144,0.6717607507207144,0.6974131139103593,0.6974131139103593,0.6974131139103593,0.6974131139103593,0.6460687882665505,0.6460687882665505,0.7413260324875425
T000356,1.3404982599755113,0.8630715034312362,0.8630715034312362,0.8630715034312362,0.9308001120200385,0.9356930875471339,0.9356930875471339,0.9356930875471339,0.9356930875471339,0.9356930875471339,1.1071927384538152
T000357,0.4372025095423361,0.4802631754262688,0.4802631754262688,0.4802631754262688,0.4802631754262688,0.4779859481730581,0.4858293035842169,0.47967431709422637,0.45747661230590914,0.45747661230590914,0.5619736587957141
T000358,0.8448323827327804,1.5301307190976765,1.5301307190976765,1.5301307190976765,1.5301307190976765,1.182301278545202,1.182301278545202,1.182301278545202,1.36309966164496,1.36309966164496,1.3179003520075208
T000359,1.4184046391792646,0.6793193788278858,0.6793193788278858,0.6793193788278858,0.6793193788278858,0.6793193788278858,0.7102965925590754,0.6759806875536906,0.6885876589327047,0.775184241672263,0.775184241672263
T000360,0.7941124717543822,0.6233986058988866,0.6233986058988866,0.6233986058988866,0.6233986058988866,0.6514064887728618,0.6514064887728618,0.6514064887728618,0.6168272723593475,0.6301534673948909,0.6301534673948909
T000361,0.9084357430259044,0.7577685417783969,0.7577685417783969,0.7577685417783969,0.7577685417783969,0.7577685417783969,0.7524604295051194,0.7524604295051194,0.7524604295051194,0.7524604295051194,0.7301679161846908
T000362,1.1738298429235334,0.7455370074889247,0.7455370074889247,0.7455370074889247,0.7455370074889247,0.7455370074889247,0.7417627136897488,0.7417627136897488,0.7417627136897488,0.7435624238667866,0.7384180320538276
T000363,0.42975231820411336,0.42975231820411336,0.42975231820411336,0.42975231820411336,0.4685315046563489,0.4685315046563489,0.4285753515159195,0.4285753515159195,0.4285753515159195,0.4285753515159195,0.6498605654917151
T000364,0.8542705466509817,1.9704276570978998,1.9704276570978998,0.4293227568250389,0.4293227568250389,0.43101244245296644,0.5466190785074416,0.5466190785074416,0.5466190785074416,0.43473193756663286,0.9027022134588586
T000365,1.6079795021895524,1.6229271284748097,1.3834397698161922,1.3834397698161922,1.3834397698161922,1.3834397698161922,1.3834397698161922,1.390197638357559,1.4954583593657005,1.4954583593657005,1.615313356403636
T000366,0.9644986377139636,0.7997567050473402,0.7997567050473402,0.7997567050473402,0.8296117158095825,0.8296117158095825,0.8296117158095825,0.8296117158095825,0.8296117158095825,0.7552605465542145,0.7552605465542145
T000367,0.9986046761332338,0.9986046761332338,0.9986046761332338,1.2069477438395328,0.953847412358117,0.953847412358117,0.953847412358117,0.953847412358117,0.953847412358117,0.953847412358117,1.564471482829617
T000368,0.7162961146482589,0.7162961146482589,0.7162961146482589,0.7162961146482589,0.7339833348249146,0.7339833348249146,0.7339833348249146,0.7339833348249146,0.7168304966684454,0.7168304966684454,0.7989403396935516
T000369,0.4652061995812609,0.6622960763427197,0.6622960763427197,0.6622960763427197,0.6622960763427197,0.6622960763427197,0.6622960763427197,0.6622960763427197,0.6622960763427197,0.6622960763427197,0.7436663376753075
T000370,0.6788674609538566,0.6112082214987461,0.6112082214987461,0.6112082214987461,0.787169731652482,0.787169731652482,0.787169731652482,0.787169731652482,0.787169731652482,0.787169731652482,0.9195754352317562
T000371,0.302118136544067,0.302118136544067,0.4114089376489979,0.4114089376489979,0.4114089376489979,0.4114089376489979,0.4114089376489979,0.4114089376489979,0.42178440387322946,0.42178440387322946,0.4577483559084056
T000372,0.7879446191556309,0.4295304196836303,0.4295304196836303,0.4295304196836303,0.4295304196836303,0.4295304196836303,0.41198451525324364,0.4208252817909181,0.42096636071412724,0.42096636071412724,0.4469226211607244
T000373,0.38388022549098877,0.38388022549098877,0.31626042295488205,0.31626042295488205,0.3906170302728252,0.3906170302728252,0.3906170302728252,0.3159119563485028,0.3159119563485028,0.3159119563485028,0.3108066471539836
T000374,0.9694182304244212,0.9694182304244212,0.9694182304244212,0.9694182304244212,0.9694182304244212,0.9673275894135064,0.9688903679029942,0.9688903679029942,0.9642791313272735,0.9642791313272735,0.9741436576906853
T000375,1.0251411826571504,1.106818605053922,1.106818605053922,1.106818605053922,1.1257861785792596,1.0706969964801318,1.0706969964801318,1.0706969964801318,1.0706969964801318,1.0706969964801318,1.0587018152853302
T000376,0.3625343727531948,0.28580317348340756,0.2425709170729366,0.2425709170729366,0.2425709170729366,0.2425709170729366,0.24958202813511765,0.2546464015964705,0.2546464015964705,0.25688575174002515,0.25688575174002515
T000377,0.9071657579691379,0.7771423708652828,0.7771423708652828,0.7771423708652828,0.6674668055220201,0.6674668055220201,0.6674668055220201,0.6674668055220201,0.6674668055220201,0.6674668055220201,0.9409074271424078
T000378,0.6970788869759769,0.6970788869759769,0.6670755848668154,0.6670755848668154,1.1289972172531317,1.1289972172531317,1.1289972172531317,1.1289972172531317,1.1289972172531317,1.1289972172531317,0.6670755848668154
T000379,1.0020293655631003,1.0020293655631003,1.0020293655631003,1.0020293655631003,1.0159380974667476,1.0159380974667476,1.1248803082672725,1.1248803082672725,1.1248803082672725,1.1248803082672725,1.0113783284076674
T000380,0.8830452401990263,0.8830452401990263,1.1921415600691303,1.2578305714453633,1.2578305714453633,1.2578305714453633,1.2578305714453633,1.2578305714453633,1.2578305714453633,1.2578305714453633,1.0524073692139488
T000381,0.9115236735455085,0.9952416244713539,0.7055759471534412,0.7055759471534412,0.7055759471534412,0.7055759471534412,0.7598656441689043,0.7598656441689043,0.7503377273044024,0.7503377273044024,0.6244068310587932
T000382,0.2865979752769314,0.2671874422291419,0.4119861428239262,0.4119861428239262,0.4119861428239262,1.7019751005041726,1.7019751005041726,1.7019751005041726,0.9880161337677911,0.9880161337677911,2.460516842489598
T000383,0.3682297391053673,0.385535946799291,0.385535946799291,0.3723675784538165,0.3842037815758387,0.3842037815758387,0.38049865068976224,0.38049865068976224,0.3812524090511894,0.38637348425911633,0.4007077606682908
T000384,1.9306761066374099,0.9983158214059302,1.971087572434965,1.971087572434965,1.971087572434965,1.971087572434965,1.971087572434965,1.845614624167682,1.9504022342113956,1.880241934336155,1.2670234167791585
T000385,0.5285737578690638,0.5285737578690638,0.58613161704941,0.58613161704941,0.58613161704941,0.58613161704941,0.58613161704941,0.58613161704941,0.58613161704941,0.58613161704941,0.5980198292118689
T000386,1.829339787678261,1.854169308693418,1.854169308693418,1.854169308693418,1.854169308693418,1.854169308693418,1.854169308693418,1.6622905921004654,2.047494872050375,1.9301688526418355,1.9301688526418355
T000387,0.6215626952741083,0.7486218834458553,0.5561880971609587,0.5558315884074762,0.5558315884074762,0.6184534680696075,0.6184534680696075,0.6184534680696075,0.6184534680696075,0.6184534680696075,0.6948671106164103
T000388,2.2246830278702654,2.2246830278702654,2.0267242433618615,2.0267242433618615,2.0267242433618615,2.0267242433618615,2.0267242433618615,2.0267242433618615,2.134151140491062,1.9037829985298806,2.7430570440928586
T000389,4.354690793690659,4.354690793690659,3.8820158215735097,3.8820158215735097,3.8820158215735097,3.8820158215735097,3.8820158215735097,3.8820158215735097,3.9284376580447633,3.9284376580447633,4.5066832736051525
T000390,0.3441661436491667,0.3441661436491667,0.482487886143731,0.4612627788478282,0.4612627788478282,0.4569320428523883,0.45847225948201004,0.46354518077139173,0.4583835079711984,0.4583835079711984,0.4828408515502818
T000391,1.1035609108521798,1.1035609108521798,1.1035609108521798,1.3201084794595817,1.3201084794595817,0.8340220162074236,0.8340220162074236,0.8340220162074236,1.7131246093489196,1.7131246093489196,0.9329187027987569
T000392,1.6892957566489575,1.6892957566489575,1.6892957566489575,1.6892957566489575,1.7074649885255921,1.6100809354161867,1.6100809354161867,1.6100809354161867,2.0552757610977292,2.0552757610977292,1.7300313974999646
T000393,1.490415216348226,1.490415216348226,1.490415216348226,1.4749759256669586,1.3436802335565854,1.3436802335565854,1.3436802335565854,1.3436802335565854,1.3436802335565854,1.3436802335565854,1.3436802335565854
T000394,0.428730534803877,0.428730534803877,0.454693535203545,0.454693535203545,0.329602457979167,0.329602457979167,0.329602457979167,0.329602457979167,0.329602457979167,0.329602457979167,0.4483442395399579
T000395,0.3337083389833528,0.28165314559974675,0.28165314559974675,0.28165314559974675,0.28165314559974675,0.28165314559974675,0.3894261097985112,0.3894261097985112,0.3894942265329212,0.3894942265329212,0.4437669582620907
T000396,0.5121372072195123,0.5121372072195123,0.4003009750735109,0.41849009073393495,0.8951061222605387,0.8951061222605387,0.5829330905459372,0.5829330905459372,0.5829330905459372,0.5829330905459372,1.6775869205744771
T000397,1.6408230395238992,1.5300524549901195,1.5300524549901195,1.5300524549901195,1.5300524549901195,1.5300524549901195,1.844290527762656,1.844290527762656,2.064459253085056,2.064459253085056,1.490296317334092
T000398,0.39966332684817535,0.5770058077323491,0.5770058077323491,0.5770058077323491,0.5770058077323491,0.5048915698893093,0.5048915698893093,0.5048915698893093,0.5048915698893093,0.538382965351184,0.339489579306203
T000399,0.9087782337636163,0.9087782337636163,2.0226651975511647,1.4900947081830995,1.297503600835443,1.297503600835443,1.297503600835443,1.297503600835443,1.297503600835443,1.297503600835443,2.190492316231781
T000400,1.2765894356048064,1.4006113746750315,1.4006113746750315,1.4006113746750315,1.4006113746750315,1.2734574349176455,1.2734574349176455,1.2734574349176455,1.2734574349176455,1.2734574349176455,1.2734574349176455
T000401,0.5333765043110894,0.34208033512080793,0.34208033512080793,0.34208033512080793,0.34208033512080793,0.34208033512080793,0.34208033512080793,0.34208033512080793,0.34208033512080793,0.2727342347835471,0.31976076187814667
T000402,0.3732651071133353,0.3296466045764643,0.3296466045764643,0.3296466045764643,0.32674788414147365,0.338260115074265,0.338260115074265,0.338260115074265,0.338260115074265,0.3265126487331362,0.3450031902852331
T000403,0.4906253236104963,0.4906253236104963,0.40613783156199434,0.40613783156199434,0.40613783156199434,0.40613783156199434,0.40613783156199434,0.40613783156199434,0.40613783156199434,0.40613783156199434,0.4281174971021302
T000404,1.1555121616136936,0.4504649410521386,0.4504649410521386,0.4504649410521386,0.4504649410521386,0.4504649410521386,0.4504649410521386,0.3847055783782232,0.4268137629640252,0.4268137629640252,0.6292881522567565
T000405,0.39585031084053224,0.3705527633715191,0.3705527633715191,0.3705527633715191,0.3705527633715191,0.3705527633715191,0.3705527633715191,0.3644475283406083,0.3644475283406083,0.3644475283406083,0.5588552927548089
T000406,0.3506287858953063,0.43426290368822484,0.43426290368822484,0.43426290368822484,0.41627472149355615,0.3874663995829284,0.3874663995829284,0.3874663995829284,0.3874663995829284,0.3874663995829284,0.3874663995829284
T000407,0.8350099510753243,0.8990568213750907,0.8990568213750907,1.4297987814895525,0.816476437062454,0.816476437062454,1.1393865859747718,1.1393865859747718,1.127250487160023,0.9735804588012218,0.7286167269089915
T000408,0.6169397321430459,0.6861913258259231,0.5903559431523051,0.5903559431523051,0.5903559431523051,0.5903559431523051,0.5903559431523051,0.5903559431523051,0.5223883973277524,0.5223883973277524,0.6363629545858283
T000409,1.3998327219092783,1.3998327219092783,1.3835108949300419,1.3835108949300419,1.3835108949300419,1.3835108949300419,1.3835108949300419,1.3835108949300419,1.3835108949300419,1.6934075573377434,1.788466418416477
T000410,0.6381283656741279,0.2760320333161816,0.2760320333161816,0.19612683083253676,0.19612683083253676,0.13431543248357014,0.13431543248357014,0.13431543248357014,0.12325050699650998,0.12325050699650998,0.2934715911493266
T000411,1.2243582223065141,1.317261190483601,1.317261190483601,1.317261190483601,1.317261190483601,1.6873986290571616,1.6873986290571616,1.6873986290571616,1.6873986290571616,1.6873986290571616,1.410223804414774
T000412,0.48137608154508466,0.48137608154508466,0.24462263480278976,0.24462263480278976,0.24462263480278976,0.24462263480278976,0.2727925089528675,0.2727925089528675,0.1604161078002858,0.2104484338922953,0.4006626350158934
T000413,1.177731485714669,1.177731485714669,0.8977916087020384,0.8977916087020384,0.8977916087020384,0.8977916087020384,0.8977916087020384,0.8977916087020384,0.8977916087020384,0.8910711936936867,1.1693318692887391
T000414,1.3334481127343276,2.083437628406763,2.083437628406763,2.083437628406763,2.083437628406763,2.083437628406763,2.083437628406763,1.9339714485882011,2.237671720563101,2.2560532960634685,2.2560532960634685
T000415,3.321927926734493,3.7758364280768584,3.7758364280768584,3.7758364280768584,3.7758364280768584,3.7758364280768584,3.7758364280768584,3.8610356945467834,3.769319044645693,3.7568920417953335,3.7568920417953335
T000416,1.7501087730597744,3.7165775441728788,3.7165775441728788,3.7165775441728788,3.7165775441728788,3.7165775441728788,3.7088108447401913,3.7088108447401913,3.7088108447401913,3.6932079358345025,3.6932079358345025
T000417,0.9773745999067471,1.2008415729436468,1.2013365607463582,1.2013365607463582,1.2013365607463582,0.9808641350413307,0.9808641350413307,0.9808641350413307,0.8734609349243794,0.8734609349243794,0.8734609349243794
T000418,1.0514896090234205,0.992006010450819,0.992006010450819,0.992006010450819,0.992006010450819,0.7743448872412981,0.976951851031126,0.976951851031126,0.5568323769575586,0.5568323769575586,0.6812340297642967
T000419,0.6296607714534961,0.6296607714534961,0.6131205351578901,0.7978895718320562,0.7978895718320562,0.619025590023241,0.619025590023241,0.619025590023241,0.619025590023241,0.619025590023241,0.619025590023241
T000420,1.509273454936799,1.509273454936799,1.1713251742331425,0.8504566319166303,0.5245396230660573,0.5245396230660573,0.5245396230660573,0.5245396230660573,0.5245396230660573,0.5245396230660573,1.1785982876290768
T000421,0.27540650953292845,0.27540650953292845,0.28657484613459083,0.2611216320291036,0.2611216320291036,0.2874511667322964,0.25329060361687783,0.25329060361687783,0.2602613753778826,0.45249213766729984,0.2616710605926474
T000422,1.731985701840618,1.731985701840618,1.731985701840618,1.7215563549924624,1.5429177616201935,1.5429177616201935,1.5429177616201935,1.5429177616201935,1.6740386429260863,1.6740386429260863,1.7211596842744383
T000423,1.3283749022700893,1.3283749022700893,1.3283749022700893,1.3283749022700893,1.6242078094401946,1.3420459815808659,1.3420459815808659,1.3420459815808659,1.3420459815808659,1.3420459815808659,1.278597958041201
T000424,1.305998100288729,1.6076317828636109,1.3833279168975254,1.3833279168975254,1.3833279168975254,1.3833279168975254,1.3833279168975254,1.41788940675528,1.41788940675528,1.41788940675528,1.314484565297442
T000425,0.9263796463910873,0.9263796463910873,0.9329080404583369,0.9467646775280514,0.9467646775280514,0.9467646775280514,0.9467646775280514,0.9467646775280514,0.9467646775280514,0.9467646775280514,0.9297170862107371
T000426,1.1210526911650573,1.1210526911650573,1.073890171600935,1.073890171600935,1.6114832740420542,1.6114832740420542,1.6114832740420542,1.6114832740420542,1.7798399589648328,1.7798399589648328,0.8610432075910612
T000427,1.3694203817140946,1.3694203817140946,1.4677971992027814,1.4677971992027814,1.4677971992027814,1.4677971992027814,1.9017962621095907,1.9017962621095907,1.9017962621095907,1.9017962621095907,1.35070214338507
T000428,1.1001710545947052,1.1001710545947052,1.1045170381519689,1.1045170381519689,1.1045170381519689,1.1045170381519689,1.207034154939837,0.726756261844338,1.2622266610736126,1.2622266610736126,1.127298245614036
T000429,0.2572155868443762,0.2572155868443762,0.2572155868443762,0.25868608626559403,0.25868608626559403,0.15031368247649948,0.15031368247649948,0.15031368247649948,0.15031368247649948,0.3541588785575157,0.28813559322033905
T000430,0.36802438748056043,0.36802438748056043,0.36802438748056043,0.360975915210828,0.5123596070652295,0.5123596070652295,0.5123596070652295,0.5123596070652295,0.5123596070652295,0.5123596070652295,0.35690789473684187
T000431,1.2888074270592358,1.2554261890057181,1.2554261890057181,1.2383508565357402,1.4601612768446561,1.4601612768446561,1.4601612768446561,1.4601612768446561,1.4601612768446561,1.4601612768446561,1.2902924681105814
T000432,0.7195697161910326,0.7626358657360854,0.8850143885053042,0.9575904916261447,0.9783415886363529,0.9783415886363529,0.9783415886363529,0.9783415886363529,0.9783415886363529,1.1476689050150928,0.6489599128395463
T000433,0.5312288636490392,0.5312288636490392,1.013393127668535,1.013393127668535,1.013393127668535,1.013393127668535,1.013393127668535,1.013393127668535,1.22709383006303,1.22709383006303,0.4981670137681656
T000434,0.996853764376783,0.5647004315915386,0.8021501089033525,0.5614337924661982,0.9191536240403794,0.9191536240403794,0.9191536240403794,0.9191536240403794,0.9191536240403794,0.9191536240403794,0.6500727797937805
T000435,1.6852164361698776,1.6852164361698776,1.6839053227353973,1.686294133113376,2.0995338023592334,2.0995338023592334,2.0995338023592334,2.0995338023592334,2.0995338023592334,2.0995338023592334,1.6336298178737818
T000436,1.6446130966544799,1.6446130966544799,1.616093531258627,1.616093531258627,1.629067807597562,1.629067807597562,1.629067807597562,1.629067807597562,1.8600295370984161,1.7181295949878097,1.629067807597562
T000437,0.9314038456027679,1.3207862375664978,1.2974870465538713,1.2974870465538713,1.2974870465538713,1.2974870465538713,1.1802731445569545,1.3399982705818876,1.3399982705818876,1.3399982705818876,0.6208263785831096
T000438,0.6159378534672205,0.46333067371733666,0.4981508771235413,0.4161986295237603,0.4161986295237603,0.4161986295237603,0.4161986295237603,0.4161986295237603,0.5198118101193966,0.5198118101193966,0.6438197382961254
T000439,1.1324529914853858,1.2961416619447328,1.2961416619447328,1.2961416619447328,1.2961416619447328,1.0786496461478774,1.0786496461478774,1.0786496461478774,1.0786496461478774,1.0786496461478774,1.0537069021407346
T000440,0.7543450957466578,0.9860651989699474,1.0378149197085156,1.0378149197085156,1.0378149197085156,1.1492581098911772,1.1492581098911772,1.1492581098911772,1.347972574755552,1.347972574755552,0.8888029394276744
T000441,1.426355649502439,1.439003114458134,1.439003114458134,1.439003114458134,1.439003114458134,1.439003114458134,1.439003114458134,1.439003114458134,1.4099836679982005,1.4099836679982005,1.2466552235262784
T000442,0.9115540284327267,0.9115540284327267,2.8678082384859627,2.8678082384859627,2.8678082384859627,2.8678082384859627,2.8678082384859627,2.8678082384859627,2.483127663740636,2.6667952012136564,2.6228206752797156
T000443,0.17194734174550838,0.17194734174550838,0.17194734174550838,0.6601912127557967,0.6601912127557967,0.6601912127557967,0.6601912127557967,0.6601912127557967,0.6413041660595259,0.6413041660595259,0.22471129902861017
T000444,0.6298706048965315,0.6298706048965315,0.683245866020582,0.4222066891411729,0.3422773808382506,0.3422773808382506,0.3422773808382506,0.3422773808382506,0.3422773808382506,0.3422773808382506,0.5323647932257448
T000445,0.39625232311020725,0.28577915564794526,0.28577915564794526,0.2127489604132238,0.22686232853511293,0.22686232853511293,0.22417775609560298,0.14678005126606608,0.14678005126606608,0.14678005126606608,0.16797813668222783
T000446,0.5375989206100281,0.4541698032731547,0.44892135571514064,0.44892135571514064,0.5094365519152114,0.5094365519152114,0.5094365519152114,0.4062156638937301,0.4062156638937301,0.4062156638937301,0.4657612835332786
T000447,0.9862207738057095,1.8702519631772925,1.8702519631772925,1.8702519631772925,1.8702519631772925,1.993922485331912,1.993922485331912,1.915827405497069,2.0933662891872045,2.0933662891872045,2.01987160213295
T000448,1.0940954955836424,1.0940954955836424,1.0934281560606365,1.0934281560606365,1.0934281560606365,1.0902270275938537,1.0902270275938537,1.0902270275938537,1.0902270275938537,1.1808125859154732,1.1638751903157643
T000449,0.18927134282543276,0.18927134282543276,0.1962701941852415,0.25714512949807483,0.25714512949807483,0.26802979482016787,0.25944433792217286,0.25944433792217286,0.41105236684280483,0.40783081272898103,0.2158354147708745
T000450,1.7626909239565471,1.7392389414044696,1.7392389414044696,1.7392389414044696,1.7392389414044696,1.7392389414044696,1.7392389414044696,1.7360885233979573,1.7758375339776926,1.7758375339776926,1.7360885233979573
T000451,0.52647931560179,1.1686536449670242,1.4321970099727648,0.7335090216420097,0.7335090216420097,0.7335090216420097,0.7335090216420097,0.7335090216420097,0.7335090216420097,0.8260962415278666,1.184795319346361
T000452,2.3533696058497706,2.550003877359086,2.550003877359086,2.550003877359086,2.138625074277428,2.138625074277428,2.138625074277428,2.138625074277428,2.138625074277428,2.138625074277428,2.44716431790892
T000453,1.149551380524803,1.4617319006253016,0.997903077933412,0.997903077933412,0.997903077933412,0.997903077933412,0.997903077933412,0.997903077933412,0.997903077933412,0.997903077933412,1.2982859320192799
T000454,1.7706922039208606,1.7706922039208606,1.7706922039208606,2.1412794061536373,2.1412794061536373,2.1412794061536373,2.1412794061536373,1.9562470944398178,1.9562470944398178,1.9562470944398178,2.1983736041136206
T000455,0.7170592117745355,0.7314619466369976,0.41992314290932575,0.41992314290932575,0.41992314290932575,0.5512211584832263,0.5512211584832263,0.5493671295774717,0.5493671295774717,0.5493671295774717,0.5923088180338155
T000456,2.3823415590805075,2.333712456161846,2.333712456161846,2.333712456161846,2.259105221000692,2.3191445828665564,2.3191445828665564,2.1002939319717724,2.1002939319717724,2.1002939319717724,2.349829428106296
T000457,0.9809404016100658,0.7677108164145168,0.7677108164145168,0.7677108164145168,1.000207811432734,1.000207811432734,1.000207811432734,0.8670125860472091,0.8670125860472091,0.6782891806543998,0.7672790283582981
T000458,0.3930715656281013,0.3930715656281013,0.3930715656281013,0.39660772306691794,0.4437660415483931,0.4437660415483931,0.4437660415483931,0.5508976293842189,0.5508976293842189,0.3757971542303006,0.46298315012577684
T000459,0.33252384799626167,0.33252384799626167,0.33252384799626167,0.33252384799626167,0.32323820617355853,0.32323820617355853,0.32323820617355853,0.3411853337532127,0.551394240434435,0.551394240434435,0.3411853337532127
T000460,0.3705231143760252,0.3705231143760252,0.22918908276240949,0.22918908276240949,0.22918908276240949,0.22918908276240949,0.22918908276240949,0.22918908276240949,0.22918908276240949,0.644533922367346,0.4350842637206499
T000461,0.11881402230827547,0.11881402230827547,0.3230580116646157,0.3230580116646157,0.42453439238684176,0.42453439238684176,0.42453439238684176,0.42453439238684176,0.42453439238684176,0.42453439238684176,0.24057465458433286
T000462,0.22873911265756408,0.5174170256427949,0.5174170256427949,0.5174170256427949,0.5174170256427949,0.5174170256427949,0.5174170256427949,0.5124143624313134,0.5124143624313134,0.5766277191300148,0.6979597817244613
T000463,0.1510322318190602,0.1510322318190602,0.1510322318190602,0.16072954671324244,0.11087524662197015,0.11087524662197015,0.11087524662197015,0.11087524662197015,0.11087524662197015,0.11087524662197015,0.16072954671324244
T000464,0.21072225836339145,0.21072225836339145,0.2076715245946746,0.1963818690569444,0.1963818690569444,0.1963818690569444,0.1963818690569444,0.325017187455723,0.3120420152593196,0.3120420152593196,0.3120420152593196
T000465,0.47271971822423414,0.47271971822423414,0.31815266633334993,0.31815266633334993,0.31815266633334993,0.31815266633334993,0.31815266633334993,0.31815266633334993,0.3192447494130443,0.3192447494130443,0.33771929824561436
T000466,0.5814243298109076,0.5152469547540254,0.5152469547540254,0.5152469547540254,0.6054184584670304,0.6054184584670304,0.5891350914658546,0.5891350914658546,0.5891350914658546,0.6024979313856738,0.5591526311036126
T000467,0.6905914021803323,0.5396454469040866,0.5396454469040866,0.5253287373320195,0.5584179051503562,0.39815648044847524,0.6623970465412368,0.6623970465412368,0.6623970465412368,0.6623970465412368,0.5128174832727828
T000468,1.0054549957819174,0.9606140338976701,1.0948747593636479,1.0948747593636479,1.0948747593636479,1.0948747593636479,1.038371174660566,1.038371174660566,1.0726423298963148,1.0726423298963148,1.0539386845036993
T000469,0.6905573589844866,0.6140990564186795,0.6140990564186795,0.6140990564186795,0.8310139313019778,0.8310139313019778,0.877343604619057,0.877343604619057,0.758270696845394,0.758270696845394,0.449479519434528
T000470,0.26437215307127543,0.26437215307127543,0.22807005246872838,0.22807005246872838,0.22807005246872838,0.22807005246872838,0.22807005246872838,0.22807005246872838,0.22807005246872838,0.22807005246872838,0.2819317341343018
T000471,0.7491152873998483,0.755790154346632,0.8365639879374774,0.8365639879374774,0.7810485011673113,0.7810485011673113,0.7810485011673113,0.7810485011673113,0.7810485011673113,0.7810485011673113,0.8089889483398492
T000472,0.5203053444558683,0.5203053444558683,0.5203053444558683,0.5203053444558683,0.5203053444558683,0.5251184063211469,0.5251184063211469,0.5251184063211469,0.5235202865629847,0.5270579022087024,0.5744064188696911
T000473,0.17459893131677598,0.17459893131677598,0.24621618194226555,0.3473711509755576,0.3473711509755576,0.3473711509755576,0.3473711509755576,0.3473711509755576,0.1326559716343696,0.1326559716343696,0.4976770987782282
T000474,1.8247966386016183,1.2413938394891202,1.2413938394891202,1.2413938394891202,1.2914393815113894,0.9536811628080715,0.9536811628080715,0.9536811628080715,1.1600990409162075,1.1600990409162075,1.0378655749263237
T000475,0.8117881316084533,0.8117881316084533,0.8117881316084533,0.5029291359356717,0.5029291359356717,0.5029291359356717,0.5029291359356717,0.5029291359356717,0.5029291359356717,0.5029291359356717,0.5964175609543853
T000476,0.9382224665479378,0.9382224665479378,0.6674907728550462,0.6674907728550462,0.6674907728550462,0.6674907728550462,0.6698100336911044,0.6698100336911044,0.6698100336911044,0.662446080907116,0.7257317891035069
T000477,0.45902068548288005,0.45902068548288005,0.7076783724396436,0.7076783724396436,0.4731418608870852,0.4731418608870852,0.4731418608870852,0.4731418608870852,0.4731418608870852,0.4731418608870852,0.4731418608870852
T000478,0.41202252142837814,0.4742962152005307,0.47162668192772866,0.47162668192772866,0.47162668192772866,0.47162668192772866,0.47162668192772866,0.47162668192772866,0.47162668192772866,0.47162668192772866,0.47162668192772866
T000479,1.1735645068064176,0.5387966823731599,1.2535428902087598,1.2535428902087598,1.2535428902087598,1.2348600386149808,1.2348600386149808,1.2348600386149808,1.2348600386149808,1.2348600386149808,0.953811142698526
T000480,0.2795794488373504,0.2795794488373504,0.23625860638992616,0.23625860638992616,0.23625860638992616,0.23625860638992616,0.23625860638992616,0.23625860638992616,0.23829842795393252,0.23829842795393252,0.2706026416204355
T000481,0.3103536510416791,0.4782080451009683,0.4782080451009683,0.4782080451009683,0.4782080451009683,0.4782080451009683,0.4782080451009683,0.36455594574561656,0.4101649248320025,0.4101649248320025,0.6173793231239704
T000482,0.6101450442316135,0.24100757938050588,0.2227566178495384,0.2227566178495384,0.2227566178495384,0.24380230335854733,0.24380230335854733,0.24380230335854733,0.24380230335854733,0.24380230335854733,0.24380230335854733
T000483,1.0784969752963594,1.0784969752963594,1.2487430171294875,0.42878267675760817,0.42878267675760817,0.42878267675760817,0.42878267675760817,0.35353628265471093,0.35353628265471093,0.35353628265471093,1.1505748967284972
T000484,2.0020543876881143,2.0020543876881143,2.0020543876881143,2.0020543876881143,2.0020543876881143,2.0020543876881143,2.0020543876881143,2.0020543876881143,2.0020543876881143,2.0020543876881143,2.0020543876881143
T000485,0.27790388361911283,0.27790388361911283,0.2635634516657571,0.28279673446024195,0.28279673446024195,0.28279673446024195,0.28279673446024195,0.28279673446024195,0.28279673446024195,0.28279673446024195,0.28279673446024195
T000486,0.4700883844531116,0.47495141374302224,0.47495141374302224,0.47495141374302224,0.47495141374302224,0.4500882712498866,0.4500882712498866,0.4500882712498866,0.4500882712498866,0.45070686954804495,0.5789193278616902
T000487,0.5046772301376724,0.5498661769850596,0.5498661769850596,0.5498661769850596,0.5498661769850596,0.5235433072649173,0.5235433072649173,0.5235433072649173,0.7441161476879874,0.7441161476879874,0.4901509654633262
T000488,0.8175244988847445,0.8175244988847445,0.76688426569347,0.76688426569347,0.76688426569347,0.76688426569347,0.6873592329747245,0.6873592329747245,0.6738675361124473,0.6650521550729658,0.7193110992615123
T000489,1.060297975348569,1.060297975348569,1.208752598627101,1.208752598627101,1.4040681607050003,1.4040681607050003,1.4040681607050003,1.4040681607050003,1.4040681607050003,1.4040681607050003,1.4040681607050003
T000490,0.8269160512867764,1.0525491318500768,1.0525491318500768,1.0525491318500768,0.9927362478423084,0.9927362478423084,0.9927362478423084,0.9927362478423084,0.9995370757220108,0.9995370757220108,1.4514884367063092
T000491,1.177740226724961,0.9290403209360768,0.9290403209360768,0.9290403209360768,0.9290403209360768,0.9290403209360768,0.9290403209360768,0.9290403209360768,0.9290403209360768,1.087944892609261,0.9893672725321473
T000492,0.6709982441051549,0.7012520231766096,0.7012520231766096,0.7012520231766096,0.7012520231766096,0.7012520231766096,0.7012520231766096,0.7012520231766096,0.7287052392166413,0.7209475563244419,0.6354059009129199
T000493,0.5954193697250934,0.5838455357045702,0.4804089071784132,0.4804089071784132,0.4804089071784132,0.4804089071784132,0.4804089071784132,0.4804089071784132,0.4804089071784132,0.43986441889877836,0.6886822641820153
T000494,0.4687039090955198,0.6071674511214932,0.5236321087523003,0.5236321087523003,0.5236321087523003,0.5236321087523003,0.5236321087523003,0.5236321087523003,0.6083052922668165,0.6243711606201311,0.7184054342554688
T000495,0.8262540552816838,0.8262540552816838,0.8239499482857097,0.8506751389992061,0.8506751389992061,0.8506751389992061,0.8506751389992061,0.8506751389992061,0.8502160522683213,0.7735401857834504,0.8506751389992061
T000496,0.31040627238692675,0.31040627238692675,0.31040627238692675,0.31040627238692675,0.31040627238692675,0.31040627238692675,0.31040627238692675,0.31040627238692675,0.6386796310681337,0.6386796310681337,0.30516814716905033
T000497,0.8598687485649216,0.7715551386554033,0.7374466688546111,0.7374466688546111,0.7374466688546111,0.7374466688546111,0.7374466688546111,0.7374466688546111,0.7374466688546111,1.6355465049407147,0.7374466688546111
T000498,0.15695289793334574,0.31794491509256634,0.31794491509256634,0.31794491509256634,0.31794491509256634,0.31794491509256634,0.31794491509256634,0.31794491509256634,0.31794491509256634,0.31794491509256634,0.14548755186722015
T000499,0.4651783717739701,0.4651783717739701,0.4651783717739701,0.4651783717739701,0.4651783717739701,0.4651783717739701,0.4651783717739701,0.4651783717739701,0.4651783717739701,0.6267533528283822,0.4651783717739701
T000500,0.7143717310628084,1.4497963390563764,1.4497963390563764,1.4497963390563764,0.8143896887967162,0.8143896887967162,0.8143896887967162,0.8143896887967162,0.8143896887967162,0.8143896887967162,0.7061403508771928
T000501,0.1711565516256235,0.10191525552486902,0.15646425888416501,0.15646425888416501,0.15646425888416501,0.15646425888416501,0.25011913466539365,0.25011913466539365,0.25011913466539365,0.25011913466539365,0.16309184235874125
T000502,0.3787544375204709,0.3787544375204709,0.3787544375204709,0.3787544375204709,0.3787544375204709,0.3787544375204709,0.3787544375204709,0.3787544375204709,0.3787544375204709,0.3787544375204709,0.3787544375204709
T000503,0.42952835090164776,0.42952835090164776,0.42952835090164776,0.42952835090164776,0.7353909668754881,0.7353909668754881,0.7353909668754881,0.7353909668754881,0.7003505624498743,0.7003505624498743,0.39593403151903067
T000504,0.23049393975495333,0.23049393975495333,0.2388815629875411,0.2388815629875411,0.4272639688971784,0.4272639688971784,0.4272639688971784,0.4272639688971784,0.4272639688971784,0.4272639688971784,0.3125603926161
T000505,0.23257180607740707,0.23257180607740707,0.23257180607740707,0.17203732027344257,0.1855005972562181,0.1855005972562181,0.41678651450083964,0.41678651450083964,0.41678651450083964,0.41465269205745964,0.1855005972562181
T000506,1.2575940251687565,1.2791500609215642,1.2791500609215642,1.2791500609215642,1.2791500609215642,1.2791500609215642,1.2791500609215642,1.2791500609215642,1.0221099624591932,1.0221099624591932,0.9886241909906568
T000507,0.7166956012491938,1.3259051715052608,0.9382798480751252,1.388695090536871,1.388695090536871,1.388695090536871,1.388695090536871,1.388695090536871,0.8188612429987435,0.8188612429987435,0.4644759011551235
T000508,0.3329381575600125,0.2618398950760709,0.2992701700719468,0.2992701700719468,0.7181890379853624,0.7697326581307975,0.7697326581307975,0.7697326581307975,0.7697326581307975,0.7697326581307975,0.30548177898044454
T000509,0.2338079973648172,0.2338079973648172,0.2338079973648172,0.2338079973648172,0.2338079973648172,0.2338079973648172,0.2338079973648172,0.2338079973648172,0.2338079973648172,0.9384017650803743,0.2338079973648172
T000510,0.7635791192861069,0.7635791192861069,0.7963867187499998,0.7803053320041631,0.7803053320041631,0.5859590778029289,0.5859590778029289,0.5859590778029289,0.5859590778029289,0.5859590778029289,0.7797778764617067
T000511,0.33626671034282557,0.2828399823914178,0.28958987390149526,0.2922935050815912,0.5924188459723106,0.5924188459723106,0.6455042375866549,0.6455042375866549,0.6455042375866549,0.6455042375866549,0.26125677055766905
T000512,0.35657817968803357,0.2811181858864823,0.2811181858864823,0.2811181858864823,0.2811181858864823,0.26215023933186826,0.26215023933186826,0.26215023933186826,0.26215023933186826,0.2555815840161514,0.21524190474871524
T000513,0.6570696015353433,0.6570696015353433,0.6702403178721298,0.6702403178721298,0.6702403178721298,0.6702403178721298,0.6702403178721298,0.6702403178721298,0.6702403178721298,0.6702403178721298,0.5662043297925512
T000514,2.003765926954284,2.003765926954284,4.123504372922385,2.127551174706865,2.127551174706865,2.8313973104630468,2.8313973104630468,2.8313973104630468,2.8313973104630468,2.8313973104630468,6.336274700436475
T000515,1.420730389023865,1.547879184063174,1.547879184063174,1.547879184063174,1.3548970280884094,1.5720319350482543,1.5720319350482543,1.5720319350482543,1.5720319350482543,1.5720319350482543,1.5720319350482543
T000516,0.49458060584627184,0.49458060584627184,0.49458060584627184,0.5282269150484848,0.5282269150484848,0.5282269150484848,0.5282269150484848,0.5282269150484848,0.525077166746167,0.525077166746167,0.4966607301380976
T000517,0.6255143593198278,0.6255143593198278,0.8095554224525757,0.8095554224525757,0.8095554224525757,0.8095554224525757,0.8095554224525757,0.8095554224525757,0.8095554224525757,0.7739297091602647,0.9931146898492895
T000518,0.40936232007035345,0.4851380833127686,0.4851380833127686,0.4851380833127686,0.4851380833127686,0.4851380833127686,0.4586274330016465,0.4944321192282557,0.4944321192282557,0.4944321192282557,0.46770686171810905
T000519,0.8957996026907615,0.9221747142357567,1.1201317166107572,0.9221747142357567,0.9221747142357567,0.9221747142357567,1.0922914529729646,1.0286999968384885,1.0286999968384885,1.0286999968384885,0.9639886486222002
T000520,0.37276764455409817,0.37276764455409817,0.2952565831276085,0.2952565831276085,0.276228426704189,0.276228426704189,0.2637122125845982,0.2535453286761211,0.26728072630087324,0.26728072630087324,0.276228426704189
T000521,0.5248840384192398,0.5414465272504317,0.5414465272504317,0.5414465272504317,0.509469550492189,0.509469550492189,0.509469550492189,0.509469550492189,0.509469550492189,0.509469550492189,0.494981201366356
T000522,0.6134199728865416,1.014699240005639,1.014699240005639,1.014699240005639,1.014699240005639,1.014699240005639,0.9480386271834792,0.9480386271834792,0.9480386271834792,0.9480386271834792,1.0426096501924231
T000523,0.5681910382222592,0.6893215799913325,0.6893215799913325,0.6893215799913325,0.6893215799913325,0.6977191336386658,0.6699213539340927,0.6699213539340927,0.6679464327736592,0.6679464327736592,0.6099307547417873
T000524,1.2001615210076875,1.2647411915807159,1.353057981401406,1.353057981401406,1.353057981401406,1.353057981401406,1.7091902848612268,1.7091902848612268,1.6695095303803895,1.6695095303803895,1.1929443495466872
T000525,1.0193634483936957,1.1560616289332095,1.1560616289332095,1.1560616289332095,1.1560616289332095,1.1560616289332095,1.1560616289332095,1.1560616289332095,1.130912510358563,1.130912510358563,1.1560616289332095
T000526,0.6747545242007877,0.6747545242007877,0.49269275832172926,0.49269275832172926,0.49269275832172926,0.49269275832172926,0.7523676859901567,0.7523676859901567,0.7523676859901567,0.7523676859901567,0.5579090512419944
T000527,0.5182590959380937,0.5030510731833197,0.4062981080011864,0.4451440802087269,0.4451440802087269,0.43997781506469225,0.43997781506469225,0.43997781506469225,0.43997781506469225,0.43997781506469225,0.4185048447943492
T000528,0.7948510881249627,0.7948510881249627,1.052977758494924,1.052977758494924,1.052977758494924,1.052977758494924,1.052977758494924,1.052977758494924,1.052977758494924,1.052977758494924,0.8844405269994435
T000529,0.25929010826344734,0.1723842923589104,0.1723842923589104,0.1723842923589104,0.1723842923589104,0.1723842923589104,0.1723842923589104,0.16971207321573595,0.16971207321573595,0.17750046523991608,0.29924354966880584
T000530,4.206961903892112,4.206961903892112,4.036182019929882,4.2018065748714175,4.2018065748714175,4.2018065748714175,4.2018065748714175,3.8049430584336275,3.8049430584336275,3.8049430584336275,3.9359589708343643
T000531,0.5002212679849896,0.5002212679849896,0.5243778275707875,0.5243778275707875,0.3072567136903872,0.3072567136903872,0.3018093316684488,0.3018093316684488,0.3018093316684488,0.3018093316684488,0.5235768104910422
T000532,0.5778980886761125,0.5778980886761125,0.5778980886761125,0.6187672006102923,0.6187672006102923,0.6075712296378508,0.6075712296378508,0.6075712296378508,0.6930102097535686,0.6930102097535686,0.7014988093570531
T000533,0.28288072308594836,0.28288072308594836,0.28288072308594836,0.2665269691472217,0.2665269691472217,0.2665269691472217,0.2665269691472217,0.2665269691472217,0.30250294060593785,0.30250294060593785,0.23420296270832655
T000534,1.5360208291882624,1.5360208291882624,0.5095059524961995,0.5394153229885871,0.5394153229885871,0.5394153229885871,0.5394153229885871,0.5394153229885871,0.5394153229885871,0.5394153229885871,0.5702310810635121
T000535,1.0852026293396386,1.0852026293396386,1.0999669702962271,1.0999669702962271,1.0999669702962271,1.0999669702962271,1.1069399251436625,1.1069399251436625,1.1982804899971335,1.1982804899971335,1.2015542806429238
T000536,0.6772022935162272,0.6772022935162272,0.3359104025537032,0.3359104025537032,0.3359104025537032,0.3359104025537032,0.3359104025537032,0.3359104025537032,0.3359104025537032,0.3359104025537032,0.6455576837000537
T000537,1.3103717504395516,1.3103717504395516,1.2639616155476543,1.4660449720605548,1.4660449720605548,1.551742603778135,1.551742603778135,1.7787590037247616,1.7787590037247616,1.7787590037247616,1.1154009977497892
T000538,3.246747405496971,3.246747405496971,3.272708586632243,3.2682123041339337,3.2682123041339337,3.2110722692263463,3.26043402718231,3.26043402718231,3.1895328295748855,3.2504754384534116,3.2623392271798344
T000539,1.0425851880544366,1.0425851880544366,1.349621570546783,1.349621570546783,1.349621570546783,1.349621570546783,1.3125677128312825,1.315903037759556,1.315903037759556,1.315903037759556,1.482875002243039
T000540,1.13541022166184,1.13541022166184,0.48286221407598257,0.48286221407598257,0.5092082200058033,0.575002192185329,0.575002192185329,0.575002192185329,0.575002192185329,0.575002192185329,1.319385672860058
T000541,0.7462789816741806,0.7462789816741806,0.7878938934605425,0.7878938934605425,0.7878938934605425,0.7878938934605425,0.7498492952491966,0.7498492952491966,0.7852165364040932,0.7852165364040932,1.9288464658661062
T000542,0.5171475277403749,0.5754207876001692,0.5754207876001692,0.5754207876001692,0.5754207876001692,0.5754207876001692,0.5754207876001692,0.5754207876001692,0.5754207876001692,0.4474393241229099,0.40394140371462556
T000543,0.15307559723839298,0.15307559723839298,0.15307559723839298,0.15307559723839298,0.2991923076207165,0.2991923076207165,0.19549217736663516,0.19549217736663516,0.19549217736663516,0.19549217736663516,0.3059691694056702
T000544,2.4035153062287073,2.2125675039685313,2.2125675039685313,2.2125675039685313,2.2125675039685313,2.2125675039685313,2.583737103417333,2.583737103417333,2.583737103417333,2.583737103417333,2.3435178482372843
T000545,0.2195658897310272,0.1324552618349738,0.1324552618349738,0.1324552618349738,0.1324552618349738,0.1371428571428574,0.1371428571428574,0.163635050845747,0.10597006715348276,0.10597006715348276,0.3096167266635307
T000546,2.514498865699804,1.4809824552114448,1.4563411047994308,1.4563411047994308,1.4563411047994308,1.4563411047994308,1.402471350166885,1.402471350166885,1.402471350166885,1.402471350166885,1.4282146870484989
T000547,0.7849422701579939,1.0284363525202969,0.9666394356943282,0.9666394356943282,0.9666394356943282,0.9666394356943282,0.9666394356943282,0.9666394356943282,0.9666394356943282,0.9666394356943282,1.013325325118234
T000548,0.9433481939225291,0.9433481939225291,1.0870636046656674,1.0870636046656674,1.0870636046656674,1.0870636046656674,1.0870636046656674,1.0870636046656674,1.0870636046656674,1.0870636046656674,1.0870636046656674
T000549,0.9750088789816538,1.0570069023719293,0.9639296193818188,0.9639296193818188,0.9639296193818188,0.9639296193818188,0.9639296193818188,0.9639296193818188,0.9639296193818188,0.9639296193818188,0.9598331478154054
T000550,0.808270579578043,0.808270579578043,0.808270579578043,0.8124484780875675,0.8124484780875675,0.7547161829111998,0.7547161829111998,0.7547161829111998,0.8282884470405445,0.8282884470405445,0.7842976230318396
T000551,0.3515472919018158,0.3515472919018158,0.3515472919018158,0.3391402731110253,0.3391402731110253,0.3391402731110253,0.3391402731110253,0.3391402731110253,0.3391402731110253,0.3391402731110253,0.3391402731110253
T000552,1.9663642476217178,1.7648976035998996,1.7648976035998996,1.7648976035998996,1.7648976035998996,1.7648976035998996,1.7648976035998996,1.7648976035998996,1.8003227128905845,1.8003227128905845,1.9411144758218706
T000553,1.9560274803313393,1.9390642668527573,1.9390642668527573,1.7082780478491182,1.6109592912425506,1.6109592912425506,1.6109592912425506,1.6109592912425506,1.6109592912425506,1.6109592912425506,1.7847791684649685
T000554,1.3647922231834702,0.7593628087472735,0.7593628087472735,0.7593628087472735,0.7593628087472735,0.7593628087472735,0.6624160017517746,0.6624160017517746,0.6624160017517746,0.6624160017517746,0.8390895508812907
T000555,1.1329419535191834,0.5374838031263084,0.5374838031263084,0.5374838031263084,0.5374838031263084,0.5374838031263084,0.6478780903286617,0.6478780903286617,0.6089292707495362,0.6089292707495362,0.7011865888741912
T000556,0.133299777427895,0.133299777427895,0.13666132941935194,0.13666132941935194,0.1224535429064189,0.1224535429064189,0.1224535429064189,0.1224535429064189,0.1224535429064189,0.1224535429064189,0.13666132941935194
T000557,0.10300211439795415,0.10300211439795415,0.11136634900459857,0.11136634900459857,0.1029423600046447,0.1029423600046447,0.1029423600046447,0.1029423600046447,0.1029423600046447,0.1029423600046447,0.1048986917942297
T000558,0.11149774093863313,0.10873765805930898,0.10873765805930898,0.10870570820612452,0.10870570820612452,0.10870570820612452,0.10870570820612452,0.10870570820612452,0.10870570820612452,0.10870570820612452,0.10870570820612452
T000559,0.19112612719201547,0.19112612719201547,0.19112612719201547,0.19112612719201547,0.1958593534064172,0.1958593534064172,0.1958593534064172,0.1958593534064172,0.1958593534064172,0.1958593534064172,0.1958593534064172
T000560,0.040973098026864926,0.040973098026864926,0.040973098026864926,0.040973098026864926,0.06695915771059109,0.29200964675474816,0.29200964675474816,0.29200964675474816,0.29200964675474816,0.29200964675474816,0.047623496641660865
T000561,0.02085912880108919,0.019547689211687685,0.019547689211687685,0.019547689211687685,0.022506864926196603,0.022506864926196603,0.022506864926196603,0.022506864926196603,0.022506864926196603,0.022506864926196603,0.021451907370039398
T000562,0.02128266860858182,0.027750382782101735,0.027750382782101735,0.027750382782101735,0.02522068485545359,0.02522068485545359,0.02522068485545359,0.02522068485545359,0.02522068485545359,0.09643200531460458,0.015161788757240932
T000563,0.09507807172901013,0.09507807172901013,0.10447019620149132,0.10447019620149132,0.10447019620149132,0.10447019620149132,0.10447019620149132,0.10447019620149132,0.10447019620149132,0.10447019620149132,0.10447019620149132
T000564,0.05643811665550919,0.05643811665550919,0.05807796467279897,0.05807796467279897,0.03807099278472435,0.03807099278472435,0.03807099278472435,0.03807099278472435,0.03807099278472435,0.03807099278472435,0.05807796467279897
T000565,0.10193559661841503,0.11429228725163396,0.11429228725163396,0.11429228725163396,0.11429228725163396,0.10894476795691192,0.10894476795691192,0.10894476795691192,0.15863541976208947,0.15863541976208947,0.1016428973370694
T000566,0.3914760683367968,0.4218070641136571,0.39760857700877417,0.41900867455537255,0.41900867455537255,0.42126710965205577,0.42126710965205577,0.42126710965205577,0.42126710965205577,0.42126710965205577,0.42126710965205577
T000567,1.1083819090022546,1.1083819090022546,1.1083819090022546,1.132199011789327,1.1658127479338407,1.1658127479338407,1.1658127479338407,1.1884443235191553,1.1292326115644151,1.1292326115644151,1.2726883762598022
T000568,1.3335729911533907,1.1747703273195351,1.1747703273195351,1.2285981834142483,1.2285981834142483,1.2285981834142483,1.2285981834142483,1.2285981834142483,1.2285981834142483,1.3015346575430367,1.1782956210168
T000569,0.2114238738484725,0.2114238738484725,0.2114238738484725,0.2114238738484725,0.22755519267141763,0.21132314324384238,0.21132314324384238,0.21132314324384238,0.20056688766722347,0.20632542813457555,0.4142971951899259
T000570,0.6138685554286722,0.23584905660377295,0.47043026486609985,0.47043026486609985,0.47043026486609985,0.47043026486609985,0.47043026486609985,0.47043026486609985,0.47043026486609985,0.47043026486609985,0.7438720059292808
T000571,0.7972260703598595,0.9177411003515817,0.9177411003515817,0.9177411003515817,0.9177411003515817,0.9177411003515817,0.6000632566948476,0.6000632566948476,0.6225218261255886,0.61757489899876,0.9177411003515817
T000572,0.30156514910364496,0.9044465364190322,0.3016919860402183,0.3016919860402183,0.3016919860402183,0.5936970972345061,0.3428903166406081,0.3428903166406081,0.4243672304960141,0.4243672304960141,0.6037498764231122
T000573,0.2985490254341562,0.2985490254341562,0.3102781721645055,0.5515020905214866,0.5515020905214866,0.5515020905214866,0.5515020905214866,0.5515020905214866,0.5515020905214866,0.5515020905214866,0.6137606714299935
T000574,0.5597378020160809,0.5597378020160809,0.5077566959563752,0.18093274201665308,0.18093274201665308,0.14928846852759492,0.14928846852759492,0.22079816195552782,0.22079816195552782,0.22079816195552782,0.44196121916978104
T000575,1.1727287792641685,1.1727287792641685,1.2017173784591915,1.2165265898698086,1.4362229352256466,1.4362229352256466,1.4362229352256466,1.4362229352256466,1.4362229352256466,1.2552824941751217,1.0895472762456078
T000576,0.5909735172106073,0.5909735172106073,0.5885339655283577,0.5885339655283577,0.5571916954324447,0.5571916954324447,0.5934877104913402,0.5934877104913402,0.5844271284328451,0.5844271284328451,0.6251938904307024
T000577,0.638630191154878,0.6259827122078042,0.6259827122078042,0.6259827122078042,0.6115910994097189,0.6115910994097189,0.6115910994097189,0.6115910994097189,0.6115910994097189,0.6115910994097189,0.5946100004906517
T000578,0.5879784882075382,0.5281564532356109,0.5281564532356109,0.5281564532356109,0.5597870473827362,0.5597870473827362,0.5597870473827362,0.5597870473827362,0.5597870473827362,0.5597870473827362,0.5660377358490564
T000579,0.5003768682947859,0.530195804059971,0.48913957359482624,0.6500661705533622,0.6500661705533622,0.6500661705533622,0.6500661705533622,0.6500661705533622,0.6500661705533622,0.6500661705533622,0.5289746847057465
T000580,0.5530163713439458,0.5530163713439458,0.5779107712641712,0.5779107712641712,0.5667644164448775,0.5667644164448775,0.5667644164448775,0.5667644164448775,0.5842404989267453,0.5842404989267453,0.5667644164448775
T000581,0.37289616871224734,0.37289616871224734,0.3829344781030384,0.45612563038480625,0.4112730027476291,0.4112730027476291,0.4112730027476291,0.4112730027476291,0.4112730027476291,0.4112730027476291,0.4112730027476291
T000582,0.5422848664081428,0.5422848664081428,0.5422848664081428,0.5422848664081428,0.5616731048425733,0.5616731048425733,0.5616731048425733,0.5616731048425733,0.5616731048425733,0.5616731048425733,0.5616731048425733
T000583,0.43504180095756995,0.4645807747935329,0.4645807747935329,0.4645807747935329,0.4621678102292029,0.4621678102292029,0.4621678102292029,0.4621678102292029,0.4621678102292029,0.2667851106114978,0.4621678102292029
T000584,0.651540173424337,0.651540173424337,0.6445316926611976,0.643125670689218,0.6463219664327924,0.6463219664327924,0.6463219664327924,0.6463219664327924,0.6463219664327924,0.6463219664327924,0.7554819982961211
T000585,0.5797040412262312,0.5797040412262312,0.5831114037838871,0.607710575203973,0.607710575203973,0.607710575203973,0.607710575203973,0.607710575203973,0.607710575203973,0.607710575203973,0.607710575203973
T000586,0.5218321642497706,0.42803838393243976,0.42803838393243976,0.42803838393243976,0.5455534321480986,0.8264024829618747,0.8264024829618747,0.8264024829618747,0.8264024829618747,0.8264024829618747,0.5181711606096132
T000587,0.7795247997550252,0.8074563578624021,0.7777165223599398,0.7898244625249348,0.7898244625249348,0.7898244625249348,0.7898244625249348,0.7898244625249348,0.7898244625249348,0.7898244625249348,0.7898244625249348
T000588,0.7470721893130299,0.7470721893130299,0.7470721893130299,0.7470721893130299,0.7611914635033469,0.7611914635033469,0.7611914635033469,0.7611914635033469,0.7611914635033469,0.7611914635033469,0.7611914635033469
T000589,0.8795385890517624,0.8607946563517687,0.8549474279487221,0.8549474279487221,0.8549474279487221,0.8549474279487221,0.8549474279487221,0.8549474279487221,0.8549474279487221,0.8549474279487221,1.0896865156133695
T000590,0.12309069736552954,0.20620783651009844,0.20620783651009844,0.20620783651009844,0.10996244704661175,0.11550665212848174,0.11550665212848174,0.10735252324852369,0.2206155053302555,0.2206155053302555,0.12738256272115633
T000591,0.36795535897595105,0.15982670917221375,0.15982670917221375,0.15982670917221375,0.15982670917221375,0.2013969906894721,0.2013969906894721,0.2013969906894721,0.31937984496124033,0.31937984496124033,0.3193829392339876
T000592,0.9020330963351383,0.9020330963351383,0.9012142455161946,0.9012142455161946,0.9012142455161946,0.9729262049870137,0.22404874215378542,0.22404874215378542,0.22404874215378542,0.12108027763983849,0.36328954128164825
T000593,0.15814804164298843,0.15814804164298843,0.12895544742090428,0.12895544742090428,0.11809392243765905,0.11809392243765905,0.11809392243765905,0.3993772609610791,0.3993772609610791,0.3993772609610791,0.11809392243765905
T000594,0.20408391684590696,0.20408391684590696,0.20408391684590696,0.20408391684590696,0.16614025625364637,0.16614025625364637,0.16614025625364637,0.12468397428818956,0.2359945159554879,0.2359945159554879,0.12468397428818956
T000595,0.20630220000374766,0.5162400231561065,0.34417440384555886,0.34417440384555886,0.34417440384555886,0.34417440384555886,0.34417440384555886,0.34417440384555886,0.34417440384555886,0.34417440384555886,0.36349307438009293
T000596,0.06500861256273206,0.06500861256273206,0.3799937083590858,0.3799937083590858,0.3799937083590858,0.3799937083590858,0.3799937083590858,0.3799937083590858,0.2941281097426145,0.2941281097426145,0.3412251012000671
T000597,0.3851606706463548,0.3851606706463548,0.8909768337702318,0.8909768337702318,0.8909768337702318,0.7941553486947729,0.7941553486947729,0.8102236858880628,0.8102236858880628,0.7994764962041652,0.3892783073635949
T000598,1.0621498061005241,1.0621498061005241,1.0621498061005241,1.0621498061005241,1.0621498061005241,1.3284455728805968,1.3284455728805968,1.3284455728805968,1.3284455728805968,1.243585279032031,1.2760312886458243
T000599,1.0443847257497285,1.0443847257497285,1.0443847257497285,1.0443847257497285,1.0443847257497285,0.789791970085104,0.789791970085104,0.789791970085104,0.8999352937425167,0.8999352937425167,0.8113208894257469
T000600,1.163226626107568,1.1621714255803484,1.1690685567400165,1.1690685567400165,1.1703238659347,1.1644358563259716,1.2119558716006942,1.2591861897452297,1.2111064850229791,1.2111064850229791,1.2626521790015814
T000601,1.0783339222864714,1.0783339222864714,1.0783339222864714,1.0783339222864714,1.0575724425211153,1.0575724425211153,1.0575724425211153,1.0575724425211153,1.0575724425211153,1.024869708858384,0.7764539706479991
T000602,1.3119068348041782,1.1204702506928053,1.1204702506928053,1.1204702506928053,1.1204702506928053,1.1204702506928053,1.1204702506928053,1.1204702506928053,1.1204702506928053,1.1204702506928053,1.1204702506928053
T000603,0.8841330394357562,0.8841330394357562,0.947695471282083,0.9080933767520863,0.9080933767520863,0.9607216041383071,0.9607216041383071,0.9607216041383071,0.9607216041383071,0.9607216041383071,0.9607216041383071
T000604,1.2565114776559267,1.2565114776559267,1.2575804380773166,1.2575804380773166,1.2575804380773166,1.2575804380773166,1.2575804380773166,1.2575804380773166,1.2575804380773166,1.2575804380773166,1.2575804380773166
T000605,0.8479788683564745,0.9413054850322006,0.9413054850322006,0.9413054850322006,0.9426745439894747,0.9426745439894747,0.9426745439894747,0.9426745439894747,0.9426745439894747,0.9426745439894747,0.6677489355272843
T000606,1.2084474284301885,0.8426328328051499,0.8426328328051499,0.8426328328051499,0.8426328328051499,1.0345039863030183,0.9757731230319677,0.9757731230319677,0.9857241683527769,0.9971558799632264,1.2087888013728338
T000607,0.8874149278963128,0.8874149278963128,0.6604817998685311,0.6604817998685311,0.6604817998685311,0.852024702740795,0.6621091455106731,0.6621091455106731,0.6621091455106731,0.703835601245082,0.8191714455866015
T000608,0.6852392608766659,0.7749884533964443,0.7749884533964443,0.7749884533964443,0.8624114191451389,0.6885933882846521,0.6885933882846521,0.6885933882846521,0.6885933882846521,0.6885933882846521,0.6754607119827213
T000609,1.469644177594579,1.3609061545051935,1.3609061545051935,1.42045069965329,1.5920477373215802,1.5920477373215802,1.5920477373215802,1.5920477373215802,1.5920477373215802,1.5813877060250472,1.4192083659077386
T000610,2.0164826853577797,2.0746392197437182,2.2867936159676883,2.2867936159676883,2.2867936159676883,2.2867936159676883,2.308965414341316,2.308965414341316,2.16829841636058,2.16829841636058,2.0900889684155435
T000611,1.1156713125687068,0.9768127636982613,1.019205448398036,1.019205448398036,1.0375685956148926,1.0375685956148926,1.0375685956148926,1.0375685956148926,1.0375685956148926,1.0375685956148926,1.3886126950250326
T000612,1.044531520175513,1.0452372450368987,1.0452372450368987,1.0445114778403053,1.0667080084339453,1.1021992756720371,1.1021992756720371,1.1021992756720371,1.1021992756720371,1.0705133574842143,1.1123014970073106
T000613,1.0685861969497406,1.1594306036486512,1.1594306036486512,1.1594306036486512,1.0857195630296395,1.0857195630296395,1.0969168705891006,1.0050382753070646,1.0050382753070646,1.0050382753070646,1.00883241907805
T000614,0.8375471585186774,0.896966247013653,0.896966247013653,0.9133284831120847,0.9133284831120847,0.9133284831120847,0.9133284831120847,0.9133284831120847,0.9047710437097726,0.8486686267803865,0.9047710437097726
T000615,1.1043723408669248,1.1043723408669248,1.1110680423217185,1.1110680423217185,1.1319280593393588,1.1319280593393588,1.1319280593393588,1.1319280593393588,1.157570134264517,1.136443280966215,1.0532972710635782
T000616,0.7413804149691178,0.7413804149691178,0.7389087016560796,0.8138206471185034,0.93826250288686,0.8896694981850328,0.8896694981850328,0.8896694981850328,0.8896694981850328,0.8896694981850328,0.8642912346698494
