unique_id,MetaARIMA(0.05),MetaARIMA(0.12),MetaARIMA(0.2),MetaARIMA(0.27),MetaARIMA(0.35),MetaARIMA(0.42),MetaARIMA(0.5),MetaARIMA(0.58),MetaARIMA(0.65),MetaARIMA(0.72),MetaARIMA(0.8),MetaARIMA(0.88),MetaARIMA(0.95),AutoARIMA
T000000,0.2826624661115528,0.2826624661115528,0.2826624661115528,0.2826624661115528,0.2826624661115528,0.8707359816448306,0.7184087279125188,0.7184087279125188,0.7184087279125188,0.9243518121487843,0.9243518121487843,0.9243518121487843,0.33993034084713847,0.7184087279125188
T000001,0.6610075602467115,0.6610075602467115,0.6757810978869992,0.6610075602467115,0.6610075602467115,0.6610075602467115,0.6610075602467115,0.6610075602467115,0.6610075602467115,0.5525934824055727,0.36382748915347035,0.361016700107977,0.35871227447943177,0.6302798637755809
T000002,0.7487315886714974,0.7487315886714974,0.7106584109478251,0.7487315886714974,0.7487315886714974,0.7487315886714974,0.7106584109478251,0.29899799980367375,0.7487315886714974,0.28876934574177865,0.7840693369562564,0.7487315886714974,0.8153523835046644,0.7498324729326424
T000003,1.5554335900566436,1.5554335900566436,1.5554335900566436,1.5554335900566436,0.8090057009529233,0.6662892732001563,0.7745551744156429,0.7745551744156429,0.9674730914964241,0.9674730914964241,0.7108503338356223,0.7108503338356223,0.54669664351242,0.8730744052304914
T000004,2.9587757126863874,2.7118745541134843,2.9587757126863874,2.5614289074206598,2.5614289074206598,2.5614289074206598,1.7192034229869313,1.7192034229869313,1.7192034229869313,2.4408520185345695,1.8352907962524545,2.5614289074206598,2.5614289074206598,1.816378058663533
T000005,1.7964413084416038,1.7706712616881675,1.7964413084416038,1.7964413084416038,1.7964413084416038,2.2788195505913817,0.9533611667458269,0.8538807220997425,0.8538807220997425,0.7327651307557895,0.9260958621675252,1.7964413084416038,2.2252370663904872,1.1243849887463249
T000006,0.26248732509123907,0.26248732509123907,0.26248732509123907,0.26248732509123907,0.26248732509123907,0.26248732509123907,0.26248732509123907,0.26248732509123907,1.5248422314090593,1.5248422314090593,0.9547230084187388,1.052752958044145,1.5611066124252833,0.57111672347501
T000007,0.218631565803783,0.3276860700839849,0.3004493113477392,0.3003633494043239,0.3003633494043239,0.15077963299197963,0.37162169093825964,0.37162169093825964,0.15077963299197963,0.37162169093825964,0.15077963299197963,0.20195300229555907,0.3276860700839849,0.30663269541469235
T000008,0.5954731559119429,0.663833024923046,0.663833024923046,0.663833024923046,0.663833024923046,0.5954731559119429,0.4721237146890388,0.48133111257453204,0.4721237146890388,0.4721237146890388,0.5224522463199767,0.5372609335431697,0.6054715506106676,0.48730509340067435
T000009,0.6662314639027648,0.6662314639027648,0.6662314639027648,0.6662314639027648,0.6662314639027648,0.6662314639027648,0.6662314639027648,0.6662314639027648,1.471762843509821,1.471762843509821,1.453453284522178,0.6662314639027648,0.574797802504595,1.48067672832751
T000010,2.291857833241571,2.223133438568104,2.223133438568104,2.223133438568104,2.223133438568104,2.223133438568104,2.223133438568104,2.2109117214079386,2.1836486556231924,2.258055808933124,2.245795858070585,2.3489929261531333,2.322807648983841,2.60775796728033
T000011,0.5350959265789721,0.5350959265789721,0.5350959265789721,0.5350959265789721,0.5350959265789721,0.5350959265789721,0.5350959265789721,0.5350959265789721,0.656693337068316,0.693991195985656,0.6935878247014481,0.6655896773625708,0.6916095834595682,0.2474289826730907
T000012,4.009587863662005,4.009587863662005,4.009587863662005,4.009587863662005,4.009587863662005,4.00973411576235,3.8168983730789834,3.8168983730789834,4.170251545460471,3.8168983730789834,3.8168983730789834,4.23316503699217,3.4746535518813406,4.162099762293401
T000013,0.42171784439048526,0.42727250641525294,0.42727250641525294,0.42727250641525294,0.42727250641525294,0.42727250641525294,0.42727250641525294,0.42727250641525294,1.1403092473853975,0.655620625729482,0.5162511979991304,0.42171784439048526,0.3217262417028097,0.6979452527950952
T000014,0.6885465401412121,0.5985715564366408,0.5504371177179304,0.5504371177179304,0.5504371177179304,0.5504371177179304,0.5504371177179304,0.8956329465180667,0.3221576657864379,0.3221576657864379,2.022005500086305,1.468825586898945,1.0252927872810962,0.7142795557035375
T000015,0.28270291929048863,0.26266963888358874,0.26266963888358874,0.5330982303924877,0.5330982303924877,0.535479829171519,0.45505480136824195,0.4141333665161162,0.48193818665588223,0.45505480136824195,0.45505480136824195,0.45505480136824195,0.45505480136824195,0.4810150863682722
T000016,0.26673773018103547,0.25753823739118265,0.25753823739118265,0.25753823739118265,0.35166755594262294,0.25753823739118265,0.25753823739118265,0.26673773018103547,0.3067719141659191,0.29428568322782406,0.29428568322782406,0.28381880233800666,0.28381880233800666,0.50187632685458
T000017,0.4961511957882741,0.4609266969915785,0.4609266969915785,0.4609266969915785,0.4609266969915785,0.4971929727323036,0.499471863392216,0.5079563936695779,0.5079563936695779,0.5882623540967611,0.5882623540967611,0.5882623540967611,0.4639807844346044,0.6742411983625101
T000018,2.317585448466094,3.00450492498669,3.00450492498669,3.00450492498669,3.00450492498669,3.00450492498669,3.00450492498669,1.8399163736029887,1.8399163736029887,2.006286332115675,3.025182830061356,3.025182830061356,2.317585448466094,1.8553782483101182
T000019,1.4353050872271242,1.4353050872271242,1.4353050872271242,1.4353050872271242,1.4353050872271242,1.4353050872271242,1.3806498726070964,0.26574306926086616,0.26574306926086616,0.26574306926086616,0.29658906246785205,1.5166950762499112,1.516348048490284,0.1412088578616159
T000020,2.4067888417441545,2.1774411216714036,2.4067888417441545,2.1774411216714036,2.1412159031257088,1.5846252644933205,1.5846252644933205,1.5834638157106595,1.5836826542889322,1.5834638157106595,1.5632475470185343,1.5632475470185343,2.1785139767598185,2.423757770789603
T000021,0.40900789600930504,0.2467877427693661,0.40900789600930504,0.25451700431190566,0.25451700431190566,0.6055932032085591,0.34490762510324163,0.30826031819136473,0.31922511321167146,0.31922511321167146,0.3435114189416499,0.25451700431190566,0.25451700431190566,0.3767477966957802
T000022,1.71664557837334,1.5968162152502619,1.938650306911831,1.942371768392031,1.9380867878392902,1.9380867878392902,2.0890397895880364,2.286522556056507,2.286522556056507,1.801534504763461,1.801534504763461,1.9402960121610968,1.9402960121610968,2.0890397895880364
T000023,0.4168816780444166,0.4168816780444166,0.4168816780444166,0.4168816780444166,0.4168816780444166,0.4168816780444166,0.4168816780444166,0.8776470281609254,0.8776470281609254,1.0943519834767765,0.8776470281609254,0.830503000764118,0.45485694640387764,0.8460279264316799
T000024,4.960440317006501,4.3846496585482075,4.3846496585482075,4.3846496585482075,4.3846496585482075,4.3846496585482075,4.3846496585482075,5.115694937534857,5.019763593056948,5.019763593056948,5.019763593056948,5.0395344102392094,5.0395344102392094,5.093901339116032
T000025,1.4276681875785202,1.5881739936045445,1.4276681875785202,1.4598369704442848,1.4598369704442848,1.4598369704442848,1.4598369704442848,1.6186901358752885,1.6186901358752885,1.6186901358752885,1.6186901358752885,1.4276681875785202,1.4276681875785202,1.4276681875785202
T000026,1.1802539379011947,1.1802539379011947,1.1802539379011947,1.1802539379011947,1.1802539379011947,1.1802539379011947,1.1802539379011947,1.9902092393233048,2.40847197999204,2.40847197999204,1.4578656270067467,1.319232939625711,1.1802539379011947,2.1083724538052326
T000027,1.8074006932421425,2.035014484132126,2.035014484132126,2.035014484132126,2.035014484132126,1.8954328390854087,2.035014484132126,2.6100559739771536,2.656855386180265,2.6204130953416374,2.6204130953416374,2.6204130953416374,1.8954328390854087,2.554370841360293
T000028,0.7518952096475847,0.7518952096475847,0.7518952096475847,0.7518952096475847,0.7518952096475847,0.7518952096475847,0.7518952096475847,0.7518952096475847,0.6598346893642668,0.7016943552476231,0.6598346893642668,0.7518952096475847,0.7518952096475847,0.6276037289294935
T000029,1.652162534249564,0.9152440615914506,0.9545360772207928,1.006817370281443,0.5432796086015084,1.412480383510792,1.412480383510792,1.412480383510792,1.412480383510792,1.412480383510792,1.4340140413585107,0.9457648247108952,0.9457648247108952,1.6072109806715205
T000030,4.590272510683738,4.423747726674713,4.759568435538796,2.4053125221619567,2.4053125221619567,2.4053125221619567,2.4053125221619567,2.4053125221619567,2.4053125221619567,2.4053125221619567,2.4053125221619567,6.408529828186809,4.423747726674713,4.417255644571346
T000031,0.19256150883996712,0.23129257403621825,0.23129257403621825,0.23129257403621825,0.23129257403621825,0.23129257403621825,0.23129257403621825,0.23129257403621825,0.19248926492711135,0.23129257403621825,0.19248926492711135,0.19248926492711135,0.23129257403621825,0.19256150883996712
T000032,0.7303569324818316,1.1260113695907552,0.9237693200025524,0.9237693200025524,0.9237693200025524,0.9237693200025524,1.0315964955667953,0.7776048308324283,0.626820752461117,0.626820752461117,0.924644965719661,0.924644965719661,0.924644965719661,0.7525507790836172
T000033,0.6852364607930017,0.9716426086082187,0.9716426086082187,0.9716426086082187,0.9716426086082187,0.9716426086082187,0.9716426086082187,0.9716426086082187,1.0237643611329597,1.1517213115396705,1.0237643611329597,1.0237643611329597,1.0237643611329597,1.6392570527334027
T000034,0.21722207145511468,0.21722207145511468,0.21722207145511468,0.21722207145511468,0.21722207145511468,0.5772781259922147,0.5772781259922147,0.5772781259922147,0.5772781259922147,0.7491927148535076,0.7491927148535076,0.845969495706535,1.1949803565705965,0.5772781259922147
T000035,0.916907492924177,0.916907492924177,0.49647542772174574,0.49647542772174574,0.49647542772174574,0.49647542772174574,0.49647542772174574,0.48671667774484934,0.5078675390631019,0.5078675390631019,0.649470957400313,0.7286478660395028,0.7137170985397858,0.9894196543116103
T000036,0.28437938003200486,0.28437938003200486,0.28437938003200486,0.28437938003200486,0.28437938003200486,0.28437938003200486,0.40759806739682125,0.246276045999097,0.274872564853507,0.274872564853507,0.246276045999097,0.246276045999097,0.40759806739682125,0.2269676002927489
T000037,1.1350339143690007,1.2096630292763855,1.2096630292763855,1.2096630292763855,1.2096630292763855,1.2096630292763855,1.2096630292763855,1.1350339143690007,1.1350339143690007,1.1459658972966236,1.0634700544107356,1.243200790284147,1.1996485590675263,0.927795433766259
T000038,1.5744502635304414,1.5744502635304414,1.5242586734724088,1.5744502635304414,1.5744502635304414,1.5744502635304414,1.5744502635304414,1.5744502635304414,1.5744502635304414,1.5744502635304414,1.6300182163506227,1.343725636126787,1.5744502635304414,2.534012762053264
T000039,0.7666600374388259,0.5297220389579009,0.5297220389579009,0.28943960519519923,0.28943960519519923,0.5312443313373074,0.6367390355048342,0.7772050298168446,0.7772050298168446,0.6791048350114867,0.6791048350114867,0.4986914085923816,0.8088592559648645,0.7776519843526392
T000040,1.5765126894247803,1.5765126894247803,1.5765126894247803,1.5765126894247803,1.5765126894247803,1.536138345235342,1.4475079238176065,1.4475079238176065,1.648773003163457,2.070023985358542,1.7345504664046387,1.7345504664046387,1.52388456097253,2.217732290598061
T000041,5.01883753665277,5.337618868277468,5.337618868277468,5.337618868277468,5.01883753665277,5.337618868277468,4.838910587336311,4.838910587336311,4.822203642376826,4.822203642376826,4.822203642376826,4.822203642376826,5.547442533412308,4.838910587336311
T000042,1.143007773825637,1.143007773825637,1.0877693207085246,1.084335978421113,1.143007773825637,1.3239351398214583,1.3239351398214583,1.3239351398214583,1.109685298369419,1.109685298369419,1.109685298369419,1.0816152854702457,1.143007773825637,1.3239351398214583
T000043,0.24337306429952835,0.28147151019500505,0.3350275943208317,0.3350275943208317,0.3350275943208317,0.3350275943208317,0.3350275943208317,0.3350275943208317,0.09767730522993201,0.2172014406892194,0.2182787891064007,0.2172014406892194,0.24337306429952835,0.04159989753331516
T000044,0.8844003270211858,0.8844003270211858,0.8280231557617542,0.8280231557617542,0.5404901147640386,0.5404901147640386,0.8172349653527167,0.8172349653527167,0.3974163435722934,0.3974163435722934,0.8265356038268831,0.649050505337643,0.5404901147640386,0.5555063192351132
T000045,0.6864584657511772,0.6864584657511772,0.6368900925519301,0.5998083121794773,0.5998083121794773,0.5998083121794773,0.6368900925519301,0.6368900925519301,0.6368900925519301,1.6325288203292987,0.6368900925519301,0.6940447637456836,0.6864584657511772,1.2005269601965873
T000046,0.3805534810899388,0.3870979330288777,0.3805534810899388,0.3805534810899388,0.3805534810899388,0.3805534810899388,0.4747045454661935,0.4747045454661935,0.4747045454661935,0.4747045454661935,0.4747045454661935,0.4747045454661935,0.3805534810899388,0.6327126988388622
T000047,0.9984100743126114,0.9068998948576615,0.9079102150063101,0.9068998948576615,0.9068998948576615,0.9068998948576615,0.9068998948576615,0.9068998948576615,0.9431057477458957,0.9068998948576615,0.6461190838628587,0.9984100743126114,0.9431057477458957,0.14707744233174777
T000048,1.2739693011246518,1.2739693011246518,1.2739693011246518,1.2739693011246518,0.8678768490422765,1.0786927421348038,1.0786927421348038,1.0376827276560898,1.0786927421348038,1.0786927421348038,1.0786927421348038,1.0786927421348038,0.8678768490422765,1.2265910426407094
T000049,1.9329688777562866,1.6839036346552632,1.5207896386686073,1.5207896386686073,1.476341650561708,1.2266392397137933,1.0650869032051973,1.0650869032051973,1.0650869032051973,1.0783895587739516,1.0899148178015996,1.2592948179595,1.6537345688960137,2.0663748557186805
T000050,1.3782769674713837,1.3782769674713837,1.1782720198114596,1.1782720198114596,1.1782720198114596,1.2285473841065222,1.3711147243700512,1.3711147243700512,1.4417457595995258,1.4417457595995258,1.4826435896557364,1.4417457595995258,0.9824035680164703,1.1254422494611653
T000051,1.0825909688105542,1.0825909688105542,1.0825909688105542,1.0825909688105542,1.0825909688105542,1.0825909688105542,1.0825909688105542,1.0825909688105542,1.2724372926469458,1.2724372926469458,1.2724372926469458,1.0825909688105542,1.0825909688105542,1.1658028139745598
T000052,0.4592677875146716,0.1265501007502291,0.1265501007502291,0.12842040361585966,0.15834246583684772,1.0243559557771817,1.0243559557771817,0.5163403177402669,0.5163403177402669,1.0243559557771817,0.9740112796075594,0.9740112796075594,0.1265501007502291,0.2353310481784742
T000053,3.224836238703499,3.224836238703499,3.224836238703499,3.224836238703499,3.224836238703499,3.224836238703499,3.224836238703499,3.224836238703499,3.224836238703499,3.224836238703499,3.528228584328952,3.224836238703499,3.2215179736607706,3.8062132805900752
T000054,1.2897307667155502,1.2897307667155502,1.2897307667155502,1.4987847037136617,1.2897307667155502,1.045964180544244,1.4530399925966695,1.4530399925966695,1.1369663425378247,1.1993287523477618,1.1004365321969527,1.2230129128889824,1.4987847037136617,1.4530399925966695
T000055,0.43932829156011527,0.3541223377559879,0.3541223377559879,0.33906760132846464,0.3541223377559879,0.49215160045311634,0.49215160045311634,0.49215160045311634,0.49215160045311634,0.49215160045311634,0.49215160045311634,0.3541223377559879,0.3541223377559879,0.5508135985393012
T000056,0.6631449634488001,0.6631449634488001,0.6631449634488001,0.6631449634488001,0.6631449634488001,0.6538095332383862,0.6538095332383862,0.6538095332383862,0.6418716453098358,0.6418716453098358,0.6538095332383862,0.6631449634488001,0.6631449634488001,0.6418716453098358
T000057,1.371996859621609,1.4135774713033675,1.371996859621609,1.371996859621609,1.371996859621609,1.4216881664497938,1.3373279209286038,0.9819893973214286,1.3373279209286038,1.7118637033458086,0.8877157207194875,0.8877157207194875,2.2811106878018284,0.9819893973214286
T000058,1.01087369110822,1.1003996580803528,0.822111182494652,0.822111182494652,1.1044310980506669,1.0791642444902563,0.760442305080306,0.7208924000696425,0.7208924000696425,0.8811643369681463,0.8811643369681463,0.8811643369681463,1.0819144731209516,0.7931713170053996
T000059,0.5672067540119707,0.5298506821521247,0.5298506821521247,0.5298506821521247,0.5298506821521247,0.5298506821521247,0.5298506821521247,1.1124794619412495,1.1124794619412495,1.0901819987679122,1.0757317288754877,0.5672067540119707,0.5599103426481272,1.1156410346149879
T000060,1.0197966233813778,1.0197966233813778,1.0197966233813778,1.0197966233813778,1.0197966233813778,1.0197966233813778,1.0197966233813778,1.0197966233813778,1.0197966233813778,1.0197966233813778,1.2149151892067418,1.0197966233813778,1.0197966233813778,0.8061670861901739
T000061,0.7236938235089019,1.2379426828027593,0.6005896193946613,0.749459292276105,0.749459292276105,0.749459292276105,0.7312206738913892,0.7312206738913892,0.7312206738913892,0.7000177579155514,0.7000177579155514,0.6954430159382775,0.7158729873600113,0.749459292276105
T000062,5.738481906432574,3.7089710839320102,4.52143389676524,4.252805732427341,4.52143389676524,5.502241229835674,5.502241229835674,5.502241229835674,4.52143389676524,4.52143389676524,4.52143389676524,4.020250391554904,4.106734593055794,5.090611539133057
T000063,0.7961655054128681,0.7961655054128681,0.7961655054128681,0.7961655054128681,0.7961655054128681,0.7961655054128681,0.7961655054128681,0.6848840488108204,0.6848840488108204,0.6848840488108204,0.6935630910723086,0.8154023696535294,0.7961655054128681,0.9522305443240588
T000064,0.9668908290483355,0.8959229544556865,0.8959229544556865,0.8959229544556865,0.8959229544556865,0.8959229544556865,0.8959229544556865,0.18381215348658694,0.18381215348658694,1.0774779683483466,1.0774779683483466,1.0174107932193288,1.6196516309540059,0.2283865345471069
T000065,0.587426374835801,0.5715110637272304,0.5715110637272304,0.5715110637272304,0.5715110637272304,1.0320431957108802,0.7997271529558585,0.4924948664456043,0.4728477001714145,0.4728477001714145,0.494825682779829,0.5351262866465434,0.507280255214323,0.5819608059834124
T000066,1.433169566710497,1.8413437283900609,1.6825343492895228,1.6825343492895228,1.6825343492895228,1.7566344399656681,1.7566344399656681,1.790879925371174,1.790879925371174,1.6704302451175161,1.6704302451175161,1.790879925371174,1.6825343492895228,1.996968734905063
T000067,0.46352672921475363,0.4098763625976596,0.4098763625976596,0.4098763625976596,0.4098763625976596,0.4560311946390643,0.4560311946390643,0.4560311946390643,0.4560311946390643,0.4200764102585223,0.4200764102585223,0.4200764102585223,0.4200764102585223,0.4098763625976596
T000068,0.4546552218310181,0.4078205711370688,0.4078205711370688,0.4078205711370688,0.4078205711370688,0.4078205711370688,0.4078205711370688,0.4078205711370688,0.5387876256018196,0.5387876256018196,0.3594302959255786,0.4577378904139682,0.5387876256018196,0.5206912078248571
T000069,0.6661588664355372,0.6661588664355372,0.6661588664355372,0.6661588664355372,0.6661588664355372,0.6661588664355372,0.6661588664355372,0.850332391979763,0.4641801326461021,0.4641801326461021,0.4641801326461021,0.4641801326461021,0.3645474706399086,1.0149684227676958
T000070,2.374361798376094,2.999911591382177,2.999911591382177,2.999911591382177,2.999911591382177,2.999911591382177,2.999911591382177,1.7530230003372405,1.7530230003372405,1.9394487184188431,1.3163846549859195,2.7038088464868935,2.374361798376094,1.9302842971458298
T000071,0.3551994696071963,0.7634445649479823,0.7634445649479823,0.7634445649479823,0.7634445649479823,0.7634445649479823,0.7634445649479823,0.6339287895512344,0.618286940900594,0.618286940900594,0.618286940900594,1.0020945760092326,0.7827716411607428,0.6922990519469631
T000072,1.2406854197991182,1.0261301373765392,1.2406854197991182,1.2406854197991182,1.2406854197991182,1.2406854197991182,1.2365522446755688,1.2365522446755688,1.2143362903019579,1.3778523204310456,1.2365522446755688,1.3778523204310456,1.2406854197991182,1.7955134851370733
T000073,0.7680333567179827,0.7680333567179827,0.7680333567179827,0.7680333567179827,0.7680333567179827,0.7680333567179827,0.7999242708393735,0.7999242708393735,0.7999242708393735,1.0749741085670055,0.7999242708393735,0.7999242708393735,0.6999731426973378,0.7680333567179827
T000074,1.6595671136504577,0.7371861628279249,0.7371861628279249,0.7371861628279249,0.7371861628279249,0.7371861628279249,0.7371861628279249,0.6403033581019345,0.6403033581019345,0.674317823597164,0.674317823597164,0.7026469251212049,0.7371861628279249,0.7102264062706505
T000075,0.9190355939323147,0.9190355939323147,0.9190355939323147,0.9190355939323147,0.9190355939323147,0.9190355939323147,0.9190355939323147,0.9190355939323147,0.6126048570468732,0.9190355939323147,0.8148865441560017,0.9035503137472886,0.9190355939323147,0.8213157863921677
T000076,1.3168196246392772,1.3168196246392772,1.498277257503924,1.498277257503924,1.2922665153275001,1.5213474462714103,1.3168196246392772,1.4219957371187075,1.4219957371187075,1.4219957371187075,1.4219957371187075,1.4219957371187075,1.4228550481430229,1.498277257503924
T000077,1.3998921447517798,1.3998921447517798,1.3998921447517798,1.0400260734009736,1.0396101764325163,1.0879229717792194,0.9513224419067713,1.0779010318151054,1.0779010318151054,1.0779010318151054,1.1225352601884775,1.244758822485912,1.1508746365168478,1.3350065903553867
T000078,0.9409115339334685,0.9409115339334685,0.9409115339334685,0.9409115339334685,0.9409115339334685,0.9409115339334685,0.8560201623339346,0.8560201623339346,0.8464288034233656,0.8745374836855718,0.8464288034233656,0.9711237693905717,0.9711237693905717,0.8798392030062047
T000079,1.2917593471470081,1.2917593471470081,1.2917593471470081,1.2917593471470081,0.9391927306908534,1.2917593471470081,0.7235607402145747,0.7235607402145747,0.7235607402145747,0.7235607402145747,0.7235607402145747,0.7235607402145747,1.4219480511306017,0.4856347009454945
T000080,1.0311739301138594,1.0311739301138594,1.009264619460146,0.8518607322433769,0.9193388029744424,0.9193388029744424,0.7175950878270416,0.7175950878270416,0.7175950878270416,0.8103499003142444,0.7175950878270416,0.8260541338179292,0.9182938013018934,1.0311739301138594
T000081,1.125488482339406,0.8303152145313636,1.125488482339406,1.125488482339406,1.125488482339406,1.1197945052781002,1.1197945052781002,1.1197945052781002,1.0351310785295837,1.0340638692653972,1.0351310785295837,1.0351310785295837,1.182992444274369,1.0340638692653972
T000082,0.5513800477507008,0.5513800477507008,0.5513800477507008,0.5513800477507008,0.5513800477507008,0.5769741755015809,0.5769741755015809,0.5769741755015809,0.5769741755015809,1.0584784802268021,0.5769741755015809,0.5769741755015809,0.5769741755015809,1.0584784802268021
T000083,0.32146066923202604,0.32146066923202604,0.32146066923202604,0.32146066923202604,0.32146066923202604,0.32146066923202604,0.32146066923202604,0.3252313528726278,0.3252313528726278,0.3252313528726278,0.3252313528726278,0.3252313528726278,0.3252313528726278,1.3798613410251122
T000084,1.1265528374538796,1.1265528374538796,0.9287589690369108,1.10394152102569,0.8088650508536803,0.9030978501616211,0.6694921684346664,0.6694921684346664,0.6694921684346664,0.6694921684346664,0.6694921684346664,1.10394152102569,1.12869340307905,0.7003701068766319
T000085,0.208848435049125,0.22459852823055051,0.22418972406756368,0.22459852823055051,0.22418972406756368,0.2130862474355566,0.2130862474355566,0.22153453711625204,0.3697975892675176,0.3697975892675176,0.20443739745120543,0.22418972406756368,0.22418972406756368,0.42011204661092993
T000086,1.692954582250559,1.513246008935319,1.513246008935319,1.513246008935319,1.513246008935319,1.513246008935319,1.513246008935319,0.8292102414801573,0.8292102414801573,0.9610362182636122,0.9610362182636122,1.513246008935319,1.7389013738587302,1.1292245110328027
T000087,2.389745979777356,1.859361010893355,2.389745979777356,0.605594659480253,0.8864958357586179,0.8864958357586179,3.969889838693777,3.756894134434927,3.756894134434927,2.9728567986996355,1.228391561158229,2.2383092075772377,9.282769221611405,7.921005781986051
T000088,1.0080289887218676,0.9945032957336876,0.9706497860470078,0.9706497860470078,0.9658380030409939,0.9658380030409939,0.7888278428449408,0.9658380030409939,0.7888278428449408,0.9945032957336876,0.9945032957336876,0.9658380030409939,1.0080289887218676,0.9706497860470078
T000089,0.8086224579923669,0.6517330065169898,0.6517330065169898,0.6517330065169898,0.6517330065169898,0.6517330065169898,0.6517330065169898,0.6517330065169898,0.7761442188269821,0.6517330065169898,0.8086224579923669,0.6517330065169898,0.6025765811372544,0.9027041187480547
T000090,2.388855651306191,2.4573572874581817,2.2508738590776605,2.210918387966073,2.210918387966073,2.373076918438902,2.373076918438902,2.5161355149019675,2.5161355149019675,2.2284778790260247,2.2284778790260247,2.388855651306191,2.388855651306191,2.388855651306191
T000091,2.8462229238308407,2.652176621073389,2.652176621073389,2.652176621073389,2.652176621073389,2.652176621073389,2.652176621073389,2.556480986180667,3.647790926276871,3.474789801823536,3.474789801823536,2.652176621073389,2.5070356378992456,3.6063731680698394
T000092,0.5392270557425961,0.5415101752258599,0.5415101752258599,0.5415101752258599,0.5415101752258599,0.5415470693501296,0.5415470693501296,0.4978383991374908,0.4978383991374908,0.5286245221801616,0.5920613053307672,0.5392270557425961,0.5392270557425961,0.707401979931914
T000093,2.806008809718359,2.806008809718359,1.9683212992545713,1.9683212992545713,1.9683212992545713,2.806008809718359,1.8022646349173044,2.7818065370613243,0.8812250593623107,2.6757206534020823,2.6757206534020823,2.7818065370613243,2.806008809718359,2.879985066105326
T000094,0.5559676748447077,0.6064259761598045,0.5662880462819097,0.6064259761598045,0.6064259761598045,0.6064259761598045,0.6064259761598045,0.5178733338381486,0.6064259761598045,0.6064259761598045,0.6064259761598045,0.6064259761598045,0.6064259761598045,0.6064259761598045
T000095,0.385331561192756,0.32000340460526344,0.3024193548387097,0.33402478616129583,0.44309616515612665,0.44309616515612665,0.44309616515612665,0.44309616515612665,0.6828773756555979,0.6828773756555979,0.44309616515612665,0.3460165505636016,0.31604372924401053,0.6828773756555979
T000096,0.3535028228139724,0.3535028228139724,0.3535028228139724,0.3535028228139724,0.3535028228139724,0.334583266755658,0.33078196110881225,0.40187138706675507,0.40187138706675507,0.7640900586164155,0.7640900586164155,0.3134053232432488,0.32159087621022386,0.40187138706675507
T000097,0.9131809679704155,0.9785558311228763,0.851188703320222,0.851188703320222,0.851188703320222,0.851188703320222,0.9131809679704155,0.511556938555534,0.851188703320222,0.851188703320222,0.851188703320222,0.9785558311228763,0.9131809679704155,0.851188703320222
T000098,1.3162161755926876,1.3162161755926876,1.3597566916211732,2.0431594487992646,2.159424444291966,2.0431594487992646,2.080611781121341,3.1780805582350635,2.6079468683900386,2.2063924080147954,4.046940856922257,4.046940856922257,1.3162161755926876,1.6701129963855565
T000099,2.544168336534353,2.544168336534353,2.544168336534353,2.544168336534353,2.544168336534353,2.544168336534353,2.544168336534353,2.544168336534353,2.4987998046246633,2.4987998046246633,2.4987998046246633,2.2469709170324665,2.544168336534353,2.858137874734582
T000100,2.153184995815169,2.3739556149523686,2.3739556149523686,2.3739556149523686,2.3739556149523686,2.3264567568918393,2.3264567568918393,2.3264567568918393,1.3747644301581046,1.7854296650814065,1.5241239065380465,1.7854296650814065,1.386395424369122,2.060938446158328
T000101,4.008742089983403,3.9943699634092367,3.9943699634092367,4.008742089983403,3.9943699634092367,3.9943699634092367,3.9943699634092367,4.008742089983403,4.008742089983403,4.008742089983403,4.328943566509269,4.779575697917498,4.779575697917498,4.4188853746856065
T000102,3.981202299663907,3.475698482971836,3.4467767863925642,3.4467767863925642,3.437661824075158,3.437661824075158,5.112347266588232,4.185279519579009,4.29790977642315,4.323596570016492,4.29790977642315,5.119822682064964,5.119822682064964,4.301252462694439
T000103,0.4928660161922306,0.4928660161922306,0.5166324414489991,0.5242114865306794,0.5198414722315435,0.45782586862822405,0.45782586862822405,0.45782586862822405,0.45782586862822405,0.5371441729805178,0.5371441729805178,0.5269708210194087,0.5269708210194087,0.6828811673278062
T000104,0.31424154708758734,0.2882244398586195,0.32602590813893895,0.32602590813893895,0.32602590813893895,0.4600583390147203,0.4600583390147203,0.31424154708758734,0.4804991910766109,0.4804991910766109,0.315082597067251,0.315082597067251,0.32602590813893895,0.5790055635006307
T000105,0.7326348966672808,0.6068869507291959,0.5521794013324932,0.48136948201053154,0.5521794013324932,1.0416845164777977,0.8713516445305685,0.8713516445305685,0.8713516445305685,1.0416845164777977,0.8840412165058683,0.5642185506154587,0.5904474986511564,0.4294763474851104
T000106,1.2639670578081423,1.2639670578081423,0.7746161557602094,1.4102566930332725,1.4102566930332725,1.4102566930332725,1.4102566930332725,1.0262256319726513,1.0262256319726513,0.7746161557602094,0.7746161557602094,1.2639670578081423,1.2639670578081423,0.7746161557602094
T000107,2.2847994549125996,2.1438849123204857,2.070538477490612,2.1438849123204857,2.2075387432637634,2.2569271383952225,2.228658554101918,2.19948911853604,2.228658554101918,2.19948911853604,2.3455401887171514,2.070538477490612,2.19749690950031,2.19948911853604
T000108,0.7114043875372607,0.7114043875372607,0.6028613575990018,0.6028613575990018,0.6028613575990018,0.6028613575990018,0.6028613575990018,0.6028613575990018,0.7371917246291123,0.7114043875372607,0.7371917246291123,0.7371917246291123,0.7116334440313595,0.8623729727076496
T000109,1.4580376515260571,1.1577957622756085,1.1124618013741197,1.1124618013741197,1.1124618013741197,1.1124618013741197,1.3032247370932042,1.3032247370932042,1.3032247370932042,1.3032247370932042,1.2544517385994445,1.4007726320544551,0.840283956060168,0.7968120207073147
T000110,1.549922441045373,1.549922441045373,1.7757088478964576,1.734654136755625,1.734654136755625,1.4905167263108743,1.734654136755625,1.4658769843861759,1.4658769843861759,1.3659332773197748,0.8487023022258212,1.3659332773197748,1.549922441045373,1.3659332773197748
T000111,3.0853880348594793,2.3684617188828385,2.3684617188828385,2.3684617188828385,2.3684617188828385,2.3684617188828385,2.65380767207117,2.3684617188828385,2.65380767207117,2.848215565312537,2.3684617188828385,2.3684617188828385,2.0953749895958085,2.407719278414808
T000112,0.7220560940989381,0.5521270827809781,0.5521270827809781,0.5521270827809781,0.5521270827809781,0.5521270827809781,0.5529222275874883,0.5467580457165206,0.5467580457165206,0.6478368710551192,0.6478368710551192,0.7220560940989381,0.6478791677284539,0.7541245184288413
T000113,2.6359196332980095,2.768117564722749,2.768117564722749,2.768117564722749,2.768117564722749,2.768117564722749,2.770839383969824,2.770839383969824,2.596136275968087,3.1365049036384804,2.596136275968087,2.596136275968087,2.658406135548243,3.043683113214658
T000114,0.5456070497192474,0.6586570114345821,0.6586570114345821,0.6586570114345821,0.6586570114345821,0.6134712396533417,0.6182651523848675,0.49842032200992653,1.0789799077056497,1.0789799077056497,0.5456070497192474,0.5456070497192474,0.6586570114345821,1.0789799077056497
T000115,0.8676458061173541,0.8676458061173541,0.8676458061173541,0.8676458061173541,0.8676458061173541,0.7472164644458277,0.7472164644458277,1.1361715907145398,1.0080707305315146,2.3317558373711615,1.0080707305315146,0.7472164644458277,0.7472164644458277,1.4678477557616803
T000116,2.5212406248137826,2.5212406248137826,2.5212406248137826,2.5212406248137826,2.5212406248137826,2.5212406248137826,2.4686803136000792,4.236326647054258,4.236326647054258,4.831645640018022,4.831645640018022,2.5212406248137826,2.5212406248137826,3.2664912007189817
T000117,1.0700492321611215,1.1927767344398699,1.2745618722869014,1.280855210585212,1.2809397409686325,1.4208876003431399,1.6371402109201256,1.6371402109201256,1.6371402109201256,1.8850200262048447,1.7030438675770785,1.4208876003431399,1.3857803512062559,1.6371402109201256
T000118,0.4175653552987046,0.6727489263006471,0.9471469088441239,0.9471469088441239,0.9471469088441239,0.9471469088441239,0.9471469088441239,0.9471469088441239,1.0243255998084586,1.0243255998084586,1.0243255998084586,1.0557664604265826,0.3970193475528499,0.9471469088441239
T000119,1.6903022092249487,1.8090914969278002,1.6691764637898416,1.6691764637898416,1.6691764637898416,1.6691764637898416,1.8090914969278002,1.8090914969278002,1.8090914969278002,1.7814894591074406,1.871530887894723,1.7472655590286392,1.8097582616131982,0.9579342322005986
T000120,1.967925511795227,1.967925511795227,1.967925511795227,1.967925511795227,1.967925511795227,1.967925511795227,1.967925511795227,1.967925511795227,1.967925511795227,1.967925511795227,1.9634137229059514,1.949461879996971,2.0068289265588324,2.1598132217261448
T000121,0.4799105608334981,0.4799105608334981,0.4799105608334981,0.4933614926809141,0.493314307116489,0.7557404541029735,0.6562568044032748,0.493314307116489,0.493314307116489,0.493314307116489,0.493314307116489,0.493314307116489,0.493314307116489,0.7825247329659465
T000122,3.7873494791926596,4.008178194753289,4.008178194753289,3.494966261720902,3.494966261720902,3.494966261720902,3.494966261720902,3.494966261720902,3.494966261720902,0.3535507747798892,2.0607027354567187,3.494966261720902,3.432449021055309,1.2075244362376392
T000123,0.4753789275658962,0.4753789275658962,0.4753789275658962,0.4753789275658962,0.4753789275658962,0.4753789275658962,0.4753789275658962,0.4753789275658962,0.4753789275658962,0.5688617149214253,0.5688617149214253,0.4753789275658962,0.4753789275658962,0.5608632406345796
T000124,0.7318423276669046,0.7318423276669046,0.7493816307213167,0.7493816307213167,0.7889046120591211,0.3355954017111262,0.3355954017111262,0.3355954017111262,0.3355954017111262,0.3355954017111262,0.3355954017111262,0.3355954017111262,0.818117559675859,1.0511781400501912
T000125,6.134188298507847,6.130361443655887,6.130361443655887,6.1431070065590765,6.1431070065590765,6.1431070065590765,6.1431070065590765,6.193434178462012,6.1472882414897185,6.135219146660362,6.165928463282687,6.165928463282687,6.165928463282687,6.696455156274605
T000126,1.4476566547740668,1.2015207321900157,1.2474277453931666,1.2474277453931666,1.2474277453931666,1.6710488633515301,1.6710488633515301,1.6710488633515301,1.6710488633515301,1.133268222350436,1.1902457664355186,1.1902457664355186,1.3476582288851018,1.2047262737575526
T000127,1.979920616701079,1.6979834907274594,1.6979834907274594,1.6979834907274594,1.6979834907274594,1.2474988623516916,0.7262295660738217,0.7262295660738217,0.7262295660738217,0.7262295660738217,0.7262295660738217,1.5412639043902912,1.414953874461135,0.7112054835844211
T000128,1.9960462170740672,1.3639058586060908,1.3639058586060908,1.3639058586060908,1.3639058586060908,1.3040732128957686,1.2934346645453128,1.3040732128957686,1.6021134288855239,1.4375153058952503,1.6021134288855239,1.0947427726559893,1.2910220718460976,1.877561969214418
T000129,0.38038274783868514,0.38038274783868514,0.38038274783868514,0.38038274783868514,0.38038274783868514,0.38038274783868514,0.38038274783868514,0.38038274783868514,0.38038274783868514,0.38038274783868514,0.3347913187096502,0.3723575880888331,0.38038274783868514,1.3589953671131723
T000130,1.4299585434848563,1.4772330138530796,1.5117810620636698,1.5117810620636698,1.5117810620636698,1.5117810620636698,1.4414005349755565,1.4795088550933708,1.4795088550933708,1.4414005349755565,1.4795088550933708,1.4624440642385463,1.4537329009372164,1.496142121994517
T000131,0.7334488664300856,0.7334488664300856,0.7334488664300856,0.7334488664300856,0.7334488664300856,0.7224871605649312,1.130098314455288,1.1992390415387184,1.1992390415387184,1.1992390415387184,1.1992390415387184,1.2476842880526817,0.5464909756478062,0.9545176026229024
T000132,4.360905729540854,4.243004343267986,4.464058552075876,3.9163384753671635,3.9163384753671635,3.9163384753671635,3.9163384753671635,3.9163384753671635,3.9163384753671635,3.9163384753671635,3.9163384753671635,4.320410591176583,5.206017484670771,4.1289711319827775
T000133,0.3130210223138077,0.3130210223138077,0.3130210223138077,0.3130210223138077,0.3130210223138077,0.49684774151454913,0.2995043881348597,0.3183499405401026,0.3183499405401026,0.3183499405401026,0.3183499405401026,0.3183499405401026,0.3130210223138077,0.5815850409797522
T000134,0.5393621093856257,0.5800708158261911,0.567199403286498,0.5522555719388177,0.6250617088443013,0.5522555719388177,0.5522555719388177,0.7937478465989076,0.46342164678283826,0.567199403286498,0.4364910922432428,0.5830048175551805,0.5522555719388177,0.6250617088443013
T000135,0.7331966429769047,0.7331966429769047,0.73823665355411,0.7331966429769047,0.6270242075817238,0.5819911808487013,0.7248597797862923,0.7426126836660283,0.760975230070531,0.3963798285776879,0.6872897314604133,0.6984079407865775,0.73823665355411,0.7942397177560614
T000136,0.6558787692897813,0.7896294060360802,0.8111355150560755,0.7968075794010328,0.654455920764104,0.8110898288499098,0.793250542274621,0.793250542274621,0.85452101546393,0.85452101546393,0.85452101546393,0.85452101546393,0.654455920764104,0.7560511569359167
T000137,0.8276169754646387,0.49008635120165234,0.49008635120165234,0.6894284521787916,0.6894284521787916,0.49008635120165234,0.49008635120165234,0.49008635120165234,0.49008635120165234,0.49008635120165234,0.8276169754646387,0.49008635120165234,0.49008635120165234,0.49008635120165234
T000138,0.40812888395426794,0.40812888395426794,0.40812888395426794,0.40812888395426794,0.40812888395426794,0.40812888395426794,0.40812888395426794,0.40812888395426794,0.6001382842754991,0.6001382842754991,0.6001382842754991,0.40812888395426794,0.40812888395426794,0.6747445200837754
T000139,0.6195429067152347,0.674683212985036,0.6195429067152347,0.6659317002718809,0.6659317002718809,1.0919558208146245,1.0919558208146245,0.8307955646070012,0.8307955646070012,0.6365872291231427,0.6367362164872773,0.8248722663621472,0.674683212985036,0.674683212985036
T000140,0.6752116172577558,0.6752116172577558,0.7418335871274547,0.7418335871274547,0.7418335871274547,0.7418335871274547,0.7418335871274547,0.7418335871274547,0.7418335871274547,0.7418335871274547,0.7418335871274547,0.7418335871274547,0.7418335871274547,0.7129183618903772
T000141,0.6698677021614112,0.7076927388861356,0.5766346123002415,0.44102715869194403,0.44102715869194403,0.7076927388861356,0.7076927388861356,0.7076927388861356,0.4769765527512808,0.35677118639081845,0.4467524842281487,0.3818910721623017,0.6698677021614112,0.7076927388861356
T000142,1.047207478528594,1.1222657534090028,1.1409618345811865,1.1409618345811865,1.1409618345811865,1.1409618345811865,1.079377709852781,0.5161288612950349,0.8682053824881469,0.5161288612950349,0.5161288612950349,1.0865284838878664,1.1409618345811865,0.41811578928225285
T000143,0.2169107424584344,0.6796309623146815,0.6288554360552865,0.6796309623146815,0.6796309623146815,0.6288554360552865,0.4964727454579693,0.4964727454579693,0.7134377150874563,0.5562725448453085,0.7134377150874563,0.7134377150874563,0.6261993881560787,0.6288554360552865
T000144,1.3182491916037937,1.3182491916037937,1.3182491916037937,1.3182491916037937,1.3182491916037937,1.3182491916037937,1.3182491916037937,0.8301680114615122,0.8301680114615122,0.808720251482611,1.0739270185449812,1.7237534165295678,2.173128385095179,0.7573898442775676
T000145,0.7918209924574132,1.1192579156973295,0.7918209924574132,0.7961542968501385,0.850320540410976,0.9029902400009737,1.7980806954316955,0.7209367144453732,0.7209367144453732,0.7209367144453732,0.7209367144453732,0.850320540410976,1.7521552327993777,0.7209367144453732
T000146,1.078023712068334,0.6677893156804013,0.6677893156804013,0.6677893156804013,0.6677893156804013,0.6677893156804013,0.6531079163182855,0.6677893156804013,0.6677893156804013,0.6677893156804013,0.6677893156804013,0.6677893156804013,0.6677893156804013,0.7478563432439861
T000147,1.1546165866900804,1.4314893130830415,1.1305789436453664,1.1305789436453664,1.1305789436453664,1.4314893130830415,1.4314893130830415,1.2806833729229494,1.236523687038994,1.8471742769884536,1.4314893130830415,1.4314893130830415,1.6692740744888086,1.3888479115524204
T000148,0.13689681818986074,0.45698531293824335,0.13689681818986074,0.13689681818986074,0.13689681818986074,0.13689681818986074,0.45698531293824335,0.6019656787486025,0.6029380472235857,0.27759762169856717,0.27759762169856717,0.4296989068431643,0.45698531293824335,0.3591770750287891
T000149,0.49268680174691637,0.5740237279641213,0.5740237279641213,0.5740237279641213,0.5740237279641213,0.46445638017919105,0.46445638017919105,0.46445638017919105,0.46445638017919105,0.46445638017919105,0.46445638017919105,0.46445638017919105,0.4559904042184437,0.5607311256844716
T000150,0.8994732787984674,0.8994732787984674,0.8994732787984674,0.841432890122369,0.841432890122369,0.841432890122369,0.8136362967101005,0.8136362967101005,0.8136362967101005,0.8218557754023633,0.9045718035706253,0.8136362967101005,0.8994732787984674,0.825127126533644
T000151,0.48826280551158424,0.48826280551158424,0.48826280551158424,0.48826280551158424,0.48826280551158424,0.48826280551158424,0.48826280551158424,0.4956787252064784,0.5591876686080035,0.5591876686080035,0.5591876686080035,0.5829552423774882,0.5320077974157815,0.6879596895444756
T000152,4.172079201491246,4.262551284703739,4.262551284703739,4.262551284703739,4.262551284703739,4.262551284703739,4.096368304179935,4.096368304179935,4.096368304179935,4.798411072877705,4.311839537125108,4.311839537125108,4.0323892906459315,4.262551284703739
T000153,4.131651312885161,3.5625064864455043,3.5625064864455043,3.5625064864455043,3.5625064864455043,3.5625064864455043,2.4834458641965544,3.634843941558937,3.634843941558937,3.516670757584782,3.614800476507775,3.5625064864455043,3.614800476507775,3.166439423155932
T000154,7.464710927650781,7.464710927650781,0.6050280897316692,0.6256623907589512,3.672584065117153,3.672584065117153,3.672584065117153,1.634874569588084,1.634874569588084,1.634874569588084,0.6325955917464109,0.6325955917464109,0.6256623907589512,1.634874569588084
T000155,2.106242332019007,2.3524116761483675,2.3524116761483675,2.3524116761483675,2.3524116761483675,2.3524116761483675,2.3524116761483675,2.3524116761483675,2.3524116761483675,1.664962479769189,2.483987236144296,2.3524116761483675,2.330936087367408,1.9740519466949804
T000156,3.137464271158939,3.0454329639047186,3.1194888962161342,3.1194888962161342,2.0086490401371626,2.5081971281325095,2.5081971281325095,2.5081971281325095,2.9087690942437843,4.566594871515416,1.8843113526010768,3.4153686100634095,3.4153686100634095,2.7720622797784826
T000157,9.044658804965081,6.174926856898737,3.517270167862145,6.174926856898737,3.517270167862145,3.216135390706614,4.171429502626711,3.216135390706614,4.171429502626711,3.216135390706614,4.014936822612873,3.772919555900014,6.578886400426934,5.437546656717843
T000158,0.4311576667241559,0.5401047499491997,0.4494801681596078,0.4494801681596078,0.4527022513527424,0.5729232996476916,0.6231607894553075,0.5729232996476916,0.42908955112757685,0.4263278967013259,0.4527022513527424,0.4527022513527424,0.4527022513527424,5.283419322371912
T000159,4.799573233102128,4.852154371053575,5.818580212242101,5.818580212242101,5.818580212242101,5.818580212242101,5.755716431119579,5.660465131529434,6.421429863322709,6.421429863322709,6.421429863322709,5.340070847610687,5.220665451775644,5.695472618658883
T000160,12.662254035642105,15.531082843496367,15.531082843496367,15.531082843496367,15.531082843496367,11.498853037341364,15.89185387810383,11.498853037341364,8.11655934129705,8.11655934129705,12.141640514376244,15.531082843496367,15.531082843496367,7.8981638962921465
T000161,1.2152420672392275,1.107722540363401,0.9404525784922924,0.8931491464013993,1.0450514001221574,0.7975108541734061,0.7975108541734061,0.7975108541734061,0.7975108541734061,0.7975108541734061,0.7617451778919652,0.7617451778919652,1.0068710169460435,0.9048999845441856
T000162,0.8593507701346252,0.8119650857616169,0.8115706558471751,0.8038331713096517,0.8038331713096517,0.8159586123563005,1.204345519697602,1.1748785555157248,1.204345519697602,1.2098720145399764,0.8115706558471751,0.8115706558471751,0.8115706558471751,1.208906539608706
T000163,1.2534034696367433,1.349014095125593,1.3938086564818815,1.3938086564818815,1.1418169762001997,0.9884908504775174,1.2809525720005248,1.1418169762001997,1.1418169762001997,1.1418169762001997,1.1418169762001997,1.181988073919934,1.349014095125593,1.9853165116083622
T000164,1.053777390184987,0.8650391042528797,0.9569887523989953,0.8650391042528797,1.1911228381779067,0.3562307373046778,0.34027080429015705,0.34027080429015705,0.34027080429015705,0.33780329898635675,0.4121236014504619,0.4234221095986567,0.9569887523989953,0.3562307373046778
T000165,0.38321632034338793,0.3715137788286196,0.43200273479735873,0.4244281643581581,0.4283014168342111,0.4283014168342111,0.3439364679458785,0.3439364679458785,0.3439364679458785,0.42379154613927533,0.42379154613927533,0.42379154613927533,0.43200273479735873,0.32891778287238066
T000166,1.656920048211219,1.0889288044720187,1.521101012193041,1.4362443921369927,1.4826111716912036,0.701639534694613,0.6635622513102667,0.9344176910597571,0.7466165179448506,0.7466165179448506,0.7466165179448506,1.4190979727244408,1.4190979727244408,1.1039730309957627
T000167,1.29538854995438,1.29538854995438,0.8378685508462971,0.8378685508462971,1.1907116427383067,0.8996415918277296,0.8996415918277296,0.5554360778089605,0.6490598891369055,0.6490598891369055,0.316382526601828,1.1907116427383067,1.1907116427383067,0.5554360778089605
T000168,0.4803887740131199,0.42544050411654305,0.3511714349295471,0.3511714349295471,0.4803887740131199,0.3308370206112971,0.7630062767981858,0.7630062767981858,0.7630062767981858,0.8100633710450567,0.8167534960174292,0.3511714349295471,0.3146895337436469,0.663448559815178
T000169,0.43351501305366885,0.43351501305366885,0.41381922899911666,0.4176479578794515,0.42041364905596773,0.42041364905596773,0.6460517001490442,0.6460517001490442,0.6634978197474072,0.6634978197474072,0.6801681996744611,0.6602585847437211,0.43351501305366885,0.6057458957887225
T000170,2.1504832194806953,1.2954668296136906,0.5963856020912639,0.6041711877363622,0.6626678645809453,0.6626678645809453,0.6626678645809453,0.6626678645809453,0.6626678645809453,0.6626678645809453,0.6673816890783941,0.5916001571823362,0.5916001571823362,0.5733857343071747
T000171,0.9363623467629452,0.9363623467629452,0.9363623467629452,0.9363623467629452,0.9363623467629452,0.9409133873655173,1.0161135670704338,1.0161135670704338,1.0178017881603016,1.0037592566034017,1.0037592566034017,0.9409133873655173,0.9363623467629452,1.0161135670704338
T000172,0.9138089944063434,0.8322239534848771,0.8059409126856854,0.8059409126856854,0.8059409126856854,0.8059409126856854,0.8546604934802272,0.8767768806343293,0.8546604934802272,0.8546604934802272,0.8546604934802272,0.8546604934802272,0.8059409126856854,1.065772086314509
T000173,12.524797804089193,12.524797804089193,4.928089768856456,13.67227222908453,2.7262613630466754,1.8313914093276558,4.301591563994231,3.2786185054653827,3.2786185054653827,3.2402716699324676,3.2402716699324676,3.2402716699324676,16.47620404777802,3.745137756525262
T000174,2.5573860445426813,2.0181657111494506,2.802952082511932,1.61864461716804,1.3905283372068835,1.264680042052582,1.264680042052582,1.0108932456780324,0.9703815378212008,0.9703815378212008,0.9703815378212008,1.4796164424901619,1.3774605360586387,1.264680042052582
T000175,3.7307268302378955,3.549499687899211,3.6210212498578906,3.6210212498578906,3.549499687899211,3.1774728120203766,3.674614589509495,3.6207348817991005,2.4124469938580826,2.4124469938580826,3.549499687899211,3.3807123868884847,3.6210212498578906,2.4124469938580826
T000176,5.5617410488914985,5.5617410488914985,5.5617410488914985,3.472968439876083,3.6987967755019966,5.1953877481567705,5.1953877481567705,3.2036876799381284,3.472968439876083,3.2036876799381284,3.472968439876083,3.472968439876083,3.523146665051141,3.2123476712593844
T000177,1.3933409995192079,1.5301342004391116,1.4861601768683002,1.4861601768683002,1.4861601768683002,1.4861601768683002,1.4861601768683002,1.4861601768683002,1.4861601768683002,1.4861601768683002,1.2512164897939737,1.4861601768683002,1.509209516799418,1.984303942206025
T000178,0.5342257046066399,0.5356344646041543,0.5294271673509594,0.5294271673509594,0.5294271673509594,0.5497680469658163,0.5497680469658163,0.5520805849630875,0.5356344646041543,0.79501338690222,0.5356344646041543,0.5294271673509594,0.5294271673509594,0.7509851859567503
T000179,0.7012289761617103,0.6956482430923144,0.7978825474608596,0.7978825474608596,0.7978825474608596,0.7978825474608596,0.7978825474608596,0.7978825474608596,1.2752029335485484,1.2752029335485484,1.2752029335485484,0.7978825474608596,0.48627649008653046,1.0423811697376435
T000180,1.5482248383904507,1.5482248383904507,1.6834706736389748,1.6834706736389748,0.9538429405658353,1.4533460806733374,1.9473994449170795,1.9473994449170795,1.8793030618267292,1.6834706736389748,1.6834706736389748,1.6223733325623526,1.0112432345559055,2.0500534834773245
T000181,0.6439990603676,0.6439990603676,0.4230360584150441,0.34170644594383237,0.07533244889793667,0.07533244889793667,0.16389944155484076,0.07533244889793667,0.07533244889793667,0.25307879564710445,0.292792044684934,0.26903760037005503,0.2850381387038,0.07196909887216184
T000182,9.061883141546884,9.703855662511177,7.741558699737526,7.741558699737526,8.518846549108638,6.611812460084959,4.955021689314972,3.3075587817579297,4.955021689314972,4.955021689314972,4.955021689314972,8.000163322696508,8.000163322696508,4.568186994301949
T000183,0.6356866375019168,0.8867585688715545,1.0557693685685703,1.0717011478714924,1.0428802765701528,1.8127635760849914,1.8127635760849914,1.8127635760849914,1.8127635760849914,1.8127635760849914,1.8127635760849914,0.8956190412809407,0.6356866375019168,1.8127635760849914
T000184,0.34461462724852576,0.32845668265096095,0.32845668265096095,0.32845668265096095,0.32845668265096095,0.32845668265096095,0.32845668265096095,0.32845668265096095,0.3995515074516646,0.3995515074516646,0.38711034445718,0.3995515074516646,0.4630645033952333,1.0191094399366263
T000185,2.0216246548397288,2.0216246548397288,2.6443220676956525,2.0447673280836844,2.0447673280836844,2.001587593751055,1.8351359151633888,1.8351359151633888,1.8351359151633888,2.001587593751055,2.001587593751055,2.001587593751055,2.0216246548397288,2.441494654719106
T000186,0.8206027931154559,0.8450161653093353,0.7821214923572035,0.7929705829827113,0.7929705829827113,0.7929705829827113,0.7929705829827113,0.7929705829827113,0.7821214923572035,0.9792788799843005,0.7821214923572035,0.7821214923572035,0.7821214923572035,1.5482056193795117
T000187,1.0231065984231476,1.0231065984231476,1.0231065984231476,1.0231065984231476,1.0231065984231476,1.0231065984231476,0.7997960063791844,0.7997960063791844,0.7997960063791844,0.7997960063791844,0.7997960063791844,0.7997960063791844,0.7997960063791844,2.5257783925598654
T000188,2.7788286882676503,3.295121360369881,3.42854968940085,3.42854968940085,3.42854968940085,3.42854968940085,3.295121360369881,3.42854968940085,2.369317673431603,2.1521637071367903,3.436322341786633,3.436322341786633,3.2588182078316543,2.4594689243874197
T000189,0.7723715528497539,1.0824357886314149,1.2033793552920333,1.2033793552920333,0.741113368477238,0.741113368477238,1.7656329905557893,1.7656329905557893,1.8564679931000743,1.8564679931000743,1.8564679931000743,1.5030052754429413,1.5030052754429413,1.7465075283746947
T000190,1.0260456953008195,0.8322085892648072,0.8322085892648072,0.8322085892648072,0.8322085892648072,0.5803389884933268,0.5657119325091542,0.5803389884933268,0.5201921779717131,0.5201921779717131,0.9663746525588611,0.9663746525588611,0.9663746525588611,0.850492454756775
T000191,2.330739712841771,2.3825840493429427,2.3825840493429427,2.3825840493429427,2.3825840493429427,2.4466663897283794,2.4466663897283794,2.962669846786279,2.962669846786279,2.870970921895685,3.104402903582711,2.3825840493429427,2.4466663897283794,2.8822167459507684
T000192,0.912588067931195,0.912588067931195,0.9906166837398657,1.401513491286086,1.401513491286086,1.0909079711652416,1.0909079711652416,1.0909079711652416,3.315454921638035,3.045076981059955,1.2522457601619918,1.031691950763951,1.2522457601619918,2.516092318661504
T000193,2.5125583790471127,2.677825843126639,2.7952898540360187,2.550879628288574,2.550879628288574,2.712256169125873,2.712256169125873,2.784935043034426,2.784935043034426,2.784935043034426,2.656909205141181,2.656909205141181,2.550879628288574,2.720134678271557
T000194,0.8453841592655463,0.4250882627843918,0.3982958406226298,0.4250882627843918,0.4380999602185403,0.45779975652797,0.5913113672491256,0.5733599051776579,0.5316220682043159,0.5316220682043159,0.5316220682043159,0.5316220682043159,0.4223486362457311,0.500732069880324
T000195,1.5468030370484276,1.7751669605581142,1.6951398944812603,1.6951398944812603,2.068827296184747,2.639926470666167,2.068827296184747,3.140605143966612,3.140605143966612,2.721290771950966,2.5836683600666466,2.068827296184747,2.068827296184747,2.7041281051975337
T000196,0.9412316935395593,0.7077751891840599,0.8880097956660994,0.8880097956660994,0.8880097956660994,0.8895823361024793,0.8895823361024793,0.6743949382447987,0.8895823361024793,0.8983593517806729,0.8983593517806729,0.8983593517806729,0.8880097956660994,1.428607020311555
T000197,3.7128486113595573,1.1857532595621096,1.4252852389865416,1.4252852389865416,1.1349657455780604,1.1349657455780604,0.9590173740007256,0.9544233850853894,0.9590173740007256,0.9357283708491309,1.4252852389865416,1.4252852389865416,1.4252852389865416,0.8261444619243715
T000198,3.544352609197794,2.40826164112699,2.40826164112699,2.483548967555145,2.445625050309945,2.445625050309945,2.9646403587084604,2.5211946227142628,2.9646403587084604,3.002022231401175,2.40826164112699,2.40826164112699,2.483548967555145,3.002022231401175
T000199,0.45031735368440334,0.7036671476415096,0.7036671476415096,0.7036671476415096,0.6439296062183031,0.6439296062183031,0.49791996416104994,0.49791996416104994,0.49791996416104994,0.4818198383182974,0.5215885451982037,0.5215885451982037,0.6502019958569063,0.4818198383182974
T000200,0.7084164715570761,0.46099602361581765,0.4541218142764024,0.4541218142764024,0.4541218142764024,0.4512509218769365,0.4512509218769365,0.7344207598377441,0.7966389581927609,0.7966389581927609,0.4539285053597644,0.4539285053597644,0.4539285053597644,0.5286102978632718
T000201,0.5296924375186315,0.5507631907484649,0.5354672977285594,0.5354672977285594,0.5303274583598142,0.4055349605643122,0.3738677179450768,0.394900750408715,0.3738677179450768,0.7617648344848093,0.754403739548886,0.5492921132585102,0.5319906382225279,0.9167062438235418
T000202,3.298862506071499,3.0817378945017917,3.089122774224923,3.089122774224923,3.2160063285555256,2.9723477560122014,2.9723477560122014,3.089122774224923,2.9723477560122014,2.9723477560122014,2.9723477560122014,2.984134539984723,3.372099762354842,2.9723477560122014
T000203,1.2041778829621093,1.2041778829621093,0.9527682277982832,0.8643974363888118,0.6227339360952027,0.8643974363888118,1.0986614014430698,1.0986614014430698,0.8643974363888118,0.8643974363888118,0.9126402971199143,0.9126402971199143,0.5759204943453319,0.9295652807744822
T000204,1.4081679319443212,1.2582993232194468,1.2089548546819662,1.2089548546819662,1.2089548546819662,1.0461520920580711,1.0461520920580711,1.0461520920580711,1.0461520920580711,1.0864023159071694,1.0461520920580711,1.0461520920580711,1.2819842786257278,1.1307108220763538
T000205,0.5855186070460249,0.832205617517414,0.8036666537194416,0.8036666537194416,0.8036666537194416,0.7962874030496204,0.8036666537194416,0.6966079111652856,0.8337273907087974,0.8036666537194416,0.6966079111652856,0.6966079111652856,0.6966079111652856,0.6537840984738431
T000206,0.6730926118177156,0.6730926118177156,0.6730926118177156,0.6730926118177156,0.7054740083261604,0.6730926118177156,0.6730926118177156,0.555255348903447,0.2629538949026997,0.555255348903447,0.555255348903447,0.555255348903447,0.6730926118177156,0.3435964616345425
T000207,1.8589047442762607,1.8589047442762607,1.7487666800044046,1.7487666800044046,1.7487666800044046,1.7487666800044046,2.1512857183388716,2.1512857183388716,1.7487666800044046,2.1512857183388716,2.0574182904987324,1.7487666800044046,1.5450281662043093,1.4798007782927391
T000208,1.1812299942941553,1.1238772079817096,1.1238772079817096,1.1238772079817096,1.1822097936688027,1.3328318899864497,1.03277229169444,1.4107494083120997,1.1822097936688027,1.5555858246509462,1.1238772079817096,1.0603217284338768,1.1006579983579734,1.03277229169444
T000209,1.4671203755400741,1.1346657744656825,1.1346657744656825,1.1346657744656825,1.2306622526284197,1.2306622526284197,1.411540982458431,0.881835733409584,0.881835733409584,1.553607358319808,1.553607358319808,1.4520876057452519,1.4520876057452519,1.5705421948508078
T000210,1.510359120854047,0.7717190663304991,0.9221883277135613,0.9221883277135613,0.9221883277135613,0.9221883277135613,1.1955237191500734,0.4948528294098925,0.5817502543569433,0.5817502543569433,1.0707648869773756,1.1553774910752663,1.1553774910752663,0.5817502543569433
T000211,1.4506522471038488,1.0095373734876203,1.3363944692119,1.3363944692119,1.3363944692119,1.2230180923694807,0.5409203084547767,0.529341024993522,0.5218227585737106,0.5218227585737106,0.3665016320674941,0.7130070490676684,1.0285055451377887,0.47884224751373317
T000212,1.3279561469929686,0.9479938443299957,0.9448809553361947,0.9448809553361947,1.0226906694922533,1.0226906694922533,0.844122556859276,0.9791847285977939,0.844122556859276,1.02736868419956,1.0226906694922533,1.0226906694922533,1.0226906694922533,1.0226906694922533
T000213,0.14664641921931237,0.1491092320471912,0.15468926513682799,0.14402066967435043,0.14402066967435043,0.13864342859607295,0.13864342859607295,0.17100971252150782,0.17575140131055508,0.17575140131055508,0.14664641921931237,0.13903076631249928,0.13903076631249928,0.1491092320471912
T000214,0.12185896577874215,0.12342574090102638,0.1284825789201604,0.11853232169887037,0.11857878974508196,0.11551655584974892,0.11551655584974892,0.13449080870729965,0.12467187345279175,0.15449201555014544,0.12185896577874215,0.1146965007574118,0.12342574090102638,0.12342574090102638
T000215,0.49818328529238004,0.5398493626504082,0.5102268953241083,0.5102268953241083,0.5102268953241083,0.5206533062594529,0.548383481245348,0.5322917685620788,0.5322917685620788,0.5322917685620788,0.548383481245348,0.5068980412189202,0.5068980412189202,0.5158462945361565
T000216,1.372222222222246,1.5917428504335072,1.3611847731073814,1.3400322294795792,0.9272740823988136,0.9272740823988136,0.9272740823988136,0.9272740823988136,0.9272740823988136,0.9272740823988136,0.9393512735429295,0.9296450398195646,1.6023057457529208,0.7944444444444445
T000217,0.6266277762938831,0.46175810473904494,0.5219180529020359,0.6845735100913416,0.5219180529020359,0.5800017322266426,0.5712534170701119,0.5660055998814383,0.6845735100913416,0.6845735100913416,0.6845735100913416,0.46175810473904494,0.5737900698732362,0.5219180529020359
T000218,0.4611048757656545,0.4611048757656545,0.4611048757656545,0.4611048757656545,0.4611048757656545,0.4611048757656545,0.4611048757656545,0.4574309941377575,0.4574309941377575,0.4611048757656545,0.45722159761779074,0.5292224780002641,0.49394843702176,0.4900101959233793
T000219,0.44067021774031134,0.44067021774031134,0.44067021774031134,0.44067021774031134,0.44067021774031134,0.44067021774031134,0.44067021774031134,0.43301406971268525,0.43301406971268525,0.44067021774031134,0.4504884356711694,0.44067021774031134,0.4859294517460131,0.5034984403504551
T000220,0.3040654352059494,0.1636961247967995,0.5471084610651296,0.5471084610651296,0.32886125568304686,0.10349034184871703,0.10349034184871703,0.10349034184871703,0.10349034184871703,0.10349034184871703,0.10349034184871703,0.10349034184871703,0.24140241679129895,0.10349034184871703
T000221,0.8415321491243571,0.701880255835787,0.7573747322077508,0.732737525042617,0.701880255835787,0.9455309991305274,0.9455309991305274,0.9413747931173211,0.9455309991305274,0.874008365765207,0.9413747931173211,0.701880255835787,0.701880255835787,1.0056179775280898
T000222,2.6460997564117417,2.6113357050177783,2.0766386369259875,2.5083597956770767,2.0766386369259875,2.4303026125824476,2.4303026125824476,2.4303026125824476,2.4303026125824476,2.4303026125824476,2.2330190827741814,2.2330190827741814,2.2330190827741814,2.739663582444852
T000223,0.9829503653325584,0.5021119698711086,1.0643475986303583,0.4838552021627267,0.5456117349243286,0.5564102736617628,0.5564102736617628,0.4838552021627267,0.4838552021627267,0.4520444664821324,0.5021119698711086,0.569839080562983,0.7232142426837068,0.7232142426837068
T000224,1.9333843219100113,1.7516541651595974,2.233620666015456,1.142830984088125,1.1183497099229895,1.1183497099229895,1.1183497099229895,1.1183497099229895,1.1183497099229895,1.135729240102311,1.768494239804984,2.0268528854951593,2.2536957265517086,1.837344239940259
T000225,0.7899507308064055,0.6717890548958582,0.6490306000902236,0.64543132697363,0.64543132697363,0.632855095066212,0.6501736425097762,0.6501736425097762,0.64543132697363,0.64543132697363,0.5462043060452882,0.5944244638809648,0.6513917672755759,0.655050784007936
T000226,0.17605612231547563,0.215958324581854,0.8111955975311816,0.8030131227270766,0.8030131227270766,0.1832238563727412,0.18660285125093562,0.18775814570719332,0.2628927703786202,0.2249361679076813,0.2249361679076813,0.24178881669213864,0.16564721438987873,0.3311186536548835
T000227,0.28583369937007863,0.23640347667453684,0.21840764830980158,0.21844309638894707,0.21844309638894707,0.8083875722259358,0.18528950420753115,0.8585801088045661,0.8083875722259358,0.8083875722259358,0.8083875722259358,0.21800346077485347,0.21800346077485347,0.4159301007246861
T000228,1.7083868333600176,1.5822076061742016,1.7436994654738445,1.4312310697671926,1.4312310697671926,1.4312310697671926,1.7034694399820343,1.4689769725182587,1.7034694399820343,1.7034694399820343,1.4689769725182587,1.6009735939118166,1.712026575819538,1.5328399039513905
T000229,0.3997022080534473,0.3997022080534473,0.3997022080534473,0.3997022080534473,0.40106551273683677,0.3997022080534473,0.3524627427715183,0.3524627427715183,0.3524627427715183,0.3524627427715183,0.3997022080534473,0.3997022080534473,0.3997022080534473,0.4396576778399737
T000230,0.5040283782283698,0.5040283782283698,0.5040283782283698,0.5040283782283698,0.5040283782283698,0.4989618259662828,0.4989618259662828,0.4989618259662828,0.4989618259662828,0.4989618259662828,0.4989618259662828,0.5040283782283698,0.5040283782283698,1.268379367125413
T000231,0.2053988524087849,0.22089637329044323,0.2053988524087849,0.2053988524087849,0.2053988524087849,0.2053988524087849,0.4852148121517167,0.4852148121517167,0.4852148121517167,0.4852148121517167,0.358450487710308,0.3534810418935137,0.2053988524087849,0.4852148121517167
T000232,3.0321964320612893,2.7321560198329786,2.7758058676619664,2.7758058676619664,2.7758058676619664,2.7321560198329786,2.7712753913175665,2.720239643931407,3.307067608186927,3.307067608186927,2.7908524742518153,2.7908524742518153,2.7758058676619664,3.4973963213892474
T000233,0.4877741962005976,0.5420909762710469,0.5420909762710469,0.5420909762710469,0.5420909762710469,0.5059088947034589,0.5059088947034589,0.7092113249034978,1.4359429313102605,1.4359429313102605,1.4359429313102605,0.21402577572158282,0.37832099763901866,1.1189032883214478
T000234,0.4760974994232547,0.4760974994232547,0.4760974994232547,0.4760974994232547,0.4760974994232547,0.4760974994232547,0.5347598591820273,0.5347598591820273,0.4760974994232547,0.4424307494502455,0.5347598591820273,0.5030172799266049,0.5347598591820273,1.205048789284566
T000235,0.3668141980593008,0.2080265998778064,0.2080265998778064,0.2080265998778064,0.25088390056448034,0.2080265998778064,0.2080265998778064,0.2080265998778064,1.3626863761642376,1.3626863761642376,1.3626863761642376,1.0972057633366925,0.5522446306898093,1.4477882505626325
T000236,1.0634050509738509,1.0634050509738509,1.0635426323997195,1.0635426323997195,0.7519953336723852,0.7519953336723852,0.7519953336723852,0.7519953336723852,0.7519953336723852,0.7519953336723852,0.7317113836660863,0.6926820809787,1.1662929380294782,1.0634050509738509
T000237,1.8468732337503866,1.5103494773131672,1.7744471830165702,2.456804838705836,2.456804838705836,0.8690320079624684,0.8388166914147482,0.8388166914147482,0.8388166914147482,0.9334475747050649,1.1038342459966242,1.2668473765140966,1.8468732337503866,1.8468732337503866
T000238,0.4295708209461391,0.4338744921830223,0.4338744921830223,0.4338744921830223,0.48635681766129457,0.48635681766129457,0.4496961611401116,0.6471996295029271,0.6471996295029271,0.6112488738962419,0.6112488738962419,0.45606862237433016,0.6471996295029271,0.5053520837882599
T000239,3.1466456713932867,1.967926323151653,1.967926323151653,1.967926323151653,1.967926323151653,2.0483706506474837,1.939140353201815,2.3213595511499747,2.2339622742049667,2.2160946108390656,2.145767787674411,2.2077741335422947,1.8832869148551064,2.2491807340459307
T000240,1.7865247290920776,1.7615946701819973,2.49236366906162,2.49236366906162,2.49236366906162,2.49236366906162,2.3291044215734162,2.3291044215734162,2.3436249673170537,2.3291044215734162,2.3291044215734162,2.3159218083071194,2.3159218083071194,2.3644944399580146
T000241,0.8786937715368734,0.7854151631156432,0.7854151631156432,0.7854151631156432,0.7854151631156432,0.7854151631156432,0.7854151631156432,0.7854151631156432,1.2024239012693725,1.2024239012693725,1.2024239012693725,0.7854151631156432,0.7854151631156432,0.8432328195071941
T000242,1.3161178402518554,1.4807851087847295,1.4807851087847295,0.38029344396337667,0.38029344396337667,0.477871488307294,0.477871488307294,0.42731416260416427,0.477871488307294,0.477871488307294,0.477871488307294,0.477871488307294,0.38029344396337667,0.3124086585508318
T000243,1.1699034189947217,0.7645675151538246,0.7645675151538246,0.7645675151538246,0.7645675151538246,0.7707852029016766,0.7230481413562073,0.7230481413562073,0.7228803732620092,0.7230481413562073,0.7230481413562073,0.7230481413562073,0.7645675151538246,0.8546343810134702
T000244,0.7456685263665802,1.6462854985292215,1.6462854985292215,1.6462854985292215,1.6462854985292215,0.7456685263665802,0.7456685263665802,0.5896345596844765,0.5896345596844765,0.526758588380944,0.526758588380944,0.7509280872382166,0.7456685263665802,0.5896345596844765
T000245,2.3721749226194198,2.3721749226194198,2.3721749226194198,2.3721749226194198,2.3721749226194198,2.3721749226194198,2.3721749226194198,2.3721749226194198,2.569368665923378,2.569368665923378,2.569368665923378,2.3721749226194198,2.2036851167882063,2.3883679876456045
T000246,0.7265113065233989,0.2471450528313712,0.2635328867259258,0.5290206554009654,0.5290206554009654,0.4232604446269394,0.4232604446269394,0.4285753316760807,0.4285753316760807,0.4285753316760807,0.4285753316760807,0.5759372008736006,0.5290206554009654,0.34389238015958734
T000247,0.6784812138154621,0.5785471004742951,0.5193741938678642,0.3236862463827754,0.45835584584950284,0.47235466511672863,0.47235466511672863,0.47235466511672863,0.47235466511672863,0.47235466511672863,0.47235466511672863,0.3256140392390185,0.5662453104682464,0.3593541806855867
T000248,0.6386988897404595,0.45323588781286966,0.45323588781286966,0.45323588781286966,0.43768246716140125,0.43768246716140125,0.44075789051497033,0.32323181426078684,0.3396507743980689,0.3396507743980689,0.44075789051497033,0.34345514744822436,0.5082544932394809,0.39798999958687514
T000249,1.2804788961038962,1.2804788961038962,1.3734255755361038,0.8026821799720825,0.8026821799720825,0.8026821799720825,0.8026821799720825,0.24875515599907033,0.5645841316596116,0.5645841316596116,0.5645841316596116,0.5970161561189314,0.20127514300266064,0.3998509692139375
T000250,0.4175390621971159,0.4175390621971159,0.4175390621971159,0.4175390621971159,0.4175390621971159,0.3651815524648859,0.4175390621971159,0.4175390621971159,0.3333955483897102,0.3112512375779799,0.3112512375779799,0.4175390621971159,0.4175390621971159,0.3112512375779799
T000251,0.3056427976902128,0.3056427976902128,0.38946087744630237,0.3064560389156181,0.38228852971726535,0.4493190633580986,0.4493190633580986,0.4493190633580986,0.4493190633580986,0.4493190633580986,0.4511107130778167,0.4493190633580986,0.28638624026065435,0.3452791878475766
T000252,0.6897048477708403,0.7449570206550427,0.7449570206550427,0.6341781291676543,0.6341781291676543,0.28360891445003594,0.28360891445003594,0.25413869408894263,0.28360891445003594,0.37151384529754927,0.2313661387493813,0.2313661387493813,0.9253076319772685,0.28360891445003594
T000253,0.3496713056225566,0.5504568556552619,0.28098888032652997,0.37445959582028215,0.454693889043938,0.3405049209050592,0.5504568556552619,0.423729088608836,0.3761412351297246,1.004881955357623,1.004881955357623,1.004881955357623,0.29608738367066834,0.4239737274220033
T000254,0.4770135798221118,0.4770135798221118,0.4770135798221118,0.4770135798221118,0.4770135798221118,0.47755670871206346,0.38229798665075765,0.38229798665075765,0.13607251233990886,0.13607251233990886,0.17242248523441728,0.25282610092515606,0.3362354198458941,0.3971861684371748
T000255,2.6045067597844076,2.1003660058098177,2.1003660058098177,2.1003660058098177,2.1003660058098177,2.1003660058098177,2.5687690217921095,3.1703558558693454,3.1703558558693454,3.1703558558693454,3.0754566090314666,2.8946074502837265,2.2959107134610757,2.8161599432154265
T000256,1.6364331891929673,1.6364331891929673,2.0009027372971113,1.4026353827943083,1.4026353827943083,2.314785667831827,0.9179547377326756,0.9442109877361888,1.0024737397541905,0.9014926151168575,0.9014926151168575,0.9014926151168575,1.8375398639470897,0.9595654296139875
T000257,0.3937837878920016,0.5228707422504998,0.34611056054657,0.6120413801640713,0.603936475545475,0.5228707422504998,0.4017890608129233,0.4017890608129233,0.40667632344222665,0.39542714735255097,0.38888047086837474,0.5685736157145059,0.6120413801640713,0.4017890608129233
T000258,0.5449439337603664,0.5449439337603664,0.5449439337603664,0.5449439337603664,0.5449439337603664,0.5449439337603664,0.545330009421977,0.545330009421977,0.5449439337603664,0.6260506002196325,0.6201453851510593,0.5144627635932922,0.5355564127562346,0.6201453851510593
T000259,2.206806960438722,1.9733740192533546,1.9784911021918592,1.9784911021918592,1.9784911021918592,2.133893486924266,1.2248360359713855,1.1433731392510154,1.2062706417166773,1.2062706417166773,1.1433731392510154,1.7291687986261903,1.6879583166951844,1.1953176184244045
T000260,0.43255374365205224,0.26964592037856566,0.32759815821980925,0.43255374365205224,0.4444800051441558,0.2730411239612158,0.3226371859348587,0.3226371859348587,0.3226371859348587,0.6012977497004189,0.4498965183801361,0.4498965183801361,0.327483521316921,0.3226371859348587
T000261,0.841576288651966,0.841576288651966,1.034764096265361,1.3757843169722315,1.3757843169722315,0.7569026698403793,1.0250584010112338,1.0250584010112338,1.0250584010112338,0.7569026698403793,0.7569026698403793,0.4976878355445797,1.376121291003348,1.0167739639276068
T000262,0.47660423017804787,0.47660423017804787,0.47660423017804787,0.5301696473381725,0.5301696473381725,0.816346249172534,0.9955976555558602,1.0604196971258844,1.0604196971258844,1.0604196971258844,1.0491397861664877,1.0491397861664877,0.8565859572629488,0.7663306115647391
T000263,0.8992578675367726,0.5767491168469275,0.5767491168469275,0.760740238716021,0.7135773140477331,0.7231942144973575,0.7815878196810078,0.7815878196810078,0.7815878196810078,0.7815878196810078,0.7231942144973575,0.7815878196810078,0.6052752302948723,0.8372556442615723
T000264,1.6603980904906497,1.6603980904906497,0.9530682116142906,1.6809500968239572,1.131711413977095,0.6904500222181756,0.6598114751297928,0.8886798186098344,0.8886798186098344,0.8886798186098344,0.6179892492214122,0.7357346677877176,1.7642105416619656,0.7352694309216048
T000265,0.508509303417607,0.508509303417607,0.5061912356646152,0.5061912356646152,0.5061912356646152,0.30584310187633557,0.552723209668192,0.5491879878666325,0.3423329355608592,0.3493797681216351,0.30584310187633557,0.403240441880219,0.5249724638422799,0.5002983293556086
T000266,0.28727774899192093,0.28727774899192093,0.2653815368870815,0.27477318791508104,0.27477318791508104,0.22606783047710952,0.20297589552999223,0.20297589552999223,0.2127106758965953,0.22606783047710952,0.22606783047710952,0.2127106758965953,0.32210687937515015,0.3096149328647991
T000267,0.5798899263523533,0.5789917681515668,0.5798899263523533,0.5798899263523533,0.5532864874950857,0.3134137079013728,0.2968069824772389,0.2968069824772389,0.24244634821215955,0.24244634821215955,0.21049489795255916,0.2968069824772389,0.5798899263523533,0.542951076211685
T000268,1.042490867041709,0.5592949441419727,0.4872859901124917,0.4872859901124917,0.4823728295575861,0.4738830556899272,0.48119011636108444,0.48119011636108444,0.48119011636108444,0.47480634451065395,0.47480634451065395,0.776526660304954,0.4851103105702684,0.4615206877068888
T000269,1.6026941715360246,1.6026941715360246,1.6026941715360246,1.6026941715360246,1.6026941715360246,1.5826363618042671,1.5272536357808983,1.5114782986120028,1.5282229776151792,1.5282229776151792,1.5282229776151792,1.5692191290002853,1.6026941715360246,1.4809078449667377
T000270,0.5194503225001587,0.43757494475500586,0.43757494475500586,0.43757494475500586,0.43757494475500586,0.5021783181013714,0.2955954809798786,0.2667570732609911,0.2955954809798786,0.28867689421289605,0.28867689421289605,0.5021783181013714,0.4611285677275364,0.2641624603139599
T000271,0.3774597631109202,0.5484456205698998,0.5484456205698998,0.5484456205698998,0.5484456205698998,0.5316851348376251,0.5029161266432143,0.5029161266432143,0.22122906653836322,0.22122906653836322,0.22155725637151996,0.22122906653836322,0.5484456205698998,0.320110184394899
T000272,0.4067687603443027,0.4067687603443027,0.5670651987641782,0.52845754226727,0.5670651987641782,0.52845754226727,0.88725549422713,0.88725549422713,0.88725549422713,0.8966857731837286,0.8966857731837286,0.5902508956230345,0.5902508956230345,0.8188373276395163
T000273,2.744065311791164,2.829373100014573,2.882332994776781,2.882332994776781,2.882332994776781,2.882332994776781,2.829373100014573,2.8573068600781224,2.829373100014573,2.829373100014573,2.8573068600781224,2.8573068600781224,2.867943827843502,2.6682661878932294
T000274,3.41947425612318,3.4490074095701226,3.387557062881001,3.387557062881001,3.387557062881001,3.621745054292865,3.181990198037194,3.181990198037194,2.115176647690902,3.181990198037194,3.181990198037194,3.181990198037194,3.3545770390823995,3.387557062881001
T000275,1.3479851899905062,1.3479851899905062,2.520060317644606,1.3479851899905062,2.520060317644606,1.611782152778555,2.2856872103394412,2.2856872103394412,2.2856872103394412,2.2856872103394412,2.2856872103394412,2.2856872103394412,2.3609051517806323,1.9605306835012868
T000276,1.6609809359455843,1.8486654069167183,1.5707205495255232,1.6319380834794601,1.5929865483027812,1.5929865483027812,1.4176393906275946,1.4176393906275946,1.8486654069167183,1.8486654069167183,1.4176393906275946,1.4176393906275946,1.8641985431819388,1.4463487076289696
T000277,1.8755176719111237,2.168787182132316,2.393721346001925,2.393721346001925,2.393721346001925,2.168787182132316,2.345177876548425,2.266403482135628,2.345177876548425,2.345177876548425,2.345177876548425,2.345177876548425,2.0695685399924817,2.9045413938874356
T000278,0.5559810375623695,0.5559810375623695,0.5559810375623695,0.5843276714606088,0.5836550598455611,0.5445537300922915,0.5445537300922915,0.5445537300922915,0.5481749942250722,0.5481749942250722,0.5481749942250722,0.5481749942250722,0.5481749942250722,1.1864528778202288
T000279,3.086575273997632,3.086575273997632,3.086575273997632,3.086575273997632,3.086575273997632,3.086575273997632,2.904706236301696,2.4988560011427943,2.4988560011427943,2.4988560011427943,2.0005203351432126,2.963501739769848,3.086575273997632,1.6944444444444444
T000280,1.9744656548180088,1.9028954545088674,1.9028954545088674,1.9028954545088674,1.9028954545088674,1.9028954545088674,1.9028954545088674,2.009808944754031,2.009808944754031,1.095821606479933,2.009808944754031,2.009808944754031,2.009808944754031,1.1320704814813507
T000281,2.9867802205570144,3.539366624316496,3.138750986265075,3.138750986265075,1.4811417581472912,1.4811417581472912,1.815785320436165,0.9157306967575564,0.9157306967575564,1.4586874050898129,3.2997196896231555,3.3117903926340375,3.076175058888795,2.9867802205570144
T000282,1.7318513167342378,1.7318513167342378,1.7461859926632086,1.7461859926632086,1.7461859926632086,1.7461859926632086,1.7318513167342378,1.7835932896526585,1.561445893174602,1.7575515762846077,1.7575515762846077,1.8310360671703823,1.8383126265567846,1.8383126265567846
T000283,2.5036450051653487,2.4587249719741697,1.3871166746799923,1.3871166746799923,2.692950981029668,2.692950981029668,2.3479981605552878,2.497351103945544,2.3479981605552878,2.497351103945544,2.3479981605552878,2.3479981605552878,2.302014751840468,4.0604853707274575
T000284,1.0081855536516566,0.5020502770584883,0.5020502770584883,0.5020502770584883,0.5020502770584883,0.5020502770584883,0.5020502770584883,1.1171533041321986,1.1171533041321986,1.1171533041321986,1.1171533041321986,0.3005474567484331,0.3005474567484331,0.8243174487366569
T000285,1.118440055105222,1.118440055105222,0.7329936124997227,0.7329936124997227,0.7329936124997227,0.7549588271017103,0.7373324049885894,0.8556961261992827,0.8556961261992827,0.7329936124997227,0.7329936124997227,0.737595068359642,1.5901175518853876,1.173718778902529
T000286,1.4758352386477356,1.4758352386477356,1.1369097048049006,1.1369097048049006,1.1369097048049006,1.1369097048049006,1.151104071043382,1.3179947842587953,1.3179947842587953,1.3179947842587953,1.224300143746457,1.1369097048049006,1.1369097048049006,1.1708699624338759
T000287,0.9248040313806251,0.9248040313806251,0.9248040313806251,0.9248040313806251,0.9248040313806251,0.9248040313806251,0.9248040313806251,1.058883171109189,0.9157823245633574,0.8514012664699148,0.8514012664699148,0.848125739252655,0.7324258953542224,0.4096869070057975
T000288,1.1504424778760947,0.8429368062290657,0.956716781270085,0.6921491396742371,0.8429368062290657,0.8429368062290657,0.7963796584612749,0.7963796584612749,0.7963796584612749,0.5766078682329664,1.0084502669719293,1.0282654293872129,0.956716781270085,0.9042691905400877
T000289,0.5647206107080965,0.1351540128805533,0.1351540128805533,0.1351540128805533,0.1351540128805533,0.1351540128805533,0.1294320078682441,0.1294320078682441,0.8859755107840048,0.41070640014077486,0.41070640014077486,0.41070640014077486,0.23426799432661713,0.6602707062542196
T000290,0.8241124964605089,0.6934900523646006,0.6934900523646006,1.562281283055621,0.7657825158402254,0.7657825158402254,0.980684106937509,0.980684106937509,0.980684106937509,1.3402062574537295,1.3402062574537295,0.7657825158402254,0.7657825158402254,1.045132743362832
T000291,2.6674419619327407,2.6674419619327407,3.1694183168335788,3.1694183168335788,3.1694183168335788,3.1694183168335788,3.1694183168335788,2.6674419619327407,2.6674419619327407,2.1427466386970635,2.5013410170437917,2.534769937862403,3.224252315507784,1.9818440866138682
T000292,0.7717128015950897,0.7717128015950897,0.7717128015950897,0.7717128015950897,0.7717128015950897,0.7717128015950897,0.3810390135435618,0.3810390135435618,0.5228140397838625,0.5228140397838625,0.22489099603569573,0.3810390135435618,0.3810390135435618,0.1691294919784115
T000293,1.386970299821948,1.8665584667410788,1.386970299821948,1.386970299821948,1.0853992806734842,0.7196639592549027,0.7196639592549027,0.32374064271859704,0.32374064271859704,0.32374064271859704,1.2970518369548223,1.2886956357720467,1.0077203912587964,1.2845728526534548
T000294,0.27243759957514413,0.27243759957514413,0.27243759957514413,0.2667815140184337,0.3175534768134662,0.2667815140184337,0.27984275221067856,0.274769428698665,0.27984275221067856,0.27984275221067856,0.275412739079946,0.27243759957514413,0.27243759957514413,0.23441746304203612
T000295,0.4574711183729172,0.41952506637641124,0.41952506637641124,0.4574711183729172,0.4574711183729172,0.4574711183729172,0.4574711183729172,0.41952506637641124,0.41952506637641124,0.41952506637641124,0.4574711183729172,0.5211714556140453,0.5451240874465757,0.5537535992379091
T000296,1.170463542025983,1.1394148837878852,1.059806343401565,1.0337784245819897,1.1631497287977297,1.1631497287977297,0.31350249886019727,0.208140959766821,0.208140959766821,0.31350249886019727,0.32487402731612414,1.0373481477637256,1.170463542025983,1.5122462813079587
T000297,0.2363767128598208,0.23790360468066826,0.23790360468066826,0.23790360468066826,0.23790360468066826,0.2363767128598208,0.2294078090063611,0.9730316664424399,0.6447222724442395,0.9730316664424399,0.9730316664424399,0.9417780936928316,0.22266932457947167,0.9592863677950595
T000298,2.4179759489102457,2.6318312358921565,2.5750046123302006,2.5750046123302006,2.5750046123302006,2.5750046123302006,2.5261692069056445,2.5750046123302006,1.3643599086134632,1.3643599086134632,2.6152044950486264,2.3352002060961583,2.6323466711980803,2.162800343385288
T000299,1.2191080357838964,1.1454977751999866,1.0754353650138773,1.0754353650138773,1.0754353650138773,1.0754353650138773,1.0754353650138773,1.2768573802503453,0.8569844073857534,1.2987985097626358,1.2987985097626358,1.2768573802503453,1.2987985097626358,0.2003011643295771
T000300,0.3887533318811756,0.3887533318811756,0.29650241340557554,0.3887533318811756,0.29650241340557554,0.29650241340557554,0.29650241340557554,0.29650241340557554,0.29650241340557554,0.2396968057978815,0.32301552798423233,0.29650241340557554,0.29650241340557554,0.10960160851918654
T000301,0.37872395278228815,0.25687732298275007,0.25687732298275007,0.25687732298275007,0.25687732298275007,0.25687732298275007,0.5256036203698754,0.25687732298275007,0.7042930990636957,0.7042930990636957,0.5256036203698754,0.5256036203698754,0.5256036203698754,0.7899020006932053
T000302,0.19505187815919944,0.19505187815919944,0.19505187815919944,0.19505187815919944,0.19505187815919944,0.19505187815919944,0.19505187815919944,0.19505187815919944,0.19505187815919944,0.19505187815919944,0.19165550790731886,0.19165550790731886,0.22517128087472282,0.2813505106068894
T000303,0.3245379553557107,0.4036111065307404,0.3245379553557107,0.34864075486888496,0.34864075486888496,0.34864075486888496,0.3245379553557107,0.3245379553557107,0.3245379553557107,0.3245379553557107,0.34864075486888496,0.3202671495612326,0.5652618236792486,1.236448598130841
T000304,1.04924830661653,0.3772420416966627,0.1506024666246952,0.1506024666246952,0.1506024666246952,0.1506024666246952,0.32559390484505474,0.1506024666246952,0.45730098542525727,0.5013460382327112,0.3291900647345538,0.42627475869279363,0.6009193588963035,0.6912955055687693
T000305,1.9754997126349612,1.9659676031296585,1.9659676031296585,1.9659676031296585,1.9659676031296585,1.9659676031296585,1.9659676031296585,1.9659676031296585,1.9666727321682074,1.9666727321682074,1.9659676031296585,1.9659676031296585,1.9860491132865872,2.064554742712591
T000306,2.6158580278904955,2.746220492832739,2.746220492832739,2.746220492832739,2.746220492832739,2.746220492832739,2.7183461971551393,2.7183461971551393,1.982718257018395,1.982718257018395,2.2892716213793216,1.9533579692661893,1.9643670866031155,1.5914245834985152
T000307,0.3965521432893766,0.4060850407445075,0.4060850407445075,0.4060850407445075,0.4060850407445075,0.4060850407445075,0.4060850407445075,0.393345533707983,0.16745894618504237,0.393345533707983,0.393345533707983,0.4508932791379147,0.393345533707983,0.6072585601756464
T000308,1.634634338655626,1.6928393269243414,1.4629486953461024,1.6682973500458949,1.5559041586705622,1.3259566854969491,0.6950559244342093,0.6950559244342093,0.6628315223787424,0.6744715029471583,0.6744715029471583,1.6298412805054836,1.6928393269243414,1.6612929512694117
T000309,0.18809936399107086,0.24311782414765873,0.24311782414765873,0.24311782414765873,0.35713093336689,0.35713093336689,0.21858777531252865,0.21858777531252865,0.24311782414765873,0.18830731646212087,0.21545510822132427,0.18830731646212087,0.15925362589855807,0.4047922035712857
T000310,0.30284652922237143,0.5774808571861603,0.27467815912711,0.6228478370258805,0.4262095763906289,0.5774808571861603,0.5774808571861603,0.5774808571861603,0.6577783394260851,0.30284652922237143,0.6577783394260851,0.6577783394260851,0.6441398415416442,0.3526161885088506
T000311,0.7427289734360798,0.806436760468129,0.8360518295463027,0.47335556857639255,0.5503670718814961,0.3679163339494932,0.3679163339494932,0.3562352520450658,0.3562352520450658,0.2719260024011506,0.8792398631693146,0.4508737633453197,0.5503670718814961,0.6479620610050013
T000312,0.2141906315079351,0.2141906315079351,0.2141906315079351,0.2141906315079351,0.2141906315079351,0.1985798026247632,0.25680756883463507,0.25680756883463507,0.27091217908233245,0.29804608941178257,0.29804608941178257,0.2765010190749641,0.21986148828071544,0.32866137010942886
T000313,0.5999154205006072,0.7399500069953007,0.6976593869168288,0.5999154205006072,0.7399500069953007,0.5985418350940837,0.7782697099792393,0.6724277209105072,0.6724277209105072,0.6724277209105072,0.6724277209105072,0.7717964117868054,0.7122329657709608,0.7437331675989227
T000314,0.9428380985816625,0.8244517862891385,0.881085079777814,0.8244517862891385,0.8244517862891385,0.881085079777814,0.8244517862891385,0.8674697196059828,0.7638120129900458,0.6231819867320345,0.7089628530570659,0.771285810496542,0.8818945586279638,0.34632066298457703
T000315,1.0914694516554777,0.5194480013917099,0.5741170484038757,0.5741170484038757,0.5035254800696707,0.5035254800696707,0.5194480013917099,0.8886695525093022,0.5194480013917099,0.674771214301623,0.25538507477679256,0.33728650533121524,0.3199323796812622,0.2708859157175114
T000316,0.33155112387023294,0.33155112387023294,0.33155112387023294,0.5385557516915943,0.5385557516915943,0.3102805114791848,0.3102805114791848,0.33121025888522787,0.33121025888522787,0.33121025888522787,0.33121025888522787,0.33121025888522787,0.33312134459636406,0.4520554322661203
T000317,0.4662288091731678,0.4457032932016522,0.4457032932016522,0.4457032932016522,0.4457032932016522,0.4457032932016522,0.4457032932016522,0.39002639816777845,0.5344256955605733,0.5344256955605733,0.5344256955605733,0.5344256955605733,0.6078021211978069,1.5854432387841868
T000318,1.1247760142980212,1.1247760142980212,1.1247760142980212,1.1247760142980212,1.1247760142980212,1.1247760142980212,1.1247760142980212,1.1247760142980212,1.1247760142980212,1.4489320337237932,1.1296386067068866,1.1296386067068866,1.069195750627119,1.5151237448948927
T000319,0.8629064693432281,0.9278269943157961,0.9112596423958792,0.9112596423958792,0.9112596423958792,0.9112596423958792,0.9112596423958792,0.9790908971045027,0.2708443489882365,0.7838244600199399,0.40055065276004104,0.7074841395481274,0.9380846429962767,0.3832934670199998
T000320,3.092446832156277,2.8865652832578554,2.8865652832578554,3.22968448173202,2.8865652832578554,2.924187092505801,2.924187092505801,2.924187092505801,2.679071743799345,1.409176452135401,1.6739105389800515,2.8865652832578554,2.8865652832578554,3.007713974659453
T000321,0.794710728221361,0.794710728221361,0.794710728221361,0.794710728221361,0.794710728221361,0.794710728221361,0.794710728221361,0.7273495374460907,0.7273495374460907,0.794710728221361,0.8006106126161677,0.794710728221361,1.0652431901738098,0.724087291536568
T000322,0.3381619719371768,0.34227070897003403,0.3381619719371768,0.3381619719371768,0.3381619719371768,0.28413618251657763,0.3381619719371768,0.34227070897003403,0.18845301221633484,0.1922186715610158,0.19322536643783153,0.3206054567409348,0.19322536643783153,0.21826551347093723
T000323,0.5863256923280773,0.8081912013659889,0.5972899171663719,0.5972899171663719,0.6154612056107603,0.5789021623860351,0.6154612056107603,0.9207622723118675,0.9672603364611686,0.9672603364611686,0.9672603364611686,0.9672603364611686,0.6175512562072623,0.8866553641714449
T000324,0.4355891599787585,0.2666783542162413,0.32003342061689194,0.2666783542162413,0.20608973011591833,0.20608973011591833,0.265133270507209,0.265133270507209,0.20608973011591833,0.16483053034147657,0.16483053034147657,0.20608973011591833,0.2277512091743339,0.26056755362391715
T000325,0.2969073343865967,0.2969073343865967,0.2969073343865967,0.2969073343865967,0.2969073343865967,0.2969073343865967,0.2969073343865967,0.2430806387088111,0.2430806387088111,0.2430806387088111,0.2430806387088111,0.29906792367731716,0.28767656415741544,0.7567744555413969
T000326,0.6127612980359115,0.6127612980359115,0.679488565695377,0.679488565695377,0.679488565695377,0.679488565695377,0.679488565695377,0.3807922716018751,0.3807922716018751,0.5834076718468956,0.5962319305361453,0.5962319305361453,0.6336839160741844,0.5834076718468956
T000327,0.6618802906727386,0.5409819531954926,0.5409819531954926,0.5409819531954926,0.5409819531954926,0.5409819531954926,0.5409819531954926,0.5639387289229633,0.5639387289229633,0.8039544548093266,0.5362167341481117,0.5362167341481117,0.6539973949860153,0.726979481976514
T000328,1.6484839897988073,0.9461043404557978,0.9461043404557978,0.9461043404557978,0.9461043404557978,0.9461043404557978,0.9461043404557978,0.9461043404557978,0.9461043404557978,0.9461043404557978,0.7362729307620126,0.9449984098363099,1.6484839897988073,0.19355062242216212
T000329,0.688607680916499,0.5652847508802651,0.5652847508802651,0.46831941870902,0.46831941870902,0.46831941870902,0.46831941870902,0.46831941870902,0.46831941870902,0.6229751360915887,0.31331512481953927,0.5652847508802651,0.5652847508802651,0.06118952435339804
T000330,0.9039393636930665,0.9649757180616795,1.2092226338723162,1.2092226338723162,0.9328816905075397,0.9328816905075397,0.9719614977112256,0.9719614977112256,1.1218555969422397,1.7811136366501605,0.9719614977112256,1.1102854096085808,1.0769231959567367,1.6543851536470875
T000331,1.0315553735003526,1.0315553735003526,0.8063410230304342,0.8063410230304342,1.0315553735003526,1.0315553735003526,0.8063410230304342,0.9846854073717991,1.0667550742790686,1.052774056484477,1.0667550742790686,1.0667550742790686,0.8792024768847201,0.7620312464750311
T000332,1.4587089193732734,1.2463462473142033,0.6239569381996114,0.6239569381996114,0.6239569381996114,0.6239569381996114,1.2131700290534042,1.1118158009769543,1.1118158009769543,1.1118158009769543,1.1118158009769543,1.024025641633566,1.240550618604825,0.8824042767763883
T000333,0.33217432399104596,0.9243235294054211,0.9243235294054211,0.5891383169605828,1.2338379095973262,1.2109477898951584,0.9566881682818718,0.9183851515943198,0.9183851515943198,0.9183851515943198,0.8948100559100518,0.3888599492738097,0.9720180096798884,0.47643830507374013
T000334,1.417902089617073,0.212920199226585,0.32038619251980405,0.32038619251980405,0.6733460162141515,0.6733460162141515,1.1046022268845,1.1046022268845,1.1046022268845,1.1046022268845,1.1046022268845,0.7022678808832381,0.5533037024745816,0.15328228849857362
T000335,2.307082696074585,2.307082696074585,1.7968456277603686,2.3093692425778793,2.3093692425778793,2.3093692425778793,2.32556029853332,2.3093692425778793,2.3093692425778793,2.3093692425778793,2.334824146703724,1.7968456277603686,1.7968456277603686,1.8368353736524758
T000336,3.9586456934242342,4.5598493510367355,4.5598493510367355,4.5598493510367355,4.5598493510367355,3.9586456934242342,3.9586456934242342,3.938230994152047,3.8103059706162328,3.8611585785088574,3.8611585785088574,3.8567591783103072,3.473424418213742,3.938230994152047
T000337,0.9049129219522625,0.9049129219522625,1.1613771029145188,0.6119651687809073,0.6379841259638076,0.6379841259638076,0.5387091754787731,0.5387091754787731,0.5631152062201774,0.5631152062201774,0.5631152062201774,0.7040557713150473,0.9049129219522625,0.7784257023940486
T000338,1.3153228330030202,1.2300995047547256,1.2068612107561483,1.2068612107561483,1.2068612107561483,0.9109999300623525,0.5878870559015668,0.5878870559015668,0.5878870559015668,0.5878870559015668,0.9995355675130095,1.1675322799648338,1.2300995047547256,1.5723005710362805
T000339,0.5780251630327395,0.6387318372477105,0.6552282480268717,0.7940567142527223,0.7940567142527223,0.4716491650065705,0.4716491650065705,0.4716491650065705,0.4716491650065705,0.5172743292854048,0.5579950410709424,0.5626528444602017,0.7940567142527223,0.6111830449297136
T000340,2.2000448320836217,2.2000448320836217,2.081388465814354,2.069916500107744,2.069916500107744,1.8036630206579105,1.8036630206579105,1.8036630206579105,1.8036630206579105,2.0475431180626047,2.017562411137283,2.0817537847374674,2.2000448320836217,2.1006831555753003
T000341,0.8166462201814898,0.6148375197424595,0.969149817359056,0.969149817359056,0.9775324306119061,0.5682058865026945,0.5682058865026945,0.5811093830503802,0.6470949725096432,0.6470949725096432,0.5811093830503802,0.5772364853639643,0.97633673532955,0.6209324884424128
T000342,0.7944365291462635,0.6857478022844562,0.6800987624943944,0.6800987624943944,0.6800987624943944,1.1842119113580987,0.9279359927992731,0.9279359927992731,0.8915453007878058,1.0324056945777433,0.4556509394311063,0.4556509394311063,0.4556509394311063,0.5142869024065926
T000343,3.9029783746404556,4.153467359877875,4.027422427331501,4.163220008653738,4.163220008653738,3.9029783746404556,3.3557489000581318,3.586095532196365,3.327325954298856,3.7209181677288057,3.0230876411331695,4.604784209298318,4.658212863855679,3.1253709537506276
T000344,1.4546308637650558,1.4546308637650558,1.4546308637650558,1.4546308637650558,1.4546308637650558,1.4546308637650558,0.7725303212914597,0.457808969405357,0.7725303212914597,0.6534335680611667,1.2536730860374776,0.6534335680611667,0.38829392715066186,0.6143591729544673
T000345,0.8724512373625626,0.8724512373625626,0.8147220908190205,0.8147220908190205,0.8147220908190205,0.802685289439884,0.4151144700522548,0.4645760093530922,0.4645760093530922,0.4645760093530922,0.4645760093530922,0.564507608127532,0.8019541206713751,0.31592437153347397
T000346,1.7809653444394038,2.3745351913647985,1.2451181457720009,1.2451181457720009,1.4109310917672515,0.5650267686895548,0.825984578335459,0.8046357673187833,0.8046357673187833,0.7199154035136691,0.768303075019391,0.8046357673187833,1.1260497297516445,0.6636387855313781
T000347,1.4765831868395143,1.4765831868395143,1.4765831868395143,1.4474819398082925,1.4765831868395143,1.4765831868395143,1.2039740499315372,2.349157598268945,2.349157598268945,2.4856652274361624,2.570592581563259,1.0404067625925835,0.9327459073238021,2.08664457385541
T000348,1.3531896301630435,1.0944672610265447,0.8716333638567346,0.7946018621424278,1.0944672610265447,1.0944672610265447,1.0944672610265447,0.5875158833704466,0.7918114341056505,0.6806735933241709,0.8445821899099444,1.1883372544242974,1.0944672610265447,0.8161690115997
T000349,0.773340357029068,0.7842559095526564,0.7554452028970953,0.7842559095526564,0.7554452028970953,0.7554452028970953,0.773340357029068,0.773340357029068,1.3143935350380627,1.3143935350380627,1.3143935350380627,1.3723995978540449,1.1180117050469025,1.5337330031712932
T000350,14.407958929130933,0.6553824969138141,0.6553824969138141,0.6553824969138141,0.6553824969138141,0.6553824969138141,0.6553824969138141,0.6553824969138141,0.6553824969138141,0.6553824969138141,0.42262051466940326,0.4460099048143846,0.6553824969138141,0.8033571879604293
T000351,1.3593886243869013,1.2419957745720929,1.2259610965390195,1.2259610965390195,1.2259610965390195,1.2419957745720929,1.2419957745720929,0.9225279743463123,0.9225279743463123,1.011498445423199,1.011498445423199,1.2259610965390195,1.2243926412816335,0.9683631262165239
T000352,0.4046491957323208,0.39979533144735896,0.39979533144735896,0.39979533144735896,0.39979533144735896,0.39979533144735896,0.3959369352081797,1.6319222616512332,1.6319222616512332,1.6319222616512332,1.7362031701836718,0.40460899765584796,0.4662670205958431,1.3241946758941476
T000353,0.9991193044490025,0.9991193044490025,1.5811530793975832,0.9991193044490025,0.9991193044490025,0.9991193044490025,0.9991193044490025,1.8581981343649767,0.78543618979771,0.78543618979771,1.4015071212743246,1.3667738378375773,2.2849004282734393,2.3832241950611914
T000354,1.3579671677798437,1.3731155023074713,1.3591153531978222,1.3591153531978222,1.3591153531978222,1.3591153531978222,1.3579671677798437,0.6015256221369315,0.6015256221369315,0.6015256221369315,0.7718200543705477,1.3860536538574733,1.3579671677798437,0.5888299216578217
T000355,0.28985317317480525,0.2540620369143313,0.28985317317480525,0.28985317317480525,0.28985317317480525,0.28985317317480525,0.2540620369143313,0.4023291712396219,0.28985317317480525,0.3171636741643996,0.3675189867906811,0.3647971630930585,0.5321667216012944,0.8001977370328646
T000356,0.27562453342539883,0.23163378344258193,0.23163378344258193,0.23441633773336135,0.23441633773336135,0.23441633773336135,0.37113506581965494,0.8704135433615695,0.2148962884359352,0.22117396275223922,0.21924671304217527,0.3710307896194188,0.35606594917180145,1.230813507290867
T000357,0.5241294018968489,0.3909968499663507,0.5254410612105826,0.3909968499663507,0.3909968499663507,0.3909968499663507,0.5241294018968489,0.3909968499663507,1.6235916615107566,0.3839218429074201,0.6993642000862952,0.42136598637578243,0.3909968499663507,1.4765950494240667
T000358,1.485209617138026,1.485209617138026,1.0960997379746558,1.0960997379746558,1.0960997379746558,1.485209617138026,0.8368772037977226,0.5935540406023859,0.5273125489614657,0.5273125489614657,0.8120019618168981,1.3869691736787244,1.364119512494962,0.5389724575725732
T000359,0.17059193801197642,0.32287393879211984,0.32287393879211984,0.32287393879211984,0.32287393879211984,0.32287393879211984,0.32287393879211984,0.7114373114449686,0.554660791409275,0.554660791409275,0.8591280988453596,0.12995478953276202,0.19615184874894767,1.0029201422259264
T000360,0.8462604630485449,0.6018269755978525,0.8462604630485449,0.6018269755978525,0.8462604630485449,0.8462604630485449,0.6018269755978525,0.688179142524134,0.7734289537466631,0.6289506919379044,0.6013650563496997,0.6105903426980287,0.5046795220170536,0.6644577243950063
T000361,0.4519701883601581,0.29953721970214703,0.40230691631229365,0.26011663955671344,0.4366094175630347,0.33452409686468354,0.36171575433403036,0.36171575433403036,0.36171575433403036,0.3968908827012529,0.4544171382776476,0.19876978020694488,0.33452409686468354,0.3317074692438337
T000362,0.308369309798229,0.5500936809026875,0.5500936809026875,0.5500936809026875,0.5500936809026875,0.4743094042600672,0.308369309798229,0.8342532674611124,0.8342532674611124,0.8342532674611124,0.8342532674611124,0.8355917071311662,0.4743094042600672,1.3322252593272943
T000363,0.7550011278140607,0.7550011278140607,0.7550011278140607,0.7550011278140607,0.7550011278140607,0.7550011278140607,0.7550011278140607,0.9737087724115427,1.021066210187102,1.827299186700977,0.7274614929776541,0.7758782077998114,0.9389790212899736,0.9463300779702245
T000364,0.4526909909232179,0.5641073155829853,0.7762167052251362,0.5641073155829853,0.7762167052251362,0.7762167052251362,0.817272514983654,1.3896561390406932,1.3896561390406932,1.3896561390406932,1.3896561390406932,1.045952985970724,1.1711389362222162,1.4237359133037082
T000365,0.8167856621011422,0.9107271436352462,0.9107271436352462,0.9486798573701009,0.8794045827951789,0.9486798573701009,0.9072940335690908,0.9072940335690908,0.9072940335690908,0.9072940335690908,0.9072940335690908,0.9486798573701009,0.9486798573701009,1.3914044512663086
T000366,2.8627969325827913,2.6404991952697663,2.330583750770314,1.861614655386463,1.861614655386463,2.2203017151314253,1.3590654202923802,1.0208045043679959,1.0208045043679959,1.3540465698805373,1.3540465698805373,1.529276112707732,2.854566569219965,1.3724036431355968
T000367,0.4355080790156416,0.4355080790156416,0.4140004250930304,0.4140004250930304,0.4140004250930304,0.4140004250930304,0.4355080790156416,0.4296883728687198,0.4296883728687198,0.4296883728687198,0.7532496229417346,0.7274906744995854,0.5997225050274578,0.7754447679954715
T000368,1.797342344399288,1.5225476222285754,1.617679604936593,1.1313969661473455,1.3153558430754027,1.112522346843831,0.4166170817234399,0.4166170817234399,1.5131255262681647,1.5131255262681647,0.9606290455491973,1.1346496082084638,1.01607681217791,2.4699976288815924
T000369,0.48718860221878973,0.4284344458017645,0.4284344458017645,0.4284344458017645,0.48718860221878973,0.4284344458017645,0.7758552730043903,0.7758552730043903,0.7758552730043903,0.7758552730043903,0.9511837405031711,0.3716256500280895,0.48718860221878973,0.9868988459484989
T000370,2.1278306637037407,2.1278306637037407,1.998868423921543,1.448235412186842,1.448235412186842,1.998868423921543,0.8018799531117743,0.8018799531117743,0.339311215500962,0.8018799531117743,0.8571163796080967,1.448235412186842,0.6315668691156578,0.8153988050757642
T000371,0.4453793703757408,0.46644284540602704,0.46644284540602704,0.47453178774545546,0.6448890567369112,0.46644284540602704,0.46644284540602704,1.1037816339317346,1.1037816339317346,1.1037816339317346,1.1828592142355436,0.5536394224366763,0.499897108982609,1.1037816339317346
T000372,0.42401294849818133,0.42401294849818133,0.42401294849818133,0.42401294849818133,0.42401294849818133,0.42401294849818133,0.42401294849818133,0.5340028251314717,0.6179592103337849,0.6179592103337849,0.5407533988838922,0.6093288362989988,0.42401294849818133,0.5821967924057623
T000373,0.5956515733436636,0.450632963989046,0.450632963989046,0.450632963989046,0.450632963989046,0.450632963989046,0.5458175678324942,0.45951060561662993,0.4477437322565168,0.46679351477478276,0.5498406444333832,0.5608479852466386,1.4654517705847945,0.4817420897718911
T000374,0.7113609667277493,1.288696172363617,1.288696172363617,1.288696172363617,1.288696172363617,1.288696172363617,1.288696172363617,0.84896643984551,0.8657378340212522,0.8657378340212522,0.9264077318011897,0.9264077318011897,0.8976585125311106,0.4391915978642374
T000375,0.5194837312495925,0.5569585594747642,0.47780933624747557,0.47780933624747557,0.5194837312495925,0.6273367336175116,0.5396918497166322,0.5396918497166322,0.5396918497166322,0.5396918497166322,0.5396918497166322,0.49849409563304153,0.48876222507505146,0.5374490437297231
T000376,1.0480399263805629,1.0621245466336682,1.0621245466336682,1.0621245466336682,1.0480399263805629,1.0480399263805629,0.7554414911071906,1.5950311812580162,1.5950311812580162,1.5950311812580162,1.5950311812580162,1.2367317149693426,1.2111506124658413,1.5443010415436784
T000377,0.2136013253715263,0.19440369984140993,0.18946242393469098,0.18946242393469098,0.18946242393469098,0.18946242393469098,0.18946242393469098,0.18344909345931107,0.1897159777756806,0.1897159777756806,0.1897159777756806,0.18266596267436444,0.18043136910342714,0.25281840712576686
T000378,1.9054445317508242,1.8733406603936713,1.634872954024005,1.634872954024005,1.634872954024005,1.634872954024005,1.621891372430559,1.4652442946906075,1.666533297035527,0.8589706207635052,0.8589706207635052,1.0503569091337217,1.621891372430559,0.6448445775138237
T000379,0.21411371681307,0.27343564539370824,0.3058238681481742,0.2700095355374436,0.2700095355374436,0.2700095355374436,0.2700095355374436,0.23335205646956078,0.6035375472346841,0.6035375472346841,0.22995387368424924,0.40141587897010583,0.27343564539370824,0.2995206745849826
T000380,0.5713879484482803,0.5730940359991125,0.5730940359991125,0.5730940359991125,0.5730940359991125,0.5730940359991125,0.5730940359991125,0.5730940359991125,0.9341997112262597,0.9512973513223081,0.5972549354988869,0.5972549354988869,0.9246667245162994,0.510677242739827
T000381,1.0000625767201288,0.8824908917544828,0.7262943042593586,0.7262943042593586,0.7262943042593586,0.7262943042593586,0.7262943042593586,0.7262943042593586,0.7262943042593586,0.6410467513180035,0.891484129889214,0.622291313090644,0.9177361539678914,0.7386293328655764
T000382,0.19553593154102364,0.19553593154102364,0.19553593154102364,0.19553593154102364,0.19553593154102364,0.19553593154102364,0.19553593154102364,0.19553593154102364,0.19553593154102364,0.19553593154102364,0.1921903716741276,0.1921903716741276,0.2256890502634315,0.27985333581950717
T000383,0.4662654033443762,0.44568584169421044,0.44568584169421044,0.44568584169421044,0.44568584169421044,0.44568584169421044,0.44568584169421044,0.3899851242686854,0.5344984298292035,0.5344984298292035,0.5344984298292035,0.5344984298292035,0.6086624315486301,1.5856035753339988
T000384,1.1096305226002932,1.2478988645946647,0.6245604401269512,0.6245604401269512,0.6245604401269512,0.6245604401269512,1.2145253067991715,1.1121844286734202,1.1121844286734202,1.1121844286734202,1.1121844286734202,1.0254013921803855,1.239432223415664,0.8829691278230436
T000385,1.4767559342534118,1.4767559342534118,1.4767559342534118,1.447644781903628,1.4767559342534118,1.4767559342534118,1.2039662849388546,2.349458919543096,2.349458919543096,2.486081454679113,2.570786172499782,1.0402710092704317,0.9326459163559256,2.086466165413534
T000386,0.3081978432683148,0.5495423875330088,0.5495423875330088,0.5495423875330088,0.5495423875330088,0.47472586215958656,0.3081978432683148,0.833813050921486,0.833813050921486,0.833813050921486,0.833813050921486,0.8352471507577973,0.47472586215958656,1.3307497354813163
T000387,0.9252236916400416,0.9252236916400416,0.9252236916400416,0.9252236916400416,0.9252236916400416,0.9252236916400416,0.9252236916400416,1.0589060525790184,0.9163958584950656,0.8514243161190379,0.8514243161190379,0.8492041413564442,0.7327939957499762,0.4081056339130977
T000388,0.5981987623821298,0.5981987623821298,0.6048272366645198,0.6048272366645198,0.6048272366645198,0.6048272366645198,0.6048272366645198,0.6048272366645198,0.6135564793431354,0.6048272366645198,0.5594446282009373,0.5597650934844655,0.5674378189488819,0.35778409735315453
T000389,1.0257054579165057,0.9787093621414941,0.9196488823935438,0.9196488823935438,0.9196488823935438,0.7020072222397117,0.7020072222397117,0.9887207297159168,0.7020072222397117,0.8116899746872785,0.14840128012911205,0.12237875737796504,0.12237875737796504,0.17799213772768002
T000390,2.18736185312861,2.098613054650654,2.098613054650654,2.098613054650654,2.098613054650654,2.098613054650654,2.098613054650654,2.1153649091848816,1.0597461156342087,1.8038292531580462,1.8038292531580462,1.9854556988070362,2.477003827670112,1.1241311513618253
T000391,0.9072386569768321,0.9072386569768321,0.9072386569768321,0.9072386569768321,0.9072386569768321,0.9072386569768321,0.9072386569768321,0.5476705870623957,0.5476705870623957,0.5476705870623957,0.49119215382207737,0.49119215382207737,1.1273275894199368,0.4699909747292419
T000392,0.9056761268537642,0.8899049083156566,0.8899049083156566,0.8407865437458256,0.8407865437458256,0.8407865437458256,0.755080458184365,0.8496655163276057,0.755080458184365,0.860052125986982,1.1066123153539318,1.1066123153539318,0.6369817008412985,0.43168741261632126
T000393,0.9255065532440586,0.9255065532440586,0.8242974128275409,0.7600587345961164,0.7600587345961164,0.7600587345961164,0.8242974128275409,0.860821474030741,0.7490420585548103,0.7490420585548103,0.860821474030741,0.860821474030741,0.6393375912227108,0.549766680927561
T000394,0.9052180736505334,0.9167501737229983,0.9288857616245048,0.9288857616245048,0.9288857616245048,0.9288857616245048,0.9288857616245048,0.9167501737229983,0.9167501737229983,0.9288857616245048,0.9257080625444528,1.080252853397402,0.9366087233447541,0.1824670498149179
T000395,1.0000625767201288,0.8824908917544828,0.7262943042593586,0.7262943042593586,0.7262943042593586,0.7262943042593586,0.7262943042593586,0.7262943042593586,0.7262943042593586,0.6410467513180035,0.891484129889214,0.622291313090644,0.9177361539678914,0.7386293328655764
T000396,0.9994274732024431,1.5689963905898663,0.9994274732024431,1.5689963905898663,1.5689963905898663,1.0045180406369731,0.990711907831722,0.6913660912618748,0.6913660912618748,0.6913660912618748,0.6742844676058648,0.6742844676058648,0.6632553270507959,0.6721249047981721
T000397,0.9801852769654087,0.7363352249139472,0.7175724586450634,0.7175724586450634,0.7175724586450634,0.8233677196776958,0.8233677196776958,0.7363352249139472,0.6643261413283343,0.6643261413283343,0.8233677196776958,0.9381883180900525,0.9305047665147127,0.6874553165107306
T000398,1.0000625767201288,0.8824908917544828,0.7262943042593586,0.7262943042593586,0.7262943042593586,0.7262943042593586,0.7262943042593586,0.7262943042593586,0.7262943042593586,0.6410467513180035,0.891484129889214,0.622291313090644,0.9177361539678914,0.7386293328655764
T000399,0.7846790255801948,0.7846790255801948,0.631345637132842,0.631345637132842,0.631345637132842,0.7846790255801948,0.7555524810664256,0.37886470372298364,0.37886470372298364,0.36512777821901976,0.4011913386523352,0.7555524810664256,0.7252440573623182,0.37886470372298364
T000400,0.8840684237872267,0.8840684237872267,0.8840684237872267,0.8840684237872267,0.8840684237872267,0.8840684237872267,0.8840684237872267,1.0109072276359694,0.8424169037398274,1.031424067328206,1.031424067328206,1.031424067328206,0.7585784468263901,0.4760417310041914
T000401,0.9252236916400416,0.9252236916400416,0.9252236916400416,0.9252236916400416,0.9252236916400416,0.9252236916400416,0.9252236916400416,1.0589060525790184,0.9163958584950656,0.8514243161190379,0.8514243161190379,0.8492041413564442,0.7327939957499762,0.4081056339130977
T000402,0.6299962190760523,0.6093836882966467,0.5976136807262535,0.5976136807262535,0.5976136807262535,0.5976136807262535,0.38102704180827907,0.34848414569312125,0.47990639354422965,0.47990639354422965,0.32122370823456076,0.2341425533325647,0.2341425533325647,0.3108420603116862
T000403,1.5743256894542368,1.5743256894542368,1.5743256894542368,1.5743256894542368,1.5743256894542368,1.3830797697214683,1.6287517193720575,1.6287517193720575,0.5803979400802457,1.6287517193720575,1.6287517193720575,1.9862384496000705,1.5743256894542368,1.9839460779795808
T000404,0.9570469542379669,0.9570469542379669,0.9570469542379669,0.9570469542379669,0.9570469542379669,0.9570469542379669,0.9570469542379669,1.468549848425989,1.5774257910766438,0.9638580321074104,1.5161140991558713,1.5161140991558713,0.8605822065765275,1.7251947118347482
T000405,1.8858168100964126,1.9983407033098026,1.9342401653459695,1.9342401653459695,1.9342401653459695,1.9342401653459695,1.6570956934390384,1.7480531154916088,0.9962898075427286,0.9962898075427286,0.9993635226234526,1.1325515130374348,1.6503679717416804,1.3705975050514152
T000406,1.9054445317508242,1.8733406603936713,1.634872954024005,1.634872954024005,1.634872954024005,1.634872954024005,1.621891372430559,1.4652442946906075,1.666533297035527,0.8589706207635052,0.8589706207635052,1.0503569091337217,1.621891372430559,0.6448445775138237
T000407,0.46692694436805005,0.48919760246842725,0.48919760246842725,0.48919760246842725,0.5850684978299392,0.5850684978299392,0.46123457048032684,0.5421920882346866,0.5421920882346866,0.5421920882346866,0.5696326554747453,0.5421920882346866,0.4524328805198949,0.521556274766836
T000408,3.082596630514643,3.0930222119522552,3.0930222119522552,3.0930222119522552,3.0930222119522552,3.082596630514643,3.082596630514643,2.4118035676414764,2.4118035676414764,2.4118035676414764,2.1787478729048275,2.575779190156659,2.9370146420738794,2.1267574842631474
T000409,2.0251673603211184,2.0251673603211184,2.0251673603211184,2.0251673603211184,2.0251673603211184,2.0251673603211184,2.0251673603211184,1.2538466985316832,1.2538466985316832,1.3141706688995007,1.3793721879501357,1.3793721879501357,2.018782581515262,1.4193011647254576
T000410,0.1398271465064764,0.14769683131673755,0.14769683131673755,0.2323160582535073,0.2403982869033902,0.2403982869033902,0.6436789100155184,0.6436789100155184,0.6436789100155184,0.6436789100155184,0.6436789100155184,0.6513258470784574,0.15003609691663541,0.39101173418372
T000411,0.8293583922810421,1.6152049417987637,1.2910696564561686,1.3987906770161684,1.3987906770161684,1.3987906770161684,1.5682857940034711,0.6649036961485556,0.9234407947728701,0.9234407947728701,0.9234407947728701,0.7714877427920797,1.2792400564103465,0.8759801726173243
T000412,1.9118899321295617,1.9686813439318436,1.9686813439318436,1.553999331927,1.553999331927,1.553999331927,1.553999331927,1.6559974405023772,1.5047811071936181,1.5769017371563352,1.5769017371563352,1.553999331927,1.553999331927,1.6412092752793526
T000413,1.6035065000232789,1.4051556408388395,1.2560127015823106,1.2560127015823106,1.2560127015823106,1.2560127015823106,1.3688577710470247,1.6035065000232789,1.3368534667281728,1.0995479391290308,1.0995479391290308,1.2848350894513032,1.2924730780139975,1.3450225388562143
T000414,1.1096305226002932,1.2478988645946647,0.6245604401269512,0.6245604401269512,0.6245604401269512,0.6245604401269512,1.2145253067991715,1.1121844286734202,1.1121844286734202,1.1121844286734202,1.1121844286734202,1.0254013921803855,1.239432223415664,0.8829691278230436
T000415,1.165389277182806,0.8805665151278138,0.45651254245979805,0.4870889232249986,0.46316671042150354,0.43190490767666356,0.4641834354329427,0.41729615422719074,0.4601094522296369,0.4672669072043021,0.4601756618022849,0.43190490767666356,0.43190490767666356,0.42068295711775855
T000416,2.6178971969700964,2.6178971969700964,2.6178971969700964,2.6178971969700964,2.6178971969700964,2.6411269262596218,2.06999880833884,2.0430176394626796,2.06999880833884,2.164845469518702,2.164845469518702,2.1195287193652534,2.2220178162340436,2.0639178778876066
T000417,1.7218078315291392,1.6357742348751192,1.6357742348751192,1.6357742348751192,1.6357742348751192,1.6357742348751192,1.6357742348751192,1.6357742348751192,1.5806843898817902,1.5611312273548466,1.4389899011969172,1.558013730778249,1.6357742348751192,1.4642551130648584
T000418,0.5094749060822954,0.402322057390181,0.30460167648729847,0.29802336611096314,0.29802336611096314,0.2826634255484201,0.38527822224700803,0.3278625654438952,0.3278625654438952,0.4897508308736393,0.4897508308736393,0.27743898841681547,0.27743898841681547,0.4307518294841445
T000419,1.3319802669175156,1.028729353396276,1.2385090118038848,1.2416672109334423,1.2416672109334423,1.2416672109334423,1.2416672109334423,1.29821718018163,1.29821718018163,1.29821718018163,1.5427716039254233,1.2416672109334423,1.1015488795548325,1.1691953724205215
T000420,0.4196704958462342,0.4196704958462342,0.4237755073746884,0.4237755073746884,0.4237755073746884,0.4237755073746884,0.4237755073746884,0.4237755073746884,0.524298563584004,0.5044525146809502,0.4737895015116065,0.4028930139389109,0.4028930139389109,0.5933860398891926
T000421,0.25747870217630214,0.2550967868176989,0.254932430412315,0.254932430412315,0.254932430412315,0.254932430412315,0.254932430412315,0.3303465466842837,0.25514198695096924,0.5062386284199818,0.25747870217630214,0.25514198695096924,0.4368169195404617,0.5188317264294078
T000422,0.9999329970958744,1.0210651354448015,0.9999329970958744,0.9999329970958744,0.9999329970958744,0.9999329970958744,1.0210651354448015,1.0210651354448015,0.8764484591933316,0.8446980073123994,0.7263327233166058,0.7276519195969975,0.9999329970958744,1.287144104202565
T000423,0.122470850729265,0.122470850729265,0.122470850729265,0.122470850729265,0.122470850729265,0.122470850729265,0.122470850729265,0.3326061131507653,0.12500590850535517,0.12500590850535517,0.12500590850535517,0.12500590850535517,0.5294927420968792,0.8859194905104232
T000424,0.19190573770491803,0.3055598271752402,0.3055598271752402,0.14500065802146392,0.19190573770491803,0.14500065802146392,0.14500065802146392,0.14107979333247325,0.19190573770491803,0.19190573770491803,0.19190573770491803,0.19190573770491803,0.19190573770491803,0.2107436210945245
T000425,0.7378706122797654,0.7378706122797654,0.7378706122797654,0.7378706122797654,0.7378706122797654,0.7378706122797654,0.7378706122797654,0.7378706122797654,0.6634458909682669,0.6634458909682669,0.7378706122797654,0.7378706122797654,0.6738876206753052,0.7380191729455664
T000426,1.9178265644747343,1.7861419372349352,1.7861419372349352,1.7861419372349352,1.7861419372349352,0.6519436556134749,0.6519436556134749,0.6519436556134749,1.1097855982269627,1.3679923307857595,1.0227403569372482,1.6344205725956256,1.6150145021575488,1.249190231725719
T000427,0.502075308487136,0.502075308487136,0.502075308487136,0.502075308487136,0.502075308487136,0.502075308487136,0.502075308487136,0.502075308487136,0.502075308487136,0.8436872174744434,0.502075308487136,0.502075308487136,0.5416126877484745,1.2788773148148147
T000428,1.0481153533655292,1.0481153533655292,1.0481153533655292,1.0481153533655292,1.0481153533655292,1.0481153533655292,1.0481153533655292,1.0481153533655292,1.0481153533655292,1.4101579332151633,1.7297904496811871,1.0481153533655292,1.3528617598383232,1.3858199559332705
T000429,0.4476624685868984,0.4476624685868984,0.4476624685868984,0.4476624685868984,0.4476624685868984,0.4476624685868984,0.4476624685868984,0.8941419464664898,0.8941419464664898,0.4476624685868984,0.20290577724969178,0.3833693638048178,0.3833693638048178,0.5936288682551543
T000430,0.19553593154102364,0.19553593154102364,0.19553593154102364,0.19553593154102364,0.19553593154102364,0.19553593154102364,0.19553593154102364,0.19553593154102364,0.19553593154102364,0.19553593154102364,0.1921903716741276,0.1921903716741276,0.2256890502634315,0.27985333581950717
T000431,0.1904897624384804,0.1904897624384804,0.2503637078173773,0.2503637078173773,0.2503637078173773,0.11818213251225093,0.11818213251225093,0.11818213251225093,0.11818213251225093,0.1904897624384804,0.11818213251225093,0.1904897624384804,0.1198804702770107,0.8299319475052936
T000432,1.0641286960128866,1.2838069617214187,1.1785134464933933,1.1785134464933933,1.1785134464933933,1.1785134464933933,1.1785134464933933,1.269064233880066,1.2140149711143153,1.2838069617214187,1.269064233880066,1.269064233880066,1.269064233880066,1.2984653402152828
T000433,1.4474767177847792,0.9806905088880268,0.8150913080977474,0.8675798196277623,0.8675798196277623,0.8675798196277623,0.8153241090339841,1.0932793550734472,1.0932793550734472,0.9990350053872644,0.8675798196277623,0.8675798196277623,0.9697331223781864,0.8675798196277623
T000434,0.6905029741693995,0.6905029741693995,0.6905029741693995,0.6905029741693995,0.6905029741693995,0.6905029741693995,0.6905029741693995,0.6905029741693995,0.7170901534044896,0.7127461460486949,0.7170901534044896,0.6905029741693995,0.6905029741693995,0.8119565874293279
T000435,0.5780802265942488,0.5780802265942488,0.5780802265942488,0.5780802265942488,0.5780802265942488,0.5780802265942488,0.5780802265942488,0.5780802265942488,0.5780802265942488,0.6622073505836278,0.5580092973132647,0.6898352035237687,0.5780802265942488,0.5462256200325575
T000436,0.4107581585779836,0.46452322398811435,0.46452322398811435,0.48953867892091324,0.4581403478107211,0.4581403478107211,0.4581403478107211,0.4581403478107211,0.4581403478107211,0.4386855122742878,0.46452322398811435,0.4581403478107211,0.6058497695555964,0.5168679401239801
T000437,0.2951577306157032,0.2951577306157032,0.31489308442434855,0.31489308442434855,0.31489308442434855,0.31489308442434855,0.2951577306157032,0.27991441019419455,0.2973725547002092,0.2973725547002092,0.31489308442434855,0.2951577306157032,0.2951577306157032,0.31489308442434855
T000438,0.8622173665526666,0.8622173665526666,0.8622173665526666,0.892467093747292,0.892467093747292,0.892467093747292,0.892467093747292,0.892467093747292,0.892467093747292,1.2286794394941105,0.8635339609076761,0.8622173665526666,0.9279066930776317,0.8622173665526666
T000439,1.2795742562537316,1.199626901301668,1.3352274583929247,0.8314897572982294,0.8314897572982294,1.2105676475555043,0.6532455760636954,1.1864810456485164,0.8466172665397278,0.8466172665397278,0.8314897572982294,0.8314897572982294,1.15389158671643,1.199626901301668
T000440,1.4717410882139572,1.4045261631879136,1.3182488382416315,1.3182488382416315,1.3182488382416315,1.3182488382416315,1.4717410882139572,1.3314248790470784,1.3314248790470784,1.3314248790470784,1.3687232422647795,1.3182488382416315,1.4717410882139572,1.3182488382416315
T000441,1.0324197289977766,1.0324197289977766,0.9407801926353783,1.0334919984014388,0.9104977620328776,0.8427376551439565,1.2864843267917054,1.2864843267917054,1.2864843267917054,0.9918209048968127,0.8881606249665028,0.8427376551439565,0.983336069104551,1.0324197289977766
T000442,1.278142018445468,1.1556547438118987,1.1556547438118987,1.1556547438118987,1.1556547438118987,1.1556547438118987,1.154519495345936,1.1742902637203576,1.180457228546042,1.180457228546042,1.1556547438118987,1.1556547438118987,1.1556547438118987,1.1556547438118987
T000443,0.19858710429209656,0.19858710429209656,0.19858710429209656,0.24371082153871268,0.24371082153871268,0.24371082153871268,0.24371082153871268,0.24371082153871268,0.18316127935165835,0.19858710429209656,0.19858710429209656,0.19858710429209656,0.19858710429209656,0.19858710429209656
T000444,0.6710553705245629,0.6710553705245629,0.6710553705245629,0.8571491646067918,0.8359358096731361,0.8237428338268196,0.8234555020255021,0.8234555020255021,0.8234555020255021,0.8234555020255021,0.7525857149581331,0.8614552711923325,0.8614552711923325,0.9266253458425693
T000445,0.24854814611308726,0.3230130080735233,0.3224731985850376,0.31078116207236534,0.3224731985850376,0.33177917550176644,0.31078116207236534,0.2501027631182131,0.3210344928910296,0.2501027631182131,0.317064503025648,0.2501027631182131,0.19873093348639992,0.3224731985850376
T000446,0.20035686233285552,0.20035686233285552,0.20035686233285552,0.20035686233285552,0.20035686233285552,0.20035686233285552,0.20035686233285552,0.20035686233285552,0.2923219630063613,0.2923219630063613,0.2923219630063613,0.2923219630063613,0.19262672814667411,0.20035686233285552
T000447,0.42478743644424755,0.42478743644424755,0.37264409997646764,0.37264409997646764,0.37264409997646764,0.37264409997646764,0.37264409997646764,0.37264409997646764,0.37264409997646764,0.37264409997646764,0.37264409997646764,0.37264409997646764,0.368703404317379,0.3800034250837506
T000448,0.5494377050025264,0.5198802438474437,0.5229669238327892,0.5229669238327892,0.5229669238327892,0.5229669238327892,0.5229669238327892,0.5229669238327892,0.5229669238327892,0.45509898222590217,0.5229669238327892,0.45509898222590217,0.4476937240328286,0.5229669238327892
T000449,0.21468761114878096,0.16858660030929942,0.44373277081584844,0.15230293286851146,0.15230293286851146,0.15230293286851146,0.16222659495343358,0.209253654633665,0.22125620839343976,0.1735897303575759,0.1735897303575759,0.1735897303575759,0.1735897303575759,0.44373277081584844
T000450,2.601626162172416,2.347870971678203,2.1630600499562957,2.1630600499562957,2.1630600499562957,2.347870971678203,2.2826024152222746,2.2826024152222746,2.2826024152222746,2.1630600499562957,2.2826024152222746,2.2826024152222746,2.601626162172416,2.179194279415193
T000451,0.5645192796030764,0.5645192796030764,0.5645192796030764,0.5579238547235102,0.5874584369475061,0.5641159849856614,0.5641159849856614,0.5874584369475061,0.5645192796030764,0.5645192796030764,0.5645192796030764,0.5645192796030764,0.5874584369475061,0.9600443119318149
T000452,0.5495761342146792,0.6265560216323008,0.31712428726562997,0.4215160834757996,0.5184132344699142,0.6680281234437382,0.6680281234437382,0.29425298132930966,0.29425298132930966,0.29425298132930966,0.36908419526806774,0.5526560888593894,0.9095314645529311,0.6386470875666398
T000453,0.4107581585779836,0.46452322398811435,0.46452322398811435,0.48953867892091324,0.4581403478107211,0.4581403478107211,0.4581403478107211,0.4581403478107211,0.4581403478107211,0.4386855122742878,0.46452322398811435,0.4581403478107211,0.6058497695555964,0.5168679401239801
T000454,1.6223924816451072,0.922102839153278,1.5990144299685864,0.6224028050407567,0.6224028050407567,0.6224028050407567,0.6224028050407567,0.5327794763550073,0.6224028050407567,0.6224028050407567,0.922102839153278,1.6186404210250738,1.5465118831943765,1.137528316893359
T000455,1.3812416346173908,1.3812416346173908,1.3812416346173908,1.288135557846741,1.334475411551199,1.3349532341440806,1.177234930170926,1.177234930170926,0.3890495442288703,1.2670297211649184,1.177234930170926,1.3349532341440806,1.288135557846741,1.3812416346173908
T000456,0.6678630261907487,0.7329885170602379,0.7018632896046831,0.743286663506859,1.721407331904287,1.721407331904287,0.743286663506859,0.743286663506859,0.6668144764187017,0.6668144764187017,0.8889475011453725,0.7256251794002432,0.7542399508157164,0.6829999446133183
T000457,1.089756209079775,0.7233892160905578,0.7233892160905578,0.8940876067379852,0.7233892160905578,0.8940876067379852,0.8368129532742338,0.8940876067379852,0.8368129532742338,0.8744806447396881,0.7233892160905578,0.7733785564333501,0.7233892160905578,0.7233892160905578
T000458,0.7377302039640664,0.7377302039640664,0.646998117479358,0.646998117479358,0.669845425422082,1.3334929828207494,0.8793746061278286,0.8793746061278286,0.8793746061278286,0.8793746061278286,1.0295567829521273,0.6828814693377692,0.6517790897624228,0.6401740181757172
T000459,0.43729158742307456,0.43729158742307456,0.43729158742307456,0.51416042555869,0.39379384152582714,0.39379384152582714,0.39379384152582714,0.39379384152582714,0.534578600315393,0.39379384152582714,0.39379384152582714,0.39379384152582714,0.42045193403102543,0.42045193403102543
T000460,1.278142018445468,1.1556547438118987,1.1556547438118987,1.1556547438118987,1.1556547438118987,1.1556547438118987,1.154519495345936,1.1742902637203576,1.180457228546042,1.180457228546042,1.1556547438118987,1.1556547438118987,1.1556547438118987,1.1556547438118987
T000461,0.7182259159335906,0.45807217721812865,0.38263915586957675,0.38263915586957675,0.38263915586957675,0.38263915586957675,0.38263915586957675,0.42673967753069864,0.5939792968950434,0.392133152472736,0.42673967753069864,0.42673967753069864,0.5939792968950434,0.5095214622194003
T000462,1.7778048949690588,1.1409168849611837,0.38173656427981495,0.38173656427981495,1.1409168849611837,1.1409168849611837,0.44035846468839057,1.5348701072987525,1.5348701072987525,1.5348701072987525,1.5348701072987525,0.41612585061206014,1.1284618073269692,0.7526881311865165
T000463,0.8662183359402035,0.8662183359402035,0.8734232943771614,0.8662183359402035,0.8734232943771614,0.8734232943771614,0.8734232943771614,0.8662183359402035,0.8662183359402035,0.8153008684702626,0.8153008684702626,0.8700567197476862,0.8349572859653059,0.9941280025943342
T000464,0.3925292593175927,0.3925292593175927,0.3925292593175927,0.3925292593175927,0.3925292593175927,0.3925292593175927,0.3925292593175927,0.43597319623516295,0.6205810139871442,0.8966668222637765,0.6205810139871442,0.40445692013001344,0.42432443918313895,0.8963725108651256
T000465,0.20036727495955878,0.07755091927610713,0.1081753654117392,0.32817397205521937,0.1081753654117392,0.07755091927610713,0.1081753654117392,0.1081753654117392,0.1081753654117392,0.10248247970537201,0.1665292665851126,0.1081753654117392,0.589445140536416,0.4758343541905229
T000466,1.0483285293034368,0.37517139310827047,0.15062099161065828,0.15062099161065828,0.15062099161065828,0.15062099161065828,0.32500965203943744,0.15062099161065828,0.45552923563488773,0.5019271879602388,0.3283316296519499,0.4252588470366973,0.5991339964409768,0.691141912208823
T000467,0.8650196909162773,0.9291617402938219,0.9130414105919927,0.9130414105919927,0.9130414105919927,0.9130414105919927,0.9130414105919927,0.9818059856909849,0.2746641653228048,0.7845909422445476,0.40263697767081874,0.7128833552743709,0.9412684105375779,0.38150734501528555
T000468,1.4175325786927098,0.2124792755491918,0.3212806849511697,0.3212806849511697,0.6728572630409424,0.6728572630409424,1.1036505103087662,1.1036505103087662,1.1036505103087662,1.1036505103087662,1.1036505103087662,0.7021445887098681,0.5518487823463956,0.15314096690870396
T000469,0.7726966688089525,0.7822871207627448,0.7539576391241325,0.7822871207627448,0.7539576391241325,0.7539576391241325,0.7726966688089525,0.7726966688089525,1.312936117924847,1.312936117924847,1.312936117924847,1.3706602123665328,1.1168222413370925,1.5331134096494796
T000470,0.4524153364494985,0.5635558594267884,0.7755213920312175,0.5635558594267884,0.7755213920312175,0.7755213920312175,0.8160729077102501,1.3886128615005096,1.3886128615005096,1.3886128615005096,1.3886128615005096,1.045585817006542,1.1698801566962658,1.4227589841278467
T000471,0.5587082964944536,0.13387250726548308,0.13387250726548308,0.13387250726548308,0.13387250726548308,0.13387250726548308,0.12932131055492058,0.12932131055492058,0.888380178367755,0.41006610429204976,0.41006610429204976,0.41006610429204976,0.23305226507529128,0.6599309178277393
T000472,1.2987932978991747,0.19599458238501047,0.35994697302309375,0.35994697302309375,0.4698554135347559,0.35994697302309375,0.4698554135347559,0.4698554135347559,0.4698554135347559,0.36057091825410764,0.19599458238501047,0.8783538391606868,1.2630087668654018,0.45704518334507044
T000473,2.440447960547884,2.440447960547884,2.440447960547884,2.440447960547884,2.440447960547884,2.440447960547884,2.440447960547884,1.989958922866271,2.5056716851584726,2.3194441231187706,2.3750113044027867,2.713167205076128,2.508259039000401,2.3194441231187706
T000474,1.119491167912542,1.316799429186549,1.316799429186549,1.316799429186549,1.316799429186549,1.5069706456796959,1.2391940395981356,1.5297288752917984,1.5297288752917984,1.5297288752917984,0.8341440356616231,1.316799429186549,1.7308017914058775,1.3725755240549962
T000475,3.1253115972992855,3.4054929138402175,3.4054929138402175,3.360775290440732,3.360775290440732,3.360775290440732,3.358016067558954,3.358016067558954,2.577037888954665,2.577037888954665,2.577037888954665,3.4360614380717354,3.7924035323930316,2.8792566665755155
T000476,2.7431480556740446,2.7431480556740446,2.7431480556740446,2.7431480556740446,2.7431480556740446,3.088943370637433,3.427297190715411,3.5014273854817266,3.931135917437965,3.931135917437965,4.0707683517837845,4.02730754028724,4.716328566743215,5.622769864272895
T000477,0.4316010321247367,0.4316010321247367,0.4316010321247367,0.4316010321247367,0.42104489209207246,0.42104489209207246,0.28746947496947484,0.3012225976498037,0.6250211267680308,0.6250211267680308,0.6411293430753449,0.42104489209207246,0.42104489209207246,0.3762795918539535
T000478,0.8726756522137915,0.8726756522137915,0.8726756522137915,0.8726756522137915,0.8726756522137915,0.6129209241783125,0.9216763039464468,1.2133157063001838,0.6040788002638917,1.7998646422627351,1.7998646422627351,0.9216763039464468,0.824630101027803,1.1863744920712174
T000479,0.5880630787573852,0.5880630787573852,0.5880630787573852,0.5880630787573852,0.5880630787573852,0.4639179247467475,0.5880630787573852,0.5813747132371674,0.18894116441088932,0.18894116441088932,0.5555115256346908,0.5739302861151941,0.5046494272675678,0.5489951906561327
T000480,0.2671527478080672,0.39689759397896884,0.33141527008802013,0.7040663867345427,0.33141527008802013,0.7973080233785237,0.6220591670944579,0.6220591670944579,0.6220591670944579,0.6220591670944579,0.6220591670944579,0.40955185130776,0.2837660362044194,0.40520563217445954
T000481,0.8080681892984101,0.8180414657573705,0.8829078815984318,0.8829078815984318,0.8829078815984318,0.8829078815984318,0.8080681892984101,0.8080681892984101,0.22785654870800823,0.22785654870800823,0.520851984441279,0.6695612185807387,1.0987971615891416,0.2651251461447125
T000482,1.6933800046268996,1.1557821691526933,0.3623731026796338,0.3623731026796338,1.1557821691526933,1.0665743726918826,0.5137185179560594,1.5714226702897922,1.5714226702897922,1.5714226702897922,1.5714226702897922,1.5714226702897922,1.2506996709756935,0.7864134856861543
T000483,1.7778048949690588,1.1409168849611837,0.38173656427981495,0.38173656427981495,1.1409168849611837,1.1409168849611837,0.44035846468839057,1.5348701072987525,1.5348701072987525,1.5348701072987525,1.5348701072987525,0.41612585061206014,1.1284618073269692,0.7526881311865165
T000484,0.5261648184620282,0.947347376290009,2.271581266488269,0.947347376290009,2.271581266488269,2.271581266488269,2.7751599467861205,2.1318038055767436,2.7751599467861205,2.7751599467861205,2.1318038055767436,2.1318038055767436,2.271581266488269,1.6621484402822844
T000485,1.759947640906215,1.1465072188570018,1.1465072188570018,1.1465072188570018,1.1465072188570018,1.1465072188570018,1.0483076162377294,0.6825005589968923,0.6825005589968923,0.6825005589968923,0.6825005589968923,0.8915622312303834,1.0669162566177333,0.7659742674468577
T000486,1.114309254973887,1.114309254973887,0.23507132609096013,0.23507132609096013,0.23507132609096013,0.23507132609096013,0.6623526956414654,0.27587026745108445,0.27587026745108445,0.27587026745108445,0.27587026745108445,0.27587026745108445,0.23507132609096013,0.6246844492789071
T000487,1.7778048949690588,1.1409168849611837,0.38173656427981495,0.38173656427981495,1.1409168849611837,1.1409168849611837,0.44035846468839057,1.5348701072987525,1.5348701072987525,1.5348701072987525,1.5348701072987525,0.41612585061206014,1.1284618073269692,0.7526881311865165
T000488,0.6968307073923278,0.6968307073923278,0.6968307073923278,0.6968307073923278,0.6968307073923278,0.6968307073923278,0.6968307073923278,1.3388774687680116,1.3388774687680116,1.3388774687680116,1.2710047633239603,0.7378862202053222,0.711281217298489,1.3971216870903391
T000489,1.1981651378625173,0.6254729916719984,0.2022405619532105,0.37584153505323664,0.6010424224116665,0.6010424224116665,1.0376227351455394,0.9150147726352338,1.0376227351455394,1.0376227351455394,0.9150147726352338,0.9150147726352338,0.42185925878783065,0.16165568835330815
T000490,1.4175325786927098,0.2124792755491918,0.3212806849511697,0.3212806849511697,0.6728572630409424,0.6728572630409424,1.1036505103087662,1.1036505103087662,1.1036505103087662,1.1036505103087662,1.1036505103087662,0.7021445887098681,0.5518487823463956,0.15314096690870396
T000491,1.3076469769882249,0.7509831422581659,0.7509831422581659,0.7509831422581659,1.8310478873214804,1.1207155646281421,1.0313422404699677,1.0313422404699677,1.0313422404699677,1.0313422404699677,1.0313422404699677,0.322116984924511,1.2225113276204336,0.42315697475590114
T000492,1.155713592436625,1.0889793687251421,1.0889793687251421,1.0889793687251421,1.0889793687251421,1.0889793687251421,0.9058183433871136,0.9302325581395344,0.9058183433871136,0.8406086819896399,0.8406086819896399,0.8406086819896399,0.9685600791262067,0.9058183433871136
T000493,0.1776212251859889,0.7330674689463625,0.20888046150397277,0.7330674689463625,0.20888046150397277,0.7429415375053688,0.19935220187500083,0.8733765491947861,0.8733765491947861,0.8733765491947861,0.8733765491947861,0.8733765491947861,0.7429415375053688,0.27988291796468207
T000494,1.4175325786927098,0.2124792755491918,0.3212806849511697,0.3212806849511697,0.6728572630409424,0.6728572630409424,1.1036505103087662,1.1036505103087662,1.1036505103087662,1.1036505103087662,1.1036505103087662,0.7021445887098681,0.5518487823463956,0.15314096690870396
T000495,1.0095307239700104,0.44049230439470444,0.412851122557572,0.412851122557572,0.44049230439470444,0.44049230439470444,0.41222861177683146,0.6285408037471318,0.40491907430270446,0.3794355046138865,0.40491907430270446,0.40491907430270446,0.29220482550872967,0.3390498523282512
T000496,0.9475664087022178,0.942580606023575,0.942580606023575,0.942580606023575,0.942580606023575,0.942580606023575,0.942580606023575,0.942580606023575,0.4699968414202598,0.4699968414202598,0.48759724543987154,0.4699968414202598,0.31342145962286877,0.20730769470738686
T000497,0.8172646050892333,0.8172646050892333,0.4174129333441774,0.4174129333441774,0.4174129333441774,0.31951209167120176,0.353180919424234,0.3460240905064317,0.35338051231948636,0.35614613823902075,0.35614613823902075,0.4167306336043143,0.31951209167120176,0.415912690172532
T000498,2.5291999044552993,2.5291999044552993,2.519185975666712,2.519185975666712,2.308399993650828,1.5756089006062024,1.624956695462724,1.5960889802477471,1.5960889802477471,1.624956695462724,1.5960889802477471,1.624956695462724,1.5756089006062024,2.114270941054811
T000499,0.3955515887244033,0.20334667969411038,0.20334667969411038,0.20334667969411038,0.20334667969411038,0.20334667969411038,0.24568308370337336,0.46215049183948836,0.41335690563378247,0.3710204194577026,0.46750524374963603,0.4500225244745409,0.2767417791816177,0.42511852024559155
T000500,0.8942082496047696,0.9164531463004503,0.9164531463004503,0.9164531463004503,0.8640531710952711,0.9164531463004503,0.8727973169478223,1.0200300300504224,0.846597261854697,0.2930852930852948,0.28685818831205107,0.638852857158778,0.46775606184476715,0.22666353420243518
T000501,1.0422648537903891,0.26478118049491417,0.26478118049491417,0.26478118049491417,0.26478118049491417,0.5612831654552023,0.3481324363673775,0.3481324363673775,0.21624652657509336,0.40123919451529866,0.40123919451529866,0.42558262174715455,0.21624652657509336,0.5623924324209836
T000502,1.0483285293034368,0.37517139310827047,0.15062099161065828,0.15062099161065828,0.15062099161065828,0.15062099161065828,0.32500965203943744,0.15062099161065828,0.45552923563488773,0.5019271879602388,0.3283316296519499,0.4252588470366973,0.5991339964409768,0.691141912208823
T000503,0.4174555308989825,0.312946684722937,0.312946684722937,0.312946684722937,0.312946684722937,0.312946684722937,0.312946684722937,0.3137924197062003,0.7797172796451691,0.3137924197062003,0.3137924197062003,0.223339239969021,0.22581280883345736,0.7797172796451691
T000504,0.2297852495109977,0.2297852495109977,0.2297852495109977,0.2293934819264601,0.2293934819264601,0.2293934819264601,0.2293934819264601,0.22765310003804454,0.22765310003804454,0.22765310003804454,0.22765310003804454,0.22765310003804454,0.22765310003804454,0.22765310003804454
T000505,3.170553935860052,2.8392818663335104,3.4974544074616865,2.268066236028137,2.268066236028137,1.8075402993543366,1.6757678619926086,1.4547199385274767,1.4547199385274767,1.6757678619926086,2.268066236028137,2.268066236028137,2.268066236028137,1.4547199385274767
T000506,0.5617168280569923,0.4565712044475809,0.4528232266631121,0.4528232266631121,0.4528232266631121,0.4528232266631121,0.4565712044475809,0.6964879372415265,0.6964879372415265,0.6964879372415265,0.4128408887545923,0.4528232266631121,0.4528232266631121,0.8944906250678669
T000507,0.6809230443264322,0.6782649064019115,0.6782649064019115,0.6782649064019115,0.6782649064019115,0.6782649064019115,0.6809230443264322,0.6809230443264322,1.2059098764814926,1.2059098764814926,1.2059098764814926,0.7108520597127991,0.6809230443264322,1.2059098764814926
T000508,0.26518943310624216,0.34148998077584414,0.34148998077584414,0.2582002708363448,0.2793946449359723,0.2582002708363448,0.2582002708363448,0.3124394432292133,0.3124394432292133,0.2946000867983054,0.3124394432292133,0.34148998077584414,0.34148998077584414,0.3234585715873773
T000509,2.3036314999967415,0.9906040268456558,1.0176608144927068,1.7643421209571097,1.7643421209571097,1.7643421209571097,1.7643421209571097,1.7643421209571097,1.7643421209571097,1.7643421209571097,2.227938367741422,2.227938367741422,1.0176608144927068,1.8362416107382549
T000510,1.9503958813640638,2.691876750700271,2.4119316718238593,1.74518830059088,2.2509845735545326,2.2509845735545326,2.2509845735545326,2.2509845735545326,2.2509845735545326,2.2509845735545326,2.2790433065841396,1.74518830059088,1.74518830059088,2.2509845735545326
T000511,0.5846879729274714,0.5292757986366735,0.5292757986366735,0.4153255305407309,0.5292757986366735,0.3481439136253398,0.4153255305407309,0.7573328792250963,0.40652518193451864,0.40652518193451864,0.3481439136253398,0.3481439136253398,0.5292757986366735,0.40652518193451864
T000512,0.9140302613480055,0.9140302613480055,0.9297201775916006,0.920776458570163,0.9276899240033694,0.9287500134615863,1.889865133375852,1.6394975679025985,0.9287500134615863,1.889865133375852,0.9287500134615863,0.9287500134615863,0.920776458570163,1.6394975679025985
T000513,3.239648286185093,1.9153740150359884,2.023452342235967,1.660695581563697,1.5463775962489428,1.355210878743254,1.355210878743254,1.355210878743254,1.5463775962489428,1.355210878743254,1.244185342627379,1.355210878743254,1.4233845254614632,1.6233552631578947
T000514,0.31929308309157217,0.31929308309157217,0.22222437161719447,0.22222437161719447,0.22222437161719447,0.22222437161719447,0.22222437161719447,0.22222437161719447,0.22222437161719447,0.22222437161719447,0.22222437161719447,0.22222437161719447,0.22222437161719447,0.1839622772191448
T000515,2.6383723836177704,0.43547543462777444,0.4960197259479757,0.43547543462777444,0.43547543462777444,0.43547543462777444,0.43547543462777444,0.525996443142587,0.43547543462777444,0.43547543462777444,0.43547543462777444,0.43547543462777444,0.525996443142587,0.525996443142587
T000516,0.19047969754411395,0.19047969754411395,0.23001801925154852,0.23001801925154852,0.23001801925154852,0.23001801925154852,0.23001801925154852,0.17984992965452554,0.23001801925154852,0.23001801925154852,0.23001801925154852,0.17984992965452554,0.17984992965452554,0.17094140284829878
T000517,0.26915036705974577,0.4311769633903137,0.4311769633903137,0.4311769633903137,0.4311769633903137,0.606166877001408,0.6140982709544065,0.6140982709544065,0.6140982709544065,0.6140982709544065,0.6140982709544065,0.606166877001408,0.4311769633903137,0.4458833619210978
T000518,1.7251571180988474,1.0290921109343814,1.0290921109343814,1.0290921109343814,1.0290921109343814,0.8412959313575147,0.394271948608137,0.394271948608137,0.8072527890057064,0.4314673903107638,0.5147808534688361,0.7570737699077282,1.0290921109343814,0.394271948608137
T000519,0.5453219582458916,0.3109965834025846,0.3109965834025846,0.3109965834025846,0.3109965834025846,0.3109965834025846,0.3109965834025846,0.3109965834025846,0.3109965834025846,0.3109965834025846,0.3109965834025846,0.3109965834025846,0.3109965834025846,0.45858166540874146
T000520,0.3750000000000081,0.2802650395724498,0.2802650395724498,0.2802650395724498,0.2802650395724498,0.3750000000000081,0.2802650395724498,0.2802650395724498,0.2802650395724498,0.2802650395724498,0.2802650395724498,0.2802650395724498,0.3750000000000081,0.7076735852847496
T000521,0.8359674809239588,0.8948287148156229,0.8141579043653192,0.7884552975826054,0.8359674809239588,0.7884552975826054,0.7372185712579659,0.7372185712579659,0.7372185712579659,0.7372185712579659,0.7372185712579659,0.8170533865143143,0.8141579043653192,0.7372185712579659
T000522,0.26518943310624216,0.34148998077584414,0.34148998077584414,0.2582002708363448,0.2793946449359723,0.2582002708363448,0.2582002708363448,0.3124394432292133,0.3124394432292133,0.2946000867983054,0.3124394432292133,0.34148998077584414,0.34148998077584414,0.3234585715873773
T000523,0.7098574634617965,0.7098574634617965,0.7098574634617965,0.7966432880878005,0.7966432880878005,0.7966432880878005,0.7966432880878005,0.7076736666711584,0.7076736666711584,0.7076736666711584,0.7966432880878005,0.7966432880878005,0.9369035634533958,0.5116042976082561
T000524,0.2647730154704547,0.2756999594981857,0.2756999594981857,0.2756999594981857,0.2756999594981857,0.2756999594981857,0.2756999594981857,0.2756999594981857,0.27182243824057684,0.27182243824057684,0.26142561183692853,0.27182243824057684,0.27182243824057684,0.2423012597899922
T000525,2.440240834532589,2.3794736842105304,2.402510402224792,2.402510402224792,2.391990996550297,2.269335558791575,2.3921052631578945,2.3921052631578945,2.3921052631578945,2.3921052631578945,2.370910908817292,2.402510402224792,2.4219905888100315,2.3921052631578945
T000526,0.26518943310624216,0.34148998077584414,0.34148998077584414,0.2582002708363448,0.2793946449359723,0.2582002708363448,0.2582002708363448,0.3124394432292133,0.3124394432292133,0.2946000867983054,0.3124394432292133,0.34148998077584414,0.34148998077584414,0.3234585715873773
T000527,0.45176288531546044,0.5072380385077838,0.5072380385077838,0.5072380385077838,0.5452245337302196,0.5452245337302196,0.5452245337302196,0.9502743637108025,0.5452245337302196,0.9502743637108025,0.5452245337302196,0.5452245337302196,0.5072380385077838,0.9787499999999999
T000528,1.3979357798165055,1.3979357798165055,0.4199327877167409,0.4199327877167409,0.37919648804290146,0.37919648804290146,0.4199327877167409,0.37919648804290146,0.37919648804290146,0.4034218765182179,0.37919648804290146,0.37919648804290146,0.4199327877167409,0.4034218765182179
T000529,3.239648286185093,1.9153740150359884,2.023452342235967,1.660695581563697,1.5463775962489428,1.355210878743254,1.355210878743254,1.355210878743254,1.5463775962489428,1.355210878743254,1.244185342627379,1.355210878743254,1.4233845254614632,1.6233552631578947
T000530,2.8041911942897246,2.11614730878187,2.3701614044922326,1.9925796306108134,1.6838834755514478,2.2147340191683025,2.2147340191683025,2.2147340191683025,2.2147340191683025,2.2147340191683025,3.143219351475462,3.143219351475462,1.9925796306108134,3.1504601557160483
T000531,2.0425384520515353,1.5579221575237512,1.3100332294515251,1.6000088941163226,1.109106185565652,1.109106185565652,1.109106185565652,1.109106185565652,1.109106185565652,1.109106185565652,1.109106185565652,2.0416236226048223,1.6000088941163226,1.109106185565652
T000532,1.642728210877815,1.8538373425871635,1.8538373425871635,1.736691179354615,1.618510477717906,1.618510477717906,1.618510477717906,1.618510477717906,1.618510477717906,1.618510477717906,1.618510477717906,1.618510477717906,1.8538373425871635,1.6184019370460048
T000533,3.170553935860052,2.8392818663335104,3.4974544074616865,2.268066236028137,2.268066236028137,1.8075402993543366,1.6757678619926086,1.4547199385274767,1.4547199385274767,1.6757678619926086,2.268066236028137,2.268066236028137,2.268066236028137,1.4547199385274767
T000534,1.8631397283681486,2.542217065884039,2.6903581450396308,1.3267300909377833,0.8979743146800127,0.8979743146800127,0.9908480184692586,0.9908480184692586,0.9908480184692586,0.8979743146800127,0.8979743146800127,1.99090111964817,1.99090111964817,2.308152793614595
T000535,1.9503958813640638,2.691876750700271,2.4119316718238593,1.74518830059088,2.2509845735545326,2.2509845735545326,2.2509845735545326,2.2509845735545326,2.2509845735545326,2.2509845735545326,2.2790433065841396,1.74518830059088,1.74518830059088,2.2509845735545326
T000536,0.7923832923832957,0.7737999479260315,0.777641277641276,0.9113797430255468,3.3635649460195363,3.3635649460195363,3.3635649460195363,3.3635649460195363,3.3635649460195363,3.3635649460195363,3.3635649460195363,1.5870388655916892,1.5870388655916892,3.3635649460195363
T000537,0.6679040108716716,0.5583951608348218,0.5583951608348218,0.5583951608348218,0.5513888419685754,0.5513888419685754,1.0084631521380565,0.5513888419685754,0.5513888419685754,0.5513888419685754,0.5513888419685754,0.5513888419685754,0.5583951608348218,1.0084631521380565
T000538,0.42030343744723,0.2526614564742448,0.2526614564742448,0.2526614564742448,0.2526614564742448,0.2526614564742448,0.2526614564742448,0.24352495262160456,0.2526614564742448,0.24352495262160456,0.2526614564742448,0.24352495262160456,0.24352495262160456,0.24352495262160456
T000539,0.2480045668717496,0.23682861524001178,0.3357904526205084,0.3357904526205084,0.3357904526205084,0.3357904526205084,0.3357904526205084,0.34714738543751283,0.7557464652186565,0.34714738543751283,0.34714738543751283,0.2690849057655455,0.23682861524001178,0.7557464652186565
T000540,0.4174555308989825,0.312946684722937,0.312946684722937,0.312946684722937,0.312946684722937,0.312946684722937,0.312946684722937,0.3137924197062003,0.7797172796451691,0.3137924197062003,0.3137924197062003,0.223339239969021,0.22581280883345736,0.7797172796451691
T000541,0.9517766497462032,2.410027693210672,1.2397792544272022,2.2101085881033216,2.2101085881033216,2.2101085881033216,2.2101085881033216,2.478392946230206,2.478392946230206,2.223755887704805,2.430731681855332,2.430731681855332,1.2397792544272022,2.276649746192893
T000542,2.3036314999967415,0.9906040268456558,1.0176608144927068,1.7643421209571097,1.7643421209571097,1.7643421209571097,1.7643421209571097,1.7643421209571097,1.7643421209571097,1.7643421209571097,2.227938367741422,2.227938367741422,1.0176608144927068,1.8362416107382549
T000543,1.0958213256484228,1.0117764598376786,0.9491179394383029,0.9741985516300168,0.596084129631874,1.1552193336725416,1.4929901488400348,1.4929901488400348,1.4929901488400348,1.4929901488400348,0.596084129631874,0.596084129631874,0.9741985516300168,1.2900013311664
T000544,0.7767857142857101,0.723080170320719,0.7767857142857101,0.723080170320719,0.7767857142857101,0.7322984200282514,0.7322984200282514,0.7322984200282514,0.7322984200282514,0.7072498285037822,0.7322984200282514,0.7767857142857101,0.743417176059058,0.743417176059058
T000545,1.3820474777448133,1.9373752218662517,2.791087948367999,2.791087948367999,2.791087948367999,2.791087948367999,2.791087948367999,2.791087948367999,2.791087948367999,2.791087948367999,2.791087948367999,2.337820590886107,1.761998733095779,1.3820474777448133
T000546,0.28677516920589763,0.29438150823343145,0.29438150823343145,0.29438150823343145,0.29438150823343145,0.29438150823343145,0.29438150823343145,0.29438150823343145,0.30198021380769796,0.29438150823343145,0.29438150823343145,0.29438150823343145,0.3143153526970945,0.5852356262875195
T000547,0.4174555308989825,0.312946684722937,0.312946684722937,0.312946684722937,0.312946684722937,0.312946684722937,0.312946684722937,0.3137924197062003,0.7797172796451691,0.3137924197062003,0.3137924197062003,0.223339239969021,0.22581280883345736,0.7797172796451691
T000548,2.3036314999967415,0.9906040268456558,1.0176608144927068,1.7643421209571097,1.7643421209571097,1.7643421209571097,1.7643421209571097,1.7643421209571097,1.7643421209571097,1.7643421209571097,2.227938367741422,2.227938367741422,1.0176608144927068,1.8362416107382549
T000549,0.6054242906524924,0.5102608557645787,0.5102608557645787,0.5102608557645787,0.5102608557645787,0.5102608557645787,0.5102608557645787,0.5340648665375876,0.5029297868593267,0.5373715598668014,0.7356927225247178,0.30652606898854934,0.33192161207039966,0.5735761024536417
T000550,2.3072545295920173,2.221973872689927,2.221973872689927,1.6014627090901237,1.6014627090901237,1.6014627090901237,1.6014627090901237,1.6014627090901237,1.6014627090901237,2.6248766102517065,1.6363316053953205,1.5922064140579952,2.05581975447397,2.2840693768141223
T000551,0.22072986797933034,0.22072986797933034,0.1852317435575259,0.1852317435575259,0.18264888258994386,0.39528445570175325,0.22072986797933034,0.22072986797933034,0.167066271278617,0.6144610321312847,0.6144610321312847,0.39528445570175325,0.2643513073252412,0.6378754929805399
T000552,1.5082864400677125,1.7686782800356473,1.663071066853689,0.8224703656789709,1.963906715873165,1.6804529576652847,1.7686782800356473,2.1178331170074123,1.4205949078566298,1.4592439705700797,1.4592439705700797,1.8813161926311248,1.5159908362826873,1.2010084635144243
T000553,0.30165321075135826,0.5787077827881258,0.30165321075135826,0.6225948302648457,0.42456851887014535,0.5787077827881258,0.5787077827881258,0.5787077827881258,0.6234953646897821,0.30165321075135826,0.6572818038495812,0.6572818038495812,0.643688873818484,0.3542305927672011
T000554,0.2973700781501077,0.2973700781501077,0.2973700781501077,0.2973700781501077,0.2973700781501077,0.2973700781501077,0.2973700781501077,0.3005305268781092,0.3005305268781092,0.3005305268781092,0.3005305268781092,0.2995621770595843,0.28829937272239003,0.756962149838158
T000555,2.2004254751416266,2.2004254751416266,2.081552210091988,2.0715676305369737,2.0715676305369737,1.8064901071942288,1.8064901071942288,1.8064901071942288,1.8064901071942288,2.0483418929178816,2.0158972161703885,2.081926916435358,2.2004254751416266,2.10062700854487
T000556,0.9725720574777207,0.23113580890018454,0.24195128366439325,0.29358896672191614,0.24195128366439325,0.24195128366439325,0.24195128366439325,0.29358896672191614,0.3083118398672088,0.7464133654637691,0.23415989908713947,0.41667022596747505,0.7953456426825553,0.34619751975572916
T000557,2.1038927791506374,2.1038927791506374,2.0782878119199664,2.1723649991048655,2.05164695755405,0.24245982040577582,0.24245982040577582,0.24245982040577582,0.2634912544469088,0.7767830354697286,0.5837591015236088,2.055827915890779,2.7134716888157695,1.1422332692988437
T000558,0.5192898251481328,0.5089846842798147,0.5192898251481328,0.5350775679741592,0.5192898251481328,0.5192898251481328,0.5623971415088288,0.5350775679741592,0.5089846842798147,0.5192898251481328,0.5192898251481328,0.6414865437952249,0.6414865437952249,0.6542985141635657
T000559,0.2640490911584698,0.2640490911584698,0.3216127774741111,0.3216127774741111,0.3216127774741111,0.3216127774741111,0.3216127774741111,0.3216127774741111,0.3593675109743577,0.227218696908176,0.40563560997941767,0.3593675109743577,0.3593675109743577,0.5236587362691838
T000560,1.5102985638700026,0.7771140861194117,0.44730119388628226,0.47835624435760477,0.47835624435760477,0.7508623322834963,0.9907912864723737,0.7453527550017298,0.6756588159084476,1.4539054227477812,1.4539054227477812,0.7508623322834963,0.5033345516035264,0.9359679195095573
T000561,1.6090563553465953,1.5297971484821262,1.5297971484821262,1.5297971484821262,0.4784037662455697,1.5297971484821262,0.5097156505600859,0.31974030489399646,0.5063397106682849,0.5837978952392123,0.22960337069155817,1.416478432628102,0.22455471528497964,0.5097156505600859
T000562,0.34467402065404734,0.11699470919163041,0.5423997008291429,0.38544804079717765,0.4967993310952938,0.5843849452183185,0.5843849452183185,0.5843849452183185,0.31265680505270865,0.26492910023690835,0.26492910023690835,0.2593772730147987,0.2796001027261501,0.340152098101252
T000563,2.3305609965882534,2.331630876400313,2.331630876400313,2.2294289396154245,2.6684496702879263,2.6684496702879263,1.9542409779401884,1.9542409779401884,0.9643674691536848,0.9643674691536848,1.4436633929048244,1.3289060218657427,1.207368031267729,1.060806218571115
T000564,0.15840840840841933,0.15919957912491453,0.24361375975998437,0.24361375975998437,0.24361375975998437,0.24361375975998437,0.24361375975998437,0.14190051007824184,0.24361375975998437,0.24314092227967074,0.1322977535345557,0.1322977535345557,0.1322977535345557,0.7571476249460348
T000565,0.504633532605002,0.49769500097389047,0.49769500097389047,0.5301548181613227,0.5301548181613227,0.5301548181613227,0.5301548181613227,0.5100850959209894,0.5301548181613227,0.4969910443562907,0.5301548181613227,0.5301548181613227,0.49979305560550835,0.49979305560550835
T000566,2.067638637120828,1.7609741603466247,1.8747149458198409,1.8747149458198409,1.8747149458198409,1.7638766082427608,1.7638766082427608,1.7471863892636184,1.7471863892636184,1.7638766082427608,1.9049985216512473,1.7609741603466247,1.8611019064329766,1.5967470191635182
T000567,1.5188137416452825,1.5188137416452825,1.5188137416452825,1.6006993587190208,1.4663578973620794,1.2409162620357517,2.021012875206985,2.171480100360374,1.763010439063852,1.5188137416452825,1.5188137416452825,1.5188137416452825,1.4609075850969082,2.6010871034079694
T000568,2.2998773131401693,1.5692462263940232,1.4823259995100972,1.4823259995100972,1.4823259995100972,1.5807289518584156,1.6088289137888205,1.4537606976195505,3.4020302123285586,3.4020302123285586,2.380122357346123,1.9354461236659999,2.249832236162513,3.3845996590803966
T000569,0.5244962847623973,0.5244962847623973,0.5006859301674007,0.46982278734329147,0.4872548207384633,0.4901153663120803,0.4901153663120803,0.4872548207384633,0.5006859301674007,0.5006859301674007,0.5006859301674007,0.5006859301674007,0.4882717113873638,0.4882717113873638
T000570,1.6966114034877524,1.6639602284188768,1.6639602284188768,1.6881533305741543,1.6639602284188768,1.6296131933232298,1.6296131933232298,1.6296131933232298,1.6296131933232298,1.8673672378812207,1.6296131933232298,1.6885316526268157,1.6858841102030744,1.6858841102030744
T000571,1.5188137416452825,1.5188137416452825,1.5188137416452825,1.6006993587190208,1.4663578973620794,1.2409162620357517,2.021012875206985,2.171480100360374,1.763010439063852,1.5188137416452825,1.5188137416452825,1.5188137416452825,1.4609075850969082,2.6010871034079694
T000572,0.25783172699042395,0.25783172699042395,0.40887090151433253,0.40887090151433253,0.40887090151433253,0.40887090151433253,0.40887090151433253,0.38920226271589,0.38920226271589,0.38920226271589,0.2838847006290035,0.25783172699042395,0.25783172699042395,0.25783172699042395
T000573,2.215952424741729,2.215952424741729,2.215952424741729,2.215952424741729,2.1803182390550617,2.1803182390550617,2.215952424741729,2.189835534892911,1.9372225179884397,1.9051136038507244,2.215952424741729,2.215952424741729,2.20272450065397,2.215952424741729
T000574,1.7558310510570292,1.6619780122889662,1.6619780122889662,1.6619780122889662,1.6619780122889662,1.6619780122889662,3.0655158272134204,3.0655158272134204,2.5366528205745347,3.0175958321074883,3.0175958321074883,1.6602068995399544,1.6619780122889662,3.0655158272134204
T000575,2.8003423569331174,2.621277589752778,2.8003423569331174,2.4988291430182374,2.556807854834619,2.556807854834619,2.4988291430182374,2.4988291430182374,2.4988291430182374,2.914478340709695,2.486865584900844,2.8094053271315516,2.8094053271315516,2.8706833950437725
T000576,2.3072545295920173,2.221973872689927,2.221973872689927,1.6014627090901237,1.6014627090901237,1.6014627090901237,1.6014627090901237,1.6014627090901237,1.6014627090901237,2.6248766102517065,1.6363316053953205,1.5922064140579952,2.05581975447397,2.2840693768141223
T000577,3.203405323360775,3.219904602751318,3.219904602751318,3.080720816193643,3.080720816193643,1.793390680986739,1.5421535048415698,1.793390680986739,1.793390680986739,1.6907061483361794,1.7908680390677434,2.749588153419717,3.1030535308052927,2.8708832563402007
T000578,2.1877748340338106,2.327061686014752,2.3207128973014646,2.086258416268182,2.086258416268182,2.086258416268182,2.086258416268182,2.086258416268182,2.086258416268182,1.930517337815158,2.5973837289016273,2.5973837289016273,2.5973837289016273,2.744566724558253
T000579,2.034255525965223,1.9002049480278072,1.9002049480278072,1.9002049480278072,1.9002049480278072,1.9002049480278072,2.522490059073582,2.522490059073582,2.522490059073582,2.377778736857146,2.530295162739876,1.7362192995737016,1.9002049480278072,2.522490059073582
T000580,2.665930627258183,2.587270488265682,2.587270488265682,2.5903618244760755,2.5903618244760755,2.587270488265682,2.457974686716035,2.457974686716035,2.457974686716035,2.487928086136142,2.956759235391824,2.551225707885284,2.5549328924798274,2.6344070900444674
T000581,2.2004254751416266,2.2004254751416266,2.081552210091988,2.0715676305369737,2.0715676305369737,1.8064901071942288,1.8064901071942288,1.8064901071942288,1.8064901071942288,2.0483418929178816,2.0158972161703885,2.081926916435358,2.2004254751416266,2.10062700854487
T000582,3.449724374446035,3.1974557690647147,3.0142226293433905,3.1347608224554935,3.00319410585156,2.1873970480503098,2.1873970480503098,2.2016471690210335,2.2016471690210335,2.1873970480503098,2.5948218285419036,2.202306060346104,3.018111601419953,2.1873970480503098
T000583,2.223770204896857,2.2498018777515134,1.9342383116715407,2.1240772235977703,2.1240772235977703,1.9342383116715407,1.9342383116715407,1.9342383116715407,1.9342383116715407,2.1292694904261773,2.0500690634928675,1.9226661693766403,2.2498018777515134,2.2189478522414103
T000584,5.091470235243898,1.155962902314752,2.575765701538452,1.206177448939775,2.575765701538452,1.206177448939775,1.4645357739991471,1.4645357739991471,3.255881498600922,3.255881498600922,2.826321544503002,2.560738594604423,1.206177448939775,4.456118127153448
T000585,0.9046801972830482,0.620203547558592,0.6176147248354049,0.7262242670288133,0.7262242670288133,0.6943900295964764,0.6943900295964764,0.6281413934841131,0.8871863034439577,0.8446827122605141,0.6368974952167379,0.6368974952167379,1.124953595784534,0.6175318015054609
T000586,0.5289624427051499,0.5289624427051499,0.5289624427051499,0.5289624427051499,0.5289624427051499,0.5289624427051499,0.5289624427051499,0.5289624427051499,0.9293168776143079,1.2201637782130574,1.3813859416636822,0.4223739675855795,0.5961256235435727,1.8078534623485423
T000587,0.8006081192920389,0.6939767850183421,0.6939767850183421,1.942394813031478,0.6939767850183421,1.942394813031478,0.8382504357514062,0.8174551754575884,0.8174551754575884,0.7876872665697208,0.8174551754575884,0.8174551754575884,0.8006081192920389,1.6920503477327518
T000588,1.5287774928252527,1.5287774928252527,1.3484504657485294,1.5287774928252527,1.5287774928252527,1.5287774928252527,1.5287774928252527,1.4963262386956162,1.466076293975036,1.4723738883131763,1.466076293975036,1.466076293975036,1.3993304570974652,1.361204140272672
T000589,5.495291931421723,3.368969612854461,3.153987111115857,3.368969612854461,3.368969612854461,2.4603744716325493,1.701432306885724,1.5808925843086294,1.5808925843086294,1.1807406140769126,2.20888428046602,1.1807406140769126,3.307658324866705,1.4948421620973384
T000590,1.2407455577865396,1.1961960002033982,0.7366050311784165,1.3193269533010417,1.1635549300108459,0.8293117122358471,1.5357847709087522,1.8506941101472083,1.8506941101472083,1.8506941101472083,1.2850274261502752,1.2850274261502752,1.3193269533010417,1.0898823160546676
T000591,2.200126392399549,2.2307071142337715,2.2307071142337715,2.3349859662993033,2.3349859662993033,2.3349859662993033,1.9327605650150235,2.4614113269357123,2.780321924116329,2.780321924116329,2.780321924116329,2.5147123277864982,2.173761742634923,2.8966019975865738
T000592,1.837540423096373,1.2008369570077395,0.5370982378661504,0.5370982378661504,0.5370982378661504,0.5370982378661504,1.965399619298514,0.5370982378661504,1.5466008726105294,1.5466008726105294,1.5466008726105294,1.5466008726105294,1.4072961249913882,1.1762852763051752
T000593,0.7014632863391899,0.8770933222264271,0.9406267283539,0.9406267283539,0.9406267283539,0.8508396023647204,0.8508396023647204,0.8508396023647204,0.8508396023647204,0.8401943237743988,0.8424346338353006,0.9090121421397968,0.9090121421397968,0.6525435953841066
T000594,1.1175992202781704,0.8790074776220933,0.8457038014257653,0.8457038014257653,0.8457038014257653,0.9619444235029502,0.8790074776220933,1.110525374891614,0.5169570766033265,0.5169570766033265,0.6898256481255164,1.110525374891614,0.5255004250461501,0.14723694619178077
T000595,1.8338658317991954,1.8349609382474377,1.8349609382474377,1.8349609382474377,1.8349609382474377,1.6990309995398898,1.5981901711027509,1.5981901711027509,1.3104814742639812,1.3104814742639812,1.3104814742639812,1.3104814742639812,2.3564193275079575,1.0971526496177169
T000596,0.6136427833080953,0.6288588896005428,0.6288588896005428,0.6288588896005428,0.6288588896005428,0.6288588896005428,0.6288588896005428,0.6136427833080953,0.5774160892096,0.5300071447888327,0.5300071447888327,0.8651076086459025,0.7738654614626237,0.5139184491365716
T000597,0.1536349765132743,0.15379512330461373,0.15379512330461373,0.15379512330461373,0.15379512330461373,0.15379512330461373,0.15379512330461373,0.15666142832133287,0.15666142832133287,0.15666142832133287,0.15666142832133287,0.15203879427780137,0.14872793674698895,0.18068973917383307
T000598,0.8338270259994742,0.8350509213976558,0.8350509213976558,0.8350509213976558,0.8350509213976558,0.8342252818908997,0.45665841519556954,0.45665841519556954,0.42083397795984534,0.42083397795984534,0.42083397795984534,0.5162386643315191,0.8342252818908997,0.45665841519556954
T000599,0.17847605655297352,0.5184262071509828,0.5184262071509828,0.5184262071509828,0.5184262071509828,0.5184262071509828,0.5017522561361524,0.4349358262084032,0.4349358262084032,0.4349358262084032,0.7346488194672773,0.4636065539711772,0.17847605655297352,0.6670884606065801
T000600,0.5271580298932101,0.5271580298932101,0.5271580298932101,0.5523362087129604,0.5523362087129604,0.640324983105512,0.9163636363636364,0.6209209668070385,0.6209209668070385,0.6209209668070385,0.6209209668070385,0.6335449930266799,0.640324983105512,0.9244172569872708
T000601,1.258100563602746,1.258100563602746,1.258100563602746,1.258100563602746,1.258100563602746,1.1953062516439672,1.258100563602746,1.296218487394958,1.296218487394958,1.0753821861819728,1.0753821861819728,1.258100563602746,1.258100563602746,1.296218487394958
T000602,0.6086096265709147,0.6014462109802173,0.9703425918636633,0.9703425918636633,1.0277908215535805,0.7050798073893666,0.9872091762547043,1.0282861419307514,1.0282861419307514,1.0282861419307514,1.0282861419307514,1.0282861419307514,0.6628604767222471,0.8161088785439351
T000603,0.28721574431383884,0.28721574431383884,0.28721574431383884,0.4336637289271338,0.28721574431383884,0.5183269536673318,0.6287558362360861,0.4490766059484246,1.1174819798760667,1.1174819798760667,1.1174819798760667,0.306125649003971,0.306125649003971,0.28523049538262785
T000604,0.44159523364350833,0.44159523364350833,0.44159523364350833,0.44159523364350833,0.44159523364350833,0.44159523364350833,0.44159523364350833,0.7820920070163734,0.9510220571333412,0.8696693340324336,0.500861016750387,0.6958115732205424,1.0722467851201583,0.833078022912861
T000605,1.3382081193819202,0.80295256075592,1.3454665701670403,1.3454665701670403,1.3454665701670403,1.3454665701670403,1.3454665701670403,1.5285088997563288,1.5285088997563288,1.019642031807537,0.8750042759733847,0.6575393419957559,1.7115970944878558,0.7271931149459611
T000606,5.091470235243898,1.155962902314752,2.575765701538452,1.206177448939775,2.575765701538452,1.206177448939775,1.4645357739991471,1.4645357739991471,3.255881498600922,3.255881498600922,2.826321544503002,2.560738594604423,1.206177448939775,4.456118127153448
T000607,5.1591221424591795,4.2543166843021964,3.616410304331819,3.616410304331819,4.2543166843021964,2.9692718459570813,3.030606438294669,3.001409991574291,3.001409991574291,3.001409991574291,3.3259956000992252,3.0756972423075735,4.560057297834179,4.998166819431714
T000608,1.2781266157402291,1.2511642315580023,0.6710331356822917,0.6710331356822917,0.6710331356822917,0.6951328296612383,1.2511642315580023,1.2511642315580023,0.7245420313608208,0.5469693241295531,1.2511642315580023,1.2511642315580023,0.576380644952014,0.7136355032047385
T000609,0.6150979705863885,0.6150979705863885,0.9984674528194838,1.4999479134582308,1.4999479134582308,1.4999479134582308,0.892698476650697,0.5242399673749953,1.5818553271780444,1.715176335016577,1.715176335016577,1.751428205160559,1.2151952670394925,1.7380174218918238
T000610,5.495291931421723,3.368969612854461,3.153987111115857,3.368969612854461,3.368969612854461,2.4603744716325493,1.701432306885724,1.5808925843086294,1.5808925843086294,1.1807406140769126,2.20888428046602,1.1807406140769126,3.307658324866705,1.4948421620973384
T000611,4.451377224114501,3.7668471958119336,4.346020617632078,3.7668471958119336,3.7668471958119336,1.839384488187049,1.839384488187049,1.839384488187049,1.839384488187049,1.839384488187049,1.4383396229669296,1.839384488187049,3.878638659601119,1.4495588991022783
T000612,1.2450438420241754,1.2450438420241754,0.15175226311659912,0.4366628289071117,0.8773115129703698,0.8773115129703698,1.7468898758952336,1.7468898758952336,1.400006819190425,1.400006819190425,1.400006819190425,1.142312455206564,0.8622227449006401,1.1183771004162937
T000613,4.880375295669148,1.2541569845540335,1.2541569845540335,1.5144970720082807,1.5144970720082807,1.182845982384267,1.5593889521888034,2.3414163878634633,1.6464259541117394,1.7255150001776658,2.3414163878634633,2.3414163878634633,2.1286879952470135,2.299049957717381
T000614,0.8326521260933974,0.8326521260933974,0.8326521260933974,0.8326521260933974,0.8326521260933974,0.7011905271716481,0.8326521260933974,1.4220832722097767,1.4261356380822316,0.9347256894008462,1.2687149238837476,1.3586189476595734,0.36431178142716486,1.197375147555001
T000615,0.6678147450388678,1.0993688226313982,1.0993688226313982,0.9520413478743572,1.0993688226313982,0.6813526468652465,0.568589961408026,0.48643681974201897,0.8855673595261702,1.2376147619058464,1.2376147619058464,1.1797551661347674,0.9763461844610947,0.8975470129205572
T000616,0.777368467583064,0.7820395464921361,0.7820395464921361,0.345370270370992,0.7608657436256316,0.7608657436256316,0.7608657436256316,0.7608657436256316,0.9975318128063789,1.1138961352447427,1.1138961352447427,0.7608657436256316,0.7608657436256316,1.1135378892564272
T000617,0.4846673771283296,0.5081755937781943,0.4471937650787479,0.4471937650787479,0.4471937650787479,0.4471937650787479,0.4471937650787479,0.4846673771283296,0.6529959027441548,0.6529959027441548,0.6412706241388515,0.5949865485853542,0.5030822899308212,1.0567615815224567
T000618,0.4188412160207593,0.3874420704651525,0.36748171977578625,0.36748171977578625,0.36748171977578625,0.3874420704651525,0.3874420704651525,0.3874420704651525,0.6215503852717861,0.5363324980095232,0.7896080429869249,0.7159547541614969,0.7159547541614969,0.8151829414502288
T000619,0.579909573742615,0.579909573742615,1.1378228919420745,1.1378228919420745,0.8655084011083495,1.2042626542297064,0.8655084011083495,1.014746663400832,1.305559679545272,1.305559679545272,1.4835369023687532,1.2072389518157873,1.014746663400832,1.2240007641317847
T000620,0.24998686859577218,0.17849937534168134,0.3749159419477754,0.3749159419477754,0.3749159419477754,0.3749159419477754,0.3749159419477754,0.18580756500553894,0.18215737676850804,0.5769869827461929,0.5769869827461929,0.1419333579001074,0.21285509052120624,1.2262635353478102
T000621,1.3266499235264488,1.3266499235264488,1.3266499235264488,1.0678380831431074,1.3266499235264488,0.40522114023330774,0.43168268084747735,0.7691000918215262,0.8823060191151745,1.0651259990063173,0.7691000918215262,0.7691000918215262,1.6045009241615757,0.9186213065899824
T000622,2.4265785168926337,1.10747241210191,1.5163887631824264,1.5163887631824264,1.5163887631824264,1.10747241210191,1.7936555176973819,1.10747241210191,1.9073610609837428,1.9073610609837428,1.9073610609837428,1.275918705698059,1.275918705698059,1.6586369520435116
T000623,0.11585278798575281,0.5505839269934864,0.5505839269934864,0.5505839269934864,0.5505839269934864,0.5505839269934864,0.5505839269934864,0.15954005320635142,0.1560513304722601,0.09134654404323479,0.5505839269934864,0.11585278798575281,0.11585278798575281,0.10729715714052397
T000624,0.1549271874742142,0.11408254762728737,0.11408254762728737,0.07001763002438453,0.23765361660658613,0.23765361660658613,0.23765361660658613,0.23478139375967386,0.07001763002438453,0.23478139375967386,0.07001763002438453,0.07001763002438453,0.11773409784620499,0.22537277944789955
T000625,0.14413642751036268,0.5683374898658379,0.5683374898658379,0.5683374898658379,0.5683374898658379,0.5683374898658379,0.05567785869474712,0.0383782901862847,0.05567785869474712,0.034381846525955925,0.25162761051109045,0.25162761051109045,0.14413642751036268,0.3024970064571141
T000626,1.4706985635423553,1.4706985635423553,1.6221089561643125,1.6221089561643125,1.6221089561643125,1.6221089561643125,1.4706985635423553,1.4706985635423553,2.0692665374851145,2.0692665374851145,1.879570610922122,1.9494488071575775,1.4706985635423553,2.0692665374851145
T000627,0.3751818417668546,0.3751818417668546,0.3751818417668546,0.3751818417668546,0.4963327532579133,0.334477162384691,0.4564250634120746,0.24866694694809938,0.24866694694809938,0.334477162384691,0.26447416234220045,0.3751818417668546,0.3751818417668546,0.5421637644788458
T000628,1.0633426565891306,1.0633426565891306,1.0633426565891306,1.0633426565891306,1.0633426565891306,1.0633426565891306,1.063492086729923,1.0633426565891306,1.0633426565891306,0.9992717400370661,0.9992717400370661,1.063492086729923,1.0633426565891306,0.9992717400370661
T000629,1.9649776600591966,1.6657322049965286,1.5509077802753164,1.5509077802753164,1.5509077802753164,1.0992782863988513,1.1022978275009052,1.1348426394309956,1.1348426394309956,1.3517548816961173,1.3517548816961173,1.099582683055087,1.2888827426993579,1.1222600609176698
T000630,0.45130618772976655,2.089630690782161,1.2487789754260048,1.2390535792943544,0.39451520449403993,0.39451520449403993,0.39451520449403993,0.6582356657976691,0.6582356657976691,0.6582356657976691,0.6582356657976691,0.4522720651251976,0.4522720651251976,0.7410688477745557
T000631,1.5205395221188462,1.1796302641826837,1.176542077922202,1.176542077922202,1.2967889496484881,1.2967889496484881,1.2383968223709543,1.2383968223709543,1.1897327458760945,1.1897327458760945,1.316627287811402,1.354023638851068,1.2967889496484881,1.1897327458760945
T000632,2.024400795938653,1.9644128939017533,2.0492802430530332,1.9913965791843091,2.0492802430530332,1.9182198902586587,1.8410039510507308,1.8263088498201316,1.8285042578762114,1.620340634542909,1.7167976548242514,1.9837051692994745,1.9439506714070394,1.6432547028843496
T000633,0.8771963056575571,0.8771963056575571,0.8771963056575571,0.8771963056575571,0.8850054527433413,0.8850054527433413,1.297539541311325,0.8883242260454932,0.8883242260454932,0.8883242260454932,0.8883242260454932,0.8883242260454932,1.0724842037370166,0.904474420500093
T000634,1.420765375023002,1.420765375023002,1.420765375023002,1.420765375023002,1.420765375023002,1.514293450667747,1.5171354570046265,1.5171354570046265,1.5171354570046265,1.5228458449710414,1.5155388118280637,1.5171354570046265,1.5171354570046265,1.9116477626693673
T000635,1.0801888512385989,0.5457125516409622,0.5457125516409622,0.5457125516409622,0.5457125516409622,0.5457125516409622,0.5457125516409622,0.693552622753602,0.693552622753602,1.3889442439459296,0.49761525258722616,0.4566861630185277,0.5138091710461488,1.984997707404585
T000636,1.2639829956496447,1.2639829956496447,1.2639829956496447,1.2639829956496447,1.2639829956496447,1.3229106087786897,1.2069255025306727,1.2069255025306727,1.3434097039508137,1.3433886136981175,1.3433886136981175,1.2639829956496447,1.2639829956496447,1.2069255025306727
T000637,1.3959871280695684,1.2411226925483922,1.2411226925483922,1.2411226925483922,1.3451395224550178,0.8079544990479974,0.8079544990479974,0.8079544990479974,0.7432138832530683,0.8079544990479974,0.8079544990479974,1.2411226925483922,1.2411226925483922,0.5901428300164143
T000638,0.7706468165649022,0.7706468165649022,0.7706468165649022,0.7706468165649022,0.7939540097826582,0.2786614599418315,0.2786614599418315,0.2786614599418315,0.12515064976657486,0.12515064976657486,0.12515064976657486,0.7706468165649022,0.7939540097826582,0.2786614599418315
T000639,1.1711131420891063,1.1711131420891063,1.1711131420891063,1.1711131420891063,1.1711131420891063,1.173284343629156,1.173284343629156,0.6647097127491393,0.6647097127491393,0.677765596761326,0.677765596761326,1.1711131420891063,1.1711131420891063,0.7607456317584498
T000640,1.0708104607361821,0.4133796525187354,0.4133796525187354,0.4133796525187354,0.4133796525187354,0.4359115916573765,0.37619677663459616,0.37619677663459616,0.37619677663459616,0.2943215116350944,0.2943215116350944,0.4133796525187354,0.4133796525187354,0.37619677663459616
T000641,1.5755825078991448,1.5755825078991448,1.1083540373782483,1.1083540373782483,1.1083540373782483,1.1083540373782483,0.20341527965765113,0.20341527965765113,0.20341527965765113,0.20341527965765113,0.20341527965765113,0.20341527965765113,1.1083540373782483,0.10034751193382205
T000642,2.001549702363457,1.4476783858757576,1.4476783858757576,1.4476783858757576,1.4476783858757576,1.4686058015819545,0.9474462858072571,0.9474462858072571,0.8300067597738573,0.8300067597738573,0.7831624706140391,1.4476783858757576,1.4476783858757576,0.9474462858072571
T000643,0.7863132546051137,0.6745734776121504,0.6745734776121504,0.6745734776121504,0.6745734776121504,0.6745734776121504,0.6745734776121504,1.1360055406694896,1.704781731118749,0.9311631711153825,0.8542336962191641,0.6745734776121504,0.6700941705836999,0.8256651262569107
T000644,1.0941666676162292,1.0941666676162292,1.0941666676162292,1.0941666676162292,1.0941666676162292,1.0941666676162292,1.0941666676162292,1.1388494793614883,1.1388494793614883,1.1418563181672647,1.401705218684695,1.0941666676162292,1.0941666676162292,1.1388494793614883
T000645,0.4477743929876409,0.9763775133832231,0.5254269383062327,0.40120639796021923,0.40120639796021923,0.5116900710873761,0.5116900710873761,0.33253530336422354,0.33253530336422354,0.33253530336422354,1.1671754584976153,1.1671754584976153,0.40120639796021923,1.0646611392836507
T000646,0.6037522744261682,0.9882254883244894,0.9882254883244894,0.9882254883244894,0.9882254883244894,0.9882254883244894,0.9882254883244894,1.0373145201594813,1.0949397898405882,1.012622548529187,1.3816578267554365,0.9882254883244894,0.9882254883244894,1.0373145201594813
T000647,1.7347148196276947,1.7347148196276947,1.9013083421658066,1.9013083421658066,2.11403263720239,3.0225839804892094,1.297976533757581,1.674800854672754,1.297976533757581,1.4015625963649843,1.3499188460219673,1.8374698722822675,2.1401294662470445,1.4903272348510874
T000648,0.787375732465093,0.787375732465093,0.787375732465093,0.787375732465093,0.787375732465093,0.787375732465093,0.8543253623680555,0.787375732465093,0.9305657697196601,0.9343040070896184,1.074934327232926,0.787375732465093,0.787375732465093,0.9305657697196601
T000649,0.6137219174175044,0.9086898731440746,0.9086898731440746,0.9086898731440746,0.9086898731440746,0.9086898731440746,0.9086898731440746,1.1912066240287458,0.9806527897177902,0.9806527897177902,1.1739834117300094,0.9086898731440746,0.9086898731440746,0.9473145041583623
T000650,2.8763537906137184,2.8763537906137184,1.5853817449889882,1.5853817449889882,0.21991576413959085,0.26928264249053835,0.26928264249053835,0.3263446829594955,0.3263446829594955,0.7093341227756672,0.7093341227756672,0.6604510862236713,1.5853817449889882,0.21991576413959085
T000651,1.0024845341642972,1.0981663278029066,1.0981663278029066,1.0981663278029066,1.0981663278029066,1.0981663278029066,1.0981663278029066,0.4379691749061523,0.3871474329327083,0.4379691749061523,0.4379691749061523,1.0981663278029066,1.0981663278029066,0.7733992816187202
T000652,1.2035246912686461,0.5351421849559658,0.5351421849559658,0.5351421849559658,0.4743522375930988,0.21248485488478586,0.21248485488478586,1.223935877873139,1.1758246708391056,1.223935877873139,1.223935877873139,1.223935877873139,0.5351421849559658,0.17389866967439663
T000653,0.6934857699175367,0.5902188116376537,0.5902188116376537,0.5902188116376537,0.528132978540791,0.6211272752562863,1.267738936916806,0.9054043112602255,0.9731146365583633,0.9054043112602255,1.267738936916806,0.7515574976451501,1.0200508066621792,1.2406313416395203
T000654,0.6104483558146431,0.904993263413911,0.904993263413911,0.904993263413911,0.904993263413911,0.904993263413911,0.904993263413911,0.9591678787258009,0.9880991265433424,1.1717311565766177,1.1717311565766177,0.904993263413911,0.904993263413911,0.9591678787258009
T000655,1.9229229389728903,1.9229229389728903,1.8485097150207916,1.8485097150207916,1.7062651411672096,1.7062651411672096,1.7006012732828562,1.7006012732828562,1.7006012732828562,1.7006012732828562,1.5899712808293833,1.8485097150207916,1.8485097150207916,1.5108015618387904
T000656,0.9075313658831298,0.9075313658831298,0.9075313658831298,0.9075313658831298,0.9075313658831298,0.8467306003081037,0.8467306003081037,0.5552083218418598,0.5552083218418598,0.5835444888449575,0.5835444888449575,0.5835444888449575,0.9075313658831298,0.8467306003081037
T000657,0.6883610319016488,0.9807905608475167,0.9807905608475167,0.9807905608475167,0.9807905608475167,1.1107276343621877,0.7416164006504301,0.7703691128276646,0.7703691128276646,0.7703691128276646,0.7703691128276646,0.7703691128276646,0.9807905608475167,0.7903363753454633
T000658,1.8393325182098184,1.8977509003389896,1.8977509003389896,1.8246710904463515,1.8246710904463515,1.8246710904463515,3.2311709428624313,2.9812568922077602,2.9300878036316536,2.9812568922077602,2.9300878036316536,1.7842109026650643,2.3632101277928186,3.0601687878866346
T000659,0.6150647127535269,0.5563667423088517,0.5563667423088517,0.5563667423088517,0.5563667423088517,0.5563667423088517,0.5563667423088517,1.0593604813412605,1.0704385881557348,1.0704385881557348,0.9610151254326729,0.6153061890212779,0.6153061890212779,0.9830383790235415
T000660,0.613872994596559,1.6525890730572597,1.3635717037915476,0.6981600549446844,1.2809918586045088,1.3745601334599116,0.9959902189035754,0.8349243417002038,0.8349243417002038,0.8349243417002038,0.8349243417002038,1.3635717037915476,0.8015836410677262,0.9959902189035754
T000661,0.8004786157861279,0.8338053739892505,0.8338053739892505,0.8338053739892505,0.8338053739892505,0.595583562983541,0.7885561980283431,1.141205527963822,1.6848614204134054,1.6848614204134054,1.6848614204134054,1.2851417244663492,0.7251079773658902,1.314575956315032
T000662,1.086149454402452,0.775035313542223,1.0998284971206074,1.0998284971206074,0.7883500579027635,0.6030494195257998,0.6171287898948192,0.6171287898948192,0.60198006135905,0.6171287898948192,0.611164340146901,0.611164340146901,0.7583146758767886,0.5982690032170034
T000663,1.6390724085523114,1.6390724085523114,1.6390724085523114,1.6390724085523114,1.6390724085523114,1.740115924017398,1.4596816173615446,1.1930669886275436,1.1930669886275436,1.1814123537847836,1.1814123537847836,1.1814123537847836,1.6390724085523114,1.1336331708546208
T000664,1.4672761753708565,2.1330787882340836,1.8898171082636483,1.8898171082636483,0.9584930088922369,0.9265737090950348,0.50109886925508,0.38128349114172944,0.38128349114172944,0.38128349114172944,0.38128349114172944,0.38128349114172944,1.8898171082636483,1.0187813960188479
T000665,1.8578237336469778,2.3226328646597705,2.249899254389977,1.7800946048000983,1.3344952639449577,1.2075864967752978,1.2075864967752978,1.2075864967752978,1.2075864967752978,1.2075864967752978,1.2472764892799129,1.094109646553963,2.249899254389977,1.483130257341941
T000666,1.4095181010944096,1.6039923329779744,1.5528209539847704,1.6039923329779744,1.6039923329779744,1.6039923329779744,1.5240483868059973,1.5686883926374964,1.5686883926374964,1.5240483868059973,1.520205876451598,1.5246580429179624,1.372345719120597,1.1771502059234404
T000667,4.338097398193134,4.706469752434118,0.8508702115250683,0.8508702115250683,0.8508702115250683,0.8508702115250683,0.8223079025816917,0.8223079025816917,0.8968558418081027,0.8968558418081027,0.8968558418081027,0.9151208828959658,1.7026895441441765,0.7528384310520603
T000668,2.425081492862923,2.2948509040256933,2.425081492862923,2.425081492862923,2.425081492862923,2.425081492862923,2.3117596408632597,2.3117596408632597,2.3117596408632597,2.3117596408632597,2.339844367862792,2.339844367862792,2.108160284724041,2.4481280609425795
T000669,1.8742170615280411,1.8742170615280411,1.1784152789520321,1.1784152789520321,1.8742170615280411,1.5313701387956233,0.5573047463836217,0.5691042395421423,1.320498720341241,1.320498720341241,1.1695019071862989,1.320498720341241,2.0095172442800764,0.5586270266136886
T000670,0.97113583245239,0.97113583245239,0.97113583245239,0.97113583245239,1.2017321644425634,1.2017321644425634,1.1388382793876244,1.1388382793876244,1.1388382793876244,1.3267099643395603,1.3267099643395603,1.3554705838281293,0.8480210147655811,1.2017321644425634
T000671,1.3931586305851682,1.5255989997664676,0.7773044453607614,1.1931597719133236,0.4217892867683107,0.4217892867683107,0.22615460998497555,0.22615460998497555,0.22615460998497555,0.22615460998497555,0.30935887621454544,0.31443009686872725,0.8022930987106809,0.85101836133998
T000672,1.1920883979252823,1.1920883979252823,1.2307923669315306,1.2307923669315306,1.2307923669315306,1.3514180614910398,1.310246078250095,1.3233257161591623,1.310246078250095,1.310246078250095,1.2907191299723761,1.3514180614910398,1.1913701714146097,1.299398247291424
T000673,4.072549324617791,2.114850865563947,3.550228911792401,1.658094160431921,3.550228911792401,1.658094160431921,1.4124256708402028,1.4124256708402028,1.3123624582184783,1.3123624582184783,1.4124256708402028,1.658094160431921,3.550228911792401,1.2536958890547576
T000674,1.1010176881947156,1.1010176881947156,1.1010176881947156,1.1010176881947156,1.1010176881947156,1.1236018109488666,0.7139968216699119,0.7139968216699119,0.7139968216699119,0.7139968216699119,0.674378261237323,0.5964319277469182,1.1010176881947156,0.7139968216699119
T000675,0.5620204456063093,0.5620204456063093,0.5620204456063093,0.5620204456063093,0.5620204456063093,0.5620204456063093,0.7996819970961522,0.7004773773375184,0.6227260666265415,1.2007703032305732,0.5724251147582649,0.9439355981390802,0.5771681297934738,0.6815605439235695
T000676,0.6119309627451526,0.6119309627451526,0.6119309627451526,0.6119309627451526,0.41259714736399655,2.4436948726929884,2.4436948726929884,1.017117691745382,2.4436948726929884,0.5447845323332753,1.0092565040501107,1.0092565040501107,0.6119309627451526,1.017117691745382
T000677,0.5550307648713285,0.45909088767867495,0.45909088767867495,0.46647098063340225,0.46647098063340225,0.46647098063340225,0.47697434681618467,0.47697434681618467,0.5177532412244656,0.5177532412244656,0.5177532412244656,0.6791686641227059,0.5260761844918854,0.6789336556612885
T000678,0.9766256883542653,0.9766256883542653,0.9549252877035058,0.3159923089684992,0.5708297198807719,0.6932013669040673,0.6111161227464953,0.6111161227464953,0.6111161227464953,0.6381886284453284,0.7302368893120809,0.4112326660255038,1.1160121841229833,0.6470968288802863
T000679,0.9524931774214537,0.9524931774214537,0.9524931774214537,0.9524931774214537,0.9524931774214537,1.3468719358367005,1.3468719358367005,1.3912183264812221,1.2044069696454784,1.2197635905376816,1.3912183264812221,1.3468719358367005,1.0350261055277066,1.447379561087664
T000680,1.7752253654544474,1.7752253654544474,1.7752253654544474,1.7752253654544474,1.7752253654544474,1.7752253654544474,1.0424381024983274,0.938183110953379,0.938183110953379,0.9075317211957942,0.9075317211957942,1.382223207364344,1.7927710946394446,0.957590825278311
T000681,1.3652902037596453,1.2221742692641573,1.1693947291610702,1.1982793195427064,1.2112212640632198,0.7623177934478208,0.7623177934478208,0.7623177934478208,0.7623177934478208,0.7623177934478208,0.7623177934478208,0.7623177934478208,1.1693947291610702,0.9407202993933812
T000682,1.9057197455047623,1.9057197455047623,1.9057197455047623,1.9057197455047623,1.9057197455047623,1.7635572636776817,1.3823286540049546,1.3823286540049546,1.3823286540049546,1.7807981792449434,1.4338466755463628,1.4338466755463628,2.1488487819458797,1.3823286540049546
T000683,0.611350868028329,0.611350868028329,0.611350868028329,0.611350868028329,0.611350868028329,0.5986598654324431,0.5271625437155406,0.5271625437155406,0.6042897707299815,0.6042897707299815,0.6042897707299815,0.5896119757458121,0.611350868028329,0.6599749168590002
T000684,0.7274297345889769,0.7274297345889769,0.7274297345889769,0.7274297345889769,0.7274297345889769,0.9918238206326054,0.5026308002378185,0.5026308002378185,0.44266097983005104,0.4714394962946157,0.4714394962946157,0.4714394962946157,0.7274297345889769,0.5026308002378185
T000685,1.6548475187315301,0.6255549543345167,0.6255549543345167,0.6255549543345167,0.42466671461462285,0.409106575978926,0.22692229061168046,0.22692229061168046,0.22692229061168046,0.26655808130852227,0.7691060566970828,0.4838954527118875,0.6255549543345167,0.22692229061168046
T000686,1.3410163159945507,1.0526698903207312,1.7908001724721734,1.7046928991152834,1.7046928991152834,1.4265801157951714,1.3330572809724184,1.217055649958313,1.217055649958313,1.1335865243905114,1.1571322612943848,1.1571322612943848,1.7169726180895395,0.8704198437846595
T000687,0.3039580906216164,0.5461325259734457,0.5461325259734457,0.5461325259734457,0.3039580906216164,0.5461325259734457,0.26834691290970963,0.2997728460134868,0.33019584428475685,0.33019584428475685,0.33019584428475685,0.3039580906216164,0.3039580906216164,0.5195055048582785
T000688,2.2589218538185136,2.2589218538185136,2.3652110153330477,2.3652110153330477,2.3652110153330477,2.3652110153330477,2.272333121957477,2.752674405043752,2.7850630859426992,1.9374533761564892,2.322515126840201,2.0694055820482355,2.2589218538185136,2.7241069274790326
T000689,0.7290972252205746,0.308231668704979,0.32117191501748643,0.3571018856249152,0.3571018856249152,0.3571018856249152,0.3972447004302431,0.2689014362363968,0.2689014362363968,0.2549281295115381,0.2531177837047603,0.3360807487534962,0.32117191501748643,0.3566780044888906
T000690,2.1913976760198692,0.38495866877427465,1.3871245953430356,0.46318339408157255,1.4478153323573055,1.4478153323573055,1.7554918531549635,1.7072786708606724,1.3011080251797205,1.3011080251797205,1.9650923845303157,1.9312323456264522,2.010412101116078,1.531127410625856
T000691,0.496840123783291,0.4734246605043215,0.49106999072148677,0.21281388106513724,0.21281388106513724,0.2560908323787766,0.22104439699863349,0.46112421473213494,0.8193027561614274,0.8193027561614274,0.8193027561614274,0.24690878747395265,0.24690878747395265,0.5941027614315645
T000692,0.8260982491278144,0.606419970328812,0.606419970328812,0.606419970328812,0.606419970328812,0.5970042743909615,0.9051032362395341,0.6060759023397433,0.5902281634106953,0.5902281634106953,0.5902281634106953,0.606419970328812,0.606419970328812,0.6101246668957504
T000693,3.9182804061951018,3.2258550172831453,2.7181225724212132,2.817896600439396,2.817896600439396,0.9559789306812528,0.9559789306812528,0.9559789306812528,0.5634777383360252,0.5634777383360252,0.5634777383360252,2.224331645791586,2.224331645791586,1.2861161634866942
T000694,3.1185921986666645,1.6842277287766032,1.612400089614147,1.586854086098272,1.1889193642639073,1.1889193642639073,1.1889193642639073,1.0397086626171004,0.7526781390416494,0.7526781390416494,0.7526781390416494,1.1072250322524022,2.596434287708708,0.7580518807209202
T000695,1.566840153197479,1.0675665259111249,1.1492641751007333,1.0039151206010497,1.0039151206010497,1.0323218732049242,1.0275084338020655,0.8839121990522574,0.9189493721669103,0.9348180180476051,0.930795584486212,0.933510320287914,0.9040166064440861,0.8818444181345189
T000696,0.6827035843782863,1.5148392441507732,1.7515360368062207,1.5148392441507732,0.6827035843782863,0.4432599330724098,1.4046653430612261,1.552397694255218,1.7196761765895954,1.832736598617536,1.6637450791811237,1.6637450791811237,0.9507735526639742,1.552397694255218
T000697,1.4388658568811408,1.4388658568811408,1.4388658568811408,0.9172503163388854,0.9172503163388854,0.727043498424683,0.727043498424683,0.727043498424683,0.727043498424683,0.4988249047586409,0.736660901415163,0.9172503163388854,0.9172503163388854,1.0290456687354164
T000698,0.5427227729956408,0.5391405896435675,0.48205840235312925,0.5635907658480842,0.5255850784966832,0.5255850784966832,0.5223331008135347,0.5223331008135347,0.5223331008135347,0.5223331008135347,0.5223331008135347,0.5223331008135347,0.5760750640274606,0.5011019397796747
T000699,0.19409422694094228,0.1556364931580763,0.1595904606273177,0.1556364931580763,0.1595904606273177,0.11028356788297318,0.149408267400771,0.19409422694094228,0.11076440979610565,0.19409422694094228,0.11076440979610565,0.17675904881522225,0.17675904881522225,0.1556364931580763
T000700,0.07965096514137628,0.13063450689953138,0.13063450689953138,0.07168596077135606,0.07168596077135606,0.12468194332092014,0.14116769246361605,0.061210806951727245,0.07965096514137628,0.13063450689953138,0.13063450689953138,0.13063450689953138,0.14116769246361605,0.19869402985074627
T000701,0.08383279850205008,0.08383279850205008,0.05818114389067451,0.13051850850014554,0.05818114389067451,0.05818114389067451,0.13051850850014554,0.13051850850014554,0.13051850850014554,0.13051850850014554,0.13051850850014554,0.08383279850205008,0.1324376835217904,0.21916448137498784
T000702,0.08067006798911375,0.15370650716636117,0.057506520890649726,0.2076445077746864,0.19315801192331314,0.2076445077746864,0.19315801192331314,0.19315801192331314,0.14306354686730308,0.14506288848195104,0.14506288848195104,0.14306354686730308,0.14306354686730308,0.0742092492410598
T000703,0.3658013254485804,0.38474758698640504,0.3580236337852046,0.3580236337852046,0.3580236337852046,0.3580236337852046,0.3580236337852046,0.3580236337852046,0.3580236337852046,0.36776108958533166,0.3580236337852046,0.3658013254485804,0.3658013254485804,0.3147314315648311
T000704,0.9876797678912798,0.9300046865489114,0.9457883604784634,0.955874589546072,0.955874589546072,0.955874589546072,0.9457883604784634,1.5409801067019453,1.5409801067019453,1.5409801067019453,1.4507207645062188,1.0765843568014088,0.8314429715856059,1.5409801067019453
T000705,1.7525052435610826,1.6704218604997116,1.7525052435610826,1.6704218604997116,1.6704218604997116,1.8480530919960885,1.8480530919960885,1.400314025784863,1.367893139552826,1.367893139552826,1.367893139552826,1.8480530919960885,1.9791480214494777,1.367893139552826
T000706,1.1326673612251617,2.0893289159265036,0.39395616570384506,2.0893289159265036,2.0893289159265036,2.0893289159265036,2.0893289159265036,0.18143097866616187,1.126056090992492,0.5339954502954591,0.2966851909141014,0.4656628208469904,1.464601829947438,0.5377217042464272
T000707,0.5363563011299374,0.5363563011299374,0.7206984659262679,0.607374420406103,0.5363563011299374,0.5601207672662608,1.0859081271604187,1.1262412374797748,1.0166791180262547,1.0166791180262547,1.075299735408813,1.075299735408813,0.5601207672662608,1.1129825794762287
T000708,1.762714783407499,2.0660318714799155,1.9366078005711234,1.8722000961074765,1.840193366074767,0.8858786546234867,0.5554194308385966,0.8858786546234867,0.8858786546234867,0.8858786546234867,0.8858786546234867,0.8858786546234867,1.791870959298536,1.5727387695115835
T000709,0.8598252429529394,0.8598252429529394,0.9113488301682517,1.054362329628701,0.6998490111594095,0.6998490111594095,0.4069649556581224,0.6998490111594095,0.6998490111594095,0.6998490111594095,0.6998490111594095,0.9113488301682517,0.9200542389422405,0.9113488301682517
T000710,1.0266276740011986,1.0025863787218217,0.8500594571550977,1.3384203948592828,1.3079117237866054,0.41389955242146975,0.8314861867390773,0.6324926723676497,0.6324926723676497,0.6324926723676497,0.6324926723676497,0.5965407437541053,1.022233339110725,0.874838463897122
T000711,2.2973805916270407,2.291341265668502,2.283726629985694,1.2722558805537068,1.2722558805537068,1.2374408029529258,1.2374408029529258,1.2374408029529258,0.9652630701765917,0.9286364320518028,0.9652630701765917,2.3367375139192053,1.6010672863471127,2.2973805916270407
T000712,1.6259472146029372,1.9851969436915766,2.0832637865783834,1.6865259016691914,1.0968871856729234,0.9973528075917233,0.6494463704236791,0.9973528075917233,0.9973528075917233,0.9973528075917233,0.9973528075917233,0.9973528075917233,1.2473562509320684,1.3889745793376862
T000713,2.5696243823862384,2.6773176740061837,2.5696243823862384,2.5696243823862384,2.5696243823862384,2.5634147661148865,1.652344161580058,1.652344161580058,1.804354579052654,1.804354579052654,1.652344161580058,1.804354579052654,2.5696243823862384,2.151298124564195
T000714,1.608166452757566,1.433389449763112,1.433389449763112,1.5034355269664426,1.5034355269664426,1.433389449763112,1.5513247582130172,1.963423397450905,1.256473065378932,1.5513247582130172,1.5513247582130172,1.1940541001086502,1.2524553797124616,0.7741935152682312
T000715,2.477441223846002,2.477441223846002,2.8558222083604523,2.927410278424216,2.0203142853393574,1.3286814357324896,2.036103463862437,2.6247015708139827,2.6247015708139827,1.1950151871334875,2.8308332024534404,2.028081463414728,2.028081463414728,2.0256953353172107
T000716,0.6405371805667581,1.0414398945906114,1.0414398945906114,1.092133917789606,1.092133917789606,1.6896461724436564,3.191272806433288,1.9215460555466028,3.191272806433288,2.7735435071695225,2.7735435071695225,1.113323792855965,1.092133917789606,1.6675124628752023
T000717,0.3555000831613175,0.7525479505796656,0.9753335896637497,0.8205332305664442,0.8205332305664442,0.6451885977132529,0.43600190918240095,0.6451885977132529,0.43600190918240095,0.43600190918240095,0.6451885977132529,0.3579816326644133,0.6322033664202067,0.43600190918240095
T000718,0.6394527079655965,0.6394527079655965,0.6394527079655965,0.7380280322802347,0.6381737875034798,0.5503030208971897,0.5503030208971897,0.5503030208971897,0.5503030208971897,0.5503030208971897,0.42803979625777505,0.4251061088378104,0.6394527079655965,0.5503030208971897
T000719,0.6421812236547996,0.6107421190681417,0.563530299917733,0.563530299917733,1.2398202672823282,0.5800123460708848,0.5800123460708848,0.6176782880248259,0.6176782880248259,0.712594267330888,0.5634288391041117,0.6107421190681417,0.6107421190681417,0.6339401559077363
T000720,1.043067726758231,1.266605279434835,1.770483123973443,0.49443020606356514,0.49443020606356514,0.4919653751443322,0.4919653751443322,0.6223060276169816,0.46837269021534494,0.6490197047348607,0.6223060276169816,0.48289261967459207,1.0748302148518785,0.6702600998957928
T000721,0.6610157610444592,0.6610157610444592,1.4379331512323879,1.4379331512323879,1.4379331512323879,1.4379331512323879,1.563864075294484,1.563864075294484,1.374626851461661,1.374626851461661,0.6799351466140082,1.590463046548141,1.5626344202384543,0.8703362761895026
T000722,1.7557298599707438,1.9312276944825064,1.9312276944825064,1.9312276944825064,1.9413903682908291,1.9312276944825064,1.725256361460999,1.8270648128409954,1.7557298599707438,1.7557298599707438,1.9312276944825064,1.9312276944825064,1.9312276944825064,1.7569018688844344
T000723,0.9012218748540505,0.8231772382741912,0.6465710916596037,0.6465710916596037,0.6820884741837768,0.5691104557939107,0.7346622520466226,0.7346622520466226,0.5691104557939107,0.7069576972330914,0.6820884741837768,0.7061659001134029,0.6818395236142467,0.7824712346192806
T000724,0.2548046105469839,0.2295550326441819,0.2295550326441819,0.3539053747547044,0.2295550326441819,0.2295550326441819,0.7388610062713227,0.7388610062713227,0.7388610062713227,0.7388610062713227,0.60173145183323,0.7388610062713227,0.20411602628533718,0.3123501673353638
T000725,0.27476374751838784,0.48209065368004667,0.48209065368004667,0.48209065368004667,0.2868004180882717,0.27476374751838784,0.27201821863946946,0.62658025950151,0.62658025950151,0.62658025950151,0.62658025950151,0.27201821863946946,0.307756906105031,0.30770336843798896
T000726,0.7755844102252959,0.7907679686798246,0.7907679686798246,0.43375798682912703,0.4343015969730998,1.2190709280941014,1.2190709280941014,0.10488080663698235,0.2856871126910291,0.2856871126910291,0.2856871126910291,0.12338095048494671,0.5273509115757296,0.10505009095692523
T000727,0.7545303766042525,0.5238688309831094,0.569352301924446,0.569352301924446,0.7042644454219765,0.4704613006265387,0.19124163155782908,0.19124163155782908,0.4704613006265387,0.3144900485104361,0.3226262445297639,0.35017776778455095,0.5040025340220089,0.31172520492759576
T000728,1.5145268743552733,1.093199878716568,1.4302394572064328,1.4302394572064328,1.4302394572064328,1.5470796477949713,0.471010321676642,0.471010321676642,0.4949114450081818,1.1165207822159458,1.0174396632178102,1.0174396632178102,1.5470796477949713,0.8188899804975602
T000729,0.2872088761282273,0.5846863725901326,0.3273785988213751,0.57567570259905,0.5846863725901326,0.5846863725901326,0.428665999441934,0.5854390837163888,0.5854390837163888,0.5854390837163888,0.5854390837163888,0.42967471292559817,0.5846863725901326,0.2872088761282273
T000730,1.8717498918382012,0.8446868648833752,0.8232617211954962,0.8525828061313704,0.8232617211954962,0.8525828061313704,0.8446868648833752,1.0095176821042087,1.0095176821042087,1.0095176821042087,1.0095176821042087,0.8436577103809495,1.1395024543609256,1.0061296020201047
T000731,2.986934077107894,2.986934077107894,0.6348989189809626,0.7691517995189663,0.6348989189809626,0.7691517995189663,2.493222252105432,2.493222252105432,2.493222252105432,2.493222252105432,0.450987652985531,0.6738199600189528,1.1462921108491486,0.4134928742129525
T000732,1.149171270718232,1.5015182637085585,2.822681032553127,2.822681032553127,2.822681032553127,2.822681032553127,4.194110399989335,4.194110399989335,0.3725921152067507,1.8191762213209455,2.5116858290523423,2.529502328138751,2.224570056888274,5.165722617864258
T000733,1.4541743332791166,1.4518663600132968,1.5755338895975521,1.5755338895975521,1.5755338895975521,1.5755338895975521,1.5721074369977752,1.5721074369977752,1.5721074369977752,1.3814316417993238,1.602545005459282,1.427375116182372,1.185263407294588,1.1807084669455665
T000734,7.781768026283732,7.4942239026508,7.491576936803513,7.491576936803513,7.491576936803513,7.491576936803513,7.4942239026508,7.4942239026508,7.9292865603831615,7.921053395213304,7.990634544975131,7.502073819769588,7.4942239026508,7.838298652551173
T000735,0.5124836844117954,0.6502167402867948,0.5124836844117954,0.6502167402867948,0.5124836844117954,0.5141126065887857,0.42577505286079637,0.42414340194971023,0.47476599016621823,0.47476599016621823,0.47476599016621823,0.4761176934259287,0.3897917630806757,0.6426216342586889
T000736,7.742956452286835,8.51656279054079,6.874705041611747,8.516333046818211,1.7889669411864217,0.5529542883031068,2.9628656603380104,3.027704365944391,3.027704365944391,3.027704365944391,0.28748833655584854,3.3163591055164052,3.7402868203580724,0.7492149741361859
T000737,8.50351987852463,8.50351987852463,8.50351987852463,8.50351987852463,8.50351987852463,8.543513931248919,8.50351987852463,9.158888667318484,9.158888667318484,9.094866359604959,9.094866359604959,9.134727649128841,8.545970188948377,9.068401592718999
T000738,0.21821688376609072,0.21821688376609072,0.21821688376609072,0.21821688376609072,0.21821688376609072,0.21821688376609072,0.10051715342368962,0.10051715342368962,1.125710358106693,1.125710358106693,1.0798628107197623,0.16789456871117522,0.23015819201895413,0.21821688376609072
T000739,0.731732167949999,0.3826472001686168,0.3826472001686168,0.5840645902631236,0.5830904806045549,0.5830904806045549,0.2653338200789528,0.314266510401887,0.34390591580942326,0.5895755447309976,0.3855743295770927,0.314266510401887,0.49157028709591083,0.30437429868872024
T000740,6.865671641791045,6.865671641791045,4.52010428103445,4.52010428103445,4.52010428103445,4.52010428103445,1.1364009223943359,4.52010428103445,1.7661464323293519,1.7661464323293519,4.924828017072895,4.924828017072895,4.924828017072895,6.865671641791045
T000741,3.5814427522875887,3.5814427522875887,3.5814427522875887,3.0658207230609453,3.0658207230609453,3.0658207230609453,3.0658207230609453,3.556558253361036,2.1798119190230683,3.556558253361036,3.208803544455267,2.9786894646760906,2.9786894646760906,3.18870523832525
T000742,4.278272216221388,4.377358490566038,4.559474273447594,4.26828444794252,4.26828444794252,4.26828444794252,3.435463939325748,3.435463939325748,3.435463939325748,3.435463939325748,3.0073732378781033,4.559474273447594,4.5644842576453115,4.5987906503095335
T000743,0.8300995836473467,0.29885702261474906,2.792552075132198,2.792552075132198,1.7671765537169117,1.141379655087732,0.49861394386416463,1.2291871186510146,1.2291871186510146,1.2291871186510146,1.2291871186510146,2.1560649435297585,1.9494748543360017,1.0278058006311788
T000744,0.42646180035433134,0.3942215165515917,0.5886469963468328,0.4746694656733886,0.4746694656733886,0.4746694656733886,0.4746694656733886,0.4746694656733886,0.40322267013888935,0.44665942599622105,0.4514862015055875,0.3953488372093023,0.42646180035433134,0.3953488372093023
T000745,0.8957427088920331,0.8957427088920331,0.8674527987313566,0.5303146884333116,0.6941878116674812,0.6941878116674812,0.6941878116674812,0.6941878116674812,0.43303254211805153,1.1664739228493786,1.1664739228493786,1.151014547438014,1.2385730970533415,1.151014547438014
T000746,0.8955223880597015,0.8955223880597015,0.7933005348793545,0.7933005348793545,0.7933005348793545,0.7933005348793545,0.7933005348793545,0.7933005348793545,0.8955223880597015,0.8955223880597015,0.8955223880597015,0.8955223880597015,0.9213082635416286,0.9731533476217559
T000747,1.6124092072967842,1.6061857028528277,1.9241119636038289,1.7207049008003459,2.0416245084748263,2.0877853421904446,2.0877853421904446,2.0877853421904446,2.0877853421904446,2.0877853421904446,1.9501083847676501,1.9241119636038289,1.6061857028528277,1.6061857028528277
T000748,4.055500495540139,3.3252955138712417,3.3652364868955704,3.253925313226355,3.253925313226355,2.7002943604970535,2.8162924604674173,2.8162924604674173,2.8498874651234187,2.8498874651234187,2.953140026704335,3.253925313226355,3.250548303639736,3.3252955138712417
T000749,2.8544169247850055,2.6625149038640217,2.5401624314885973,2.5401624314885973,2.5401624314885973,2.5401624314885973,2.849168107208479,2.849168107208479,1.909695328022501,1.909695328022501,1.909695328022501,1.909695328022501,1.8329490525285468,1.0770485560475396
T000750,1.6515814616556068,1.6515814616556068,1.6515814616556068,1.6740254877504706,1.6515814616556068,1.6740254877504706,2.3393333146319133,2.3393333146319133,2.64801141071563,2.4307582909681926,2.459619542667534,2.459619542667534,1.5941037614945333,2.97902597017896
T000751,1.4939094431077453,1.1171960276440052,1.2565473150854245,1.2479342965228977,1.2937804989339832,1.2937804989339832,1.608496941739889,1.608496941739889,1.5948148785837315,1.5497004824677707,1.5948148785837315,1.2479342965228977,1.2479342965228977,1.7577447566825886
T000752,2.116254875892474,2.620422952267817,2.09129963327507,2.09129963327507,2.210936603002923,2.09129963327507,1.8918384221608862,1.8918384221608862,1.8918384221608862,1.8918384221608862,1.8918384221608862,2.210936603002923,2.3449289323065248,2.330924327608505
T000753,11.497518316700678,12.090277000393023,9.595766428188686,8.564421636696787,8.564421636696787,12.094782352168226,9.41471987410419,9.41471987410419,9.41471987410419,9.41471987410419,9.41471987410419,9.41471987410419,9.601618914729952,9.580756326748103
T000754,1.833732927297905,1.5227427943495155,1.4024301209465304,1.4024301209465304,1.4024301209465304,1.4024301209465304,1.4024301209465304,1.3382786352709923,0.9201647204011636,0.790005569299333,1.4024301209465304,0.8914725709927611,1.9584799138269924,1.21429646349525
T000755,0.9086309866733672,0.9086309866733672,0.9086309866733672,0.9086309866733672,0.9086309866733672,1.0740545155353143,0.9640503662870256,0.9026403351687358,0.9026403351687358,0.9026403351687358,0.9026403351687358,0.9086309866733672,0.9086309866733672,1.3273397283754138
