unique_id,MetaARIMA(0.05),MetaARIMA(0.12),MetaARIMA(0.2),MetaARIMA(0.27),MetaARIMA(0.35),MetaARIMA(0.42),MetaARIMA(0.5),MetaARIMA(0.58),MetaARIMA(0.65),MetaARIMA(0.72),MetaARIMA(0.8),MetaARIMA(0.88),MetaARIMA(0.95),AutoARIMA
T000000,1.4777796980868283,1.4033834726320225,1.4066246440889405,1.4066246440889405,1.0974044501972444,1.0974044501972444,1.0974044501972444,1.0974044501972444,1.4332236886166485,1.5883026039295092,1.3978413305186526,1.312067635608144,1.312067635608144,0.9495269714509343
T000001,1.5214486706771875,1.7094716205203189,1.7094716205203189,1.7094716205203189,1.7882539435755942,1.7882539435755942,1.5214486706771875,2.071294956265075,2.071294956265075,3.090703572537152,1.2737046495032023,2.1554689868409898,1.6281590178338854,0.49748515319614145
T000002,1.968262785626589,1.9183855237994667,2.039968123163564,2.011015637005436,2.020499287860433,2.051089416392087,2.051089416392087,2.0083043998224697,2.039968123163564,2.020499287860433,2.020499287860433,2.020499287860433,2.048282756217553,1.8529186801370467
T000003,1.7657429400897333,1.7657429400897333,1.5689390363545277,1.5689390363545277,1.5689390363545277,1.4864629066537536,1.7689383018937754,1.667292903931936,1.667292903931936,1.5689390363545277,1.5689390363545277,1.7152700847893543,1.7152700847893543,2.249830179581461
T000004,1.8648315695446085,2.0014798840160437,2.017987427981798,2.0716277386193154,1.9904193537676034,2.082213844385394,2.0716277386193154,1.9402156534775286,2.0760669362720594,2.0760669362720594,2.0760669362720594,2.013123890183903,2.017987427981798,1.8850736667432746
T000005,0.9401160911457637,0.9401160911457637,0.8376102408017726,0.8376102408017726,0.8376102408017726,0.8376102408017726,1.2741772280412251,1.2741772280412251,0.7699262925280388,0.7699262925280388,0.7699262925280388,0.9944083532846144,1.2343016884725253,1.0469124802279455
T000006,0.8234933572107717,1.0002807672896854,1.1216815904799662,1.0002807672896854,1.0002807672896854,1.119187810235656,1.0216660843631185,1.0216660843631185,1.0216660843631185,1.0216660843631185,1.0216660843631185,1.085302141222067,1.124898879140749,1.0002807672896854
T000007,1.3740144810941273,0.6255949955117015,0.6518672341182482,0.6518672341182482,0.6518672341182482,0.6518672341182482,0.4752782159377803,0.4752782159377803,0.4752782159377803,0.4939939648338336,0.4939939648338336,0.5745912380951524,0.5745912380951524,0.6518672341182482
T000008,0.7485140916679521,0.6822744011516031,0.6822744011516031,0.7108821329063245,0.7108821329063245,0.7108821329063245,0.7148624690774452,0.6833494651612342,0.6833494651612342,0.6833494651612342,0.6833494651612342,0.9046016817917956,0.73035860674613,0.7139031044346115
T000009,0.5114651154213044,0.5323785172622414,0.4373710619798552,0.4804511661451101,0.5528107641867525,0.5596548711274174,0.5515515408836874,0.5532895603861762,0.5532895603861762,0.404146675098086,0.4373710619798552,0.5623512661286402,0.4493867506142559,0.4078405802674096
T000010,5.078519453022994,5.577195849026535,5.148972119244881,5.148972119244881,5.148972119244881,5.148972119244881,5.221999553433016,5.486062141459638,5.486062141459638,5.142536412192274,5.142536412192274,5.142536412192274,5.1354562561937405,5.366506944612241
T000011,0.5190532028951013,1.3439781289942516,0.43396964206452565,1.3963977645348749,1.4421135483557923,0.5189179652910626,0.4939590312087072,0.5024881353155292,0.5024881353155292,0.5270026114636043,0.5190532028951013,0.5190532028951013,0.5190532028951013,0.7664053937883334
T000012,0.6151346180132738,0.5629035331005712,0.5309392063833042,0.5629035331005712,0.5309392063833042,0.5629035331005712,0.5629035331005712,0.5629035331005712,0.5629035331005712,0.5629035331005712,0.5262908621889876,0.5629035331005712,0.6407669036982686,0.6303076217638398
T000013,1.9540441198578118,1.9036839647579955,2.0063342931046546,1.9036839647579955,1.9036839647579955,1.9036839647579955,1.8991581481830146,1.8741032556091908,1.6761769596631815,1.6225801438515857,1.6996488447167375,1.533359979436965,1.4567209378819992,1.8985601707689481
T000014,1.3149668278489004,1.04695201035996,1.04695201035996,1.1117868916092835,1.1117868916092835,0.92092229107834,0.9269749707354401,0.9269749707354401,0.9269749707354401,0.910033216708009,0.9377637835386933,0.864600342546298,1.2221141103983157,0.97033760107578
T000015,0.5320659391897103,0.5030815937434447,0.5098778221200101,0.5098778221200101,0.5082929391086427,0.5082929391086427,0.31780594922562233,0.32483621196365103,0.3524618111687124,0.3524618111687124,0.3507395061292157,0.5030815937434447,0.5030815937434447,0.31780594922562233
T000016,0.30244170000891835,0.32091966002275746,0.2535204154222754,0.2872094053624364,0.2872094053624364,0.23792252577497155,0.23792252577497155,0.23792252577497155,0.23792252577497155,0.2653926011766029,0.2653926011766029,0.2653926011766029,0.2422637648101368,0.5981511853599276
T000017,0.8287635302171433,0.7564706925269504,0.8287635302171433,0.7834910852677609,0.7030149436908294,0.6577350852227146,0.6507785506821177,0.7467838505675932,0.7467838505675932,0.9143571751573288,0.8311042037118098,0.7030149436908294,0.7232282433337657,0.6511644712388674
T000018,0.7642241617181016,0.7098493707410781,0.7584538921125367,0.7584538921125367,0.7584538921125367,0.7559716899510006,0.9507109169370659,0.9514814472555839,0.9514814472555839,0.7584538921125367,0.9514814472555839,0.7584538921125367,0.8111422569844732,0.9582306836431521
T000019,1.349568917776483,2.4423917328673928,1.9940517012558168,1.7479369291533338,1.6905251029275659,1.724842952968272,1.7479369291533338,2.2342473984825486,1.6905251029275659,1.6905251029275659,1.690764762951108,1.7045167647054529,1.9943650245431028,2.4423917328673928
T000020,0.8761932003295941,1.1976683685618403,0.9887331477826794,0.9048134182524602,0.9048134182524602,0.9059537779619964,1.1976981096315669,1.193918943689997,1.055883393530885,1.1541450516533993,0.9687967625998026,0.9233377755254973,0.8216139488751822,0.9266526962784057
T000021,0.9362876684650143,1.2050377290401413,1.1957559639249211,1.1957559639249211,1.1957559639249211,1.0926021597670337,1.102176225432305,1.102176225432305,1.102176225432305,0.9321402852835502,1.102176225432305,0.9321402852835502,0.9321402852835502,1.0515028093277807
T000022,1.0797516634434043,1.0338217188194867,1.0338217188194867,1.0050345749542136,1.0672790684945055,1.0672790684945055,1.13261045862962,1.13261045862962,1.0291939002885417,1.0284016510571046,1.133693678517636,1.0050345749542136,0.9747029306036665,1.13261045862962
T000023,0.33038656358466295,0.3409284418978051,0.33038656358466295,0.34878578001669297,0.36704249739061107,0.48507633525589827,0.48507633525589827,0.48507633525589827,0.48507633525589827,0.48507633525589827,0.3967732422380832,0.3967732422380832,0.3355795500822808,0.47314123087869087
T000024,1.3141367959078478,1.002219135976773,1.0096855731676246,1.0096855731676246,1.0096855731676246,0.9767584284112071,0.9767584284112071,1.0525988099411479,1.0096855731676246,0.9767584284112071,0.9767584284112071,1.4661087619688897,1.0005860326979186,1.0759355579735679
T000025,1.9112865483613186,2.0117125705287378,2.0293764667415064,2.0117125705287378,2.0117125705287378,2.0117125705287378,2.0989589323747104,2.0205219753435903,2.0205219753435903,2.0205219753435903,2.8773772236111403,1.8849615685547767,2.8860243552814877,1.8638590993871984
T000026,1.7107315701630603,1.7045136452607945,1.6685280773717281,1.5263449752890297,1.7173327105485932,1.4825107859945865,1.4825107859945865,1.5826699689103172,1.5826699689103172,1.5826699689103172,1.768068576606171,1.5251581640616794,1.5251581640616794,1.5956484025397104
T000027,2.415190027197817,2.3130866458650923,2.3910666810301606,2.3910666810301606,2.3910666810301606,2.2924641649841506,1.6002363784549274,1.6002363784549274,1.6002363784549274,1.7878618240232722,1.7878618240232722,2.3024091313791355,2.3130866458650923,1.5518867104085277
T000028,1.7805374883196443,0.7986306497316671,0.3614526200085141,0.3614526200085141,0.3614526200085141,0.49344294008560424,0.49344294008560424,0.49344294008560424,1.3092279316171243,1.3501992693297278,1.5442873395773802,0.7646151333913702,0.752505135641559,0.5918845555496852
T000029,0.9518287092328519,0.8532371503391745,0.8976930936510991,0.96570366662916,0.8976930936510991,0.8291299233997064,0.8532371503391745,0.8532371503391745,0.8532371503391745,0.8291299233997064,0.8291299233997064,0.8291299233997064,0.809057423413006,0.7890988475478491
T000030,1.5674862312009719,1.6643220286005755,1.614045237452259,1.614045237452259,1.6334994824865665,1.614045237452259,1.614045237452259,1.614045237452259,1.614045237452259,1.6567335526255185,1.6567335526255185,1.4565892759224666,1.7397014668830835,1.5495730698356018
T000031,1.5701425479376578,1.7551978540288853,2.0211804635406114,2.0211804635406114,2.0211804635406114,2.139150357387141,2.0211804635406114,2.0211804635406114,2.0211804635406114,2.0722164062277715,2.0722164062277715,1.8342525713919275,1.6383937270337068,1.7625638576314167
T000032,1.601247399999802,1.0278318627027572,0.9460550693712135,0.9639877983758092,0.9639877983758092,1.0241967681514075,0.9133474803236018,0.9133474803236018,0.9639877983758092,0.9133474803236018,0.9133474803236018,0.9460550693712135,0.9460550693712135,1.0472675507165659
T000033,1.767981491251296,1.2696953463694405,1.2260546158168006,1.2260546158168006,1.2260546158168006,1.49251819781175,1.4892997796990561,1.6035262626058304,1.6035262626058304,1.6035262626058304,1.6035262626058304,1.2260546158168006,1.1396151737689482,1.3208604451391623
T000034,2.1663014580587725,1.9628707042327918,1.8182902881156866,1.8182902881156866,1.8182902881156866,1.8171237826443736,1.9269889932539368,2.4155228008341334,2.4155228008341334,2.497932210312365,1.9254186735450838,1.8182902881156866,1.8878141621804205,2.6623747951132226
T000035,1.4858288762891574,1.4794737214296692,1.4794737214296692,1.4794737214296692,1.5719466427705986,1.5547918081957832,1.4794737214296692,1.4030586269297036,1.4066491700444128,1.4066491700444128,1.5912843254803783,1.4794737214296692,1.5572544783194802,1.4155331647471772
T000036,1.8751039138120773,2.1670438349662473,1.7530164387263003,2.1670438349662473,1.637480686420159,1.5883829086364056,1.3734244567273737,1.3734244567273737,1.3734244567273737,1.3734244567273737,1.7229913283145741,1.7229913283145741,1.7229913283145741,1.557948676373545
T000037,2.9600785555514872,2.837357712083117,2.8851540606688904,2.837357712083117,2.889721631490098,2.8941552746931722,2.837357712083117,2.837357712083117,2.8851540606688904,2.8851540606688904,2.8851540606688904,2.8851540606688904,2.8574994277288637,2.8574994277288637
T000038,2.127137251336302,2.0654993888075635,1.9981454608559635,1.9981454608559635,1.9981454608559635,1.9840804363592075,1.9840804363592075,1.9981454608559635,1.9981454608559635,2.154802645891734,1.5471224543975128,1.9981454608559635,1.8135559774076664,2.154802645891734
T000039,2.862689296941603,3.2509197564495538,3.3520426704337742,3.2509197564495538,3.3520426704337742,3.2509197564495538,3.2509197564495538,3.2509197564495538,3.2509197564495538,3.2509197564495538,3.2509197564495538,3.2509197564495538,3.3520426704337742,2.83656449867053
T000040,1.2778287148458147,1.63388610936856,1.4696224414623573,1.4696224414623573,1.5532760432936676,1.4268348209048365,1.4268348209048365,1.2196941513565498,1.2655608378955747,1.2655608378955747,1.5532760432936676,1.4696224414623573,1.591386950297548,1.4268348209048365
T000041,0.653267943049035,0.4550430654892709,0.5593106429409312,0.5008425557536893,0.5008425557536893,0.5482007800446175,0.4550430654892709,0.5008425557536893,0.5008425557536893,0.5482007800446175,0.5482007800446175,0.6854236854946255,0.5448018960950057,1.309961373093241
T000042,0.6136098698117213,0.4727997854506314,0.588671668234565,0.5404881934637515,0.5404881934637515,0.59821276115455,0.4727997854506314,0.5404881934637515,0.5404881934637515,0.59821276115455,0.59821276115455,0.681367700938761,0.5682519094484446,1.27341315495531
T000043,0.5960217945657861,0.5827677466998441,0.5524798067843302,0.5626439252842995,0.5626439252842995,0.5626439252842995,0.5626439252842995,0.5371501727172413,0.5371501727172413,0.547806318863491,0.515366738207132,0.5552961891752543,0.5226530353526225,1.1990486808676635
T000044,0.602076808199205,0.5772274092499755,0.5433808665424532,0.58694673088185,0.5433808665424532,0.5433808665424532,0.58694673088185,0.5725765222132007,0.5433808665424532,0.5725765222132007,0.58694673088185,0.5827822505725635,0.6316905567550182,0.5865846811137437
T000045,0.4549976788676427,0.49947534354793677,0.5381921915140934,0.5259515984812401,0.26733424661634514,0.26733424661634514,0.26733424661634514,0.4424528262897756,0.37383333568690674,0.43432941708200506,0.43432941708200506,0.5259515984812401,0.5416746775646755,0.33085607371568043
T000046,1.7893867807258201,1.7401471767450958,1.9120070633338728,1.6017799524403906,1.8303870090254533,1.8303870090254533,1.8040975241004154,1.8040975241004154,1.7893867807258201,1.7893867807258201,1.7893867807258201,1.8303870090254533,1.7868148104594224,1.0532941587354347
T000047,1.7918893225689376,1.7130103755379789,1.792456361315306,1.0076827065199427,1.7361370341368028,1.8238653997546093,1.8238653997546093,1.8238653997546093,1.4416064296322133,1.8391406178574958,1.2973247957463572,1.7957908032807752,1.2808404047896507,1.1502631959134106
T000048,0.9987008928240992,0.9565571841175659,0.9565571841175659,0.8796602512488795,0.8796602512488795,0.9987008928240992,0.823091164212045,0.7264067963487371,0.7264067963487371,0.7264067963487371,0.7264067963487371,0.8707859589644165,0.823091164212045,0.7264067963487371
T000049,0.4117572847377128,0.39867175815693306,0.4087399061489001,0.4087399061489001,0.45636882073406443,0.4023277256003362,0.40124845427048533,0.3962158010433346,0.40456061756775097,0.40456061756775097,0.40456061756775097,0.4007898181285268,0.40382321621577766,0.3811621492897839
T000050,0.4209540275759001,0.2800535239965464,0.3699089752204563,0.36007791543041406,0.36454598326296955,0.3361938459713911,0.3361938459713911,0.36454598326296955,0.36454598326296955,0.35325418636666445,0.35325418636666445,0.24628815554797778,0.3981729561347208,0.3347613893351866
T000051,0.2683020753150555,0.584259219842046,0.584259219842046,0.584259219842046,0.584259219842046,0.584259219842046,0.3299955721748855,0.4021197326460477,0.4021197326460477,0.4021197326460477,0.2694656567707084,0.5947134856014721,0.6369925543682263,0.7032824117735982
T000052,0.6330620344463334,0.663122748367467,0.5668746021966844,0.5668746021966844,0.5668746021966844,0.5764126271389658,0.5153988903242389,0.5356503858052699,0.5356503858052699,0.5324976464408998,0.5324976464408998,0.5356503858052699,0.5324976464408998,0.5319769050892786
T000053,0.49023956398450336,0.3818333312369965,0.5806928461323307,0.5806928461323307,0.41451074290496875,0.5806928461323307,0.5358333375669542,0.48724602059586364,0.5190188850689265,0.5190188850689265,0.45000142582496855,0.3818333312369965,0.4499645608754411,0.4241729800673659
T000054,0.24540745533591915,0.2252502934159066,0.23975322541879499,0.23975322541879499,0.22937880987474005,0.23703722126525567,0.4331095207488829,0.22278615121161666,0.22278615121161666,0.23786294729527088,0.22278615121161666,0.22937880987474005,0.24609741495554685,0.3509205372235503
T000055,0.5932986573953205,0.6065318977359758,0.44897949384155,0.44897949384155,0.44843190673653843,0.38738770373902937,0.9580497558332403,0.44371605226346883,0.5556367876014489,0.6065318977359758,0.38738770373902937,0.4466195323160051,1.2364858754476489,0.7241516390543821
T000056,0.6544871884209523,0.7560169942226673,0.6718772514496691,0.7018480272956057,0.7122042670846761,0.7500455388590327,0.7122042670846761,0.7500455388590327,0.7500455388590327,0.7500455388590327,0.7500455388590327,0.6718772514496691,0.6571052009171566,1.0458940801395589
T000057,1.236969392741766,1.2904582893471184,1.2904582893471184,1.3311518483598996,1.2904582893471184,1.3311518483598996,1.3311518483598996,1.360243943457999,1.360243943457999,1.1929323448462597,1.1931934332868515,1.1931934332868515,0.8530303917042463,1.2904582893471184
T000058,0.9992401884883394,0.9992401884883394,0.9992401884883394,0.9992401884883394,0.5407813801469791,0.5407813801469791,0.3557190685824844,0.3557190685824844,0.5666352080093487,0.5735634506493342,0.5735634506493342,0.5407813801469791,0.5478822909899693,0.3557190685824844
T000059,0.6302094249370898,0.7430430612470782,0.6202630406408973,0.6404110488160708,0.6182412402192283,0.6481868441828077,0.7373697149020217,0.6481868441828077,0.6481868441828077,0.6481868441828077,0.609354388253572,0.6302094249370898,0.8375471648583378,0.6302094249370898
T000060,0.584233927035037,0.6289942598132157,0.5731514065670639,0.5731514065670639,0.5731514065670639,0.4809712739930815,0.4809712739930815,0.5731514065670639,0.5731514065670639,0.5731514065670639,0.5570645348387847,0.5731514065670639,0.5436023650676641,0.4674688990196804
T000061,1.0783707380297058,1.1983077742231854,1.0490550481213736,1.0490550481213736,1.3119567191499668,1.0490550481213736,1.227017426515334,1.044476702710866,1.044476702710866,1.044476702710866,1.3119567191499668,1.1087004791465016,1.1832639969230512,1.0855273653864939
T000062,3.990498916008962,3.4554996185129436,3.581223564068172,3.2896487635156473,3.581223564068172,3.581223564068172,3.942603403619788,3.9287207789656517,3.9287207789656517,3.942603403619788,3.5290936960460524,3.581223564068172,3.581223564068172,3.3346161438914006
T000063,0.7567066314469405,1.1959213841238816,0.9359566734557326,1.2894380151865956,1.2557648801418448,1.2557648801418448,0.9359566734557326,0.8182598646860896,1.0814659864965777,1.2557648801418448,1.284626588718942,0.8182598646860896,0.7539964553975353,1.1425932372475298
T000064,1.1761789718967604,1.0405375793896194,0.9535717726810187,0.9535717726810187,0.9535717726810187,0.9535717726810187,0.8372209583891765,0.597401685614942,0.597401685614942,0.597401685614942,0.8632437628166078,0.7719334805608157,1.0277276699431057,0.9535717726810187
T000065,0.6558791612066611,0.6558791612066611,0.6558791612066611,0.5090302133603187,0.6576258494409275,0.5090302133603187,0.5090302133603187,0.5808936083189407,0.5597395713571807,0.5597395713571807,0.5597395713571807,0.5302372126906189,0.5533369527148927,0.613998801619725
T000066,0.46466112882251254,0.47259186500735617,0.47259186500735617,0.46749041511013917,0.471076847886109,0.4719728377695831,0.8437950407784276,0.8998477108695973,0.9016223575109003,0.9016223575109003,0.8998477108695973,0.4721086938755499,0.47259186500735617,0.8887651175792747
T000067,1.0061135680708393,0.8513255401040726,0.8513255401040726,0.8513255401040726,0.919512907454366,0.8513255401040726,0.919512907454366,0.9700330260855322,0.9700330260855322,0.9177171811717492,0.9763828737201187,0.9763828737201187,0.9738004323529044,0.9779730127284767
T000068,0.6881764202087691,0.7352475161191206,0.7307139677870823,0.7307139677870823,0.7352475161191206,0.7019690326323887,0.7352475161191206,0.7307139677870823,0.7307139677870823,0.7207617852969654,0.7207617852969654,0.7207617852969654,0.7328610701013112,0.6919358152110994
T000069,0.8088501659247384,0.803760119155448,0.8023405354977116,0.752485842415059,0.7993700584332651,0.8071526467534275,0.7758301779777499,0.7551165268684752,0.7863541271771773,0.7551165268684752,0.7551165268684752,0.7771366513824308,0.7993700584332651,0.7873889992725572
T000070,0.9771209905514938,0.7755154089901253,0.7960551401027626,0.7960551401027626,0.7960551401027626,0.6733824236405702,0.7101508979130484,0.7960551401027626,0.7960551401027626,0.7960551401027626,0.7755154089901253,0.7960551401027626,0.7835951608359518,0.85224182812073
T000071,1.7896599384241545,1.8954292240396533,1.898093129806056,1.9012356868398024,1.898093129806056,1.898093129806056,1.898093129806056,1.898093129806056,1.898093129806056,1.898093129806056,1.898093129806056,1.898093129806056,1.7184208788944526,1.829530594292686
T000072,0.7615189706167079,0.2986498524414342,0.34240146688083556,0.34240146688083556,0.34240146688083556,0.36858905447390183,0.34240146688083556,0.34240146688083556,0.34240146688083556,0.34240146688083556,0.32030111057830374,0.37597791525482055,0.37597791525482055,0.4226279935738808
T000073,0.7154202035995726,0.633285606373006,0.5314739660666034,0.5197244613602485,0.9746125646927787,0.6484152794722419,0.5075934194963233,0.6484152794722419,0.6484152794722419,0.6484152794722419,0.6484152794722419,0.5075934194963233,0.45988626505205266,0.5230160161761183
T000074,0.7795742082746202,0.7596139785982959,0.7596148337370452,0.7393735624301043,0.7393735624301043,0.7666630436999834,0.7596148337370452,0.7596148337370452,0.7596148337370452,0.7596148337370452,0.7596148337370452,0.7596148337370452,0.747261062722927,0.6986627248269165
T000075,0.7963874961568929,0.4877043298137954,0.48326511419647544,0.447535927107461,0.6087773220659503,0.5415121862145491,0.5415121862145491,0.447535927107461,0.6087773220659503,0.5415121862145491,0.447535927107461,0.48326511419647544,0.48326511419647544,0.40270332885607224
T000076,1.0686503043590387,1.032635992814612,1.0861179951339348,1.0197399974297814,1.0861179951339348,1.0241086727662374,1.0197399974297814,1.0861179951339348,1.0861179951339348,1.0861179951339348,1.0861179951339348,1.0861179951339348,1.0949410351434985,0.923278413659372
T000077,1.126953554838707,1.1314915996028374,0.9946001769252196,1.1411581602014917,0.9952000668278116,1.1411581602014917,1.1314915996028374,1.1411581602014917,1.0537503062193365,1.1028089877223133,1.1028089877223133,1.1028089877223133,1.118074760969773,1.118074760969773
T000078,0.43555632300688557,0.406287807897827,0.406287807897827,0.372805814308748,0.372805814308748,0.43233747496017727,0.372805814308748,0.4451396809607844,0.4451396809607844,0.43233747496017727,0.41442959418086606,0.4187427420356312,0.4422361921734669,0.5944985096520269
T000079,0.3628440411432836,0.279544889910759,0.31974018167362056,0.27997600622959834,0.27997600622959834,0.279544889910759,0.41241568624843034,0.27905803074591407,0.2727062877972188,0.27742316025775793,0.27905803074591407,0.2912128544088826,0.34287045670806876,0.4640078713213645
T000080,0.8410503788904817,0.839266836649805,0.6913870556169139,0.6913870556169139,0.7404598855886976,0.6131785489020424,0.6184866079546774,0.6913870556169139,0.6913870556169139,0.6725358544337454,0.8303438864510402,0.7843596823304574,0.8881399951164082,0.7488332388372998
T000081,1.6228358337681836,1.7077223364922514,1.7077223364922514,1.7367468893176303,1.7298467138670441,1.7298467138670441,1.7367468893176303,1.7554543589716165,1.7173547207275823,1.7301119732460852,1.7372374360176805,1.7173547207275823,1.7501787057890985,1.7349686390959589
T000082,0.7530339586067526,0.5248582061280274,0.9081949495981401,0.9081949495981401,0.9081949495981401,0.9081949495981401,0.602471519940648,0.6906291220129219,0.667584400825436,1.6287449515369643,1.5775326526998537,1.3859754849240544,1.301204277615263,0.3677761099430609
T000083,0.7674654102097505,0.695850559868515,0.6754202324778251,0.6754202324778251,0.6754202324778251,0.6754202324778251,0.6771038564798433,0.710736641834851,0.6771038564798433,0.7048204078890642,0.6771038564798433,0.6703451417641055,0.6901913977654551,0.7876417293848181
T000084,0.48799111560598224,0.5269121137034459,0.5897502335805335,0.5897502335805335,0.5909439194565177,0.5612142901304737,0.5909439194565177,0.5906132768537271,0.5897502335805335,0.5906132768537271,0.5906132768537271,0.5906132768537271,0.5897061919768617,0.6675814549003461
T000085,1.6365987083259594,0.6811886789497693,0.8596145401716726,0.8596145401716726,0.8596145401716726,0.8891899695465132,0.9284851280037173,0.689670794380636,0.6791424710522882,0.713908011833732,0.7220203632087081,0.8596145401716726,0.7220203632087081,1.0177699764663284
T000086,0.9281496052744345,0.9281496052744345,0.9370628734101523,0.9281496052744345,1.3882011508044831,1.3882011508044831,1.3882011508044831,1.3720889279711035,1.4232162415275702,0.8426017767695421,0.9517299751866454,0.8844068063256258,0.9708748822597596,1.3174986580661487
T000087,0.6223495349468091,0.6286429932782147,0.6459599391683812,0.6459599391683812,0.6459599391683812,0.6512216201254064,0.6512216201254064,0.6459599391683812,0.6459599391683812,0.6512216201254064,0.6512216201254064,0.6459599391683812,0.6336457477937031,0.9612321937371223
T000088,1.2438685276774815,1.0467993657895833,1.068467010524742,1.0467993657895833,1.278223673309574,1.068467010524742,1.0144792713549269,1.0630323678999487,1.0630323678999487,1.0630323678999487,1.068467010524742,1.0630323678999487,1.099655113724127,1.1145582801325202
T000089,1.1315010162567973,0.510208451490433,0.5375154278957293,0.5375154278957293,0.5375154278957293,0.5049807079366636,0.521311609978114,0.5400535893307828,0.5400535893307828,0.5049482258368713,0.5400535893307828,0.508969863459223,0.5095048453854399,0.4844454258213099
T000090,0.4292710888269595,0.5214420656908795,0.5661806430336358,0.4890556297353517,0.4890556297353517,0.5661806430336358,0.5661806430336358,0.8758049866815425,0.8758049866815425,0.5661806430336358,0.5661806430336358,0.5661806430336358,0.5053673154377805,0.8252357065915159
T000091,0.5274383332548684,0.34124267315952345,0.34124267315952345,0.34124267315952345,0.34124267315952345,0.3254519287236464,0.3254519287236464,0.34135009156258883,0.34124267315952345,0.34135009156258883,0.34135009156258883,0.34124267315952345,0.34124267315952345,0.5929195849514464
T000092,0.5104925574846263,0.48661991209795546,0.4569833716028771,0.4569833716028771,0.4569833716028771,0.48661991209795546,0.48661991209795546,0.48661991209795546,0.4737640353366301,0.5828395008316452,0.5828395008316452,0.5828395008316452,0.5235201507760044,0.611139155037539
T000093,1.621307131604929,1.86918481439782,1.86918481439782,1.8826847770278303,1.8826847770278303,2.0354622375377374,0.8771778127381226,0.9459227866914439,1.2238342654039036,1.2238342654039036,1.2238342654039036,2.0354622375377374,1.883683714415392,1.2238342654039036
T000094,0.3160132983141018,0.3367077954184498,0.3367077954184498,0.3367077954184498,0.3367077954184498,0.3367077954184498,0.3367077954184498,0.3286522174502322,0.6369167745867707,0.6369167745867707,0.40845041492790973,0.3367077954184498,0.40845041492790973,0.5482403787461682
T000095,0.43213563614588346,0.42325156877649345,0.421520771129322,0.421520771129322,0.42325156877649345,0.47054686255948175,0.47054686255948175,0.7274266127886663,1.0357150046628627,0.5366343490593544,0.4797260909364628,0.4797260909364628,0.4797260909364628,0.6085687469866133
T000096,0.4386224235892084,0.4621598990123247,0.4613192001832147,0.4621598990123247,0.4621598990123247,0.4002202683625238,0.4002202683625238,0.4002202683625238,0.4002202683625238,0.385978842254893,0.385978842254893,0.4621598990123247,0.457830962858754,0.3650423362709522
T000097,0.18660312235295187,0.18471840778773177,0.2684937340541958,0.2684937340541958,0.2684937340541958,0.2843727011725686,0.20063972967209082,0.20063972967209082,0.4692582369241174,0.4692582369241174,0.4692582369241174,0.41221543285433326,1.494324837989985,0.35503915674244574
T000098,0.46798520343025296,0.6909773352445032,0.6909773352445032,0.48203259154308303,0.6909773352445032,0.7174610379701942,0.3295981103174536,0.3328328188393784,0.4570619877995184,0.4570619877995184,0.4570619877995184,0.6896528683351861,0.6896528683351861,0.3294168536200455
T000099,0.9470908859178869,0.9517822373028777,0.9488535222898344,0.9428711908014039,0.9428711908014039,0.9470908859178869,1.1477910174816452,1.1530242713740446,1.0509422677225067,1.0527512185531467,1.0527512185531467,0.9519161083989288,0.9488535222898344,1.1477910174816452
T000100,0.4013459624510655,0.3571556075762508,0.365888563676163,0.365888563676163,0.365888563676163,0.3546938755132116,0.4119786013277566,0.3482984313201037,0.3482984313201037,0.3482984313201037,0.3482984313201037,0.3482984313201037,0.41919065903375763,0.3546938755132116
T000101,0.4856308032612315,0.4756779115635208,0.4690160072542573,0.44902760071737735,0.4662674314243804,0.4889897134777954,0.4889897134777954,0.4889897134777954,0.4889897134777954,0.4889897134777954,0.4889897134777954,0.44959307666697734,0.4639520941708331,0.4639520941708331
T000102,1.0019705088849136,1.0017147369234838,1.0017147369234838,1.0931664483736838,1.0931664483736838,1.0456702462567347,1.0931664483736838,1.0931664483736838,1.0017147369234838,1.0017147369234838,1.0028723556050954,1.0419929283896243,1.1089672826165202,1.0028723556050954
T000103,1.9888089472597643,2.588523109091455,2.0954306068182067,1.800285051483756,2.0954306068182067,1.225565109280613,1.300503864196477,1.255942630241507,1.255942630241507,1.505762972541435,1.505762972541435,1.255942630241507,2.2450373468244393,1.9283576350384635
T000104,0.8617127854451225,0.6370526455484203,0.8079355625400885,0.9504647133414964,0.8079355625400885,0.817520049314374,0.6190292314855587,0.6454992043730285,0.6454992043730285,0.6190292314855587,0.6190292314855587,0.7648766597165488,0.7500424989413167,0.5971538607524695
T000105,0.8370980850654853,0.5937125718340694,0.8619469464024546,0.8619469464024546,0.8619469464024546,0.5465490608358518,0.5465490608358518,0.5661819723536855,0.5465490608358518,0.5465490608358518,0.5372945954246979,0.8183894440078578,0.7913559468123156,0.5661819723536855
T000106,0.5107895389132292,0.4462251422716927,0.40148957605816654,0.38825242057614345,0.38825242057614345,0.38825242057614345,0.3951831075620646,0.38825242057614345,0.3951831075620646,0.3951831075620646,0.3859153854562099,0.42953995223223207,0.3859153854562099,0.3859153854562099
T000107,0.46816132173690017,0.45279012427710585,0.4464306881740294,0.44066479164301,0.44066479164301,0.4459571237041657,0.4459571237041657,0.45956882152349826,0.4480974468359331,0.44066479164301,0.4480974468359331,0.4250468275502314,0.3977376232359445,0.45956882152349826
T000108,1.4389631594499435,2.2687889784936788,2.1241749886151404,2.1241749886151404,2.1241749886151404,2.1241749886151404,2.180552625409316,2.1588183626930144,2.4237386470823035,2.118974296642589,2.118974296642589,2.4943448290470718,2.178536340247765,1.8960767085076027
T000109,0.6666088637034594,0.6117101928980678,0.6117101928980678,0.6117101928980678,0.6117101928980678,0.5895530860670459,0.5895530860670459,0.6210085129676061,0.61592555943215,0.6052811380326427,0.6052811380326427,0.5895530860670459,0.5977854391838389,0.5990292184130528
T000110,0.267075632833919,0.3003964779028916,0.3003964779028916,0.31210751200080467,0.32131596345693564,0.2987801790253101,0.31871482336957596,0.31871482336957596,0.31871482336957596,0.7254143187022309,0.31871482336957596,0.31871482336957596,0.33127294302571864,0.20869341203448039
T000111,0.38985768208626914,0.6735165854336881,0.6735165854336881,0.36113217168553946,0.36113217168553946,0.37876191444968554,0.786899299497007,1.6227926827992503,0.35375626652729497,0.35469509526289594,0.35375626652729497,0.36113217168553946,1.6227926827992503,1.7921692458949003
T000112,1.1572402074592563,1.2889548349547322,1.1618191967400266,1.1618191967400266,1.1599352567688836,1.2108900766754052,1.2608714690220217,1.267233083004679,0.5940827195816091,1.4226213980198537,1.4226213980198537,1.298332391264292,1.1298012161631137,1.0101555435894596
T000113,0.4371583776811705,0.4371583776811705,0.44019251117466046,0.44019251117466046,0.4658253358602901,0.4658253358602901,0.5282332115701232,0.5222351876758249,0.530508764282471,0.5309826255654807,0.6162935258515945,0.597441691444178,0.5351300345660192,0.5907519675850038
T000114,2.2523458006020385,1.2771497432049304,1.9346754051561346,1.9346754051561346,2.422978457949993,2.933385631905127,2.604847066047509,3.0963357027235006,1.299220353626147,2.6570659222601423,2.6193013526734985,2.7403343611527515,1.4888216675491002,2.0857011896764295
T000115,0.44335238811932454,0.3481877628954667,0.4183433853156885,0.4183433853156885,0.4183433853156885,0.35154138943135155,0.44538615169892243,0.38667889655571036,0.38667889655571036,0.41342743032402296,0.41342743032402296,0.38225603324857044,0.35248837509970354,0.486625528772062
T000116,0.35612216192213697,0.28578275712294704,0.41929488354952205,0.4154604628395543,0.41929488354952205,0.41929488354952205,0.4154604628395543,0.4154604628395543,0.5848327000855811,0.42236549267735474,0.4154604628395543,0.42236549267735474,0.4213418310323722,0.5848327000855811
T000117,0.2958121379391815,0.32676821307209464,0.34309601557087277,0.34309601557087277,0.3440573527238901,0.3440573527238901,0.46871951430958286,0.4928981200036231,0.4928981200036231,0.4928981200036231,0.4928981200036231,0.3306653274815438,0.5130960477970123,0.4715233128215741
T000118,0.5133335414362984,0.5082041474726952,0.5082041474726952,0.5082041474726952,0.5082041474726952,0.5082041474726952,0.5045810789724295,0.5087613856381519,0.5087613856381519,0.5087613856381519,0.5258568189510899,0.5052844205382374,0.5133335414362984,0.6248942242707631
T000119,0.5153143738458157,0.5047060970654683,0.5528912019730953,0.5528912019730953,0.5514624973825684,0.5366473216517254,0.6462170334355745,0.6483079559235428,0.3473276806751955,0.5160304729361234,0.545494982507811,0.5720140746671604,0.549317679505243,0.4074235760541626
T000120,0.4845231623625779,0.4808106397787362,0.4645875560692225,0.523746507184675,0.5068944612099778,0.5227638583365612,0.5227638583365612,0.4961727580198368,0.5160059022481951,0.5160059022481951,0.5068944612099778,0.5160059022481951,0.5205756681993461,0.6574463305770861
T000121,0.29425065276603835,0.35316344765682955,0.35189738000493304,0.4008554561497009,0.39634030462301795,0.3511756977933802,0.3606809368731482,0.36344930934725184,0.6921891892648482,0.49680040837601613,0.35118159728392545,0.3442553078587305,0.36445839424476595,0.6658935170390083
T000122,0.6136677154610388,0.6627083442799183,0.6406186630678331,0.655962093263503,0.655962093263503,0.6353412501050117,0.655962093263503,0.6694906810473875,0.655962093263503,0.6575641674350424,0.6575641674350424,0.6575641674350424,0.8568540886576282,0.7010416646922714
T000123,0.29425065276603835,0.35316344765682955,0.35189738000493304,0.4008554561497009,0.39634030462301795,0.3511756977933802,0.3606809368731482,0.36344930934725184,0.6921891892648482,0.49680040837601613,0.35118159728392545,0.3442553078587305,0.36445839424476595,0.6658935170390083
T000124,0.8083483913394047,0.7200188531583829,0.7522746745788964,0.7522746745788964,0.7522746745788964,0.7522746745788964,0.7522746745788964,0.7522746745788964,0.3382255204283649,0.8486500839503592,0.8486500839503592,0.8535849861934091,0.864595222444878,0.6717461628398448
T000125,0.7457314802722419,0.48406110743510045,0.48406110743510045,0.4712062883528197,0.4712062883528197,0.4712062883528197,0.4712062883528197,0.48406110743510045,0.4712062883528197,0.4712062883528197,0.5210831488095378,0.48406110743510045,0.44830721415386626,0.5827543454303853
T000126,0.4718772639695492,0.41440741705156153,0.41440741705156153,0.41440741705156153,0.41440741705156153,0.41440741705156153,0.41440741705156153,0.41440741705156153,0.41440741705156153,0.45555998614583393,0.4415544697761777,0.4415544697761777,0.43780163909130076,0.5078440403501914
T000127,0.3395232569348109,0.31260014365657957,0.31260014365657957,0.3395232569348109,0.3099384033804543,0.31534827631484136,0.31727886702208047,0.6651129121210759,0.6651129121210759,0.6398390255639521,0.3036346786465535,0.32818649979007175,0.32818649979007175,0.30426209616398703
T000128,0.35838087108888467,0.4026071882995322,0.3600801661251457,0.3600801661251457,0.3600801661251457,0.3826922362184109,0.3669323972437623,0.3600801661251457,0.7463381618792259,0.3600801661251457,0.3704557909441398,0.3704557909441398,0.37602965839100394,0.4013402066446285
T000129,0.7650773991979556,0.6325247800906217,0.5935426181313619,0.5935426181313619,0.5935426181313619,0.6239502633240613,0.5882534336438603,0.8344734403808807,0.7416069969159432,0.8943195492803112,0.7686744561041613,0.5559788759708577,0.5666671457443163,0.7278541813597165
T000130,0.17845511015706925,0.17845511015706925,0.12289063499852743,0.12289063499852743,0.11953362358620703,0.25061832314632543,0.24577473083588738,0.24577473083588738,0.1778650204262981,0.16822236877187036,0.12693688189134344,0.1901774277758652,0.2685856789842665,0.11530333660525971
T000131,0.5822168156015696,0.4805764481675194,0.4805764481675194,0.4805764481675194,0.4805764481675194,0.4805764481675194,0.5461448963321194,0.5555047233520503,0.5628836924989058,0.5555047233520503,0.5461448963321194,0.5555047233520503,0.5461448963321194,0.3780095939875895
T000132,2.341458766128571,2.514170863991269,1.519055431727412,1.519055431727412,1.6116480557478512,1.4162525584219419,1.4297033202191587,1.2341562787106326,1.1904495045225176,1.2158876735667945,1.2158876735667945,1.770860690736773,1.770860690736773,1.2931445234328842
T000133,1.7506869116665773,0.9377741154162506,0.9377741154162506,0.9377741154162506,0.9377741154162506,0.9243619916187791,0.9111920206355949,0.9207846379729822,0.8705653724444702,0.8683459982398118,0.8683459982398118,0.8594472198071758,0.8594472198071758,0.937352586704322
T000134,1.53464511847661,1.1924405250623757,1.1924405250623757,1.2337473111740163,1.1924405250623757,1.1290310891478412,1.1357425898709095,1.213437612570165,1.2288843471752542,1.213437612570165,1.213437612570165,1.2313457355862472,1.2313457355862472,0.8146423551012681
T000135,0.5058600669141279,0.5084843876078553,0.4493831890638487,0.5121220474438175,0.5224045922607368,0.5224045922607368,0.5121220474438175,0.4606434007848155,0.4526491354466347,0.4549704880463288,0.4526491354466347,0.5237302726653249,0.5237302726653249,0.4606434007848155
T000136,1.0679060057255925,0.8253224383747545,0.8482294615565366,0.8482294615565366,0.7209733883779833,0.7405700061407876,0.7405700061407876,0.7209733883779833,0.7209733883779833,0.7405700061407876,0.7405700061407876,0.7209733883779833,0.7148987817132504,0.854591259488436
T000137,0.7485950684355043,0.7563037417381623,0.8039121886554056,0.8039121886554056,0.7566523673177881,0.7871948934578354,0.7871948934578354,1.0480640697737518,1.0480640697737518,1.0480640697737518,1.0594409603185275,1.0480640697737518,1.0480640697737518,1.0863366620205543
T000138,0.7178058668582608,0.7431428429897465,0.6589786852960472,0.7431428429897465,0.6589786852960472,0.6521633778645444,0.6521633778645444,0.6589786852960472,0.6589786852960472,0.8567519159741037,0.6415025416142974,0.6589786852960472,0.6400018384443974,0.9189396258966519
T000139,0.43117803486320627,0.4667989232957624,0.4686503287492157,0.46816513468966975,0.457226033897235,0.4667989232957624,0.457226033897235,0.457226033897235,0.457226033897235,0.4532661459686186,0.457226033897235,0.457226033897235,0.4706343702639805,0.47550589103561436
T000140,1.0459373650152068,1.0477586502126761,1.0482450242805532,1.0482450242805532,1.0534595941430989,1.0534595941430989,1.0534595941430989,1.0654519077569555,1.0654519077569555,1.0482450242805532,1.0482450242805532,1.0654519077569555,1.0482450242805532,1.0829328212679943
T000141,1.5943114049773242,0.546218966963706,1.8150875072113044,1.8150875072113044,1.8150875072113044,1.7258718385915537,0.5355226172079756,0.5355226172079756,0.5355226172079756,0.5691763942862608,0.5691763942862608,0.5355226172079756,0.5691763942862608,0.5494527668287155
T000142,0.4724166501658312,0.4736469797810949,0.5008147533269349,0.5008147533269349,0.5008147533269349,0.5008147533269349,0.4736469797810949,0.4883772743475417,0.4883772743475417,0.4884016764932693,0.4884016764932693,0.5008147533269349,0.48837929376402683,0.711803135488318
T000143,0.6144225652399949,0.6144225652399949,0.6144225652399949,0.6144225652399949,0.5095149751777305,0.8170673741352864,1.6434527168783424,0.8812692118939746,1.2571225801819346,1.6434527168783424,1.3707332268576122,1.668631466739028,1.6434527168783424,1.0951118152593016
T000144,0.47563749153970025,0.47707296591697784,0.4959990430305972,0.49748666735398706,0.4959990430305972,0.49822834047119696,0.4959990430305972,0.45314462932933824,0.48675218083672694,0.4977334643313559,0.4638077593321038,0.4557289590466575,0.44644360131894706,0.4452424025667906
T000145,2.6548487417459765,2.624402971919713,2.6045562987644897,2.6502169584339152,2.1977991398970618,2.3244262307201393,2.3244262307201393,2.3244262307201393,2.1505900746249353,2.1863385311829533,2.1511951861215803,2.547732368858518,2.547732368858518,2.256324976409312
T000146,0.6644973748349853,0.6335574029385529,0.6335574029385529,0.6335574029385529,0.6751559956090117,0.6751559956090117,0.7911553002109823,0.7911553002109823,0.7911553002109823,0.6037443515059623,0.6037443515059623,0.6751559956090117,0.7749939368529534,0.7911553002109823
T000147,0.456115661075488,0.4816072072922774,0.4816072072922774,0.47638123010300215,0.42197182328155386,0.22705536141254368,0.22705536141254368,0.22705536141254368,0.2530150447230622,0.2530150447230622,0.2530150447230622,0.42197182328155386,0.42197182328155386,0.1712073247858015
T000148,0.3844826804197291,0.3249713602499982,0.3258231473823632,0.3258231473823632,0.3258231473823632,0.3249713602499982,0.3249713602499982,0.3412792834098258,0.3412792834098258,0.34006251680883554,0.3249713602499982,0.3249713602499982,0.3258231473823632,0.32494823656932065
T000149,0.9183373549264628,0.6710142925648871,0.711427686064244,0.711427686064244,0.711427686064244,0.711427686064244,0.711427686064244,0.6710142925648871,0.711427686064244,0.6710142925648871,0.6710142925648871,0.6710142925648871,0.7928894791989444,0.8591287928390028
T000150,0.4787665473122375,0.4787665473122375,0.6493737598470527,0.6493737598470527,0.9061150215613527,0.7365075860906118,0.755116583344724,0.6502451404499099,0.43314872386331155,0.43314872386331155,0.43314872386331155,0.4312720922271165,0.43314872386331155,0.6129954211576097
T000151,0.33407196746179585,0.33331309450021024,0.381640521827572,0.38467889856559356,0.3807085106893132,0.381640521827572,0.38467889856559356,0.3896731584081348,0.381640521827572,0.37442633387516927,0.37442633387516927,0.37442633387516927,0.37530457207283324,0.49196112741489956
T000152,0.502480646129542,0.5054190503866439,0.4420122333414982,0.4420122333414982,0.46441042196541,0.4395990010908324,0.5137763811524948,0.523018342861488,0.523018342861488,0.5264849459447354,0.5264849459447354,0.523018342861488,0.44550178201469964,0.5034005910896661
T000153,0.5445279410097176,0.5445279410097176,0.5445279410097176,0.5445279410097176,0.5500432607025205,0.5568254866565907,0.7074218793175217,0.9363009998372275,0.9363009998372275,0.9363009998372275,0.9363009998372275,0.5500432607025205,0.5500432607025205,0.5445279410097176
T000154,0.3931737838370755,0.31095132971834843,0.3111421253360561,0.3001544450163419,0.3101845463017184,0.3101845463017184,0.3674569698861445,0.4284936546412621,0.8640428015519952,0.8640428015519952,0.4284936546412621,0.20372683723039964,0.4102912158425349,0.8640428015519952
T000155,0.2401204238248309,0.22207138830089648,0.24390939104466006,0.24390939104466006,0.22207138830089648,0.24390939104466006,0.22207138830089648,0.27233089428983814,0.2538002907319582,0.2538002907319582,0.2538002907319582,0.24799767036595363,0.24390939104466006,0.22207138830089648
T000156,0.6164751571764581,0.5208189005240772,0.4923035657244295,0.4923035657244295,0.5020502314540155,0.5020502314540155,0.5180593986447497,0.5020502314540155,0.5614420254642795,0.6127226050812352,0.2406872404581344,0.5181456325730258,0.5037282981961801,0.5035492017824058
T000157,0.8372329359455931,0.8372329359455931,0.8423494610770396,0.8372329359455931,0.7960076924944779,0.7960076924944779,0.782652045340557,0.810293616782443,0.810293616782443,0.8263568492990294,0.8263568492990294,0.7628829670996793,0.7628829670996793,0.7391689465640704
T000158,0.3108028924403353,0.3108028924403353,0.3108028924403353,0.3108028924403353,0.3108028924403353,0.3013822939092442,0.3108028924403353,0.3082314517825858,0.2655418154212367,0.24505053674232696,0.26639331604278743,0.26639331604278743,0.3013822939092442,0.3108028924403353
T000159,0.804070867855897,0.7502036407148788,0.7502036407148788,0.538999290913314,0.55854906475042,0.55854906475042,0.7502036407148788,0.8325602323224199,0.8325602323224199,0.8325602323224199,0.8325602323224199,0.7574463312982664,0.6678141283801812,0.9916131991529863
T000160,0.8380375117209745,0.8380375117209745,0.8380375117209745,0.8380375117209745,0.9725431317843666,0.7804638440890588,0.7804638440890588,0.3642777909107345,0.7804638440890588,0.9376838325401796,0.9910944026611261,0.9694408351528557,0.8380375117209745,0.3642777909107345
T000161,0.6855578725514209,0.6343296126747181,0.6143389984401406,0.6143389984401406,0.6143389984401406,0.6143389984401406,0.6143389984401406,0.6143389984401406,0.7452424423709396,1.30264859015991,0.7452424423709396,0.6227969343720214,0.6152365779360788,0.7270025661763503
T000162,0.774738169665876,0.735624405949364,0.735624405949364,0.735624405949364,0.7051755561645553,0.735624405949364,0.735624405949364,0.7579822035639983,0.7579822035639983,0.7579822035639983,0.735624405949364,0.774738169665876,0.735624405949364,0.735624405949364
T000163,0.6556520653668962,0.6156467063004074,0.6156467063004074,0.6156467063004074,0.6156467063004074,0.6156467063004074,0.6326056249219237,0.6455125687216711,0.6455125687216711,0.6485218705730451,0.6485218705730451,0.6485218705730451,0.6372640712302149,1.2603286125265378
T000164,2.078312531354238,2.4355761185156832,2.23271176353534,2.4355761185156832,2.4355761185156832,2.4355761185156832,2.2284869151500084,2.3273665985218366,2.9014085996494035,2.8613226888140124,2.4355761185156832,2.23271176353534,2.426727906556371,2.3273665985218366
T000165,1.418324228670778,0.9753014884046141,0.9659010644515337,0.9753014884046141,0.9659010644515337,0.9900920445171089,0.9884552281109111,0.9884552281109111,0.9884552281109111,0.9427695332278414,0.9427695332278414,0.9888979252734098,0.9763797577702629,0.9911143681582925
T000166,1.3572565393680556,1.2907191563026605,1.3062982042220148,1.4455710900198189,1.4455710900198189,1.4455710900198189,1.4455710900198189,1.4455710900198189,1.3555372376980361,1.3633590975280991,1.3633590975280991,1.3080395646348673,1.1361593632548346,1.3699221617175177
T000167,0.8728930152947701,0.8300306125318858,0.8329343491771093,0.762856770536088,0.762856770536088,0.762856770536088,0.8300306125318858,0.8300306125318858,0.8300306125318858,0.8614731390851937,0.762856770536088,0.762856770536088,0.762856770536088,0.9702121764523562
T000168,0.9090968944755552,0.599367269141829,0.5527596622212221,0.5527596622212221,0.5495109018802043,0.5495109018802043,0.5495109018802043,0.599367269141829,0.599367269141829,0.599367269141829,0.5495109018802043,0.5527596622212221,0.5527596622212221,0.6086112620930076
T000169,0.8885375597791744,1.4619670406903955,1.4126284826012045,0.9611118248469099,1.0563559754049172,0.9979717219865786,0.9979717219865786,0.9979717219865786,0.9979717219865786,0.9979717219865786,0.9979717219865786,1.6907378338356218,1.4619670406903955,1.2008350265219427
T000170,2.0509619621829085,1.7823566814632186,1.6977427719820224,1.8751559466886343,1.8751559466886343,2.3301515771643024,1.8758315889881199,1.8965929772461159,1.4554351477111676,1.4717198870584898,1.7823566814632186,1.8751559466886343,1.7823566814632186,2.1952035733443935
T000171,0.7963270589355471,0.9085190752116223,0.7928118063819684,0.5511102543739071,0.5511102543739071,0.5709492001362467,0.5548364370766659,0.5548364370766659,0.5548364370766659,0.5407345102018566,0.5407345102018566,0.5407345102018566,0.5317179077413456,0.5135373799372217
T000172,2.7047042638967493,2.52939302069716,2.532067079755624,2.5132864680815485,2.5132864680815485,2.517964396999525,2.517964396999525,2.517964396999525,2.517964396999525,1.9056624855849378,2.5132864680815485,2.5132864680815485,2.5132864680815485,2.7020452593428805
T000173,0.9100226423543112,0.8036286549259916,0.8781477389750105,0.8781477389750105,0.8894442520250784,0.6132368593402465,0.579060272180666,0.579060272180666,0.579060272180666,0.9170341834327881,0.8311702787152848,0.8311702787152848,0.8781477389750105,0.6189310797950038
T000174,0.8506821303694545,0.767328358439011,0.6441228755719974,0.6921051796577394,0.7692345769654515,0.7301872216040103,0.7692345769654515,0.7573432336752127,0.7573432336752127,0.7573432336752127,0.7573432336752127,0.7692345769654515,0.729697156137977,0.8584686868396777
T000175,0.9057469203661457,0.803855637712578,0.8448151980195041,0.6700286698969149,0.7874745480378059,0.471568551465717,0.46987478536963057,0.5153576830026985,0.3071209031228258,0.471568551465717,0.471568551465717,0.8180294858117109,0.8010827241620814,0.4845052146316105
T000176,0.6869096331793928,0.391318511672234,0.3963375291737625,0.3963375291737625,0.4101333511053048,0.3252581413820493,0.32945729593959233,0.32945729593959233,0.6431013328194558,0.7251438699086126,0.6431013328194558,0.3963375291737625,0.6431013328194558,0.4181835114798872
T000177,0.8739169229188604,0.2726802847828157,0.2790832464714459,0.2790832464714459,0.2726802847828157,0.2726802847828157,0.6535587423926601,0.6432872885148087,0.5579629282609531,0.5868683318982479,0.5579629282609531,0.656486049871818,0.5868683318982479,0.4243855233984464
T000178,0.35669165147210363,0.35669165147210363,0.4318334312632188,0.4318334312632188,0.429752362526927,0.4565303509940251,0.429752362526927,0.429752362526927,0.3386578859534221,0.3386578859534221,0.3386578859534221,0.429752362526927,0.41181733839950624,0.4103665943819928
T000179,0.2537649997128558,0.21889368500060755,0.2537649997128558,0.2537649997128558,0.2537649997128558,0.25646043641846056,0.2495520206511687,0.2739598767585922,0.2739598767585922,0.1763199676442342,0.1763199676442342,0.2539809967541403,0.2537649997128558,0.2790292737964145
T000180,0.5210943363811916,0.32358493641096014,0.35590675529489096,0.35590675529489096,0.32153120685544123,0.32153120685544123,0.33502726790181914,0.33502726790181914,0.33502726790181914,0.3524733050967594,0.3217465250557545,0.3217465250557545,0.35590675529489096,0.4424939184654177
T000181,0.8973555236839461,0.9278880085980743,0.6567687168917375,0.6567687168917375,0.6384385650676789,0.4548867341412447,0.4548867341412447,0.5456182251029358,0.6082725616561631,0.5554257703308044,0.5554257703308044,0.6384385650676789,0.5840615204503724,0.6007374080734303
T000182,0.762344106257793,0.6671112289131322,0.7687702554694393,0.7687702554694393,0.7687702554694393,0.771720936106458,0.7040203807209519,0.7705987925049318,0.957641649645982,0.7687702554694393,0.7705987925049318,0.7687702554694393,0.781248339714552,0.8812245974253934
T000183,1.2590233635657444,1.2281116519052626,1.3737441575079818,1.1406911242419027,1.1406911242419027,1.306843692291232,0.9539865756844527,1.3171892089029358,1.3171892089029358,1.3171892089029358,1.31606830723062,1.1900536387923426,1.340389941768082,0.93836494187832
T000184,0.8573343427290736,0.8063338903417998,0.8026115197086379,0.8063338903417998,0.8403654665715858,0.8343354856277563,0.8124982298209069,0.8343354856277563,0.8343354856277563,0.8343354856277563,0.789423677387452,0.7842792446596638,0.8185984187949521,0.9630631502586372
T000185,0.656625653374273,0.6736365825146383,0.6120615426763957,0.6120615426763957,0.6120615426763957,0.6120615426763957,0.6736365825146383,0.7971164026428234,0.7971164026428234,0.7971164026428234,0.7464045070556699,0.8090099552621463,0.7497055576315304,0.6120615426763957
T000186,0.39786702971365534,0.3441595106616395,0.3441595106616395,0.34196053031107126,0.33863228868595174,0.33863228868595174,0.3439127903957023,0.33863228868595174,0.33863228868595174,0.3356052433354691,0.33583069147303807,0.3356052433354691,0.33260922840136703,0.3220492704419291
T000187,0.42034908481160693,0.3307477621052534,0.3324722013202974,0.3331983120372492,0.4110475697788123,0.5380606976646635,0.5278933869204236,0.4360823003355406,0.4108933162950977,0.4554387479969652,0.4554387479969652,0.3324722013202974,0.32815662924887967,0.47727099690470637
T000188,0.7194557912475806,0.5631446854841261,0.5584280365728607,0.5631446854841261,0.5631446854841261,0.5063036854348658,0.5063036854348658,0.563788014015889,0.563788014015889,0.5063036854348658,0.586128569909646,0.563788014015889,0.5689420350827343,0.648310137528198
T000189,0.7784044214089068,0.786391829358527,0.6630574501180293,0.6630574501180293,0.6630574501180293,0.6630574501180293,0.6953431543056732,0.7148038418624533,0.7148038418624533,0.7148038418624533,0.7041419421832986,0.7041419421832986,0.7148038418624533,0.7041419421832986
T000190,0.6653734525050307,0.6972442098726772,0.6810015056861801,0.6972442098726772,0.6658942875364493,0.6658942875364493,0.4890504507695252,0.5352082096242847,0.5352082096242847,0.4890504507695252,0.50380384658218,0.50380384658218,0.48636620384590296,0.5314750580745639
T000191,0.4237535362617397,0.46864463645285237,0.46864463645285237,0.6811469113006957,0.6811469113006957,0.46864463645285237,0.6811469113006957,0.3567526114790723,0.3567526114790723,0.3567526114790723,0.41638509812698726,0.25544906807836126,0.2881721911850416,0.3511603231537246
T000192,1.244279745473617,1.2480267929655462,1.0659274072724918,1.0659274072724918,1.0659274072724918,1.0853307343954526,1.0853307343954526,1.0659274072724918,1.0659274072724918,1.0853307343954526,1.0853307343954526,1.0659274072724918,1.071861936594623,1.4821527903846126
T000193,0.5115587932121806,0.4909714481000165,0.4576794012862268,0.4909714481000165,0.4909714481000165,0.47595022000774123,0.4771687736921557,0.7473655684257259,0.7473655684257259,0.5421883674901828,0.5421883674901828,0.47595022000774123,0.4771687736921557,0.6703851436025328
T000194,3.134160872390136,3.1526191193561854,3.128676393176683,3.128676393176683,3.2228997147015424,3.159626791180595,3.1621705979430836,2.6801046837016917,3.2228997147015424,2.7419532061857614,3.2175086259325156,3.2175086259325156,3.0360521902497126,3.335730162833985
T000195,0.2733197668581049,0.3138566358316824,0.3138566358316824,0.3138566358316824,0.5175004163660105,0.34916170992462775,0.4907464225931219,0.4907464225931219,0.21329038426738461,0.2150156438792402,0.21329038426738461,0.34916170992462775,0.3138566358316824,0.3138566358316824
T000196,0.7627704999720792,0.719794786321049,0.7648252389366038,0.7214129379753458,0.7685352275753691,0.7072204916079348,0.7754604760981757,0.7519083033048628,0.7519083033048628,0.8223515859983807,0.8223515859983807,0.7685352275753691,0.7681648586605927,0.7403590304425788
T000197,0.3762440306929867,0.3762440306929867,0.3772983255545986,0.3772983255545986,0.3461321875525906,0.3461321875525906,0.3762154057688725,0.35726073201567987,0.3751302341163139,0.3751302341163139,0.3751302341163139,0.34618315302003777,0.3565736890034847,0.3762154057688725
T000198,1.450901531056872,1.4076372837260553,1.4978960369178864,1.1744066480827005,1.1744066480827005,1.1744066480827005,1.1744066480827005,1.1639782250555875,1.5644163651525178,1.6084009672125268,1.68853979306898,1.4076372837260553,1.4076372837260553,1.3189760923739322
T000199,0.7030051091507625,0.7293516856493214,0.727094039301138,0.731771528583765,0.731771528583765,0.731771528583765,0.7452367024222716,0.7452367024222716,0.7452367024222716,0.7452367024222716,0.7398835425885305,0.7398835425885305,0.7659623203327495,0.7898031450774432
T000200,1.2620801591323212,1.2362061824118964,1.2181868266524178,1.2181868266524178,1.2181868266524178,1.2075548474228985,1.2075548474228985,1.201013172632761,1.187643625331112,1.2522277880622887,1.2522277880622887,1.2181868266524178,1.171993959608122,1.6196252198280554
T000201,0.8112627854476048,0.8835878793497498,0.8835878793497498,0.8835878793497498,0.8835878793497498,0.8860883311761824,0.8340513628116899,0.835740204097609,0.8148680362338632,0.8160282975633776,0.8112627854476048,0.8112627854476048,0.8197089554857973,0.7720244103844888
T000202,1.3569465986055178,0.870918109072656,0.9186789522186375,0.9186789522186375,0.870918109072656,0.870918109072656,1.6283805482027913,1.6283805482027913,1.0005065255274819,1.0005065255274819,0.870918109072656,1.108106586068298,1.1673416612572531,1.0166859726577933
T000203,0.6626920272337015,0.6349983626998245,0.6344039181502181,0.6344039181502181,0.6277730059489405,0.6332508708857202,0.6600137228979767,0.622171907264005,0.6426723858356456,0.622171907264005,0.6269924776332177,0.6269924776332177,0.6344039181502181,0.6260288482798875
T000204,1.9938863564920433,1.8062675088048374,1.6589601863864585,1.8114524098512905,1.8114524098512905,1.6816035225100134,1.7092628277303379,1.485623731650587,1.5465967894341466,1.5465967894341466,1.5465967894341466,1.6816035225100134,1.6440253545178733,1.5537588054462301
T000205,1.817489444556034,1.4852626552977124,1.2659049276179246,1.2659049276179246,1.3343717715722867,1.3343717715722867,1.3343717715722867,1.4852626552977124,1.4852626552977124,1.4852626552977124,1.4852626552977124,1.406560830567274,1.4852626552977124,1.1083119650466646
T000206,0.878530249356018,0.878530249356018,0.4999368152681716,0.4885760793745818,0.4560576279187963,0.44715950189591086,0.44715950189591086,0.5388862851124285,0.6523615099122548,0.6909558191209789,0.6909558191209789,0.6909558191209789,0.878530249356018,0.878530249356018
T000207,0.8361157422131834,0.8584528620636822,0.8415797672362463,0.9569535509926839,0.9083522869730174,0.9484189998998853,0.9484189998998853,0.9104868781135724,0.9374963495319066,0.9484189998998853,0.9083522869730174,0.9333020103786065,0.9104868781135724,0.9318803524761167
T000208,0.39673277415332625,0.4136325749505465,0.41900806992930795,0.41900806992930795,0.4083888280077536,0.43019577286745764,0.4064201620441003,0.46355449509844665,0.46355449509844665,0.4018998963806362,0.4017989658699864,0.4064201620441003,0.4070553862725302,0.4026870251181135
T000209,3.1756881206846237,3.254741636253316,3.3333466572382178,3.2760554178684638,3.2760554178684638,3.3594691755255797,3.3594691755255797,3.3594691755255797,3.960940383126394,3.8802148212537952,3.9540204426625927,3.9056698004662644,3.9268205061786787,3.4491309232944283
T000210,2.6237557959639406,2.7092138091043987,2.7800579698799774,2.7776041829116203,2.7776041829116203,2.7092138091043987,2.7776041829116203,2.7092138091043987,2.697720789659116,2.7668173848201256,2.5324058642411535,2.450175774950922,2.67147728307923,2.805337818340344
T000211,0.7042584921947511,0.7005814118094726,0.7496557556279965,0.7496557556279965,0.7066716352591134,0.7496557556279965,0.7496557556279965,0.7496557556279965,0.9377747788581748,0.9377747788581748,0.9477603266198469,0.6354336614491068,0.9377747788581748,0.9743647748583053
T000212,1.3550687417313532,1.3878512057537649,1.1768377555012792,1.256637183706744,1.1768377555012792,1.1768377555012792,1.2492760811998118,1.2373713462806324,1.1607787800685243,1.147967136155067,1.235049330311879,1.235049330311879,1.0820167942992192,1.2070201479092257
T000213,0.9491683634700778,1.110684014434069,2.2758207968013506,1.4463541024691984,1.2660451685293272,1.2495796150517493,2.5008963527329997,2.5008963527329997,1.8923065278646651,1.8923065278646651,0.46799235040574677,1.8923065278646651,2.2758207968013506,1.2083093017730808
T000214,0.5355586506135772,0.6956107388445802,0.5748735402979663,0.5748735402979663,0.5748735402979663,0.5818497041653204,0.5818497041653204,0.5818497041653204,0.5818497041653204,0.5818497041653204,0.5362079993046228,0.5362079993046228,0.5391110143383901,0.5748735402979663
T000215,3.079097117526221,3.11169648284324,3.11169648284324,3.11169648284324,3.088655272626846,2.7032703068430717,2.9463277947361144,2.7032703068430717,2.2440279694013463,2.254040107627795,2.9097070911364797,2.9097070911364797,2.9463277947361144,2.2440279694013463
T000216,0.8598668729885469,0.8540782396422507,0.8566859597489518,0.8588164915662417,0.8566859597489518,0.862304450710029,0.8588164915662417,0.8566859597489518,0.8566859597489518,0.8226463727030373,0.8226463727030373,0.8226463727030373,0.8226463727030373,0.7016949061999723
T000217,1.172712479807186,1.168159137708604,1.1865047611320967,1.0076767714480286,1.0076767714480286,1.0182444187784576,1.0016507491795097,1.0016507491795097,1.0016507491795097,1.0016507491795097,1.0016507491795097,1.0105035635343314,1.0016507491795097,1.0076767714480286
T000218,1.0281193996867264,1.1740896551766489,1.1794315584301076,1.1794315584301076,1.1794315584301076,1.2891180486222247,1.2891180486222247,1.2891180486222247,1.1836425858966138,1.1836425858966138,1.1999126573642909,1.2128704245115767,1.211232399779942,1.3195525621792876
T000219,0.3757074458915289,0.31723778760432003,0.31723778760432003,0.31723778760432003,0.36291491596556186,0.3204125218685779,0.4295430594382147,0.4295430594382147,0.42592120732406485,0.42592120732406485,0.27148254845126346,0.26611839790189046,0.31723778760432003,0.3025906189246007
T000220,0.5745582209601333,0.8192443374782034,0.43540521959940326,0.43540521959940326,0.43540521959940326,0.43540521959940326,0.43540521959940326,0.43540521959940326,0.43540521959940326,0.42236636321873083,0.4315901837656193,0.43540521959940326,0.5566834209113991,0.4315901837656193
T000221,0.40673167182618664,0.36823212017684326,0.35009159804084605,0.4315347655441184,0.4315347655441184,0.4315347655441184,0.4315347655441184,0.4315347655441184,0.4315347655441184,0.4030350959610102,0.40774001441229885,0.4313144190190736,0.4030350959610102,0.4313144190190736
T000222,0.7460630332232904,0.7460630332232904,0.7030045920073168,0.8263628206401751,0.7030045920073168,0.5527830584847794,0.5527830584847794,0.5527830584847794,0.5527830584847794,0.5527830584847794,0.5527830584847794,0.5527830584847794,0.8548937044624055,0.7512733128850954
T000223,0.5198692196086194,0.7988740127770712,0.6194433388156632,0.43474543572512375,0.43474543572512375,0.4633541226775693,0.4633541226775693,0.4633541226775693,0.7988740127770712,0.43474543572512375,0.43474543572512375,0.43474543572512375,0.6194433388156632,0.9206880964669762
T000224,1.7454879134028745,1.7454879134028745,1.637122345623803,1.637122345623803,1.637122345623803,1.637122345623803,1.637122345623803,1.637122345623803,0.8484105605385422,1.5273932091545304,1.5273932091545304,1.5273932091545304,1.5273932091545304,1.7454879134028745
T000225,0.37953497522117036,0.37953497522117036,0.36596783334885713,0.36596783334885713,0.366520484233537,0.3498713391836397,0.366520484233537,0.379006018196006,0.3498713391836397,0.3498713391836397,0.36596783334885713,0.3498713391836397,0.36596783334885713,1.0747513902340937
T000226,0.6228908040096125,0.9476835777590781,0.4545900895803507,0.47713605980614016,0.522967838303664,0.522967838303664,0.5225848842087184,1.3159755003241993,1.3159755003241993,0.46204963346319533,1.2855243624762753,0.6114942703869264,0.4545900895803507,0.6228908040096125
T000227,1.2677829535440008,1.2299048359646458,1.2299048359646458,1.2299048359646458,1.2299048359646458,1.2034023944513443,1.2034023944513443,1.2034023944513443,1.2563349494601521,1.2034023944513443,0.6387406826600165,1.2636350363197106,1.2034023944513443,0.2850381125906967
T000228,1.7942857142857136,0.7062613990774111,0.7062613990774111,3.684491085904552,3.684491085904552,3.684491085904552,1.3711071377191577,1.1187570357507073,1.1187570357507073,1.1187570357507073,1.1187570357507073,1.1187570357507073,1.3711071377191577,5.012038391580564
T000229,1.6551724137931019,2.5567140787746228,1.1317733562921992,2.5567140787746228,1.1317733562921992,1.0965813668205322,1.0965813668205322,1.0965813668205322,1.2143765459204068,1.2143765459204068,1.2143765459204068,1.2143765459204068,1.565428553982617,3.3839475160679737
T000230,0.31239073739333817,0.31239073739333817,0.31239073739333817,0.3085837731390813,0.23932556003370373,0.23932556003370373,0.20676942100709844,0.20676942100709844,0.23932556003370373,0.23932556003370373,0.23932556003370373,0.3085837731390813,0.23932556003370373,0.6727946441253632
T000231,1.0309499007119627,1.0250502912345418,1.0200024723559151,1.0392592889095489,1.0200024723559151,1.039363378245085,1.0376183873417308,1.026367499273147,1.0250467813298962,1.0096652892100675,1.0372318536976748,1.037118428049025,1.0329198000972142,1.4513008012246407
T000232,0.5579899059039829,0.5504057201490653,0.6279253124168154,0.6279253124168154,0.5504057201490653,0.6279253124168154,0.5504057201490653,0.5952901783177749,0.5491352922652807,0.572450008776995,0.540114011448932,0.5360176879902158,0.5466841976257448,0.6712728916713934
T000233,0.7831187166077667,0.35572394135950824,0.35572394135950824,0.35572394135950824,0.3314031721760392,0.35572394135950824,0.5115877326838084,0.5115877326838084,0.32563032281947274,0.5115877326838084,0.31010687369766404,0.32563032281947274,0.3145726190871765,0.44660981118785475
T000234,0.7187522669643687,0.7510587546897348,0.7160810124180379,0.7160810124180379,0.7160810124180379,0.7160810124180379,0.7405225724841297,0.7204598716412289,0.7160810124180379,0.7204598716412289,0.7204598716412289,0.7204598716412289,0.7062595551067181,0.7016895039846689
T000235,1.058381763292157,0.8771593216631287,0.8126914177558752,0.6944075603140331,0.5689515057312228,0.5235013005842704,0.9677824928122591,0.9677824928122591,1.0255493722601314,1.0255493722601314,1.107060712495983,0.8613829224909375,1.0591508275581898,1.0674225542410698
T000236,0.7722708868834613,0.9452622576255977,0.6463078125118296,0.5596817359226306,0.6463078125118296,0.5596817359226306,0.9452622576255977,0.5448411550009014,0.7722708868834613,0.7722708868834613,0.7722708868834613,0.4790970687726779,0.4894411843626489,0.5073351442308195
T000237,0.7666623338463229,0.7215545853350811,0.7682490068201541,0.7682490068201541,0.7682490068201541,0.7682490068201541,0.8668291882778273,0.832540958475352,0.5430442003934413,0.5430442003934413,0.709096720382099,0.709096720382099,0.832540958475352,0.6542769702645325
T000238,0.6072031696265999,0.6105770693929801,0.5675835700694117,0.5885347782489715,0.6333766092671559,0.6932483710458222,0.5668250370871762,0.6333766092671559,0.6210848874724478,0.6105770693929801,0.5803750466558681,0.5909641475767794,0.5738011684548979,0.6072031696265999
T000239,3.244884178398635,3.066185116991859,3.3612894736191063,3.32995052235302,3.194264540690236,3.413547917753584,3.194264540690236,3.29968754914209,3.29968754914209,3.29968754914209,3.3612894736191063,3.168059385444303,3.317416061849712,2.897954667485733
T000240,0.695981528393348,0.7229713733908945,0.7399513539101661,0.8626818059230852,0.7399513539101661,0.7399513539101661,0.7399513539101661,0.4787058934246744,0.4787058934246744,0.7268298624712305,0.7268298624712305,1.0537255856553864,1.0537255856553864,0.6327745105597413
T000241,0.8072876652354849,0.6626555814387516,0.6943092414004749,0.6943092414004749,0.8518307250113613,0.6943092414004749,0.6943092414004749,0.6943092414004749,0.68056825604737,0.6597892187866045,0.6597892187866045,0.6943092414004749,0.6400940995592622,0.6321561575941191
T000242,0.8218210929135235,0.7881865861910231,0.8766338003935614,0.8766338003935614,0.8766338003935614,0.8547376802917206,0.8547376802917206,0.8547376802917206,0.8766338003935614,0.8766338003935614,0.8766338003935614,0.8716321741031089,0.8237948764666201,0.9563453737550339
T000243,0.36320577820913086,0.34495759274547233,0.34495759274547233,0.3542716647588145,0.3542716647588145,0.3542716647588145,0.3542716647588145,0.5308855332327791,0.36564143722909204,0.3868528648002473,0.3868528648002473,0.36564143722909204,0.3758659103400826,0.3632884010577507
T000244,0.5692791905668014,0.37803074811199966,0.37803074811199966,0.37803074811199966,0.37803074811199966,0.5212591763613879,0.3939432660589264,0.5692791905668019,0.3939432660589264,0.37803074811199966,0.37803074811199966,0.5212591763613879,0.3803870608355699,0.6223147107620655
T000245,1.090909090909091,0.6833763564204591,0.8354498593283701,0.8354498593283701,0.8354498593283701,0.6616116311486882,0.695056569435664,0.7273820685002034,0.5804827161322036,1.0429449942689872,1.0429449942689872,1.0429449942689872,0.7679624105232002,0.7521512795760515
T000246,0.48358520705768737,0.48358520705768737,0.5816486335085024,0.5482477783920601,0.5330114086122076,0.5330114086122076,0.5330114086122076,0.5330114086122076,0.5330114086122076,0.5482477783920601,0.6116324191809938,0.6116324191809938,0.5816486335085024,0.6082296668076537
T000247,1.3416246542142993,1.2227738656974354,1.3316127206073338,1.3577861499755297,1.3365116025993937,1.4872685519802362,1.504643540634657,1.504643540634657,1.504643540634657,1.3577861499755297,1.4852684243432248,1.4608643314865017,1.3577861499755297,1.26218217461895
T000248,1.020967073672444,1.088231145013872,1.0902741878868996,1.0997794107289351,1.088231145013872,1.1134041836043007,1.0545306496054463,1.088231145013872,1.088231145013872,1.088231145013872,1.0970574909022786,1.0902741878868996,1.0867505681540583,0.969896383976658
T000249,1.1818010084779398,1.282439651813653,1.282439651813653,1.282439651813653,1.2896800560563615,1.3009844459534052,1.282439651813653,1.282439651813653,1.3009844459534052,1.3009844459534052,1.3009844459534052,1.3009844459534052,1.2612495127165908,1.17536385180528
T000250,0.7034573835939332,0.629888390265775,0.6494019791581566,0.6767655273532651,0.6494019791581566,0.7083683260725949,0.6855552245535478,0.6814081917096277,0.6814081917096277,0.6855552245535478,0.6814081917096277,0.6855552245535478,0.6887796936851401,0.6663586914247638
T000251,1.0558987671525273,1.0809159149168825,0.8109533285883966,0.8109533285883966,0.8109533285883966,0.8918276025873652,0.8918276025873652,0.8750189716894713,0.8750189716894713,0.8880617941570854,0.8726147238551003,0.8109533285883966,1.0342010363725322,1.2211115418767584
T000252,0.2613714689005943,0.26280915638388197,0.26843552160608336,0.2656414165595491,0.26843552160608336,0.22961655520970792,0.22565554449139497,0.22565554449139497,0.27315124411756725,0.2781307351704936,0.26932705304084864,0.26843552160608336,0.2749478153811184,0.5024568805506764
T000253,0.8611437610257495,0.42590705053646494,0.42590705053646494,0.42590705053646494,0.42590705053646494,0.42644731298756106,0.42644731298756106,0.42644731298756106,0.46824925619107916,0.44995631468210406,0.4568100959603557,0.6118149910902889,0.6118149910902889,0.6527003338672385
T000254,0.41317229064015054,0.43663947727716584,0.3911092045425092,0.3911092045425092,0.3911092045425092,0.43081655616830133,0.43081655616830133,0.43081655616830133,0.5268550816861808,0.7299010218902197,0.4572362076366464,0.43663947727716584,0.3775322748376661,0.3113051871776526
T000255,0.5360808107485744,0.2833561650321171,0.28572718370099753,0.3723441695660977,0.3723441695660977,0.37045377491970605,0.37045377491970605,0.37045377491970605,0.42559437580397164,0.4573368399277743,0.43132002099290856,0.3081456604305381,0.29396923829220095,0.3723441695660977
T000256,0.9852742491812821,0.9852742491812821,0.9650969911649441,0.9852742491812821,0.9852742491812821,0.9852742491812821,0.9612808085851037,0.9630398699337352,0.9630398699337352,0.9800422653513404,1.021082768166714,1.021082768166714,0.9612192877218467,1.0775637011181554
T000257,0.7373294721107045,0.7166450614145746,0.6204707517645768,0.5614455294277922,0.7006207629833758,0.7043267090153592,0.7043267090153592,0.7006207629833758,0.7043267090153592,0.7043267090153592,0.7043267090153592,0.5423772311786327,0.5474455285775,0.5628714475233257
T000258,0.5562385271093152,0.6016246149492755,0.5464240278677603,0.5464240278677603,0.5464240278677603,0.5296692769937856,0.5377294002298111,0.5524502826756439,0.5464240278677603,0.5464240278677603,0.5464240278677603,0.5464240278677603,0.5553648007007745,1.1962255947859928
T000259,1.010280714309269,1.181138253458054,0.9987365899685311,0.9987365899685311,0.9984435015402869,1.181138253458054,1.181138253458054,1.181138253458054,0.6286688516916422,1.181138253458054,1.181138253458054,1.194279506811485,1.181138253458054,0.9237063944410379
T000260,0.6978680432235437,1.0973200003510672,0.5076447342717815,0.6796677728473626,0.6878850597243628,0.6373140022775563,0.6373140022775563,0.6373140022775563,0.5532586397129431,0.5532586397129431,0.5076447342717815,0.5117380009529292,1.4067037293349227,1.8964898089708837
T000261,0.6134108490560195,0.5758731138999288,0.5401904033327829,0.5177398466844015,0.5401904033327829,0.5680528164908958,0.48457569752184604,0.4831165768114268,0.48457569752184604,0.48457569752184604,0.580266516256894,0.580266516256894,0.5333403542786123,0.4282425081034464
T000262,0.5664933205811402,0.46872714825041506,0.46622298096154147,0.5163000151060704,0.43365628244313853,0.5163000151060704,0.2566729402638816,0.28761524563904506,0.33912850017124513,0.33912850017124513,0.46872714825041506,0.3930990594417782,0.44925659846908683,0.46872714825041506
T000263,0.608539912865345,0.6859922286378086,0.6580205852530454,0.6580205852530454,0.634612667436746,0.6365100789752839,0.634612667436746,0.634612667436746,0.634612667436746,0.5964077083590141,0.5964883690027014,0.5964883690027014,0.6392171078685245,0.5964883690027014
T000264,0.36024919126946775,0.3640944142102634,0.35738627429701275,0.35579448559303284,0.36024919126946775,0.3481009525559258,0.35739613466251857,0.36075943471742883,0.36075943471742883,0.36075943471742883,0.3744394842305948,0.35723810396687045,0.35723810396687045,0.548679444003962
T000265,0.8958823761902255,0.7334366205883759,0.7705075623311757,0.49071256558421217,0.6883449320877798,0.7839232241706146,0.6967328021426414,0.7793808947928618,0.8774474891264701,0.6102851080699367,0.5030036685052336,0.7705075623311757,0.7705075623311757,0.5107802736462306
T000266,0.5392500009385418,0.27670701983785634,0.27670701983785634,0.27670701983785634,0.3329092763306568,0.3329092763306568,0.3298940674922737,0.3298940674922737,0.3298940674922737,0.3298940674922737,0.3308367374851178,0.27670701983785634,0.2654634780889312,0.3329092763306568
T000267,0.7425204636915884,0.7691998494090209,0.6831493029920225,0.7948573748932972,0.7636240861651317,0.7948573748932972,0.7948573748932972,0.7575628845898252,0.6899634430788495,0.7575628845898252,0.7575628845898252,0.7575628845898252,0.7575628845898252,0.7288328167595587
T000268,1.2265195405112141,0.9766504714852401,0.7844298181824495,0.8182328690689914,0.7844298181824495,0.7844298181824495,0.7844298181824495,0.7844298181824495,0.782101030076599,0.782101030076599,1.0498111473620815,0.7844298181824495,1.2120624124111492,0.7844298181824495
T000269,0.5942501948301888,0.7261812806071465,0.7863965814827019,0.7863965814827019,0.7863965814827019,0.802319454322105,0.7021581410209965,0.7021581410209965,0.6987965225873819,0.6987965225873819,0.7014249285709522,0.7261812806071465,0.7261812806071465,0.39731325330288486
T000270,0.613720669464081,0.6271009813848284,0.6878365348072206,0.6878365348072206,0.6878365348072206,0.5773458468075849,0.604525313765831,0.6137312280797488,0.623330534369241,0.623330534369241,0.623330534369241,0.6260685600750763,0.6424060096829458,0.6137312280797488
T000271,2.1032958607808228,1.5662409385230252,1.2254251879222966,1.1748953523066328,1.1944512079694327,1.1944512079694327,1.1307934691575432,1.1307934691575432,1.1307934691575432,1.174049006894362,1.1944512079694327,1.1748953523066328,1.1944512079694327,1.1748953523066328
T000272,0.7203849067379181,0.7023642784656674,0.8286673859117684,0.8850587656692237,0.8850587656692237,0.8850587656692237,0.8850587656692237,0.7927893526814661,0.7927893526814661,0.8596067488228393,0.8596067488228393,0.7195291625545961,0.7232235808596365,0.8286673859117684
T000273,1.206143105463839,0.41566122072966005,0.44661244164555736,0.44661244164555736,0.42946798374586276,0.42946798374586276,0.38936156729829874,0.38936156729829874,0.38936156729829874,0.38936156729829874,0.38936156729829874,0.4192074889702802,0.48866180658775443,0.4018243211135937
T000274,1.3660944281317826,0.9187011447616967,0.8841911566693375,0.9187011447616967,0.8841911566693375,0.9038788344935977,0.9038788344935977,0.9187011447616967,0.9187011447616967,0.8841911566693375,0.8841911566693375,0.8841911566693375,0.8750760346962759,1.4365893451332807
T000275,0.7331018440291949,0.938505749902362,0.7157931430335249,0.7157931430335249,0.5476778787508,0.5586149358911043,0.5586149358911043,0.5586149358911043,0.5586149358911043,0.6665683249170056,0.6665683249170056,0.6390694411364017,0.7545875262495584,0.5476778787508
T000276,0.5647468371111471,0.6124388920955653,0.6631603146725983,0.6631603146725983,0.6631603146725983,0.6631603146725983,0.6631603146725983,0.6631603146725983,0.6631603146725983,0.6631603146725983,0.6631603146725983,1.237421877069399,1.2181350341398811,1.2467395174462135
T000277,0.6449415894920472,1.1347611584907522,0.5993992570580381,0.5993992570580381,0.5948816043804284,0.5948816043804284,0.5948816043804284,0.5948816043804284,0.5993992570580381,0.5993992570580381,0.5993992570580381,0.465890326000378,0.5627161293913429,1.1347611584907522
T000278,0.7345562095131357,0.8465653111446773,0.8287567563327859,0.8147289412405829,0.8147289412405829,0.8147289412405829,0.8147289412405829,0.8147289412405829,0.8560851381213309,0.8147289412405829,0.8147289412405829,0.8147289412405829,0.8252394017990102,0.7716977812625606
T000279,1.1203909989013878,1.1455242753806487,1.0846128128484778,1.0846128128484778,1.0846128128484778,1.1450249079417294,1.1450249079417294,1.1450249079417294,1.0809179220324399,1.0257752055211429,1.022573126446582,1.022573126446582,1.0257752055211429,0.8721586528630321
T000280,0.8296443915524561,0.8219467851059102,0.8558050189249654,0.8558050189249654,0.8219467851059102,0.8178414458640483,0.8219467851059102,0.8697041684952259,0.8697041684952259,0.8558050189249654,0.8558050189249654,0.8558050189249654,0.8130842014963342,1.1500791594310598
T000281,0.5874196022563616,0.5874196022563616,0.5668312416432868,0.5668312416432868,0.5484501454766356,0.5553192511016138,0.5553192511016138,0.5577474185595593,0.5553192511016138,0.5577474185595593,0.5484501454766356,0.5484501454766356,0.5668312416432868,0.5545812448999821
T000282,0.43737609437474106,0.5880011240809468,0.4513896703892828,0.44420185455847433,0.4612829600342975,0.4612829600342975,0.4905156264572288,0.4612829600342975,0.4905156264572288,0.45331697850599867,0.45331697850599867,0.6052110282639506,0.6092601616451421,0.45331697850599867
T000283,0.8419038668880625,0.8419038668880625,0.8542594219790695,0.8666081407913679,0.8542594219790695,0.8542594219790695,0.8419038668880625,0.8542594219790695,0.8542594219790695,0.8542594219790695,0.9493610827330706,0.9493610827330706,0.9698762011694328,0.9262753975199117
T000284,0.4840223527005799,0.516030540200478,0.6745183880444872,0.5231587823456995,0.5231587823456995,0.5231587823456995,0.5231587823456995,0.5231587823456995,0.5231587823456995,0.5231587823456995,0.5231587823456995,0.5297997556833852,0.5199196800868413,0.5011444737078143
T000285,1.1944379077873977,1.1944379077873977,1.2071400301676318,1.2071400301676318,1.2071400301676318,1.2071400301676318,1.2071400301676318,1.2071400301676318,1.2071400301676318,1.2071400301676318,1.2071400301676318,1.2071400301676318,1.1944379077873977,0.8110231572631471
T000286,0.7786112566304039,0.7786112566304039,0.7528910392932331,0.7528910392932331,0.7528910392932331,0.9679306174941564,0.9608285252587541,0.9608285252587541,0.8354267952099173,0.7301368998870774,0.7546396968629856,0.7546396968629856,0.6699892258912971,0.8630882320205538
T000287,0.9814248106737883,0.9170038433462062,0.9736033712814829,1.3146728108007684,1.0836141752183404,1.0836141752183404,1.0836141752183404,1.3146728108007684,1.0836141752183404,1.0836141752183404,1.3146728108007684,1.3808343877008442,1.4023931295003973,1.4023931295003973
T000288,0.33495201585225304,0.3586098474611313,0.3844524766702016,0.41023019482045536,0.41023019482045536,0.38682543967819943,0.3586098474611313,0.41023019482045536,0.3844524766702016,0.41023019482045536,0.41676933118473125,0.4191459183277769,0.3769820747936856,0.4191459183277769
T000289,0.7676700837163445,0.9058589797319374,0.9058589797319374,0.9058589797319374,0.9058589797319374,0.927301980619098,0.662152550525954,0.8039538783873541,0.7841215398337925,0.7841215398337925,0.7047781760663089,0.9534039130312619,0.9907115903893136,0.7589973151967064
T000290,0.6390620081767737,0.7530252647120892,0.6890941835229647,0.6766358922924517,0.7293963822074281,0.5851928442521392,0.7293963822074281,0.7293963822074281,0.6245425068881701,0.6245425068881701,0.6245425068881701,0.6245425068881701,0.8774905631572537,0.9823132432227448
T000291,0.6459452328666009,0.6730199096730931,0.6373364753916166,0.6463809024684392,0.5974575261279719,0.5974575261279719,0.552525980939369,0.6009409512765022,0.6472770288862516,0.6472770288862516,0.6472770288862516,0.6472770288862516,0.6634137386912277,1.7003471989915067
T000292,0.46784108751653786,0.4738737265175611,0.46101764797869493,0.49384822776949877,0.4738737265175611,0.4738737265175611,0.7011037183821468,0.7011037183821468,0.9938731242950174,0.9938731242950174,0.9938731242950174,0.49384822776949877,0.49384822776949877,0.5758987836705807
T000293,0.7275734964299132,0.520749657213524,0.520749657213524,0.6494768836399315,0.6494768836399315,0.6800388870267537,0.520749657213524,0.4169248138343996,0.7865289535684646,0.7865289535684646,0.7865289535684646,0.6494768836399315,0.5476152217847546,0.43204882347617424
T000294,1.4777048087798517,0.9490547652413005,1.4777048087798517,0.7816003581699223,0.8976161205869698,0.7687889408755871,0.5786328004773641,0.6921808657556942,0.6921808657556942,0.45642665919653835,0.4520537631859442,0.8437649207975594,0.7746027530402588,0.6139105748757984
T000295,0.7699681969050278,0.9070845803768588,0.9411927891163456,0.9070845803768588,0.9411927891163456,0.9070845803768588,0.9070845803768588,1.1292467621939566,1.1292467621939566,1.1292467621939566,0.9107852009817684,0.9107852009817684,0.8353487293721326,1.1439975474659891
T000296,1.3830272995568202,1.4304981134100574,1.46928563832764,1.46928563832764,1.46928563832764,1.3888845070098739,1.3890679485621547,1.46928563832764,1.46928563832764,1.46928563832764,1.4685078073972895,1.3830272995568202,1.4257786859197845,1.3830272995568202
T000297,1.1818437248424067,1.1472017571200568,1.8908863210414306,1.9700615110516726,1.8479519336518866,1.4393653650743101,1.4393653650743101,1.4393653650743101,1.4150337291752082,1.4150337291752082,1.1624408199694576,1.1616745400025876,1.181690291791144,1.2318030918108513
T000298,0.9431502354715182,1.0681328794298448,1.082004610120807,1.082004610120807,1.0436566801661857,1.0436566801661857,1.0426931237168584,1.0426931237168584,1.0426931237168584,1.0496137842386695,1.0496137842386695,1.0681328794298448,0.9485185163967873,1.0436566801661857
T000299,0.48689421974094355,0.32187800631365393,0.3528965181084663,0.32187800631365393,0.3229159405647605,0.32187800631365393,0.31006493452680706,0.31006493452680706,0.31837199715426223,0.31837199715426223,0.31837199715426223,0.3090017691084492,0.3090017691084492,0.3569998292584821
T000300,0.8137057458026522,0.77725497833287,0.7786166000214675,0.7786166000214675,0.8946507341885525,0.9067377275338686,0.8211130916861049,0.8211130916861049,0.7057526396649073,0.7638480124359525,0.7638480124359525,0.7358743728319773,0.7358743728319773,0.9238584652681439
T000301,0.4867822642651864,0.5959369426971413,0.5959369426971413,0.5193651095951389,0.4717330101344465,0.5969864323466442,0.5969864323466442,0.6149597721075879,0.6930249843679664,0.815036598276299,0.815036598276299,0.4552923088580912,0.5469957800305546,0.6086508294758473
T000302,0.4997660378528561,0.4960196526816361,0.47853790241541266,0.47853790241541266,0.47853790241541266,0.48942934641651764,0.5570130803404886,0.47853790241541266,0.47853790241541266,0.4602079315022069,0.4602079315022069,0.4602079315022069,0.44086268148921387,0.44086268148921387
T000303,0.5283456327737504,0.5283456327737504,0.5292660843272566,0.5292577974450448,0.5481699150995337,0.5157635642484659,0.5292577974450448,0.526561605361799,0.5259158328168639,0.5259158328168639,0.5292577974450448,0.5355115139720538,0.5173815164115622,0.526561605361799
T000304,1.4834090547457355,1.4031049793058081,1.1984991534951104,1.1984991534951104,1.1984991534951104,1.4240255741204948,1.363838978370631,2.4412315906060296,2.4412315906060296,1.5777144684634412,1.9542921768751336,1.1984991534951104,1.2351185723920555,1.4240255741204948
T000305,0.6823259746566087,0.7039058028000845,0.7681854738594736,0.6665223884500101,0.7039058028000845,0.6607770163622053,0.6598069546501,0.6607770163622053,0.6607770163622053,0.8185644015516468,0.7911466144270346,0.8350392640278477,0.6627744682893858,0.6627744682893858
T000306,0.6305037711032482,0.6305037711032482,0.6305037711032482,0.6305037711032482,0.6305037711032482,0.6305037711032482,0.5780257882480254,0.5628262935061114,0.5165616800255126,0.5144748476417497,0.5165616800255126,0.5705056153686159,0.6654204566278054,0.428099033736233
T000307,1.3513650663870127,0.9725354659187411,0.9725354659187411,0.9725354659187411,0.9725354659187411,0.9725354659187411,0.942479244335953,0.942479244335953,0.942479244335953,0.8232661904794815,1.0196814984851232,0.9652921684191365,1.182948158351609,1.0196814984851232
T000308,1.4138983139286678,1.0921429189799439,1.0216179483209777,1.0726346403080986,0.9827912364469239,1.0921429189799439,1.3306389700054977,1.3306389700054977,1.3306389700054977,1.3407355174726971,1.0945636046748914,1.3979358746858963,1.1602193272464274,1.073794461816158
T000309,0.6130531775987138,0.6042285653734798,0.604750320821337,0.604750320821337,0.6042285653734798,0.6074535065332055,0.5561833599254918,0.602258972700581,0.5887368636378152,0.5887368636378152,0.5887368636378152,0.6042285653734798,0.6148486520513162,0.519001150485085
T000310,1.0304909261355306,1.0168554202448707,0.9713107286285465,0.9713107286285465,0.9781325948118721,1.0051126115545337,0.9781325948118721,0.7372181267756217,0.7267389399704589,0.7267389399704589,0.7267389399704589,0.9781325948118721,0.9781325948118721,0.74253616720934
T000311,0.31895149675581397,0.37928201623584135,0.3362159955887118,0.3501932277561734,0.45721032039670556,0.4807529083553319,0.45721032039670556,0.45721032039670556,0.547946296494335,0.547946296494335,0.3113497085666148,0.3887280059850221,0.36332144532339355,0.4675044506032681
T000312,0.7123537566716177,0.7480249989393882,0.742074420413841,0.7516779070741677,0.6920487272429507,0.7059414065125327,0.7516779070741677,0.7516779070741677,0.4713979765430722,0.4713979765430722,0.7411491250466659,0.742074420413841,0.7411491250466659,0.44423062258927487
T000313,1.0352439081011588,1.039420873709114,1.1863579731036258,1.039420873709114,1.039420873709114,1.039420873709114,1.1509620154568516,1.039420873709114,1.1393394275721094,1.1022644627928309,1.1393394275721094,1.1393394275721094,1.1022644627928309,1.184600126771771
T000314,0.854547594416696,0.6324750310378089,0.6324750310378089,0.6324750310378089,0.6324750310378089,0.6324750310378089,0.6474321933053997,0.6474321933053997,0.6474321933053997,0.6474321933053997,0.6324750310378089,0.6324750310378089,0.5691512283187447,0.6324750310378089
T000315,0.3283494605906418,0.2822182517646744,0.2822182517646744,0.2822182517646744,0.2822182517646744,0.2822182517646744,0.2822182517646744,0.2822182517646744,0.553841859974004,0.553841859974004,0.5531380811968394,0.2822182517646744,0.32867005054336085,0.7611096645761097
T000316,0.7417203466402342,0.8268771551684764,0.7826651651252086,0.7826651651252086,0.8859826110992334,0.6221520650431964,0.6221520650431964,0.573815970760218,0.573815970760218,0.573815970760218,0.573815970760218,0.8859826110992334,0.9220640460341396,0.978728738920497
T000317,2.326513117120485,2.48465727262281,2.504408245701166,2.666027703826004,2.48465727262281,2.9376235099267687,2.999289547781729,2.9376235099267687,2.9376235099267687,3.306604942238433,3.268113929885259,2.48465727262281,2.495573968003258,2.9200392043801275
T000318,0.7982143769111798,0.8068523220509491,0.7982143769111798,0.757353989859186,0.7629954495645513,0.7629954495645513,0.7629954495645513,0.7629954495645513,0.7629954495645513,0.757353989859186,0.757353989859186,0.757353989859186,1.206141138951673,0.7982143769111798
T000319,0.47197081370929167,0.5153679795481655,0.5153679795481655,0.5153679795481655,0.5153679795481655,0.5153679795481655,0.5153679795481655,0.5153679795481655,0.5153679795481655,0.5153679795481655,0.5153679795481655,0.5153679795481655,0.47197081370929167,0.5215784004132026
T000320,0.35692380203140844,0.5511190080955018,0.5511190080955018,0.5230166727312507,0.5230166727312507,0.5511190080955018,0.4791330821320332,0.46618367458776644,0.46618367458776644,0.41167854090421957,0.24702012744546106,0.4693068027180819,0.48433398728244786,0.501487632811774
T000321,0.6478278576341528,0.7435822471839452,0.7608248425095832,0.7435822471839452,0.7608248425095832,0.6739583955172712,0.7608248425095832,0.7075343720586993,0.7075343720586993,0.7075343720586993,0.7075343720586993,0.6970180753678171,0.7325766789130966,0.774650341640126
T000322,0.5196260708311403,0.5196260708311403,0.5196260708311403,0.5246020585416896,0.5246020585416896,0.5123190395160853,0.3297702295193264,0.3297702295193264,0.3297702295193264,0.329966784368661,0.329966784368661,0.49913447992841853,0.5401205008777944,0.3296540896635093
T000323,0.8315273163884527,0.7215343320274908,0.7254760891101434,0.7254760891101434,0.48319195354456396,0.48319195354456396,0.5330738249230577,0.5330738249230577,0.6052736033851215,0.6052736033851215,0.6659992303915322,0.6548803201386234,0.6548803201386234,0.48319195354456396
T000324,1.0189355873677368,0.9160064234414548,1.3414457309782186,0.8961397864384637,1.305166560408376,1.305166560408376,1.0966586708947745,1.0966586708947745,0.9889851866187651,0.9889851866187651,0.9889851866187651,0.9889851866187651,1.0966586708947745,1.1701701905955415
T000325,0.8811401871557275,1.7961103491812342,1.4613783640073865,1.4613783640073865,1.2936768565026966,1.3123011908234667,1.3123011908234667,1.3123011908234667,1.2461240482149738,1.256801233459239,1.0205726430277289,1.4613783640073865,1.4154809316175687,1.18107748159743
T000326,1.4069631716189368,1.3728195737752682,1.3728195737752682,1.3728195737752682,1.23535761773231,1.23535761773231,0.9345391068532591,0.9345391068532591,1.0709454989215446,1.0709454989215446,1.0562069085706107,1.0744241260104446,1.0744241260104446,1.0417054852346446
T000327,0.5961395651390766,1.388354447212558,1.3182941834128896,1.388354447212558,1.388354447212558,1.195176099459345,1.195176099459345,0.9658018236586575,0.9658018236586575,0.7400997157176772,0.9211642454108133,1.388354447212558,1.0503998253545046,0.965564813468851
T000328,0.9076536524744034,0.9076536524744034,0.8878401230021012,0.8878401230021012,0.8878401230021012,0.8878401230021012,0.8878401230021012,0.8878401230021012,0.8878401230021012,0.8953445842389682,0.8953445842389682,0.8953445842389682,0.8953445842389682,0.9628779355597954
T000329,1.6840632866980023,1.4768408123620202,1.5265280065376086,1.554714873304832,1.5265280065376086,1.5265280065376086,1.5191280246088061,1.5416907568887224,1.5416907568887224,1.5077711206271287,1.5077711206271287,1.596640319996359,1.6925525367906185,1.4930858530086704
T000330,0.47217211676069154,0.48492715341506465,0.4897048186039693,0.4551636485697315,0.4475971750470514,0.4551636485697315,0.45867774867849653,0.45867774867849653,0.45867774867849653,0.4507450947705134,0.47217211676069154,0.47217211676069154,0.45867774867849653,0.606786732834622
T000331,1.0042572136162387,1.2585057302185476,0.9010980475337859,0.9010980475337859,0.690898568296322,1.019378417227272,1.019378417227272,1.019378417227272,1.019378417227272,1.019378417227272,1.019378417227272,1.0042572136162387,0.7761531734128764,0.6942541086192694
T000332,0.4918089731232989,0.49629439704568945,0.4904294058445179,0.6049359691681184,0.6049359691681184,0.5644282491750112,0.5644282491750112,0.5644282491750112,0.4354033846353686,0.4572659872171338,0.48669993825139307,0.48669993825139307,0.4947288638502131,0.6003845012400768
T000333,0.5249262056222063,0.6154673314331358,0.6106414751312448,0.6106414751312448,0.574439608784377,0.574439608784377,0.5301052607654223,0.5464507269063723,0.5464507269063723,0.5464507269063723,0.5249262056222063,0.6106414751312448,0.7006869162009327,0.5839247111939824
T000334,1.4610637207579376,1.412771708716757,1.5781035180804206,1.6919671788567678,1.5781035180804206,1.5869080546311716,1.5420862712729724,1.3945143877209152,1.403378939539804,1.2700033554611974,1.2700033554611974,1.5781035180804206,1.5044379123357312,1.4337246565161663
T000335,0.6019596639965897,0.7195100487056038,0.6597875589394522,0.6597875589394522,0.6597875589394522,0.7280286336005571,0.7280286336005571,0.7280286336005571,0.7280286336005571,0.9627003592621101,0.9627003592621101,0.6597875589394522,0.6250090465005247,0.7280286336005571
T000336,1.6709925996235095,1.3069081522624333,1.3329349116995675,1.3329349116995675,1.3329349116995675,1.4334888662035656,1.4334888662035656,1.263734785672619,1.414689894076622,1.5481428711892455,1.5481428711892455,0.9748585863953909,0.975656506447094,1.0448495404969318
T000337,0.5089658067757445,0.43480559047524286,0.43480559047524286,0.43480559047524286,0.43480559047524286,0.43480559047524286,0.43480559047524286,0.43480559047524286,0.43480559047524286,0.693514019650442,0.693514019650442,0.45774535912655756,0.4662491550378174,0.43480559047524286
T000338,1.5762956041802745,0.9579902603848006,0.9744523613802034,0.96537593364067,0.9579902603848006,0.7455519666143398,0.7334845247086327,0.7426509291278387,0.7489195746957498,0.7983046835272739,0.7983046835272739,0.9579902603848006,0.96537593364067,0.7455519666143398
T000339,2.3282133037539268,1.7777263142907798,1.4913249355732385,1.8250444886153785,1.8250444886153785,1.6940355202567516,1.6940355202567516,1.6940355202567516,1.6940355202567516,1.198714138128835,1.1777889416971195,1.3310233979116193,1.3310233979116193,1.8250444886153785
T000340,0.49402869443205416,0.48853432496722876,0.5304613726574183,0.5669874659769701,0.26121125855762045,0.2306776949907751,0.2772984854595949,0.2772984854595949,0.4964760570235821,0.4964760570235821,0.48853432496722876,0.48853432496722876,0.48853432496722876,0.2668401533057342
T000341,0.427701066757029,0.4188945355436555,0.4188945355436555,0.4188945355436555,0.4188945355436555,0.30926532671057433,0.30926532671057433,0.30926532671057433,0.30926532671057433,0.2993249414095461,0.2894104030936537,0.43758170206566804,0.4188945355436555,0.30926532671057433
T000342,0.713217557074089,0.713217557074089,0.8474005888421101,0.8062850258016995,0.6925506960953599,0.6808311419577345,0.7099522055694923,0.7099522055694923,0.7099522055694923,0.7870332158802085,0.7870332158802085,0.8062850258016995,0.6660608451633552,0.7099522055694923
T000343,0.5856160161868516,0.5535506719565636,0.7347963436292995,0.7347963436292995,0.764507616500914,0.3653372895441559,0.47179588857990207,0.4400732159713228,0.4400732159713228,0.4400732159713228,0.4400732159713228,0.764507616500914,0.7395786119723584,0.3653372895441559
T000344,1.7896553419709917,1.2594003355472534,1.315677643979582,1.315677643979582,1.343908321518937,1.363641365608303,1.438111914566169,1.7553519353025149,1.2772518657965812,1.2772518657965812,0.9963478902340128,1.6986928237526338,1.5278970242016596,1.9446795753535782
T000345,0.9680993225818703,0.9599526525317537,0.9016484071749264,0.9016484071749264,0.9016484071749264,0.43934781699932973,0.43865490766502335,0.2959756446082907,0.2959756446082907,0.40293793657016214,0.40293793657016214,0.43865490766502335,0.43865490766502335,0.3032929972169676
T000346,1.3050785548168766,1.2897491794010316,1.2857948958808294,1.2857948958808294,1.343301737493445,1.2857948958808294,1.2866572994761494,1.2866572994761494,1.2866572994761494,1.3050785548168766,1.3050785548168766,1.3050785548168766,1.252019633532404,1.252019633532404
T000347,3.680988240126431,3.573734869967537,3.733138948193192,3.733138948193192,3.4993624751256585,3.527115459995547,3.573734869967537,3.573734869967537,3.2191823037127985,3.332301509918241,3.733138948193192,3.573734869967537,3.573734869967537,3.199290105939678
T000348,0.5578662232795918,0.5592007866528899,1.0030867717132939,1.0030867717132939,1.0030867717132939,1.2676973792209358,1.2676973792209358,1.0030867717132939,1.0030867717132939,1.0030867717132939,1.0030867717132939,1.0030867717132939,1.1163781974487172,0.5828518081836522
T000349,0.7184640979309768,0.7577144592029993,0.7588207797195602,0.7588207797195602,0.7588207797195602,0.7667944602595556,0.782007828045284,0.782007828045284,0.7673198602216773,0.7673198602216773,0.7908041081865764,0.7577144592029993,0.7919354041602404,0.9487247889669773
T000350,1.0230560881974093,0.9898198699950462,0.9337335997382483,0.9094035323090228,0.9094035323090228,0.9094035323090228,0.9898198699950462,0.9898198699950462,0.9337335997382483,0.9337335997382483,0.9337335997382483,0.9337335997382483,0.9898198699950462,1.00189605762224
T000351,1.1367575474259497,0.38948554860016643,1.1367575474259497,0.4006529065712945,0.8277208286203938,0.3883538323127815,0.3883538323127815,0.3883538323127815,0.5752399309366019,0.5752399309366019,0.3871150309266401,0.3722339200710314,0.3871150309266401,0.3883538323127815
T000352,0.6946922700222959,0.717719907904607,0.5945168516892103,0.5945168516892103,0.47873699164290284,0.6281060087317569,0.6281060087317569,0.4443505941802135,0.6281060087317569,0.6600359178841989,0.4817972945569203,0.5553100333630083,0.717719907904607,0.42257598237431565
T000353,0.5604605400177417,0.5604605400177417,0.7553766103655893,0.7143293089205331,0.7553766103655893,0.7553766103655893,0.5405067327268266,1.217924324059527,1.217924324059527,0.34835889489663197,0.8036761796177744,0.9900997889228258,1.1665728401214432,0.7063091457641968
T000354,0.5125034881576881,0.441190398187797,0.4896686325686136,0.4433036230004829,0.5222224182896198,0.5015875572083563,0.5222224182896198,0.4433036230004829,0.4433036230004829,0.5035901529323361,0.5035901529323361,0.44588531679230275,0.42572421267305116,0.542418441236418
T000355,0.8668059172669853,0.8445864403806399,0.6974131139103593,0.6974131139103593,0.6460687882665505,0.6974131139103593,0.6974131139103593,0.6974131139103593,0.6974131139103593,0.6378164187520721,0.6829625546391543,0.6787229359312709,0.8445864403806399,0.7413260324875425
T000356,1.1071927384538152,1.1071927384538152,1.2071637108845297,1.1292324185216045,1.1292324185216045,0.9356930875471339,0.9356930875471339,0.8514599341485268,0.9356930875471339,0.9308001120200385,0.8828602052445161,1.112087520263116,1.2071637108845297,1.1071927384538152
T000357,0.4429646315222983,0.4736741132330656,0.4579102597418665,0.5562515367872812,0.5562515367872812,0.5562515367872812,0.4779859481730581,0.4779859481730581,0.45747661230590914,0.46919923276576464,0.4595110532213719,0.47586055510346037,0.45251292443440005,0.5619736587957141
T000358,1.358325967677921,1.3179003520075208,1.6933690734974454,1.6933690734974454,1.6933690734974454,1.5301307190976765,1.5301307190976765,1.268361063255896,1.5301307190976765,1.5301307190976765,1.268361063255896,1.3469745337324897,1.3469745337324897,1.3179003520075208
T000359,0.7538178912778223,0.775184241672263,0.6759806875536906,0.6885876589327047,0.6885876589327047,0.6793193788278858,0.6793193788278858,0.7102965925590754,0.7102965925590754,0.6829386343902515,0.6829386343902515,0.7979771067654255,0.631667766035173,0.775184241672263
T000360,0.5626028836348562,0.619631257922235,0.6514064887728618,0.6514064887728618,0.6168272723593475,0.6514064887728618,0.6514064887728618,0.6514064887728618,0.6514064887728618,0.6168272723593475,0.6301534673948909,0.6301534673948909,0.5914959741769777,0.6301534673948909
T000361,0.6232088774065414,0.6501152302344962,0.7525304025315851,0.7525304025315851,0.7514597932560679,0.7514597932560679,0.7577685417783969,0.7634511814841982,0.7766544769464491,0.7634511814841982,0.7634511814841982,0.7654476835674698,0.6461563480365774,0.7301679161846908
T000362,0.7804778322845295,0.7804778322845295,0.7685412596793083,0.7430180597066025,0.7417627136897488,0.7417627136897488,0.7455370074889247,0.745526860432832,0.7406652355262604,0.7455370074889247,0.7455370074889247,0.7685412596793083,0.7804778322845295,0.7384180320538276
T000363,0.43851546478990683,0.45947726317918186,0.4285753515159195,0.4285753515159195,0.4285753515159195,0.4285753515159195,0.4685315046563489,0.4685315046563489,0.42880188460779656,0.42975231820411336,0.4240982752394925,0.46133953438841585,0.47274269511160466,0.6498605654917151
T000364,0.5466522442505003,0.5466522442505003,0.43473193756663286,0.5393228556870326,0.4309228699840631,0.5466190785074416,0.43101244245296644,1.9704276570978998,0.6975101187197242,0.4390739438610602,0.4042164646199037,0.6975101187197242,0.42247685257313156,0.9027022134588586
T000365,1.5994445776533606,1.410435003069934,1.390197638357559,1.4954583593657005,1.4954583593657005,1.3834397698161922,1.3834397698161922,1.3637821433720925,1.3637821433720925,1.3834397698161922,1.3865626119674974,1.3865626119674974,1.7298484548268362,1.615313356403636
T000366,0.6359869745647763,0.7810390727405037,0.8296117158095825,0.7552605465542145,0.7552605465542145,0.8296117158095825,0.8296117158095825,0.8296117158095825,0.8296117158095825,0.7552605465542145,0.7552605465542145,0.7552605465542145,0.8463176454209322,0.7552605465542145
T000367,1.0798193788518622,0.953847412358117,0.953847412358117,0.953847412358117,0.953847412358117,0.953847412358117,0.953847412358117,0.953847412358117,0.953847412358117,0.9986046761332338,0.993302009325123,0.9986046761332338,1.0166994639351963,1.564471482829617
T000368,0.7088652249887767,0.7168304966684454,0.7169046398274205,0.7176869761417766,0.7176869761417766,0.7339833348249146,0.7339833348249146,0.7485839636512357,0.7167126429515313,0.7176869761417766,0.7176869761417766,0.7417493986407804,0.7169046398274205,0.7989403396935516
T000369,0.7013172424672661,0.6641630405320915,0.6635305284482387,0.6635305284482387,0.6622960763427197,0.6622960763427197,0.6622960763427197,0.6635305284482387,0.6635305284482387,0.6304065952639207,0.6635305284482387,0.6635305284482387,0.6590444989531796,0.7436663376753075
T000370,1.3914899549907964,1.2709414568397464,1.2507711624701772,0.6958366865926009,0.6046771202439017,0.7062608632139793,0.787169731652482,0.6278140403959324,0.787169731652482,0.647835695622721,0.7033053319902651,0.6087864389173129,0.620140959229309,0.9195754352317562
T000371,0.45784926741177867,0.4114089376489979,0.42178440387322946,0.42775655203795904,0.42178440387322946,0.42178440387322946,0.4114089376489979,0.4458216061113207,0.3307974192628636,0.45784926741177867,0.4567739407530938,0.45784926741177867,0.45784926741177867,0.4577483559084056
T000372,1.1412186319861732,0.4469226211607244,0.42096636071412724,0.42096636071412724,0.42096636071412724,0.4353172035350895,0.4295304196836303,0.41198451525324364,0.41198451525324364,0.4353172035350895,0.4353172035350895,0.4378388142567325,0.4018548660398035,0.4469226211607244
T000373,0.5667219983206581,0.31217494468814316,0.30755031664434346,0.3136029569221885,0.3108066471539836,0.3159119563485028,0.3906170302728252,0.3125947266656061,0.31217494468814316,0.31626042295488205,0.31277996392309637,0.3162485938819936,0.32482324726849654,0.3108066471539836
T000374,1.1440337033329957,0.9741436576906853,0.9741436576906853,0.9688903679029942,0.9688903679029942,0.9673275894135064,0.9694182304244212,1.0372628058532893,1.0372628058532893,0.9642791313272735,0.974985500244053,0.974985500244053,0.966440378517195,0.9741436576906853
T000375,1.384876219882009,1.384876219882009,1.043485255322351,1.043485255322351,1.1257861785792596,1.0706969964801318,1.0706969964801318,1.091255996508037,1.1093439718366904,1.1093439718366904,0.908187623996804,1.0036297980155084,1.036844105988449,1.0587018152853302
T000376,0.2567015529953532,0.24198023425802004,0.25688575174002515,0.2448390070005652,0.25688575174002515,0.2425709170729366,0.2425709170729366,0.24958202813511765,0.24958202813511765,0.2546464015964705,0.25688575174002515,0.25688575174002515,0.25688575174002515,0.25688575174002515
T000377,0.7058960406860498,0.6674668055220201,0.6674668055220201,0.6674668055220201,0.6674668055220201,0.6674668055220201,0.6674668055220201,0.6674668055220201,0.6674668055220201,0.6674668055220201,0.7046600307488748,0.7978789271150565,0.793920543763993,0.9409074271424078
T000378,1.081724924525617,1.0073356593146987,0.8168504961119625,0.8168504961119625,1.525844382855446,1.525844382855446,1.1289972172531317,0.6670755848668154,0.40396433400883225,0.40396433400883225,0.40396433400883225,0.8482811187423464,1.586886611938481,0.6670755848668154
T000379,1.049651603165253,1.0555131275032703,1.0554880286559545,1.0912525133131004,1.1248803082672725,1.0555131275032703,1.0159380974667476,0.8695924964897424,0.8695924964897424,0.9548616821369347,1.1183869396110826,1.0916076690111216,1.1183869396110826,1.0113783284076674
T000380,1.2578305714453633,1.2578305714453633,1.3465194203310569,1.2722094800379289,1.3465194203310569,1.3465194203310569,1.2578305714453633,1.2578305714453633,1.2578305714453633,1.2578305714453633,1.2578305714453633,1.3462020701167794,1.2578305714453633,1.0524073692139488
T000381,1.109842949109994,0.7503377273044024,0.7503377273044024,0.7503377273044024,0.7503377273044024,0.7503377273044024,0.7055759471534412,0.7055759471534412,0.7055759471534412,0.7055759471534412,0.7740484326155503,0.7740484326155503,0.7740484326155503,0.6244068310587932
T000382,1.1382551167749226,1.039117123226661,0.9880161337677911,0.9880161337677911,0.9880161337677911,0.9880161337677911,0.6514292177902766,0.6514292177902766,0.4026773158623697,0.6514292177902766,0.6310205422687561,0.6310205422687561,1.7282244142754348,2.460516842489598
T000383,0.3980305477336697,0.3842037815758387,0.38573747928496366,0.3812524090511894,0.3812524090511894,0.3842037815758387,0.3842037815758387,0.3723675784538165,0.385535946799291,0.38302499423016656,0.385628332570358,0.385628332570358,0.38049865068976224,0.4007077606682908
T000384,1.7808359249452586,2.073842300628626,1.9504022342113956,1.9504022342113956,1.9504022342113956,1.971087572434965,1.971087572434965,1.9504022342113956,1.9504022342113956,1.9504022342113956,1.845614624167682,1.9504022342113956,1.880241934336155,1.2670234167791585
T000385,0.39638245073741873,0.4659434174467792,0.3616961309744072,0.6323451440908797,0.6323451440908797,0.39223508260339746,0.58613161704941,0.58613161704941,0.4591380345839667,0.58613161704941,0.4718467155751373,0.58613161704941,0.5856977955242734,0.5980198292118689
T000386,1.883184449042912,1.9097133656374987,2.047494872050375,2.047494872050375,2.237167488791551,1.903526952014775,1.854169308693418,1.854169308693418,2.047494872050375,2.237167488791551,2.2122282797706774,2.4464604273553796,1.9891677911618129,1.9301688526418355
T000387,0.8027057289989581,0.4029601978921918,0.2930191964027669,0.5100188002606068,0.6184534680696075,0.5558315884074762,0.6184534680696075,0.6286714100318468,0.5976090700957027,0.539124770184523,0.6215626952741083,0.7118823057928124,0.6948671106164103,0.6948671106164103
T000388,0.6635406717445236,2.1179600839455404,2.1179600839455404,2.1179600839455404,1.7593445953234856,2.1390823949412408,2.0267242433618615,2.218009046121347,2.218009046121347,1.1944189112129762,1.1944189112129762,1.6905151338856,0.7378498020528795,2.7430570440928586
T000389,3.918681600440228,3.872747079518258,3.9038395860092034,4.048505406771875,3.9284376580447633,3.9284376580447633,3.8820158215735097,3.539850123764165,4.311677218171234,4.529871324451733,3.9290863884916902,3.8337852175327356,3.8820158215735097,4.5066832736051525
T000390,0.5610088579355139,0.5214949289408044,0.6603485711786559,0.36389012094203627,0.4196789021636211,0.46354518077139173,0.4569320428523883,0.45847225948201004,0.45847225948201004,0.4612627788478282,0.46354518077139173,0.5571151511071444,0.6400622028414064,0.4828408515502818
T000391,0.664704575744113,1.1834682599510722,1.1834682599510722,1.1834682599510722,1.0275565403254034,0.7203690343677137,0.8340220162074236,1.2966182623432314,0.8407625730202927,0.8407625730202927,0.8407625730202927,0.8407625730202927,1.0197291809994313,0.9329187027987569
T000392,1.2517462978485585,2.0865588918022424,2.0552757610977292,1.3806448427014237,2.0552757610977292,1.3466921915699201,1.6100809354161867,1.7074649885255921,1.1136754626293806,1.1136754626293806,1.2289566556828304,1.1136754626293806,1.3594755500037485,1.7300313974999646
T000393,2.0731953790015227,1.6459654268989359,1.6459654268989359,1.6459654268989359,1.6459654268989359,1.6231990885910104,1.3436802335565854,1.4749759256669586,1.4749759256669586,1.4749759256669586,1.3124940777960612,1.3473536963021544,1.614407510442405,1.3436802335565854
T000394,0.5570286428259539,0.5570286428259539,0.5570286428259539,0.5570286428259539,0.5408571319304714,0.35188162357887715,0.329602457979167,0.454693535203545,0.4464464334673392,0.32826220757787156,0.32826220757787156,0.329602457979167,0.5026506834590474,0.4483442395399579
T000395,0.5083440308087291,0.35679845072910393,0.4021234977150917,0.3894942265329212,0.301322538193467,0.30464221195101787,0.28165314559974675,0.3894942265329212,0.3064567891663628,0.32128459579358803,0.35679845072910393,0.32128459579358803,0.4437669582620907,0.4437669582620907
T000396,1.6837684548813288,1.6837684548813288,0.5829330905459372,0.5829330905459372,0.5829330905459372,1.0379764025486804,0.8951061222605387,0.7813196373913777,1.0234509635491083,1.0234509635491083,0.8009225139649846,0.8769594348720318,0.43531890464818795,1.6775869205744771
T000397,2.0022523918140656,2.0022523918140656,2.0022523918140656,2.0022523918140656,2.0022523918140656,1.7167569650885055,1.5300524549901195,1.5300524549901195,1.5300524549901195,1.490296317334092,1.641700339313522,1.6387705623497604,1.709978225882798,1.490296317334092
T000398,0.33973775784579385,0.47189960702866374,0.45255734197227293,0.538382965351184,0.5048915698893093,0.5048915698893093,0.591460411990069,0.5678602251441485,0.5678602251441485,0.5261299560207107,0.5443662082213373,0.5443662082213373,0.324421730720631,0.339489579306203
T000399,1.2175746261047526,1.2980813353794463,1.4872124515425813,1.297503600835443,1.297503600835443,1.297503600835443,1.297503600835443,1.4900947081830995,1.2608981984785272,1.2608981984785272,1.2984072005229537,1.297503600835443,2.28835335766682,2.190492316231781
T000400,0.5790573254659446,1.3030904381241386,1.4171408559825607,1.4171408559825607,1.3030904381241386,1.4006113746750315,1.2734574349176455,1.2734574349176455,1.2776741238353595,1.2776741238353595,1.2769694743862154,1.2734574349176455,0.8514862850730766,1.2734574349176455
T000401,0.2727342347835471,0.32297902513459,0.34208033512080793,0.34208033512080793,0.34208033512080793,0.34208033512080793,0.34208033512080793,0.3486397300203707,0.3486397300203707,0.35767713011327273,0.35767713011327273,0.35767713011327273,0.35767713011327273,0.31976076187814667
T000402,0.4798716452742124,0.34058745395586065,0.338260115074265,0.338260115074265,0.33111309887790535,0.33111309887790535,0.32674788414147365,0.3455079405567079,0.3395157306943908,0.34279412963117234,0.3385982712746192,0.3248087946109606,0.3248087946109606,0.3450031902852331
T000403,0.39352263358194683,0.40613783156199434,0.40613783156199434,0.3941021311878621,0.3941021311878621,0.40923248188859385,0.40613783156199434,0.3810052933020351,0.4853485012489743,0.525303093019628,0.525303093019628,0.39049654638790265,0.40158886466877886,0.4281174971021302
T000404,0.3556908157443029,0.4108956193143867,0.4504649410521386,0.38912990971777045,0.4504649410521386,0.4504649410521386,0.4504649410521386,0.36960740029675104,0.4469998731811881,0.36960740029675104,0.4642751907004223,0.4642751907004223,0.381793320244697,0.6292881522567565
T000405,0.408164639726082,0.42138860638735964,0.36902930614965734,0.3644475283406083,0.39546643622474736,0.3701525220165417,0.3705527633715191,0.39546643622474736,0.39546643622474736,0.39546643622474736,0.37738655875875005,0.37738655875875005,0.42138860638735964,0.5588552927548089
T000406,0.40956872478798434,0.3699799593685802,0.3874663995829284,0.3874663995829284,0.41627472149355615,0.41627472149355615,0.3874663995829284,0.3476878159598182,0.3874663995829284,0.3874663995829284,0.3874663995829284,0.33462079047226295,0.4344803069436177,0.3874663995829284
T000407,1.0406801195655901,1.1480352149530908,1.127250487160023,1.1826651352766253,0.9910019563716642,0.816476437062454,0.816476437062454,1.1826651352766253,1.1826651352766253,1.1826651352766253,0.7679865902517268,0.7679865902517268,1.48592822616971,0.7286167269089915
T000408,0.5214721102970293,0.5223883973277524,0.5223883973277524,0.5223883973277524,0.5223883973277524,0.5549509992614303,0.5903559431523051,0.5924469166166354,0.5924469166166354,0.5903559431523051,0.5893120920289662,0.5893120920289662,0.5893120920289662,0.6363629545858283
T000409,1.6791054246231314,1.7665875616719247,1.6934075573377434,1.6934075573377434,1.6934075573377434,1.6934075573377434,1.3835108949300419,1.3835108949300419,1.908441140697272,1.3835108949300419,1.3835108949300419,1.3795978418287191,1.482384962442407,1.788466418416477
T000410,0.15749736688319677,0.18782666785259078,0.12325050699650998,0.12325050699650998,0.190605775708046,0.32615757072095053,0.19612683083253676,0.27207019100395147,0.13391997006316192,0.1550306005951776,0.09596445360247642,0.14017118159312228,0.14017118159312228,0.2934715911493266
T000411,1.184583643191671,1.3739922690052686,1.7623672904901484,1.6873986290571616,1.317261190483601,1.317261190483601,1.6873986290571616,1.5033978190597204,1.4174406380124152,1.7623672904901484,1.5802964794027057,1.4174406380124152,1.5987827029167265,1.410223804414774
T000412,0.2510171172923136,0.2505688635300394,0.2519667430310976,0.2505688635300394,0.2104484338922953,0.2104484338922953,0.24462263480278976,0.30739531222772876,0.30739531222772876,0.30739531222772876,0.5251016214838392,0.3218182112268954,0.21897395684340104,0.4006626350158934
T000413,1.150777196140119,0.8245482992892897,0.9449808492668366,0.9449808492668366,0.8977916087020384,0.9449808492668366,0.8977916087020384,0.9449808492668366,0.8881026096427626,0.8881026096427626,0.8900609587951183,0.8900609587951183,0.7679511368097792,1.1693318692887391
T000414,2.765791832998232,2.083437628406763,2.142534617047889,2.142534617047889,2.237671720563101,2.083437628406763,2.083437628406763,2.100219520047397,2.237671720563101,2.575212462977998,2.575212462977998,1.8167993720103297,1.673440041885245,2.2560532960634685
T000415,3.6221867427174677,3.8838715121803227,3.769319044645693,3.769319044645693,3.8058260101985586,3.7758364280768584,3.7758364280768584,3.8528129793809747,3.691686505220211,3.6802160823062477,3.6843729957407634,3.6802160823062477,3.3052873417139437,3.7568920417953335
T000416,3.6634463353040205,3.681098102824241,3.6937072468469503,3.6937072468469503,3.7088108447401913,3.7165775441728788,3.7165775441728788,3.7088108447401913,3.7088108447401913,3.516778469474804,3.640233011310205,3.6556123066679245,3.559185513859673,3.6932079358345025
T000417,0.9462807506110069,1.1356682705989447,0.8882748997448415,0.8882748997448415,0.8882748997448415,0.9808641350413307,0.9808641350413307,1.1733995412447424,1.1733995412447424,0.8882748997448415,0.8882748997448415,0.8882748997448415,0.9881344933407927,0.8734609349243794
T000418,0.6812340297642967,0.5530007812454318,0.9860291738783432,0.5568323769575586,0.5568323769575586,0.5530007812454318,0.992006010450819,0.992006010450819,0.976951851031126,0.976951851031126,0.98787430482995,0.9860291738783432,0.98787430482995,0.6812340297642967
T000419,0.8749779096248559,0.619025590023241,0.619025590023241,0.619025590023241,0.619025590023241,0.619025590023241,0.7978895718320562,0.7978895718320562,0.7978895718320562,0.6977564287461913,0.6903595616211866,0.631430304804053,0.5506025473251822,0.619025590023241
T000420,0.30701314926860246,0.5863114337000596,0.4765425608705076,0.5863114337000596,0.5863114337000596,0.5245396230660573,0.5245396230660573,1.1713251742331425,1.448264534199836,1.4750738626185853,0.7410153829392107,0.7456336258451821,0.3817229241067679,1.1785982876290768
T000421,0.5769887690617348,0.3993404337050729,0.2616710605926474,0.2616710605926474,0.2616710605926474,0.2611216320291036,0.2874511667322964,0.2749739129711036,0.45249213766729984,0.45249213766729984,0.45249213766729984,0.4567389199408795,0.4567389199408795,0.2616710605926474
T000422,1.6334244080145748,1.6334244080145748,2.1738393356684087,2.1738393356684087,2.1738393356684087,1.6740386429260863,1.5429177616201935,2.008511832791503,1.5429177616201935,1.4585724032847878,1.4585724032847878,1.7934387617363465,1.681933421560514,1.7211596842744383
T000423,1.1742273891306179,1.1913132231976706,1.1913132231976706,1.1605873305339722,1.1605873305339722,1.3420459815808659,1.3420459815808659,1.6242078094401946,1.5292854402275504,1.5292854402275504,1.5292854402275504,1.1605873305339722,1.1913132231976706,1.278597958041201
T000424,1.5855745123870904,1.5855745123870904,1.5975195489643579,1.1307454792845613,1.1307454792845613,1.41788940675528,1.3833279168975254,1.6216579285344006,1.4348236477059304,1.4348236477059304,1.4348236477059304,1.1307454792845613,1.1307454792845613,1.314484565297442
T000425,0.8106069436376833,0.7325125142335728,0.7325125142335728,0.7325125142335728,0.7551758801333369,0.9467646775280514,0.9467646775280514,0.9467646775280514,1.394453293561343,1.394453293561343,1.5464060507580843,0.7325125142335728,0.7325125142335728,0.9297170862107371
T000426,1.3004794586597739,1.7798399589648328,1.7798399589648328,1.7798399589648328,1.7798399589648328,1.7798399589648328,1.6114832740420542,1.6114832740420542,1.6114832740420542,1.6114832740420542,1.6114832740420542,1.7766926445572218,1.3004794586597739,0.8610432075910612
T000427,1.922507373225993,1.9010392175588817,1.9010392175588817,1.9010392175588817,1.9010392175588817,1.9010392175588817,1.4677971992027814,1.362115275526204,1.295973720481294,1.362115275526204,1.4613495340143812,1.9274567098185662,1.9201537551217547,1.35070214338507
T000428,1.2659772042972788,1.2659772042972788,1.2659772042972788,1.2659772042972788,1.2659772042972788,0.8117544617085959,1.1045170381519689,1.1045170381519689,1.1045170381519689,0.7549610661844872,1.2109625260331798,1.2622266610736126,0.7182546129190855,1.127298245614036
T000429,0.31750690195247205,0.31750690195247205,0.3541588785575157,0.3541588785575157,0.3541588785575157,0.3291804378783227,0.15031368247649948,0.25868608626559403,0.15203794270289772,0.15203794270289772,0.15203794270289772,0.15322390911516096,0.1515424059412275,0.28813559322033905
T000430,0.4662828947368454,0.5025440404832632,0.5123596070652295,0.5123596070652295,0.5123596070652295,0.5351193246754213,0.5123596070652295,0.4764373489118231,0.4764373489118231,0.4764373489118231,0.49590791358744535,0.5729579653364205,0.5729579653364205,0.35690789473684187
T000431,1.7338598333146158,1.7338598333146158,1.7338598333146158,1.7338598333146158,1.7338598333146158,1.4442223308284965,1.4601612768446561,1.3320203954311844,1.2213672032543506,1.2213672032543506,1.3806059834712634,1.4184311753732233,1.6786165566096325,1.2902924681105814
T000432,1.4409594661191307,1.4409594661191307,1.4409594661191307,1.4955125211352542,1.1476689050150928,1.1476689050150928,0.9783415886363529,0.8153047515525884,0.838630104923723,0.8511714083133418,0.923869848270266,1.1328281541577505,1.4226318417890862,0.6489599128395463
T000433,1.22709383006303,1.22709383006303,1.0980093397007655,1.0980093397007655,1.0980093397007655,1.0980093397007655,1.013393127668535,1.051292659767874,0.4981670137681656,0.4981670137681656,0.4981670137681656,1.2225215377319893,1.0647035311788422,0.4981670137681656
T000434,1.4563824636446772,0.8853103676893455,0.9191536240403794,0.9191536240403794,0.9191536240403794,1.1481922692672732,0.9191536240403794,0.6373208266796339,0.6385108752719543,0.7060014448265651,1.0819367861817197,0.9191536240403794,0.9191536240403794,0.6500727797937805
T000435,2.1963743674319236,2.118182796796578,2.118182796796578,2.118182796796578,2.118182796796578,2.118182796796578,2.0995338023592334,1.6668517684412916,1.6668517684412916,1.6668517684412916,1.7462245906528069,1.7026148833414199,2.1010489648990798,1.6336298178737818
T000436,2.13312526913947,2.1890901671784575,2.1890901671784575,2.1890901671784575,2.1890901671784575,2.387639614213853,1.629067807597562,1.6136765923342504,1.6136765923342504,1.8367664060348146,1.8367664060348146,1.5789467382495428,2.217612135810649,1.629067807597562
T000437,0.6625169814343279,1.0903364479547595,1.3399982705818876,1.3399982705818876,1.1211130576064883,1.2030292638839382,1.2974870465538713,1.18007896777652,1.1425640098194998,1.1211130576064883,1.1802731445569545,1.1199415718471493,0.9948560072640608,0.6208263785831096
T000438,0.7885765010165555,0.4464277238753664,0.5754388329968624,0.5754388329968624,0.5587917873008537,0.4161986295237603,0.4161986295237603,0.4847953000751033,0.47360576614212135,0.4915306337356444,0.5004927995609081,0.4119519108351988,0.5512733019966123,0.6438197382961254
T000439,1.1372734017249009,1.0786496461478774,1.0786496461478774,1.2961416619447328,1.2961416619447328,1.0786496461478774,1.2961416619447328,1.2961416619447328,1.2961416619447328,1.1985808373184146,1.2729225983893853,1.7156203043283054,1.3750892096386926,1.0537069021407346
T000440,0.9452611055699813,1.1400628953782352,1.36110033223629,1.2092681433209354,1.2092681433209354,1.1492581098911772,1.1492581098911772,1.0378149197085156,1.1492581098911772,1.0378149197085156,1.36110033223629,1.36110033223629,0.9452611055699813,0.8888029394276744
T000441,1.2033887439821036,1.4364127928127663,1.4099836679982005,1.4099836679982005,1.4498471290113197,1.4498471290113197,1.439003114458134,1.453973428603726,1.4182145759355593,1.4099836679982005,1.4099836679982005,1.416948392702564,1.3862264553734234,1.2466552235262784
T000442,2.483127663740636,2.6667952012136564,2.6667952012136564,2.6667952012136564,2.6667952012136564,2.8678082384859627,2.8678082384859627,2.8678082384859627,2.483127663740636,2.2461710974606253,2.4111465174625684,3.055299701421121,2.995775537221388,2.6228206752797156
T000443,0.6413041660595259,0.6413041660595259,0.6413041660595259,0.6413041660595259,0.6413041660595259,0.6413041660595259,0.6601912127557967,0.17031263200556793,0.22471129902861017,0.22471129902861017,0.16499887499425578,0.7553457898105874,0.6413041660595259,0.22471129902861017
T000444,0.38028482683097603,0.29383064643616186,0.4576233637865733,0.3297774790649635,0.29383064643616186,0.3422773808382506,0.3422773808382506,0.39985322071240686,0.4180441087297234,0.4180441087297234,0.4180441087297234,0.4576233637865733,0.33444927401628216,0.5323647932257448
T000445,0.2127489604132238,0.22686232853511293,0.2921079550980316,0.14678005126606608,0.14678005126606608,0.22686232853511293,0.22686232853511293,0.28577915564794526,0.2306803946701183,0.15690561803177513,0.12591713354635162,0.12591713354635162,0.23160912797256886,0.16797813668222783
T000446,0.5423927169520584,0.6794776226592184,0.6023338687281331,0.514207356045528,0.514207356045528,0.7006580887296348,0.5094365519152114,0.5051429555940172,0.6195651013966751,0.553998577653801,0.6790124578154847,0.5423927169520584,0.5387138136812967,0.4657612835332786
T000447,1.8702519631772925,2.016223473625155,1.8702519631772925,2.016223473625155,1.8702519631772925,1.8702519631772925,1.993922485331912,1.8779451993532261,1.915827405497069,2.0933662891872045,2.0933662891872045,2.0933662891872045,1.9686626421026485,2.01987160213295
T000448,0.7857237819253796,1.4953553044026555,1.0940954955836424,1.0940954955836424,1.0902270275938537,1.0902270275938537,1.1876200454985508,1.0902270275938537,1.0902270275938537,1.0902270275938537,1.1808125859154732,1.170577531144851,1.2007418512719463,1.1638751903157643
T000449,0.25944433792217286,0.26802979482016787,0.25944433792217286,0.26802979482016787,0.25944433792217286,0.25944433792217286,0.26802979482016787,0.25714512949807483,0.25714512949807483,0.2350551867903352,0.25944433792217286,0.2463410896982134,0.26802979482016787,0.2158354147708745
T000450,1.8033719484626802,1.7758375339776926,1.7776525838933586,1.7776525838933586,1.7779041777881206,1.8044193776642687,1.7392389414044696,1.7392389414044696,1.7392389414044696,1.7588212527018168,1.7779041777881206,1.7779041777881206,1.7879816525106158,1.7360885233979573
T000451,0.7681633137471323,0.822411561706998,0.8252657144866353,0.7913674611202233,0.8252657144866353,0.8260962415278666,0.7335090216420097,1.4415698410109719,1.0950112225517845,1.0950112225517845,1.2346966941246325,0.7750519982876504,0.7750519982876504,1.184795319346361
T000452,2.434433345222979,2.341466958181347,2.341466958181347,2.433132295525434,2.549957588016857,2.1229079079683975,2.138625074277428,2.8041350277292914,2.6891530278148412,2.4735965857436675,2.4735965857436675,2.549957588016857,2.341466958181347,2.44716431790892
T000453,1.9671835160931053,0.9692191686132672,0.997903077933412,0.997903077933412,0.997903077933412,0.997903077933412,0.997903077933412,1.4524392608126235,1.4524392608126235,2.0700054327730864,2.0700054327730864,2.0700054327730864,1.9671835160931053,1.2982859320192799
T000454,2.0762624278970394,1.908253905693244,1.908253905693244,1.9562470944398178,2.0409316408137177,1.9562470944398178,2.1412794061536373,1.7092460316959508,1.7092460316959508,1.7092460316959508,1.908253905693244,1.9839492746695475,1.908253905693244,2.1983736041136206
T000455,0.5566610530952931,0.48017290713801725,0.5381398332366057,0.5418482471724333,0.5418482471724333,0.5197469345107993,0.5512211584832263,0.5197469345107993,0.49719636503927694,0.49719636503927694,0.5493671295774717,0.5493671295774717,0.5407873961677325,0.5923088180338155
T000456,2.4329512979050953,1.9666954092047146,2.1002939319717724,2.1002939319717724,2.1002939319717724,2.1002939319717724,2.3191445828665564,3.1757640706247305,2.4758362413647554,2.407194307506565,2.14909898670809,2.3530086264908485,2.4016691531007197,2.349829428106296
T000457,0.7514336943240715,1.4262906886234565,0.418187064656243,1.000207811432734,1.000207811432734,1.000207811432734,1.000207811432734,0.8670125860472091,0.7729045542341109,0.7672790283582981,0.7052985377551735,0.8016118970271779,0.917550319281256,0.7672790283582981
T000458,0.5556830257708201,0.5121838884405658,0.5009623944113781,0.49919806598416316,0.3923154236030919,0.49919806598416316,0.4437660415483931,0.4582653244951512,0.44152242403502995,0.3824047080730265,0.3824047080730265,0.49919806598416316,0.5414118198462691,0.46298315012577684
T000459,0.6480693380056416,0.6578621797346627,0.6578621797346627,0.6480693380056416,0.3411853337532127,0.32323820617355853,0.32323820617355853,0.32323820617355853,0.551394240434435,0.551394240434435,0.551394240434435,0.551394240434435,0.6031530980632218,0.3411853337532127
T000460,0.5167501402140428,0.5167501402140428,0.5167501402140428,0.47691686279502676,0.22918908276240949,0.22918908276240949,0.22918908276240949,0.22918908276240949,0.644533922367346,0.644533922367346,0.644533922367346,0.644533922367346,0.47691686279502676,0.4350842637206499
T000461,0.42453439238684176,0.42453439238684176,0.389702153417865,0.389702153417865,0.389702153417865,0.42453439238684176,0.42453439238684176,0.3230580116646157,0.3230580116646157,0.3230580116646157,0.3230580116646157,0.4720841984087945,0.42453439238684176,0.24057465458433286
T000462,0.6979597817244613,0.5163244893152875,0.5163244893152875,0.5124143624313134,0.5163244893152875,0.5174170256427949,0.5174170256427949,0.5174170256427949,0.5124143624313134,0.5124143624313134,0.5766277191300148,0.5766277191300148,0.5848925706139604,0.6979597817244613
T000463,0.3419905756154763,0.33329085734353464,0.31818445219266694,0.31818445219266694,0.11087524662197015,0.11087524662197015,0.11087524662197015,0.11087524662197015,0.11087524662197015,0.11087524662197015,0.11087524662197015,0.6984605195284096,0.31973965242494856,0.16072954671324244
T000464,0.39790017833903935,0.6990424533416856,0.6881005860975555,0.6881005860975555,0.39790017833903935,0.39790017833903935,0.1963818690569444,0.1963818690569444,0.3120420152593196,0.07520409808917262,0.07520409808917262,0.39790017833903935,0.6881005860975555,0.3120420152593196
T000465,0.3100529687212565,0.31815266633334993,0.31815266633334993,0.31815266633334993,0.31815266633334993,0.31815266633334993,0.31815266633334993,0.31815266633334993,0.31815266633334993,0.319147552427039,0.3192447494130443,0.319147552427039,0.319147552427039,0.33771929824561436
T000466,0.5857274402066478,0.5810803917875798,0.6024979313856738,0.6024979313856738,0.5891350914658546,0.5144825709445746,0.6054184584670304,0.6054184584670304,0.6054184584670304,0.5235581156086766,0.526378562755017,0.6024979313856738,0.6024979313856738,0.5591526311036126
T000467,0.42917724076448266,0.6623970465412368,0.6623970465412368,0.6623970465412368,0.6623970465412368,0.6623970465412368,0.39815648044847524,0.5513051583493737,0.5513051583493737,0.5513051583493737,0.5584179051503562,0.5467842248380389,0.5467842248380389,0.5128174832727828
T000468,1.0397979453107302,1.060957433918079,1.051992304933436,1.0550342410006186,1.038371174660566,1.038371174660566,1.0948747593636479,1.051992304933436,1.051992304933436,1.0550342410006186,1.0539386845036993,1.0516843408355214,1.1596133119330536,1.0539386845036993
T000469,0.671597535218805,0.7942807164347204,0.758270696845394,0.758270696845394,0.758270696845394,0.8310139313019778,0.8310139313019778,0.8174330498818649,0.758270696845394,0.758270696845394,0.8079676132374564,0.8561080720354095,0.5897994705296232,0.449479519434528
T000470,0.2188476932648866,0.3538995043046815,0.3056271472136046,0.2831427770899491,0.26627229319139817,0.26627229319139817,0.22807005246872838,0.21420658995497807,0.22807005246872838,0.22807005246872838,0.22807005246872838,0.2819317341343018,0.2819317341343018,0.2819317341343018
T000471,0.4789250194640545,0.7701696898986541,0.7810485011673113,0.7810485011673113,0.7810485011673113,0.7810485011673113,0.7810485011673113,0.7701696898986541,0.48654146332623344,0.48654146332623344,0.48654146332623344,0.47020758989692846,0.48979207478150455,0.8089889483398492
T000472,0.5744064188696911,0.7974732061860244,0.5744064188696911,0.5235202865629847,0.5270579022087024,0.5251184063211469,0.5119913925462863,0.5203053444558683,0.5203053444558683,0.22410589934739936,0.22410589934739936,0.5235202865629847,0.5270579022087024,0.5744064188696911
T000473,0.5058314615948791,0.4541998353648319,0.5435145208206262,0.6649951503783507,0.48569464670918716,0.48569464670918716,0.3473711509755576,0.43857898570462134,0.438580261480945,0.438580261480945,0.438580261480945,0.21138981291581946,0.3015294482710416,0.4976770987782282
T000474,0.9318979691349286,0.9536811628080715,1.0378655749263237,1.0378655749263237,0.9536811628080715,0.9536811628080715,1.2914393815113894,1.2365679222830694,1.0787680330984228,1.1600990409162075,1.1600990409162075,1.0378655749263237,1.0378655749263237,1.0378655749263237
T000475,0.5077700009072226,0.5518386697802369,0.5029291359356717,0.5029291359356717,0.5029291359356717,0.5029291359356717,0.5029291359356717,0.5029291359356717,0.7828383080882625,0.7828383080882625,0.5074150242285458,0.5074150242285458,0.5101342936101488,0.5964175609543853
T000476,0.6349500363342494,0.662446080907116,0.6698100336911044,0.662446080907116,0.6698100336911044,0.6698100336911044,0.6674907728550462,0.6674907728550462,0.6932597971065745,0.6783353572281255,0.6783353572281255,0.9282829002088506,0.662446080907116,0.7257317891035069
T000477,0.7782680612470227,0.4737071062909817,0.5360665146882633,0.5360665146882633,0.4731418608870852,0.4731418608870852,0.4731418608870852,0.5405447115770143,0.4699171627405128,0.5405447115770143,0.4492841283421946,0.4595137414241033,0.4737071062909817,0.4731418608870852
T000478,0.18555382253203706,0.18376280402593695,0.18724872306814613,0.18724872306814613,0.19506816415278028,0.47162668192772866,0.47162668192772866,0.47162668192772866,0.47162668192772866,0.40441758070020406,0.40441758070020406,0.19506816415278028,0.18376280402593695,0.47162668192772866
T000479,1.22296317773268,1.2348600386149808,1.2348600386149808,1.2348600386149808,1.2348600386149808,1.2348600386149808,1.2535428902087598,1.2614823392100352,0.51319013305958,0.51319013305958,1.2614823392100352,1.3047515214144247,1.2614823392100352,0.953811142698526
T000480,0.26518197388844217,0.24130263287646925,0.23829842795393252,0.24390819458873192,0.26048759022171364,0.23625860638992616,0.23625860638992616,0.23304292601355198,0.24130263287646925,0.23625860638992616,0.2706026416204355,0.2706026416204355,0.2706026416204355,0.2706026416204355
T000481,0.414466802514399,0.4170881527488326,0.4170881527488326,0.4782080451009683,0.4782080451009683,0.4782080451009683,0.4782080451009683,0.4782080451009683,0.4101649248320025,0.4101649248320025,0.4101649248320025,0.4101649248320025,0.4142494651945755,0.6173793231239704
T000482,0.24797033244918282,0.24380230335854733,0.24380230335854733,0.24380230335854733,0.24380230335854733,0.23902505021058584,0.24380230335854733,0.24907147761008938,0.26121622544147427,0.26121622544147427,0.2227566178495384,0.2290788966470219,0.22313828245392459,0.24380230335854733
T000483,0.4094412240253976,0.35353628265471093,0.35353628265471093,0.35353628265471093,0.35353628265471093,0.42878267675760817,0.42878267675760817,1.0470836607738214,0.9190696685445545,0.9190696685445545,0.34895252991035286,0.36563319858996485,0.34895252991035286,1.1505748967284972
T000484,2.095934087591215,2.0032733569859773,1.7700288998707598,2.0020543876881143,2.0020543876881143,2.0020543876881143,2.0020543876881143,2.0020543876881143,1.894409883111384,1.6769321974522422,1.6769321974522422,2.0322599413797304,1.3481255254687508,2.0020543876881143
T000485,0.4839046085760191,0.28279673446024195,0.28279673446024195,0.28279673446024195,0.28279673446024195,0.28279673446024195,0.28279673446024195,0.28279673446024195,0.28279673446024195,0.28279673446024195,0.28279673446024195,0.28279673446024195,0.2635634516657571,0.28279673446024195
T000486,0.5965358117115396,0.6001205592506341,0.5171764827701427,0.45070686954804495,0.4500882712498866,0.4500882712498866,0.47495141374302224,0.4500882712498866,0.4500882712498866,0.4500882712498866,0.4500882712498866,0.4500882712498866,0.5689365602322184,0.5789193278616902
T000487,0.7523543957489347,0.7523543957489347,0.7441161476879874,0.5275500739454487,0.5275500739454487,0.7441161476879874,0.5498661769850596,0.5509540999399454,0.5509540999399454,0.5509540999399454,0.5509540999399454,0.5509540999399454,0.5509540999399454,0.4901509654633262
T000488,0.7225382218188179,0.6965729737529804,0.6932126421925857,0.7019645261363664,0.670359826338924,0.8671054521251654,0.76688426569347,0.6738675361124473,0.6888746276141572,0.755686686611861,0.755686686611861,0.7386681403405192,0.7027094641881387,0.7193110992615123
T000489,2.183750097309897,1.4040681607050003,1.4040681607050003,1.4040681607050003,1.4040681607050003,1.208752598627101,1.4040681607050003,1.208752598627101,1.208752598627101,1.208752598627101,1.208752598627101,1.4040681607050003,1.4905913914262947,1.4040681607050003
T000490,1.0558628564877055,0.9725282346622297,0.9725282346622297,0.9382331346208981,0.9725282346622297,0.9736959169370667,0.9927362478423084,0.9995370757220108,0.9382331346208981,1.0822635223843105,1.0525491318500768,0.9728433225026161,0.7054941855725775,1.4514884367063092
T000491,1.0172457827706167,1.0405824065307552,0.9303904674508293,1.0047807067021168,0.9893672725321473,0.9290403209360768,0.9290403209360768,0.937082637485324,1.197745008120336,0.9848260660787248,0.9290403209360768,1.0512317668335982,0.9290403209360768,0.9893672725321473
T000492,0.697064443387764,0.7226039107289712,0.6833207867888325,0.6833207867888325,0.7012520231766096,0.6833207867888325,0.7012520231766096,0.7316065156490678,0.7316065156490678,0.7209475563244419,0.7209475563244419,0.7209475563244419,0.7271556875861405,0.6354059009129199
T000493,0.5374423038168973,0.4086052999167393,0.4804089071784132,0.4608327856179151,0.4804089071784132,0.4804089071784132,0.4804089071784132,0.4691496821473431,0.4490482016647463,0.43812428917226903,0.4490482016647463,0.5137631388177957,0.43377914834323966,0.6886822641820153
T000494,0.2291891455923233,0.2974813926872196,0.6243711606201311,0.6243711606201311,0.4975167849442348,0.5718818675792423,0.5236321087523003,0.6071674511214932,0.6176687278113164,0.6176687278113164,0.5451182845060567,0.4602687255576712,0.2731476944808978,0.7184054342554688
T000495,0.7765717583300049,0.7784322814709418,0.7784322814709418,0.7765717583300049,0.7765717583300049,0.8517380250652344,0.8506751389992061,0.8554458890165353,0.8554458890165353,0.8554458890165353,0.8554458890165353,0.8502160522683213,0.8517380250652344,0.8506751389992061
T000496,0.5132560235229063,0.49916540823685307,0.4919994621941712,0.5672711451300827,0.31040627238692675,0.31040627238692675,0.31040627238692675,0.31040627238692675,0.31040627238692675,0.6386796310681337,0.6386796310681337,0.6386796310681337,0.4919994621941712,0.30516814716905033
T000497,0.7858596151109434,1.3173180766499477,1.3817888537711451,0.8798897774645271,0.7374466688546111,0.7374466688546111,0.7374466688546111,0.7374466688546111,1.296944857732462,1.296944857732462,1.296944857732462,0.7950111669054369,1.3173180766499477,0.7374466688546111
T000498,0.383681796809915,0.2392564136109861,0.2392564136109861,0.3817983683966968,0.31802803481917025,0.31794491509256634,0.31794491509256634,0.31794491509256634,0.31794491509256634,0.31794491509256634,0.31794491509256634,0.31794491509256634,0.383681796809915,0.14548755186722015
T000499,0.49304075383562085,0.4227081989704312,0.4227081989704312,0.4234871478414743,0.4651783717739701,0.4651783717739701,0.4651783717739701,0.4651783717739701,0.6267533528283822,0.6267533528283822,0.6267533528283822,0.5328656927131266,0.4227081989704312,0.4651783717739701
T000500,0.5644399460188932,0.5869184211647573,0.5869184211647573,0.5993547122385136,1.4302876103286597,0.8143896887967162,0.8143896887967162,1.3751950480564825,1.3751950480564825,1.3751950480564825,1.3751950480564825,0.6500309717802211,0.6500309717802211,0.7061403508771928
T000501,0.7514788512487646,0.25011913466539365,0.25011913466539365,0.25011913466539365,0.25011913466539365,0.25011913466539365,0.15646425888416501,0.15646425888416501,0.4189241483539723,0.4189241483539723,0.4189241483539723,0.25011913466539365,0.25011913466539365,0.16309184235874125
T000502,0.4674939521325382,0.4674939521325382,0.4674939521325382,0.47333720932566015,0.3787544375204709,0.3787544375204709,0.3787544375204709,0.3787544375204709,0.3787544375204709,0.8640662801220423,0.8822471725342208,0.4674939521325382,0.8004224424046096,0.3787544375204709
T000503,0.7003505624498743,0.726625360131545,0.726625360131545,0.726625360131545,0.726625360131545,0.7003505624498743,0.7353909668754881,0.7147943091880505,0.7147943091880505,0.7353909668754881,0.7353909668754881,0.7003505624498743,0.726625360131545,0.39593403151903067
T000504,0.4754089744038412,0.44891242795726555,0.46024930691421106,0.44891242795726555,0.46024930691421106,0.4272639688971784,0.4272639688971784,0.2388815629875411,0.4272639688971784,0.4272639688971784,0.46537100496404593,0.46537100496404593,0.43182727385318215,0.3125603926161
T000505,0.425009623008547,0.41465269205745964,0.41465269205745964,0.4080792176781286,0.41465269205745964,0.1855005972562181,0.1855005972562181,0.41678651450083964,0.5132006608380297,0.5132006608380297,0.5132006608380297,0.41465269205745964,0.425009623008547,0.1855005972562181
T000506,0.9460654288240492,0.8645486074126424,1.0419259553267088,0.6721686690117044,1.4942528735632183,1.2791500609215642,1.2791500609215642,1.2791500609215642,1.2791500609215642,3.618393066772825,1.0344608284994552,0.9442053115854593,0.9886241909906568,0.9886241909906568
T000507,0.9113283087114876,0.9113283087114876,0.9113283087114876,0.8188612429987435,0.9113283087114876,1.388695090536871,1.388695090536871,1.388695090536871,0.7945220687049048,0.9382798480751252,0.9382798480751252,1.3700345024459202,1.388695090536871,0.4644759011551235
T000508,0.6592160769604655,0.8592208840158669,0.7285807184170014,0.8592208840158669,0.684272994102632,0.7181890379853624,0.7181890379853624,0.7181890379853624,0.7621233303421001,0.7621233303421001,0.7621233303421001,0.6592160769604655,0.8592208840158669,0.30548177898044454
T000509,0.5504053196560851,0.4498375758298531,0.4498375758298531,0.5666874440874275,0.2338079973648172,0.2338079973648172,0.2338079973648172,0.2338079973648172,0.7925320540663406,0.44504280236778304,0.44504280236778304,0.44504280236778304,0.5655010079011987,0.2338079973648172
T000510,0.6934112428985343,0.6539572138160663,0.6370909460462604,0.600025432136357,0.600025432136357,0.6294106254596746,0.5859590778029289,0.5859590778029289,0.5859590778029289,0.5859590778029289,0.5859590778029289,0.6539572138160663,0.6539572138160663,0.7797778764617067
T000511,1.026714674560041,0.6408406426426889,0.6408406426426889,0.6408406426426889,0.6408406426426889,0.6408406426426889,0.5924188459723106,0.5924188459723106,0.5924188459723106,0.5717476172410082,0.5717476172410082,0.6408406426426889,0.6455042375866549,0.26125677055766905
T000512,0.4334596732119978,0.4054054652016713,0.26893475858105875,0.26893475858105875,0.26215023933186826,0.26215023933186826,0.23396499053564143,0.23396499053564143,0.2811181858864823,0.26215023933186826,0.2555815840161514,0.23547189006245217,0.2555815840161514,0.21524190474871524
T000513,0.6150733600365886,0.6914801528027841,0.6702403178721298,0.6702403178721298,0.6702403178721298,0.6702403178721298,0.6702403178721298,0.7999725713388963,0.7999725713388963,0.8222039350902264,0.7671961939101781,0.6275141336947054,0.49954509767717054,0.5662043297925512
T000514,2.127551174706865,2.8184977478071063,2.1634784723896936,2.1634784723896936,2.828712050713382,2.127551174706865,2.127551174706865,2.1634784723896936,2.1634784723896936,5.782825973115469,3.3846814585562486,3.874155494333915,2.836241986000327,6.336274700436475
T000515,1.5720319350482543,1.3548970280884094,1.3548970280884094,1.5720319350482543,1.5720319350482543,1.5720319350482543,1.5720319350482543,1.547879184063174,1.547879184063174,1.560188850628468,1.3401614662704708,1.3694154408093462,1.5720319350482543,1.5720319350482543
T000516,0.5916316556013366,0.5122282832432342,0.525077166746167,0.525077166746167,0.525077166746167,0.525077166746167,0.5282269150484848,0.5282269150484848,0.4736154345073829,0.4736154345073829,0.4966607301380976,0.4966607301380976,0.6085902098633844,0.4966607301380976
T000517,0.8639510374866458,0.8639510374866458,0.7375215707953936,0.7739297091602647,0.7375215707953936,0.7486483860531454,0.8095554224525757,0.8784518057275169,0.8784518057275169,0.8784518057275169,0.8784518057275169,0.7375215707953936,0.8095554224525757,0.9931146898492895
T000518,0.4775862618391577,0.4944321192282557,0.472049629993068,0.472049629993068,0.472049629993068,0.4851380833127686,0.4851380833127686,0.45160796313752455,0.4586274330016465,0.472049629993068,0.48896770234950315,0.48896770234950315,0.505240750161912,0.46770686171810905
T000519,0.9046462136185204,0.9046462136185204,1.0790392193480698,1.0922914529729646,1.0339923951645416,1.0790392193480698,0.9221747142357567,1.0339923951645416,1.0286999968384885,1.0286999968384885,0.9929938618559954,0.9639886486222002,0.9639886486222002,0.9639886486222002
T000520,0.30140104319595695,0.30140104319595695,0.30140104319595695,0.26728072630087324,0.30140104319595695,0.2656695381095762,0.276228426704189,0.26556760701848925,0.31016066773914386,0.2597254115397113,0.2597254115397113,0.30140104319595695,0.25014229439217306,0.276228426704189
T000521,0.536160951261307,0.5298487996220914,0.509469550492189,0.5296400430543986,0.509469550492189,0.509469550492189,0.509469550492189,0.5296400430543986,0.509469550492189,0.509469550492189,0.509469550492189,0.38995788109415375,0.3185044621979895,0.494981201366356
T000522,1.121360903340746,0.9534099388137066,0.9740272003169665,0.9740272003169665,0.9534099388137066,0.9480386271834792,1.014699240005639,0.9534099388137066,0.9534099388137066,0.9069732870046479,1.0192715039405986,0.9818214970990905,0.9818214970990905,1.0426096501924231
T000523,0.8770306340769171,0.6679464327736592,0.6740971875961776,0.6679464327736592,0.6699213539340927,0.6866097584286737,0.8110297781068928,0.9095780891011199,0.9095780891011199,0.9095780891011199,0.9095780891011199,0.6740971875961776,0.8102921253363616,0.6099307547417873
T000524,1.5912846051605933,1.1549805230728443,1.16278745261034,1.625753963852076,1.7091902848612268,1.7091902848612268,1.353057981401406,1.562188494822633,1.152714496548785,1.5244303530556478,1.0954981275176376,1.8128581145823313,1.16278745261034,1.1929443495466872
T000525,1.194550827418455,1.165355897128724,1.1021571454142614,1.140898850585975,1.1560616289332095,1.1560616289332095,1.1560616289332095,1.1560616289332095,1.1560616289332095,1.1560616289332095,1.1560616289332095,1.1560616289332095,1.0940741344676392,1.1560616289332095
T000526,0.6631557849474523,0.7523676859901567,0.7523676859901567,0.7523676859901567,0.7523676859901567,0.7523676859901567,0.49269275832172926,0.689263647346878,0.689263647346878,0.5880298793293655,0.488937362610262,0.7970818880173892,0.7523676859901567,0.5579090512419944
T000527,0.43997781506469225,0.4259585319040099,0.4451440802087269,0.4451440802087269,0.4451440802087269,0.4451440802087269,0.43997781506469225,0.43997781506469225,0.4062981080011864,0.44225403479908965,0.40765779050946094,0.41196620543301615,0.43997781506469225,0.4185048447943492
T000528,1.1867179873838953,1.1490021144029436,1.1490021144029436,1.1490021144029436,1.1490021144029436,1.1490021144029436,1.052977758494924,0.8844405269994435,0.9202240169252297,0.9917977236885973,0.9917977236885973,1.1490021144029436,1.1490021144029436,0.8844405269994435
T000529,0.6150090627691612,0.6865666688360275,0.17750046523991608,0.17750046523991608,0.17750046523991608,0.17750046523991608,0.1723842923589104,0.29924354966880584,0.2711999270835906,0.2665049495298446,0.2665049495298446,0.19332485531325833,0.6699508536627012,0.29924354966880584
T000530,3.810841208008563,3.8049430584336275,3.779358681756251,3.8049430584336275,3.8049430584336275,3.8869603658667664,4.2018065748714175,4.127611023395409,4.049901636664518,4.049901636664518,4.049901636664518,3.8049430584336275,3.8869603658667664,3.9359589708343643
T000531,0.35672169630331774,0.3018093316684488,0.3018093316684488,0.3018093316684488,0.3018093316684488,0.3018093316684488,0.3072567136903872,0.38762425438524095,0.5235768104910422,0.38762425438524095,0.6558726392473494,0.3203437109787979,0.23366197516731022,0.5235768104910422
T000532,0.5165989634402555,0.47202720272419096,0.47202720272419096,0.49226540032458355,0.46185597352561414,0.46185597352561414,0.6075712296378508,0.6187672006102923,0.17353735175553753,0.6268287805868021,0.587475637640291,0.11155549928165394,0.5505035146038896,0.7014988093570531
T000533,0.364654752899245,0.5129679390670392,0.3938142602638665,0.3938142602638665,0.3938142602638665,0.5033620045393212,0.2665269691472217,0.2665269691472217,0.2665269691472217,0.28288072308594836,0.28288072308594836,0.26292036157014675,0.29232473324247327,0.23420296270832655
T000534,0.5004375212197242,0.5004375212197242,0.5004375212197242,0.5069747001901458,0.5230727916753971,0.5069747001901458,0.5394153229885871,0.4209646511474139,0.4209646511474139,0.4209646511474139,0.4025642311884571,0.5081634191916801,0.498239663206174,0.5702310810635121
T000535,1.1735290198977388,1.4477268837214128,1.2453931892012813,1.2453931892012813,1.2185463310402793,1.1982804899971335,1.0999669702962271,1.1482449823856111,1.0999669702962271,1.0581120746896457,1.1602268313707735,1.3006504521972626,1.4816068410509897,1.2015542806429238
T000536,0.35718409591245553,0.3359104025537032,0.3359104025537032,0.3309319355560646,0.3359104025537032,0.3359104025537032,0.3359104025537032,0.3484806688276446,0.3484806688276446,0.6702963817349405,0.210936423277127,0.3277925554667673,0.3273846288637451,0.6455576837000537
T000537,1.7588851051041536,1.72622654593307,1.72622654593307,1.72622654593307,1.7542740146963676,1.7491110096676912,1.551742603778135,1.551742603778135,1.551742603778135,1.551742603778135,1.616284430484603,1.7835554200297101,1.7542740146963676,1.1154009977497892
T000538,3.1976785853755363,3.407023826314407,3.406719359401178,3.387060812413472,3.188032311457101,3.26043402718231,3.2110722692263463,3.26043402718231,3.251895913375494,3.264800041522023,3.2390927934642604,3.2896238324269795,3.2896238324269795,3.2623392271798344
T000539,1.32886055073084,1.2891530343927233,1.2670753745324699,1.315903037759556,1.315903037759556,1.315903037759556,1.349621570546783,1.3125677128312825,1.36328692229376,1.1910067401820508,1.0657013934001276,1.3709772836568768,1.315903037759556,1.482875002243039
T000540,0.5067678654119878,0.575002192185329,0.575002192185329,0.5092082200058033,0.5092082200058033,0.575002192185329,0.5092082200058033,0.5844189464818343,1.3576357413478144,1.1912863437459846,0.5735501095405708,0.5527076325348773,0.4483775190369351,1.319385672860058
T000541,0.9232555432606794,0.8315394846945434,0.9232555432606794,0.9469504280399609,0.8766370122576613,0.7498492952491966,0.7878938934605425,0.7308380441537673,0.8829474920090364,0.9093542897470267,0.8978468140464652,0.9232555432606794,0.8931305289237004,1.9288464658661062
T000542,0.3531412163626208,0.3531412163626208,0.3531412163626208,0.4474393241229099,0.4474393241229099,0.5754207876001692,0.5754207876001692,0.5754207876001692,0.5754207876001692,0.5754207876001692,0.5754207876001692,0.4474393241229099,0.5754207876001692,0.40394140371462556
T000543,0.48965487631924803,0.6327200607815168,0.20038970778184664,0.6327200607815168,0.19549217736663516,0.19549217736663516,0.2991923076207165,0.15307559723839298,0.15307559723839298,0.15307559723839298,0.15307559723839298,0.19549217736663516,0.8748894301776702,0.3059691694056702
T000544,2.4009269071015873,2.4009269071015873,2.3479663521681986,2.193111323132544,2.193111323132544,2.193111323132544,2.2125675039685313,2.3748456018578095,2.3748456018578095,2.3748456018578095,2.193111323132544,2.193111323132544,2.382545029021095,2.3435178482372843
T000545,0.1371428571428574,0.1528369652080256,0.1469024123907352,0.1528369652080256,0.1528369652080256,0.163635050845747,0.1371428571428574,0.1371428571428574,0.1371428571428574,0.1324552618349738,0.13714285714285693,0.1324552618349738,0.13714285714285693,0.3096167266635307
T000546,1.5556215784758438,1.6240499473504575,1.402471350166885,1.402471350166885,1.402471350166885,1.4563411047994308,1.4563411047994308,1.4563411047994308,1.4594528864292184,1.4581982152608597,1.4274955602128845,1.3925950651469625,1.4151579473092777,1.4282146870484989
T000547,1.0242207405760961,0.8482483175071878,0.962200530529222,0.9646550747709949,1.013325325118234,0.9666394356943282,0.9666394356943282,0.9666394356943282,1.0284363525202969,0.82508056591037,1.013325325118234,1.013325325118234,1.013325325118234,1.013325325118234
T000548,0.5790570172878078,0.5790570172878078,0.5192648772491617,1.0870636046656674,1.0870636046656674,1.0870636046656674,1.0870636046656674,1.0870636046656674,1.0870636046656674,1.0870636046656674,1.0870636046656674,1.1106465137267623,1.0870636046656674,1.0870636046656674
T000549,1.0318867984646003,0.9639296193818188,0.9537400583737264,0.9639296193818188,0.9639296193818188,0.9639296193818188,0.9639296193818188,0.9639296193818188,0.9639296193818188,0.9639296193818188,0.9639296193818188,0.9639296193818188,1.0570069023719293,0.9598331478154054
T000550,1.1275715054730193,1.2134289244875804,1.2134289244875804,0.7326573103019467,0.7326573103019467,0.7610152520344085,0.7547161829111998,0.8282884470405445,0.8282884470405445,1.115806170259525,1.115806170259525,1.115806170259525,1.1275715054730193,0.7842976230318396
T000551,0.4900054577041742,0.5725467772063482,0.3391402731110253,0.3391402731110253,0.3391402731110253,0.3391402731110253,0.3391402731110253,0.3391402731110253,0.3391402731110253,0.3882885372129535,0.48247402713368054,0.6713339792887723,0.6614373501605325,0.3391402731110253
T000552,0.8113367039387693,0.8113367039387693,1.8003227128905845,1.7648976035998996,1.7648976035998996,1.7648976035998996,1.7648976035998996,1.7648976035998996,1.7648976035998996,1.7648976035998996,1.8003227128905845,1.7735979277798366,1.7425906083886014,1.9411144758218706
T000553,0.7243555928842697,1.8505127710920262,1.4869134918246976,1.6109592912425506,1.6082861590541973,1.6109592912425506,1.6109592912425506,1.8505127710920262,1.7929196225515327,1.4869134918246976,1.6109592912425506,1.8515556744390487,1.5118425056326512,1.7847791684649685
T000554,0.6953619579741783,0.6624160017517746,0.6624160017517746,0.6624160017517746,0.7593628087472735,1.2592194056632782,0.7593628087472735,0.7593628087472735,0.7593628087472735,0.8591773714962495,0.8591773714962495,0.7853819886730439,0.8832186196604191,0.8390895508812907
T000555,0.6086675187372179,1.0799601857996017,0.6089292707495362,0.6089292707495362,0.6072090075817108,0.6072090075817108,0.5374838031263084,0.5374838031263084,0.5374838031263084,0.481976742298139,0.915261830299648,0.5023150507749511,0.4627062578555507,0.7011865888741912
T000556,0.13992694799122254,0.06751292457465621,0.16679245043890642,0.0687853398860225,0.0687853398860225,0.13992694799122254,0.1224535429064189,0.10616549289436437,0.13992694799122254,0.13992694799122254,0.1224535429064189,0.06751292457465621,0.0676723712287805,0.13666132941935194
T000557,0.11358333333333334,0.11358333333333334,0.11358333333333334,0.11358333333333334,0.1029423600046447,0.1029423600046447,0.1029423600046447,0.10422963060534514,0.10345970712745343,0.1029423600046447,0.10335205996103076,0.10335205996103076,0.1029423600046447,0.1048986917942297
T000558,0.11186277865288453,0.1081242765667391,0.10870570820612452,0.10870570820612452,0.10870570820612452,0.10870570820612452,0.10870570820612452,0.10870570820612452,0.10870570820612452,0.10870570820612452,0.10870570820612452,0.10870570820612452,0.10873765805930898,0.10870570820612452
T000559,0.2274854989899226,0.2274854989899226,0.07217949238104919,0.2274854989899226,0.1958593534064172,0.1958593534064172,0.1958593534064172,0.1958593534064172,0.19112612719201547,0.1958593534064172,0.17554777247422096,0.1958593534064172,0.1958593534064172,0.1958593534064172
T000560,0.6058873098314208,0.06986582937355679,0.040973098026864926,0.06695915771059109,0.06695915771059109,0.29200964675474816,0.29200964675474816,0.29200964675474816,0.29200964675474816,0.2101461448904001,0.29200964675474816,0.5165327955385586,0.709381238087635,0.047623496641660865
T000561,0.021451907370039398,0.021451907370039398,0.021451907370039398,0.021451907370039398,0.023817651360720636,0.024129124425516967,0.022506864926196603,0.022506864926196603,0.022506864926196603,0.022506864926196603,0.022061645831976128,0.021451907370039398,0.019336635708881448,0.021451907370039398
T000562,0.05036954915003702,0.07705369006534314,0.08410263029431528,0.09643200531460458,0.0994184504750526,0.02522068485545359,0.02522068485545359,0.02522068485545359,0.02522068485545359,0.07243049448984559,0.07243049448984559,0.09696683239649055,0.09643200531460458,0.015161788757240932
T000563,0.1580926745886034,0.16352364953856857,0.16352364953856857,0.19118761805105958,0.10447019620149132,0.10447019620149132,0.10447019620149132,0.10447019620149132,0.10447019620149132,0.10482756431724385,0.5644730416535294,0.14225172301671932,0.16352364953856857,0.10447019620149132
T000564,0.05956317174016403,0.13545477631572556,0.12128417678724875,0.12131900745509178,0.12128417678724875,0.03807099278472435,0.03807099278472435,0.0715325966253087,0.03807099278472435,0.03807099278472435,0.03807099278472435,0.12128417678724875,0.25590256042417037,0.05807796467279897
T000565,0.1834679586484053,0.15650566430800197,0.15291540118098376,0.1489448529578088,0.1489448529578088,0.15863541976208947,0.10894476795691192,0.10894476795691192,0.13010491047798528,0.13010491047798528,0.13010491047798528,0.16376127931846582,0.15291540118098376,0.1016428973370694
T000566,0.4344459537718635,0.35263265057352233,0.42126710965205577,0.42126710965205577,0.42126710965205577,0.42126710965205577,0.41900867455537255,0.41900867455537255,0.41900867455537255,0.5608364916828424,0.5608364916828424,0.38450820880186076,0.3986513482996481,0.42126710965205577
T000567,1.2726883762598022,1.1785732243805096,1.1292326115644151,1.1884443235191553,1.1658127479338407,1.1658127479338407,1.1658127479338407,1.2167376708591147,1.1785732243805096,1.0865208892217384,1.0865208892217384,1.0865208892217384,1.0865208892217384,1.2726883762598022
T000568,1.4211541508769556,2.208806180056194,1.2285981834142483,1.2285981834142483,1.2285981834142483,1.2285981834142483,1.2285981834142483,1.2285981834142483,1.3015346575430367,1.3015346575430367,1.1526815933439865,1.1526815933439865,1.1505659954718108,1.1782956210168
T000569,0.17788641163239882,0.20056688766722347,0.20632542813457555,0.1959627995169103,0.18861096211589704,0.21132314324384238,0.22755519267141763,0.23439396988495165,0.2647165021693401,0.19922148534712922,0.19388425913385346,0.20428484606590092,0.19388425913385346,0.4142971951899259
T000570,0.4872286150596663,0.3363232702554491,0.3363232702554491,0.3363232702554491,0.47043026486609985,0.47043026486609985,0.47043026486609985,0.47043026486609985,0.5509252659691876,0.5093277074182256,0.5144471071572139,0.5551328140981153,0.46251956476538486,0.7438720059292808
T000571,0.6237784582580538,0.6237784582580538,0.71845382172188,0.61757489899876,0.6000632566948476,0.9177411003515817,0.9177411003515817,0.9177411003515817,0.9177411003515817,0.6084766157773133,0.6084766157773133,0.6171176961533323,0.6237784582580538,0.9177411003515817
T000572,0.37724381696403786,0.21346012399838177,0.32688138942132494,0.3428903166406081,0.4128785405215141,0.3428903166406081,0.21346012399838177,0.3428903166406081,0.39899734318272945,0.5912240333186541,0.5912240333186541,0.32688138942132494,0.2157804036033554,0.6037498764231122
T000573,0.7442461533411632,0.6576703085398409,0.5560812517787963,0.6137606714299935,0.5515020905214866,0.5515020905214866,0.5515020905214866,0.5560812517787963,0.6808741059578309,0.36064285483392705,0.5186498527213429,0.5872291334578809,0.538103450079626,0.6137606714299935
T000574,0.17879462501893084,0.19487739859988326,0.19487739859988326,0.19487739859988326,0.19487739859988326,0.19487739859988326,0.18093274201665308,0.41734285581448405,0.4326459100319679,0.42318096308435477,0.9918983150744493,0.2176125564369805,0.2176125564369805,0.44196121916978104
T000575,1.1595970388364838,1.3507013171082662,1.3507013171082662,1.3507013171082662,1.3507013171082662,1.2672010857257927,1.4362229352256466,1.4362229352256466,1.4362229352256466,1.4362229352256466,1.4362229352256466,1.2552824941751217,1.2552824941751217,1.0895472762456078
T000576,0.6862994196218651,0.2807611743840739,0.41167834607715886,0.6826651309758791,0.6298968497628259,0.5885339655283577,0.5571916954324447,0.6251938904307024,0.5844271284328451,0.5844271284328451,0.5885339655283577,0.5844271284328451,0.6432295878132779,0.6251938904307024
T000577,0.23353314896397678,0.38900312885007887,0.3337862761431593,0.6019603163727876,0.6520014590075426,0.6520014590075426,0.6115910994097189,0.6115910994097189,0.6115910994097189,0.6115910994097189,0.6072968229146436,0.5946100004906517,0.6493992585717069,0.5946100004906517
T000578,0.37172291116932443,0.20848068688011842,0.23101535146280944,0.2233339935773404,0.5906800593072508,0.5660377358490564,0.5597870473827362,0.5597870473827362,0.5597870473827362,0.5597870473827362,0.5597870473827362,0.5660377358490564,0.5608084588206902,0.5660377358490564
T000579,0.6262991308952307,0.6500661705533622,0.6538833321507648,0.6538833321507648,0.6538833321507648,0.6500661705533622,0.6500661705533622,0.43681455797785035,0.5289746847057465,0.5621536326653469,0.5735985657091921,0.6514191761155091,0.6485437862155496,0.5289746847057465
T000580,0.48527898694609956,0.51885812435111,0.44602968187373526,0.5532534646295897,0.5779107712641712,0.5779107712641712,0.5667644164448775,0.5667644164448775,0.5842404989267453,0.5667644164448775,0.5842404989267453,0.5842404989267453,0.6363722505039852,0.5667644164448775
T000581,0.5717562173954123,0.5717562173954123,0.47712842428459246,0.3878767477727015,0.36152785538852167,0.370414417167398,0.4112730027476291,0.4112730027476291,0.4112730027476291,0.4112730027476291,0.4112730027476291,0.4112730027476291,0.4297270267066098,0.4112730027476291
T000582,0.16212305276572114,0.16212305276572114,0.758488895609835,0.5346760044534203,0.5346760044534203,0.5346760044534203,0.5616731048425733,0.5616731048425733,0.5616731048425733,0.5616731048425733,0.5616731048425733,0.6666666666666665,0.5811317648406721,0.5616731048425733
T000583,0.40094273364001143,0.27170898794021703,0.28306205760823155,0.2875472101869375,0.40094273364001143,0.4621678102292029,0.4621678102292029,0.4621678102292029,0.4621678102292029,0.4621678102292029,0.4621678102292029,0.2667851106114978,0.4647011025870342,0.4621678102292029
T000584,0.4157348677915516,0.5015842849252949,0.5015842849252949,0.6945497175374654,0.6540771484970611,0.7361163049663814,0.6463219664327924,0.6463219664327924,0.6463219664327924,0.6463219664327924,0.6463219664327924,0.7515595734206648,0.6564201528794746,0.7554819982961211
T000585,0.3159386120596242,0.36106377752895114,0.5610737496419461,0.5610737496419461,0.5797040412262312,0.6069605343319812,0.607710575203973,0.607710575203973,0.607710575203973,0.607710575203973,0.5831114037838871,0.5817998277931788,0.7350691549346512,0.607710575203973
T000586,0.9678068948878681,0.8301106598944398,0.8301106598944398,0.8301106598944398,0.557083329567745,0.8301106598944398,0.5455534321480986,0.5455534321480986,0.5455534321480986,0.5455534321480986,0.8085425089462183,0.7365292381373998,0.8301106598944398,0.5181711606096132
T000587,0.43489290176886375,0.43489290176886375,0.7169304961315337,0.8078731857266127,0.7793109146836582,0.7772538283913343,0.7898244625249348,0.7898244625249348,0.7898244625249348,0.7898244625249348,0.7898244625249348,0.8065921926883391,0.715885401927999,0.7898244625249348
T000588,0.7913849264216031,0.5207375191041164,0.7442775564732526,0.7442775564732526,0.7442775564732526,0.7611914635033469,0.7611914635033469,0.7611914635033469,0.7611914635033469,0.7611914635033469,0.7611914635033469,0.7603160692405143,0.7352043842255149,0.7611914635033469
T000589,1.3750400484315743,0.8287123434697871,0.863288194175193,0.8549474279487221,0.8549474279487221,0.8549474279487221,0.8549474279487221,0.8549474279487221,0.8549474279487221,0.8840110281361818,0.9639384822091771,1.3121331197839654,1.3121331197839654,1.0896865156133695
T000590,0.1856209150326798,0.23129414564861678,0.23129414564861678,0.23129414564861678,0.11550665212848174,0.11550665212848174,0.11550665212848174,0.10735252324852369,0.2206155053302555,0.2206155053302555,0.2206155053302555,0.17359592332863374,0.2239697396781302,0.12738256272115633
T000591,0.19744472844055871,1.097358187037601,1.0160028257998357,1.0160028257998357,0.17225169227298703,0.19744472844055871,0.2013969906894721,0.2013969906894721,0.2013969906894721,0.5085095716499508,0.5085095716499508,0.2768380766122158,0.2768380766122158,0.3193829392339876
T000592,0.2906976744186051,0.2906976744186051,0.20151760026216556,0.20151760026216556,0.19782464040189185,0.29131760893339037,0.8489844063581277,0.8489844063581277,0.8489844063581277,0.13978386159723646,0.1350125804021772,0.18958624887758527,0.2906976744186051,0.36328954128164825
T000593,0.3527603819525135,0.3657637039681622,0.34569916793370403,0.3042777229628884,0.3397722337829501,0.3993772609610791,0.11809392243765905,0.11809392243765905,0.12895544742090428,0.770696277675595,0.7595312379571754,0.43609946880592015,0.6501434148320218,0.11809392243765905
T000594,0.31586216335834894,0.31591585149104934,0.47988749823509796,0.18097284451622286,0.31591585149104934,0.3300493543869979,0.16614025625364637,0.20408391684590696,0.20408391684590696,0.20146574047112095,1.2150023049842287,0.48022717880547444,0.6735263107411212,0.12468397428818956
T000595,0.37189359897140384,0.34079133889647,0.34417440384555886,0.34417440384555886,0.34417440384555886,0.34417440384555886,0.34417440384555886,0.34417440384555886,0.5162400231561065,0.34079133889647,0.3531704866487429,0.3531704866487429,0.3531704866487429,0.36349307438009293
T000596,0.3189730191739138,0.3799937083590858,0.39149621501257115,0.2941281097426145,0.2941281097426145,0.2941281097426145,0.3799937083590858,0.14701952673367835,0.10315456591144749,0.14701952673367835,0.12162063372197242,0.6550036372091088,0.49100738006059885,0.3412251012000671
T000597,0.648709429067629,0.8559983635174349,0.8559983635174349,0.7994764962041652,0.7228152206270076,0.7228152206270076,0.8909768337702318,0.5825235772791311,0.5825235772791311,0.5825235772791311,0.5825235772791311,0.5825235772791311,0.8626078223963447,0.3892783073635949
T000598,1.2760312886458243,1.2760312886458243,1.3284455728805968,1.3284455728805968,1.3284455728805968,1.3284455728805968,1.3284455728805968,1.2793999470610837,1.2728221896166294,1.2760312886458243,1.3284455728805968,1.2760312886458243,1.1551473766670675,1.2760312886458243
T000599,0.7970833387009854,0.8996583116980251,0.789791970085104,0.789791970085104,0.7835351293289391,0.789791970085104,1.0443847257497285,0.8957754834962106,0.9043655059077055,0.8699895210157729,0.789791970085104,0.9148787238478083,0.9122939760330528,0.8113208894257469
T000600,1.1879351099786628,1.2600251647869496,1.2282893079414818,1.2282893079414818,1.2282893079414818,1.1644358563259716,1.1703238659347,1.1703238659347,1.2111064850229791,1.1879351099786628,1.1879351099786628,1.2626521790015814,1.2626521790015814,1.2626521790015814
T000601,1.046107191503214,1.031529690861288,1.024869708858384,1.0575724425211153,1.0575724425211153,1.0575724425211153,1.0575724425211153,1.0500939600715216,0.7091203054384564,0.7897553247975571,1.0575724425211153,0.9672575293092891,1.2851422141694786,0.7764539706479991
T000602,2.330013055252685,1.298560062817025,1.1204702506928053,1.1204702506928053,1.1204702506928053,1.1204702506928053,1.1204702506928053,1.1204702506928053,1.1204702506928053,0.565701841882354,0.5687359955121991,1.3231657384686433,1.3231657384686433,1.1204702506928053
T000603,0.7027392209038713,0.9607216041383071,0.9607216041383071,0.9607216041383071,0.9607216041383071,0.9607216041383071,0.9607216041383071,0.9080933767520863,0.9080933767520863,0.931225517121133,0.931225517121133,0.62523563121888,0.6230614803028609,0.9607216041383071
T000604,1.208489642053026,0.6770197325773586,1.2575804380773166,1.2575804380773166,1.2575804380773166,1.2575804380773166,1.2575804380773166,1.2575804380773166,1.0145046825165123,1.0074336814182456,1.057473167426613,0.9899396919406902,0.980563364824184,1.2575804380773166
T000605,2.1288135593220336,0.9426745439894747,0.935327724108619,0.9426745439894747,0.9426745439894747,0.9426745439894747,0.9426745439894747,0.6278363602300194,0.6278363602300194,0.48006717992636055,0.9401153900168858,0.935327724108619,0.935327724108619,0.6677489355272843
T000606,0.9757731230319677,0.9344707225916232,0.9971558799632264,0.9757731230319677,0.9757731230319677,0.9757731230319677,1.0345039863030183,0.8821545275070015,0.8821545275070015,0.9971558799632264,0.9971558799632264,0.9344707225916232,0.9857241683527769,1.2087888013728338
T000607,0.8845078468271552,0.7107781435400274,0.6621091455106731,0.6621091455106731,0.6621091455106731,0.6621091455106731,0.8486170402768228,0.8486170402768228,0.8347074896145189,0.8994131197534196,0.8191714455866015,0.7369134929077202,0.7369134929077202,0.8191714455866015
T000608,0.8282530323639157,0.6823304441560015,0.6885933882846521,0.6885933882846521,0.6885933882846521,0.6885933882846521,0.8624114191451389,0.7465124891956807,0.8953392211384406,0.8753190886656331,0.6415288218755971,0.6914836793966339,0.8423552788445307,0.6754607119827213
T000609,1.4192083659077386,1.6602876593377285,1.5920477373215802,1.596470150884858,1.5920477373215802,1.5920477373215802,1.5920477373215802,1.4610768519155297,1.5920477373215802,1.5920477373215802,1.5920477373215802,1.5813877060250472,1.6617037656342728,1.4192083659077386
T000610,2.1059241974155927,2.3962862104269775,2.3775287461049426,2.1715738657914483,2.308965414341316,2.3775287461049426,2.2867936159676883,2.0900889684155435,2.2867936159676883,2.16829841636058,2.3775287461049426,2.16829841636058,2.355355143671107,2.0900889684155435
T000611,1.616713046540536,0.9556965043635843,1.019205448398036,1.019205448398036,1.019205448398036,1.0375685956148926,1.0375685956148926,1.0375685956148926,1.0375685956148926,0.9367402494090373,0.9367402494090373,0.8860344902745021,1.3430561809222155,1.3886126950250326
T000612,1.100598458798651,1.104584707904585,1.1021992756720371,1.1026211788385887,1.0406118155657014,1.1021992756720371,1.0667080084339453,1.0667080084339453,1.0692408983022201,1.0764894059760302,1.1021992756720371,1.0619197498421784,1.0441065891832249,1.1123014970073106
T000613,1.0857302116700467,1.2832654808035886,1.0969168705891006,1.0050382753070646,1.0050382753070646,1.0050382753070646,1.0857195630296395,1.0969168705891006,1.0969168705891006,1.0857302116700467,1.1391288602935972,1.0081649712049063,1.00883241907805,1.00883241907805
T000614,0.7688103066160692,1.2967992305296534,0.8472217193830041,0.9047710437097726,0.8472217193830041,0.9133284831120847,0.9133284831120847,0.8472217193830041,0.8472217193830041,0.8339409594590418,0.8576972488055282,0.8472217193830041,1.2548687323522785,0.9047710437097726
T000615,0.8188752159583178,0.8188752159583178,0.8188752159583178,1.1303643154743386,1.136443280966215,1.1264618753039126,1.1319280593393588,1.1319280593393588,1.1319280593393588,1.157570134264517,1.1319280593393588,1.136443280966215,0.783129414277953,1.0532972710635782
T000616,0.7999654040500942,0.843659013676367,0.8896694981850328,0.8896694981850328,0.8896694981850328,0.8896694981850328,0.8136829924710243,0.8136829924710243,0.861267797469,0.8151648836028313,0.8642912346698494,0.9053056454277418,0.867143827300285,0.8642912346698494
