unique_id,MetaARIMA(0.05),MetaARIMA(0.12),MetaARIMA(0.2),MetaARIMA(0.27),MetaARIMA(0.35),MetaARIMA(0.42),MetaARIMA(0.5),MetaARIMA(0.58),MetaARIMA(0.65),MetaARIMA(0.72),MetaARIMA(0.8),MetaARIMA(0.88),MetaARIMA(0.95),AutoARIMA
T000000,3.391304718756867,3.3512933239535303,3.3512933239535303,3.3512933239535303,3.3512933239535303,3.4164004903033374,3.387193412066891,3.4164004903033374,3.4550961594419936,3.4550961594419936,3.3512933239535303,3.345642504149684,3.4060756526091636,3.5130602619895153
T000001,2.1994146642849954,2.1728393674672764,2.1728393674672764,2.1728393674672764,2.1728393674672764,2.556900898678735,2.440221217495022,2.2117135938747587,2.4510680814057264,2.4510680814057264,2.1728393674672764,2.1728393674672764,2.1994146642849954,2.1595053437270186
T000002,0.36927792895438116,1.4398108477495384,1.4398108477495384,1.4398108477495384,1.4398108477495384,1.4398108477495384,1.4325420532967457,1.4398108477495384,1.4398108477495384,1.4398108477495384,1.4398108477495384,1.4398108477495384,0.6232072646668786,2.2161752580847875
T000003,0.630906852518286,1.5969828606578604,1.5969828606578604,1.5969828606578604,1.5969828606578604,1.5969828606578604,0.7167814286117205,0.7167814286117205,1.742028289689684,1.742028289689684,1.742028289689684,1.742028289689684,0.7167814286117205,3.402593159183047
T000004,3.5710406497470726,1.813894051966979,1.813894051966979,4.046239117708875,4.384135488003756,4.383747304449152,5.168127431765647,4.881731389371708,4.937783535661555,5.426440856982786,5.0782796165648,5.131089854568201,4.383747304449152,4.3766517219061845
T000005,0.7557557943557265,0.9903785867577249,2.094243477053087,2.094243477053087,2.094243477053087,2.121671193531836,2.18396955343821,2.080593370315354,2.081487933094121,2.081487933094121,2.081487933094121,2.081487933094121,1.2113865860205977,2.324101633451328
T000006,0.9467424954494171,1.3905977510957106,1.3905977510957106,1.3905977510957106,1.3905977510957106,1.0703897636249264,1.418675369124525,1.0703897636249264,1.0703897636249264,1.1285515375113864,1.2199224074642938,1.0703897636249264,0.9469806551097996,0.7764696870793254
T000007,0.6972792153103247,0.14429564586320906,0.14429564586320906,0.14265391939708924,0.15990882345029592,0.15990882345029592,0.147216672967971,0.147216672967971,0.147216672967971,0.1433164004653103,0.1433164004653103,0.1433164004653103,0.12632252934737456,0.4024326807361102
T000008,1.5391389340457753,0.6272960885626866,0.728017356283955,0.836893182080003,0.836893182080003,0.6272960885626866,0.836893182080003,0.836893182080003,1.478908401377292,1.478908401377292,1.4370003965730223,0.6543557884735997,0.48362517657729914,0.6403574319608956
T000009,1.343443144178932,1.199488983979988,1.2619123054052956,1.2619123054052956,1.2619123054052956,1.2619123054052956,1.199488983979988,2.008375001412822,1.1674379690695602,1.1003422579282425,1.199488983979988,1.199488983979988,1.2136763285369019,1.5974528642444161
T000010,0.7741748183194418,0.9369468248842592,0.9369468248842592,0.9369468248842592,2.324761032941856,2.355225525621663,2.355225525621663,1.363649561379532,0.8708264290095926,0.907684485842003,0.907684485842003,0.907684485842003,0.9369468248842592,3.1398667242035976
T000011,0.3228380625564176,0.7825451102684425,0.31167031241471144,0.5886755566836733,0.5886755566836733,0.5886755566836733,1.7014967892025656,0.7825451102684425,0.7825451102684425,0.7825451102684425,1.379876335534801,1.7014967892025656,1.379876335534801,2.005508239321306
T000012,0.28587436898151003,0.32931404324488306,0.3168035519334528,0.3168035519334528,0.3168035519334528,0.32931404324488306,0.32931404324488306,0.4255374153099546,0.39919000240544317,0.42618794780020774,0.42618794780020774,0.32931404324488306,0.3632767334530982,0.3250127530167656
T000013,4.984538813697505,2.620496218461459,4.89584625080447,1.1575813908241568,1.1477144141640856,1.1863158996675265,1.1289522115229758,1.5240224117075243,1.545967302605753,1.2321767497409954,1.1289522115229758,5.224764895434559,5.224764895434559,4.882173353364397
T000014,0.5069736264927927,0.445144807388471,0.6002549083706763,0.6002549083706763,0.6002549083706763,0.6002549083706763,0.9285962493776051,0.9285962493776051,1.0133971570543836,1.0133971570543836,0.9285962493776051,0.7712915981819027,0.9285962493776051,0.8344874805961869
T000015,2.001664152625402,1.4879399554154418,1.6712938884690134,1.6712938884690134,0.719672582969398,0.719672582969398,2.5431603881378777,2.548564620862494,2.548564620862494,2.548564620862494,3.1570507037545728,1.250250880202693,0.719672582969398,1.7458041623477998
T000016,0.7958490085300258,0.7811394309932715,0.7797793696232643,0.7797793696232643,0.7797793696232643,0.7811394309932715,0.7797793696232643,1.1069478309289746,1.1069478309289746,1.1215834932287945,1.1215834932287945,0.7814289936686519,0.8188472568915292,1.1215265404425845
T000017,3.02490580513784,3.02490580513784,2.0618725488589824,2.0618725488589824,2.3047511332784714,2.3047511332784714,0.8402978439850147,0.8402978439850147,0.6833859756721256,1.1804952700100848,0.9726386831610219,0.9726386831610219,2.6859833783930256,1.2489170997032837
T000018,0.8391439890000009,0.8915616904120881,1.0025058803635387,1.159125413393181,1.0808277896712655,1.0808277896712655,1.0808277896712655,1.0808277896712655,1.2052016470318554,1.2052016470318554,1.2052016470318554,1.2052016470318554,0.9661267225605451,1.0808277896712655
T000019,0.572944022589245,0.5156991162918834,0.4782043731933347,0.4960519577026687,0.5156991162918834,0.6701104741085673,0.6701104741085673,0.5146257702260362,0.5146257702260362,0.5146257702260362,0.5146257702260362,0.5997675388296211,0.4820173615102995,0.4808418303805043
T000020,2.8828562412401837,1.1307983315349308,1.7991951608616044,1.1307983315349308,1.1307983315349308,1.8404846432690376,1.2173367261330725,1.2173367261330725,0.9364885222744237,0.9364885222744237,1.3940542661509006,1.1307983315349308,2.209644965359001,1.641787859957461
T000021,1.1630268507194392,1.8393655914195557,1.3971025971557562,1.3971025971557562,1.3927712333070277,1.8393655914195557,1.3927712333070277,1.2780021965637067,1.2780021965637067,1.9425585838979476,1.8393655914195557,1.3751410387633376,1.3751410387633376,1.3176204854721498
T000022,1.0108232342726953,1.1099561062576304,1.2262401443603002,1.2262401443603002,0.9550009697277047,1.2089194413838105,0.9550009697277047,0.9354283864582369,1.0247559285429082,0.9550009697277047,1.0247559285429082,0.9084647503381174,1.2392469267311594,1.260960201675425
T000023,2.290024537023341,2.2272530754536253,2.27184023619268,2.1894553832136183,2.1894553832136183,2.3067784463119665,2.3067784463119665,2.729788813667915,2.729788813667915,2.7199029122595277,2.27184023619268,2.2272530754536253,2.2326915904077036,2.714653094441018
T000024,0.8984729715249489,1.0227491242622366,1.0227491242622366,1.0227491242622366,1.0227491242622366,1.0227491242622366,0.8263207109321565,1.0227491242622366,0.4647479439666059,0.4647479439666059,1.0227491242622366,1.0227491242622366,0.798705614193332,0.4647479439666059
T000025,1.6645951255062976,1.6762865585854716,1.6762865585854716,1.5581084092119235,1.6762865585854716,1.6762865585854716,2.0031064052118284,2.0221462386685194,2.394407122748995,2.394407122748995,1.6645951255062976,1.735228028316658,1.585614891634383,1.9033099484483467
T000026,0.9110047281104336,0.7956931885115286,0.7956931885115286,0.7956931885115286,0.7956931885115286,0.7956931885115286,0.7082071487797982,0.7956931885115286,0.6489174171762099,0.8714991298510765,0.7956931885115286,0.7956931885115286,0.907246799343841,0.7159465517764781
T000027,0.5223819519433552,0.3502284132378335,0.3502284132378335,0.3502284132378335,0.3502284132378335,0.4244971694970088,0.42338823220913496,0.3325315047477708,0.452840803148582,1.4383049892403421,0.3516124972699382,0.33187114207328217,0.728114171393366,0.38096900663206096
T000028,0.9820276757337983,0.7896303222542356,0.7896303222542356,0.7896303222542356,0.7896303222542356,0.7953969769241697,0.7116027972147001,0.7953969769241697,1.8036735690598107,0.7953969769241697,0.7953969769241697,0.7953969769241697,0.796676146338142,1.6336066784869974
T000029,0.5942644826016048,0.5942644826016048,0.5848696401888296,0.5848696401888296,0.5848696401888296,0.7035744563729885,0.7035744563729885,0.8708727100358603,0.8708727100358603,0.8708727100358603,0.8708727100358603,0.6547265939517792,0.6125162549815564,0.5942644826016048
T000030,0.7763940582061534,0.7043372519659681,0.7043372519659681,0.7043372519659681,0.7043372519659681,0.7043372519659681,0.6788095139539069,0.6788095139539069,0.726439507717859,0.7893785950537117,0.7554711595582406,0.7554711595582406,0.7763940582061534,0.8690565838139352
T000031,0.6762565225618283,0.7223829330116164,0.8932952394970519,0.7812957376748173,0.7043243749445246,0.7043243749445246,0.7043243749445246,0.7043243749445246,0.7043243749445246,0.7043243749445246,0.7043243749445246,0.5338937981926584,0.8170197706843939,0.7043243749445246
T000032,1.0310744982063664,1.0310744982063664,1.0310744982063664,1.140178004292077,0.9003987798881348,0.7486592337796643,0.7465951124936852,0.7465951124936852,0.7468612022326963,0.7486592337796643,1.0310744982063664,1.1301359658015229,0.7702813212846874,0.4286475349096725
T000033,2.7751358695652173,3.4322161247904757,2.7751358695652173,0.612365056903816,0.612365056903816,0.612365056903816,1.1607981306860722,0.612365056903816,1.1968403967050587,1.2304937012767818,1.2304937012767818,1.2304937012767818,1.2304937012767818,0.9277272576436862
T000034,0.6752113351209159,0.19007009312431714,0.21033857644475307,0.21033857644475307,0.21033857644475307,0.15377771021912218,0.15377771021912218,0.15377771021912218,0.15377771021912218,0.19131470460691827,0.21033857644475307,0.21033857644475307,0.12311939682528789,0.18167075280242237
T000035,1.4413408022711232,1.4413408022711232,1.4273513556217863,1.4273513556217863,1.376641821193745,1.5697162919497274,1.9815814903432656,1.9815814903432656,1.9815814903432656,1.9815814903432656,0.7907502633894997,0.7907502633894997,1.8196090474987165,2.098492701881743
T000036,0.7074449985549163,0.8628030410874986,0.8366580452846871,0.8479156622047083,0.7909946949906118,0.9522997528662674,0.7909946949906118,0.6835249435392152,0.6835249435392152,0.6835249435392152,0.8028384686755464,0.7469046557891673,0.7825001698396448,0.8479156622047083
T000037,2.938580075553124,2.8698589351482267,3.1736933367701217,3.1736933367701217,2.938580075553124,2.936852234853111,2.776894854551082,2.8607068524438706,2.776894854551082,2.6771907942796735,2.5650134478812263,2.612933118801047,2.8698589351482267,3.35298694300064
T000038,0.9719825604677488,0.9719825604677488,0.9719825604677488,0.9719825604677488,1.1733666526670607,1.1733666526670607,1.1733666526670607,1.1733666526670607,1.1733666526670607,1.5182639378071174,1.5182639378071174,1.5182639378071174,1.1086281737692236,1.0190424729041712
T000039,4.745440474731534,4.745440474731534,4.9137255825067845,5.376779577058047,5.376779577058047,4.741888673511381,4.680094464945908,4.475629864444345,5.101202211687818,5.101202211687818,5.101202211687818,5.168567878353877,4.581058994518662,5.067276918587777
T000040,0.26433513375235473,0.26433513375235473,0.26433513375235473,0.26433513375235473,0.262987360002226,0.262987360002226,0.48951538205785494,0.48603264786834455,0.48603264786834455,0.48603264786834455,0.48603264786834455,0.262987360002226,0.9125534890108278,0.46179836163719556
T000041,6.497593663104975,6.431467569497221,6.352191542798186,6.352191542798186,6.547593570192285,6.547593570192285,6.547593570192285,6.547593570192285,6.096739110739106,5.818298114468262,5.818298114468262,6.547593570192285,6.497593663104975,6.101667600384199
T000042,2.928175332991602,1.9585004514795514,1.9585004514795514,1.9585004514795514,1.9585004514795514,1.9585004514795514,1.9585004514795514,2.187309175218613,2.187309175218613,2.187309175218613,1.9585004514795514,1.9585004514795514,2.6691848702408127,2.0082524985964456
T000043,4.786564183838532,4.824854507402766,4.79910119034234,4.824854507402766,4.824854507402766,4.816219295324794,4.052447748267439,3.8090342080858415,3.8090342080858415,3.8090342080858415,3.8090342080858415,4.770079444821474,5.133920096902492,4.265310446098863
T000044,4.317251859021422,4.317251859021422,3.959906849492401,4.317251859021422,3.8964318306599486,3.972816083033114,3.972816083033114,3.972816083033114,3.577413581032653,3.2214755475286663,4.0990510076654365,3.972816083033114,4.317251859021422,3.240240612860127
T000045,2.3374682901949435,0.9807557462159192,2.3471930507441634,0.6268732283695463,0.6268732283695463,0.6139024220553534,0.6210014054498653,0.6210014054498653,0.6210014054498653,0.6210014054498653,0.6210014054498653,0.6210014054498653,0.8469847113764529,0.7713447266203964
T000046,0.39981341754049976,0.39981341754049976,0.3931267559134825,0.39981341754049976,0.3834016770657554,0.3250119766732307,0.33881933738551107,0.3482283955913318,0.3387557928054121,0.3387557928054121,0.9914365850372242,0.42351479522196256,0.40423398950711226,0.33881933738551107
T000047,0.45227635782747605,0.45227635782747605,0.4543077431787928,0.5105938433731471,0.43942808611126444,0.4492602227801378,0.4492602227801378,0.4492602227801378,0.4492602227801378,0.4492602227801378,0.4492602227801378,0.45363010729137987,0.4737931584862257,0.43673017434622674
T000048,2.0838104412878007,1.1596942398851016,1.1596942398851016,1.1596942398851016,1.7892985814608617,1.7892985814608617,1.7892985814608617,1.2281908391433465,1.7807687170977677,1.2460543109220041,1.7498118108633307,1.7892985814608617,1.7892985814608617,1.2376242852538761
T000049,2.6734875420405437,2.654951333155493,2.6734875420405437,2.6734875420405437,2.6396275975230195,2.6734875420405437,2.6734875420405437,1.5669024194942212,1.5669024194942212,1.5669024194942212,1.5669024194942212,2.6033968714522673,2.88664200554583,2.51383628898539
T000050,0.6989275224827403,0.5830761099626476,0.5830761099626476,0.5830761099626476,0.5830761099626476,0.5830761099626476,0.5929835801622908,1.0261370654283601,1.0261370654283601,1.0261370654283601,1.0261370654283601,1.0261370654283601,0.69342565577894,0.5929835801622908
T000051,1.0649877622991044,1.0703053734121417,1.066044113105735,1.066044113105735,1.0692362895149936,1.0721227003881229,1.0636177192038074,1.0508821886359692,1.0508821886359692,1.0508821886359692,1.0721227003881229,1.0692362895149936,1.066044113105735,1.0508821886359692
T000052,1.8163610732852644,1.9900126174086736,1.9900126174086736,1.9212668077207449,1.9212668077207449,1.9212668077207449,1.9212668077207449,3.0029265327246004,3.1459472632954433,3.1459472632954433,3.1459472632954433,1.7198439033994988,1.6945787036443043,1.8346336615596244
T000053,0.7426233712006879,0.7426233712006879,0.7426233712006879,0.7426233712006879,0.7426233712006879,0.6018410331833444,1.0072528363868618,1.0072528363868618,1.0072528363868618,1.0072528363868618,1.0072528363868618,1.0072528363868618,0.7425313325563981,1.0061457480475477
T000054,1.7885785556238654,1.4710629329589686,1.4710629329589686,1.4710629329589686,1.4710629329589686,1.319497324583294,1.3426824555905197,1.3426824555905197,1.3426824555905197,1.7391921593885873,1.3426824555905197,1.3426824555905197,1.473220885893072,2.136794876789002
T000055,2.2570429880870546,1.8498090487197463,1.9173093592087196,1.9173093592087196,1.7563941405219206,1.9173093592087196,1.633921378796794,1.8076862818537847,2.129487058508554,2.129487058508554,2.0229816166339316,2.129487058508554,1.7108377763476592,1.201545941095111
T000056,3.3670169919688497,1.9079249334119959,3.3670169919688497,3.3250504247061876,3.3250504247061876,3.3250504247061876,3.3250504247061876,3.3250504247061876,3.3250504247061876,3.1327007777252294,3.3250504247061876,2.4599432549113662,1.9734895395430967,3.8904951213714463
T000057,0.9886496540748433,0.7435649595693573,0.7316407450876196,0.7316407450876196,0.7316407450876196,0.9683076094333928,0.9683076094333928,0.7861951646230023,0.7682851347488268,0.7861951646230023,0.7861951646230023,0.7296858349433379,0.9683076094333928,0.5195962816684832
T000058,4.139822519966178,3.7715160986523677,3.9728609430888295,3.9728609430888295,6.154595739531465,4.177227091192566,4.925713966512725,4.925713966512725,4.925713966512725,4.925713966512725,4.925713966512725,4.925713966512725,3.629743191580468,3.9895963014652125
T000059,2.3806032419436285,2.1173252230541144,2.1173252230541144,2.1173252230541144,2.1173252230541144,1.9495142736163065,2.2474583343410184,2.394237720178453,2.694109064085894,2.2474583343410184,2.1173252230541144,2.1173252230541144,2.3276485438962533,2.694109064085894
T000060,3.7233045389278767,2.6354973319398822,2.8742768521458872,2.8742768521458872,2.6354973319398822,2.8742768521458872,2.6354973319398822,2.6354973319398822,2.6354973319398822,2.6354973319398822,2.094026597635713,1.6517982963362767,2.1380182172767612,2.0831737781115387
T000061,3.036759501482736,2.9272915758502096,2.7965212961185784,2.7965212961185784,2.816143205651017,2.857593599208274,2.8933172112379366,2.7878356521983756,2.9923204039202025,2.857593599208274,2.7965212961185784,3.0139897561432027,3.0225276365843583,3.1066831892965676
T000062,2.45738094944253,2.3196819763323724,2.3196819763323724,2.3196819763323724,2.3196819763323724,1.6449897226354415,1.6449897226354415,3.194997612561153,2.7501153543020913,2.7028253649514813,2.7501153543020913,1.6929896144524528,2.2607974811289364,3.194997612561153
T000063,1.4591952518864055,1.4591952518864055,1.444683698820392,1.446220181985679,1.4418357894919696,1.430932904655209,1.4127524164122618,1.4118318275448487,1.4118318275448487,1.4118318275448487,1.4118318275448487,1.430932904655209,1.4186085535170714,1.4186085535170714
T000064,1.5431105983487652,1.4069705031587103,1.20350833233246,1.20350833233246,1.4069705031587103,1.20350833233246,1.039639314491353,0.9819288709672902,0.9601426169182168,0.9819288709672902,0.9819288709672902,1.039639314491353,0.8557852333949025,0.8895020090524371
T000065,1.4805369762393181,0.8515530895494334,1.5285107240214004,1.5501457996688572,1.0512417729220622,1.0512417729220622,1.0446599476353344,0.8515530895494334,1.0028387880969516,1.0028387880969516,0.8515530895494334,0.8515530895494334,1.0535194053068018,0.8046008149259581
T000066,1.0498722895744785,1.29892905669877,1.8474085156100855,1.8700844916865156,1.29892905669877,1.29892905669877,1.118974301701513,1.4403977391773521,1.0902117937117182,1.4403977391773521,1.4109810120440063,1.118974301701513,1.1568981584403768,1.481070208554814
T000067,1.1389755924137397,1.7975255954117244,1.8907910083637023,1.5373294837051248,1.5373294837051248,1.7975255954117244,0.8881194308032709,0.6882454070720873,0.6882454070720873,0.6882454070720873,0.6882454070720873,0.6882454070720873,1.0144897564701358,1.701201518691034
T000068,2.367147931668939,3.341336153218788,2.787365598133293,1.5246671608577491,3.211356955537645,2.8762314107504836,2.07097449407281,1.7507537616563522,1.7507537616563522,1.7507537616563522,2.367147931668939,1.3741026572730606,2.178465740401787,3.0373041595799926
T000069,2.6259169528048987,2.6259169528048987,2.327393348627317,2.327393348627317,2.38337512321281,2.391202011681329,2.548897737371487,2.38429791808335,2.388246802251208,2.080213185133215,2.123653409225405,2.3175796797397097,2.826638488668346,1.9093769819508624
T000070,0.5939895585497688,0.48325850130087045,0.48325850130087045,0.48325850130087045,0.5774489912587618,0.5774489912587618,0.5774489912587618,0.544504099195914,0.544504099195914,0.544504099195914,0.544504099195914,0.5241976676952878,0.5985325726678056,0.5607080690864477
T000071,1.9946939309662084,1.8202524913352378,2.1288659417729825,1.8743548311610978,1.721110143892117,1.8157087483935395,1.8157087483935395,1.8157087483935395,1.721110143892117,1.8157087483935395,1.8157087483935395,1.8157087483935395,1.767416211899625,1.8157087483935395
T000072,1.227978149391788,0.8139037782357782,0.8139037782357782,0.8139037782357782,1.0682283199219575,1.0682283199219575,1.0682283199219575,0.7579004887005809,0.7579004887005809,0.7579004887005809,0.7579004887005809,0.6939815465521038,1.227978149391788,0.6939815465521038
T000073,0.8969366645766401,0.8739849666206739,0.8739849666206739,0.8739849666206739,1.0145865316170768,1.17196267900892,1.17196267900892,0.7981720455830804,0.7981720455830804,0.7981720455830804,0.5864134312072852,1.0728094027253097,0.5864134312072852,0.6652902689703307
T000074,1.1574021678197386,2.158764214155961,1.4609785093175942,1.4609785093175942,1.0912562400343988,1.178112768705041,1.0672085148373855,1.0672085148373855,1.0285663190249104,1.0285663190249104,1.6526824587712838,1.6526824587712838,1.034697285153048,1.3758605911465625
T000075,3.5195297805972214,3.957844228369901,3.5035311280369843,3.5376989706661095,3.957844228369901,3.957844228369901,4.021000123604793,3.6349761756554564,4.021000123604793,4.098860718735389,4.098860718735389,3.7195952990443524,3.957844228369901,3.823958207925825
T000076,0.4471024173994222,0.49239292657100137,0.5792050634677494,0.5792050634677494,0.45366260501319056,0.5792050634677494,0.5006149133413259,0.5006149133413259,0.3799800228840512,0.3799800228840512,0.5797416130960503,0.49861281508204935,0.508943982609105,0.3995913460188555
T000077,0.7943485461777283,0.6749519650196124,0.6749519650196124,0.6749519650196124,0.6749519650196124,0.6749519650196124,0.6936362838541346,0.6495976103810719,0.8716148288278014,1.1537740351389276,0.6749519650196124,0.6749519650196124,0.9050310627851517,1.1537740351389276
T000078,1.1752848013816828,1.1752848013816828,1.2008813149189652,1.2008813149189652,1.2678490139451823,1.2678490139451823,1.036810366144936,1.036810366144936,1.05833254828537,1.036810366144936,2.81088456004743,1.1996140558400894,1.1996140558400894,1.3125609853595803
T000079,0.5866947468206767,0.7227019534083889,0.6638529273175359,0.6308630373203622,0.6638529273175359,0.6369517191044143,0.6275984186531167,0.7300393710682702,0.7223085146107187,0.6639432921008871,0.6201293384875824,0.6596786164031178,0.6093024826361642,0.703903613735243
T000080,0.4725082602900127,0.4153535569989344,0.4153535569989344,0.4153535569989344,0.4153535569989344,0.4153535569989344,0.43306882165365523,0.4153535569989344,0.9234967655114492,0.9234967655114492,0.4153535569989344,0.4153535569989344,0.4833150821443458,0.7737427233055605
T000081,1.8439391954972266,1.5136117464506817,1.5136117464506817,1.5136117464506817,1.5829333483848111,1.5829333483848111,1.5829333483848111,1.5829333483848111,2.316761356977834,1.5829333483848111,1.5136117464506817,1.5136117464506817,1.920929474079661,2.1240120583673776
T000082,0.6518323796595308,0.6760945013874019,0.8028151703203306,0.8038011974796171,0.8028151703203306,0.8038011974796171,0.6531687667532401,0.6652415491397804,0.6608200555770878,0.3731875118770854,0.6652415491397804,0.8193333086981953,0.8972039982000527,0.47035526001813005
T000083,1.1202705548493983,1.259020081496025,1.259020081496025,1.259020081496025,0.8848844130210077,0.8848844130210077,0.8848844130210077,0.8848844130210077,1.0837512119639954,1.2508069492356435,1.1391144545883882,0.9845860610845175,2.2195880136087305,0.693129410800182
T000084,1.0070296550517754,1.0070296550517754,0.825612642582521,0.8686231559398939,1.0024875571812117,1.0024875571812117,0.7738574728972611,0.7738574728972611,0.7738574728972611,0.7738574728972611,0.7738574728972611,0.825612642582521,0.9505351912777009,1.0755526988789976
T000085,1.2951695535318632,1.2951695535318632,1.3020826885718468,1.0970193191630884,1.1042742592980985,1.1042742592980985,0.989649404141129,0.989649404141129,0.989649404141129,0.989649404141129,0.989649404141129,1.1042742592980985,1.1503440924240078,1.0295217949136726
T000086,2.0540379012020358,2.448433087298871,1.8895390019806493,2.448433087298871,2.448433087298871,2.747127132535641,2.747127132535641,2.0399400113263946,2.0399400113263946,2.590481228266906,2.413525634450884,1.9354040724936434,2.6090588049919328,1.9195294938470995
T000087,2.0288066143957675,2.016999299013988,1.8013441981481457,1.8013441981481457,1.7995088281665461,2.1261514709457954,1.7995088281665461,1.7995088281665461,1.7995088281665461,1.9201023640218027,1.3741520359054957,1.7995088281665461,1.8047096344491862,1.5453503569914604
T000088,0.23837291754505585,0.23837291754505585,0.33373925495734214,0.33373925495734214,0.33373925495734214,0.26171203140781246,0.26171203140781246,0.26171203140781246,0.26437276625997164,0.2693864148573325,0.2693864148573325,0.26171203140781246,0.26171203140781246,0.2693864148573325
T000089,1.6526315326873149,1.9473431435773745,2.325797966933585,2.107477176236179,1.5281936511313616,1.5281936511313616,1.5281936511313616,1.5281936511313616,1.7498760694654685,1.5281936511313616,1.5281936511313616,1.5281936511313616,2.0132961098082016,1.5281936511313616
T000090,1.0782606350096062,0.9320627196427888,0.9320627196427888,0.9320627196427888,0.9320627196427888,0.9320627196427888,0.8643115673915595,0.6125677381092682,0.6125677381092682,0.6147711800956329,0.8643115673915595,0.8643115673915595,0.8355060235582712,0.6828177488019137
T000091,1.7122386747900091,1.155899663988889,1.155899663988889,1.155899663988889,1.4065842773498327,1.180824318544279,1.180824318544279,0.8813880585603981,0.8813880585603981,1.1341363657553014,0.6329825593944476,1.283506705396387,1.1255571459055471,0.6329825593944476
T000092,2.2607304211967905,2.7550658510571884,1.5451615437853565,1.5451615437853565,1.6356135924863622,3.3232278360451137,2.396866927930437,2.060308169358958,2.2871765619776316,1.2319170389880638,1.2319170389880638,1.6752621249492095,1.6752621249492095,1.4647096309510226
T000093,0.8645647876217392,0.6658897782150758,0.7356023481004031,0.739725552607256,0.8970219546647109,0.8970219546647109,0.8970219546647109,1.1514793391895162,1.206100027950694,1.2244282690190336,0.8970219546647109,0.9003879622760835,0.9013669173909213,0.9259883583029224
T000094,0.5668591913030114,0.47897765487233845,0.7235707689576621,0.611563607615475,0.42126684331972963,0.41128343501656056,0.42126684331972963,0.7235707689576621,0.41128343501656056,0.24433619819468005,0.5944219144080153,0.7235707689576621,0.4124908645373533,0.35098571588036387
T000095,0.47663598846488897,0.6745990799419578,0.6745990799419578,0.6745990799419578,0.6745990799419578,0.6745990799419578,0.590088327566091,0.6558135161815406,0.7354669576246582,0.517259847295324,0.6935578556247854,0.517259847295324,0.5812024047491302,0.6441492091658102
T000096,1.8130661826933194,1.8797941340194835,1.8586942979250383,1.87455027444945,1.7712303885655631,1.7712303885655631,1.2505258661071583,1.2505258661071583,1.2505258661071583,1.2505258661071583,1.2505258661071583,1.8797941340194835,1.7909974840747351,1.9699368336280725
T000097,0.931625308958383,0.7327796107580007,1.0561810145637884,0.7426731039501452,1.0590258814530524,0.5726630886669432,0.5726630886669432,0.9705277258913398,0.9705277258913398,0.7539744423840289,0.5726630886669432,0.5726630886669432,0.7426731039501452,0.9891591382132693
T000098,1.4349562280057608,0.8855278956439251,0.8855278956439251,0.8855278956439251,0.8855278956439251,0.8855278956439251,0.8901608457715586,0.8855278956439251,0.8794826065800254,0.8794826065800254,0.8855278956439251,0.8855278956439251,1.0915508109620657,1.045625867914932
T000099,1.0205158562683239,1.0017687175955154,1.0017687175955154,1.0017687175955154,1.0017687175955154,1.0017687175955154,1.0026193005992023,1.0017687175955154,1.429373747444903,1.0026193005992023,1.0017687175955154,1.0017687175955154,1.0207302704575327,1.5909186015326269
T000100,1.5029191175566494,0.7745557515198397,1.0801249713872998,0.9159688351913262,0.9441716644574303,0.98736726873827,0.9441716644574303,0.98736726873827,0.6909279709303687,0.6909279709303687,0.98736726873827,0.9802169712012089,0.9034405781407946,0.7001377288125157
T000101,0.5710689394352627,0.7965074533534038,0.8770683830796284,0.8770683830796284,0.8770683830796284,0.5436127697207281,0.7643411246728987,0.7059252551940264,0.7643411246728987,0.7643411246728987,0.7059252551940264,0.7643411246728987,0.9701754996895224,0.6192505664490572
T000102,1.4902226816711839,2.043663902158061,1.6151162074218037,2.043663902158061,0.8991199980118774,0.8991199980118774,0.6170840803876539,0.6170840803876539,0.6170840803876539,0.6170840803876539,0.6127569309492275,0.9840570872436682,2.13544631997049,2.9079420332754897
T000103,1.475590634725636,1.5156072842397994,1.221543992176308,1.5196700934617162,1.2083753994579935,1.2083753994579935,1.5196700934617162,1.5650307406426642,1.5650307406426642,1.5650307406426642,1.5650307406426642,1.5196700934617162,1.2152067895546053,1.7673632224809073
T000104,1.563441597774604,1.6987073595811353,1.6987073595811353,1.552674915146967,1.4363172351006517,1.4363172351006517,1.4363172351006517,1.4363172351006517,1.4363172351006517,1.6987073595811353,1.552674915146967,1.3956437673335365,1.148203194230706,0.944023150733939
T000105,2.9686046768175545,2.7532891325211537,2.7086508684591544,2.6863119987016457,2.455840535678594,2.105524261341494,2.625585447336017,3.2684560770020106,3.2684560770020106,3.2684560770020106,2.625585447336017,2.6184126993352197,2.166873875597662,2.4913012304143027
T000106,1.0349544731131888,1.1001599811446798,1.1001599811446798,1.1001599811446798,1.1023476728986712,1.0128505979600613,1.0128505979600613,1.0128505979600613,0.9846994091642675,1.1915021061627713,1.0128505979600613,1.0120740124973129,1.2045551006813737,1.072634931577801
T000107,1.0220258644343982,0.7046577591383584,0.9798158075146561,0.960053005456813,0.960053005456813,0.960053005456813,0.960053005456813,0.960053005456813,0.501612117544147,0.501612117544147,0.960053005456813,0.9471942682059615,0.5074386057553991,0.6800360791522345
T000108,1.451964978943189,1.3472079025901038,1.4467896283585138,1.501610928836171,1.6366707093795525,1.5952202475159758,1.5952202475159758,1.5952202475159758,1.496836607725614,1.496836607725614,1.5952202475159758,1.5952202475159758,1.4828418908383143,1.4565881396140723
T000109,1.8090451246087462,1.3440662234403136,1.2074484832558299,1.7329849158239712,1.1525433553184805,1.4617686790617672,1.4617686790617672,0.9472334478453239,0.9472334478453239,0.9472334478453239,0.9472334478453239,1.7233119251991926,1.6376918914527936,1.169142028295651
T000110,4.253086604599329,3.398707368837262,3.1738135573774975,4.014379967245091,4.014379967245091,6.449314070689535,6.449314070689535,6.449314070689535,6.450530227916632,6.450530227916632,3.1917142255566313,3.443334177074183,3.8846884410304465,3.469646370877969
T000111,3.1116601903641774,2.3785156492220474,2.5976842633312525,2.622761203192384,2.3785156492220474,3.3787463602643526,1.974234226178041,1.974234226178041,3.1116601903641774,3.1116601903641774,3.1116601903641774,1.974234226178041,3.623313665609072,3.5244794596393874
T000112,0.853876305590156,0.8879600661351947,1.4583514260310997,1.3740557748519195,1.3740557748519195,1.3740557748519195,1.3740557748519195,1.3740557748519195,1.176196928436192,1.176196928436192,1.3740557748519195,1.3740557748519195,1.071993049994129,0.6947623955412194
T000113,0.49967534427171845,0.5176801556518685,0.5176801556518685,0.5176801556518685,0.5176801556518685,0.45087727040421144,0.45087727040421144,0.4309596047004231,0.4298602413134309,0.45505901121555953,0.4137777291764678,0.4137777291764678,0.41284528310325463,0.5935401069155598
T000114,0.2561965735312128,0.25374714229039347,0.4440331990090264,0.5582770709971382,0.4440331990090264,0.30809479446446664,0.7213749838078459,0.5096020205201539,0.44641658110611054,0.30809479446446664,0.2561965735312128,0.42688964799559165,0.2561965735312128,0.4316251803429976
T000115,0.7716860383706543,0.5923177874691721,0.6415803098173913,0.6385469036411875,0.6385469036411875,0.6977349652426623,0.6977349652426623,0.6385469036411875,0.6215032703044141,0.6188909153583682,0.6977349652426623,0.6490206375117722,0.7300775533657565,0.9786622215011163
T000116,2.2966021756264436,0.6135127189720191,0.7466179343590154,0.7466179343590154,0.7466179343590154,0.7466179343590154,0.7466179343590154,0.6198991408207,0.687432482392293,0.752584407281346,0.7466179343590154,0.7466179343590154,0.644094167628231,0.6636233667919619
T000117,1.6718943377715603,1.809964798821091,1.6317908688950717,1.6317908688950717,1.6317908688950717,1.5674262025425474,1.5674262025425474,1.809964798821091,1.4240588821868652,1.4240588821868652,1.809964798821091,1.1495525985121817,1.3338123360847343,1.7289356096899464
T000118,0.26684738730380086,0.2506592505515655,0.2506592505515655,0.7617531821876631,0.2645510184933588,0.2506592505515655,0.3593416981948096,0.3113650839146641,0.3113650839146641,0.5050178401928737,0.37030601624677234,0.37030601624677234,0.27318092617482176,0.3826749971205139
T000119,0.8139839705572605,0.8554750787870075,0.9013210338127369,0.9013210338127369,0.8554750787870075,0.8630062386123152,0.8630062386123152,0.8630062386123152,1.665197079114414,0.8630062386123152,0.7625488184283643,0.8151430035192188,0.8554750787870075,0.8554750787870075
T000120,0.9874063894475368,1.0196396415246056,1.0830931133618877,1.0830931133618877,1.0830931133618877,0.9874063894475368,1.5082851396027657,1.5082851396027657,1.5082851396027657,1.492975127727222,1.492975127727222,0.9977039026976664,1.0703573610283599,1.5961342233251528
T000121,1.5749575063009642,1.4520509976381326,1.4483893489439283,1.4483893489439283,1.4133641898407074,1.4133641898407074,1.4464951622948596,1.8478453285210021,1.8750671570037594,1.8750671570037594,1.8750671570037594,1.3900893410712436,1.8707865469399583,1.8854955222092007
T000122,1.339212141513056,3.01594405379713,3.3768570877778568,3.3088404441468127,3.4266422354867827,3.2942580482148913,3.928526873751626,3.387609872077657,4.183534897175622,4.183534897175622,3.492356318208167,3.2942580482148913,3.245340137825085,3.928526873751626
T000123,1.0454178047253937,0.8788331979158978,0.8788331979158978,0.8788331979158978,0.8788331979158978,0.88324556788418,0.8999898756916307,1.018438652427629,1.0705479405658072,1.0705479405658072,1.0705479405658072,0.8999898756916307,0.8200525938841391,0.9287869771066455
T000124,0.7788200726603649,1.08026921592209,1.0139454975883704,0.9835877246041334,0.9835877246041334,0.9835877246041334,1.1924884287940642,1.238951113368702,1.1924884287940642,1.1924884287940642,1.238951113368702,1.238951113368702,1.2191098584811586,1.166650735308125
T000125,0.7320349451279443,1.0085840408476294,0.9249816190632347,0.9913196399291314,0.7348041224451123,0.729312351534896,0.729312351534896,1.1033903442665878,1.1033903442665878,1.1033903442665878,1.1033903442665878,1.1033903442665878,0.9836639303122255,1.1536564980143924
T000126,0.2774376145162759,0.3317465532540574,0.31097591885124176,0.31097591885124176,0.2999705423390995,0.3538097463556016,1.0023611061525208,0.7889670798193108,0.7889670798193108,0.7944548818284002,0.7944548818284002,0.7944548818284002,0.5059482237767375,1.0023611061525208
T000127,0.9600389708183374,0.9643078098106961,0.9643078098106961,0.9243314070082569,0.9243314070082569,1.0292004556940364,1.3956857880749605,1.3956857880749605,1.146531242147151,1.2624101528396918,1.146531242147151,1.146531242147151,0.9826545784508663,1.3742437242071686
T000128,1.8055170794324449,2.985930678174479,2.029634249051651,2.029634249051651,1.4678095489533856,2.029634249051651,1.400195897530479,1.400195897530479,1.5812228989896795,1.4348490590866931,1.4348490590866931,1.6868945676627678,1.4802240729809808,1.7594133843358843
T000129,4.29944165718305,4.315456757453261,4.315456757453261,4.315456757453261,4.643107646860477,4.315456757453261,5.376228940919214,5.376228940919214,5.376228940919214,5.093969958791002,5.376228940919214,4.919153700904548,4.445191828227286,5.152804544669646
T000130,1.461633587459207,1.496667697526785,1.501914655529034,1.501914655529034,1.501914655529034,1.4718117148978505,1.4402419788043879,1.4402419788043879,1.7714712443393827,1.7714712443393827,1.7714712443393827,1.4402419788043879,1.4553780245734476,1.7582920047797375
T000131,1.504184794804575,1.39580435189378,1.4428567115037325,1.4428567115037325,1.4428567115037325,1.1964192349578662,1.5926275248623116,1.7146482631748492,1.7185590192719709,1.7185590192719709,1.7146482631748492,1.344376036760441,1.2963321502949288,1.6673565845664047
T000132,1.163496597908274,1.2822431727407717,1.2831251691753331,1.2831251691753331,1.2822431727407717,1.2822431727407717,1.2543886694675666,1.2543886694675666,1.2562393040754873,1.2825371289523273,1.2543886694675666,1.2822431727407717,0.9606281406392794,1.380397209174705
T000133,1.3275516461118706,1.5165687050694754,1.5165687050694754,1.5165687050694754,1.5165687050694754,1.6350306108461141,1.6447410069047188,1.6447410069047188,2.0777368229163535,1.934392916507459,2.1605164442369276,1.3509777578622129,2.1605164442369276,1.323355879353301
T000134,1.5878472287658247,1.5677356316035522,1.5924255100813032,1.5924255100813032,1.5924255100813032,1.590937401201331,1.590937401201331,1.659275132625415,1.6362749953105014,1.6498173008435015,1.6498173008435015,1.5979091619748735,1.7081295176359554,1.7182510279945709
T000135,2.1894789243910924,3.0757373575504046,2.8998791212461676,2.8998791212461676,2.8998791212461676,2.8998791212461676,2.917680019241575,3.156413340678005,3.156413340678005,3.156413340678005,3.156413340678005,2.917680019241575,2.7433181781909806,3.5973926101988845
T000136,1.5960191343633308,1.657425048519136,1.6419503069206098,1.6419503069206098,1.6419503069206098,1.6419503069206098,1.6801480452890067,2.503531555148094,2.535096916505211,2.391650179297912,2.424122298903031,1.6745606121249976,1.3942776934594654,2.6370584622968924
T000137,0.519091328622404,0.6283736121923567,0.6283736121923567,0.6283736121923567,0.6281439556236783,0.6283736121923567,1.1781090929431337,1.1781090929431337,1.1781090929431337,1.0019994126187806,1.0352794155816094,0.6604921282480782,0.7158066811811118,1.1394050271663396
T000138,0.5771170138718458,0.2323157346114697,0.4571717417762292,1.9386745374111545,0.22768095730065357,0.22768095730065357,0.584072360248642,0.725179595663185,1.2429228263878782,0.725179595663185,0.5381145510773081,0.22768095730065357,0.9204995186165532,0.9338867350248644
T000139,0.736843565141154,0.6120995326136657,0.8146289700645512,0.6363346555692738,0.9022873672837634,0.8146289700645512,0.8146289700645512,0.8232912149307433,0.8232912149307433,0.8219010994389571,0.8219010994389571,0.7629235000111175,1.0294819905780752,1.201457757598334
T000140,0.9941933444600419,1.0673494160095147,0.6989193889170597,0.5574422302448712,0.5574422302448712,0.5574422302448712,0.6137385392998715,0.6137385392998715,0.6137385392998715,0.6137385392998715,0.5574422302448712,0.5574422302448712,0.7557200539992102,0.6067251124557846
T000141,1.1519136605356763,1.8234164389385679,1.4970652577772412,1.4146899257545968,1.4970652577772412,1.22523898028092,1.22523898028092,1.2186255431392197,1.2186255431392197,1.2186255431392197,1.1365169586727382,1.8234164389385679,1.6714256833228007,0.963131228390711
T000142,0.6925356295087329,0.6270248142058263,0.6270248142058263,0.6649589977358011,0.6649589977358011,0.6270248142058263,0.6277929772141121,0.6020592064782182,0.6756463571191276,0.6756463571191276,0.6277929772141121,0.6277929772141121,0.6482992746548111,0.64531243923797
T000143,0.8628921872412934,0.7278138017985893,0.7764847874393883,0.8306618023261105,0.9112495251635984,1.0862320692943896,0.7811384328389842,0.7811384328389842,0.7811384328389842,1.3303833347535328,0.7811384328389842,0.6975711461628098,0.6975711461628098,1.3484841456351815
T000144,1.3169840074284405,1.096445263838817,1.096445263838817,1.096445263838817,1.096445263838817,1.171758423643289,1.171758423643289,1.0719370867118017,1.0719370867118017,0.9581041847012015,1.171758423643289,1.171758423643289,1.2148759935210565,1.7649562153359872
T000145,2.1046572708748696,1.417193604397327,1.2723396847055852,1.2723396847055852,1.417193604397327,1.4041349645058252,1.4041349645058252,1.845164616802262,1.8371795468980576,1.8388601914274916,1.8388601914274916,1.4041349645058252,1.3271257674435724,1.8598838623430518
T000146,1.1554996939290896,1.1554996939290896,2.0329751161655625,1.1599380024509496,0.932794905258853,0.932794905258853,0.932794905258853,0.9586061138275374,0.9586061138275374,0.932794905258853,1.0012799662691243,1.0597070708290235,1.4565206917357139,1.1666049055440082
T000147,3.28551718606955,3.205476794857334,3.20358305776663,3.20358305776663,3.20358305776663,3.981409792050704,4.547489222267743,3.981409792050704,4.133798257069889,4.54807378539208,4.54807378539208,4.822159758161147,3.171006659447306,4.427747833481479
T000148,1.4146711796256746,1.8755018292388097,0.9442996364027219,0.9429134602377676,0.9429134602377676,1.1358092919928613,1.1358092919928613,1.1358092919928613,1.1358092919928613,1.7038316762536165,1.6332697632219426,1.214515178680532,1.1094039459414873,1.2833406820543867
T000149,1.2845143783326496,1.2220825567147828,1.3630245709983295,1.3630245709983295,1.2549589807277342,1.2549589807277342,1.2888811766674815,1.2888811766674815,1.2398586806213103,1.2398586806213103,1.2911888142341266,1.2444902884038263,1.2911888142341266,1.243719999669686
T000150,2.2328358946346056,1.1205824515297236,1.1205824515297236,1.1205824515297236,1.0962281341167346,1.6845436720211608,1.6845436720211608,1.6845436720211608,1.6845436720211608,1.6845436720211608,1.6845436720211608,1.0962281341167346,2.241544359256687,1.7675401800691957
T000151,1.8110501600671944,1.7846776215279103,2.0050099871676914,1.4942162176111025,1.4942162176111025,1.0946960441158935,1.0946960441158935,1.0946960441158935,1.0946960441158935,1.0946960441158935,1.4942162176111025,1.4942162176111025,1.0834579711951693,1.0731703872808969
T000152,1.9068661482003937,2.016826986299673,1.9910530489476173,1.2608536420457057,1.9975184558267332,1.9975184558267332,1.9712263377049346,1.9712263377049346,1.8755615819861142,1.9712263377049346,1.9712263377049346,1.9712263377049346,1.9927129595509434,1.9906064260783682
T000153,1.1150299561871255,1.0408474642384793,1.0485554604269056,1.0407578766718062,1.0550010089273916,1.073721628355066,1.073721628355066,1.073721628355066,1.073721628355066,0.9725293894990961,1.044454866386008,1.044454866386008,0.8590648389658805,0.9863027654314939
T000154,0.6622391990573399,0.822949088021781,0.5736914950857595,0.5736914950857595,0.5736914950857595,0.5736914950857595,0.663334301533999,0.663334301533999,0.663334301533999,0.663334301533999,0.6175277470884036,0.5736914950857595,0.5466588645384174,0.7385451619867051
T000155,0.6476900663839058,0.6476900663839058,0.4818787578401355,0.4818787578401355,0.4818787578401355,0.5196833176643177,0.4900464169081663,0.4900464169081663,0.5273466435957509,0.5401380928652352,0.49918137648323035,0.49918137648323035,0.6476900663839058,0.5462873766318457
T000156,1.1361177113940597,0.8750862727649363,0.8750862727649363,0.8750862727649363,0.8750862727649363,0.8750862727649363,1.012644854120712,0.7741002980461424,0.7741002980461424,0.7741002980461424,0.7741002980461424,1.0523298889387356,0.8750862727649363,0.9725613622800351
T000157,0.9793196622261663,0.9793196622261663,0.9803181449560339,0.9596183808350447,0.9596183808350447,0.962606541263505,0.962606541263505,0.962606541263505,0.962606541263505,0.9636357129680635,0.9636357129680635,0.962606541263505,0.9636357129680635,1.3481499928205185
T000158,0.9681314293582455,0.9723561692057197,0.9723561692057197,0.926990684118987,0.9938956504600437,0.9938956504600437,1.0028374900963752,1.0028374900963752,0.9469111895215028,1.042952074206443,0.9976225656136365,0.8715727965592523,0.9192987864090809,1.0416807746546382
T000159,0.7617660844474577,0.7617660844474577,0.7617660844474577,0.7617660844474577,0.7617660844474577,0.7617660844474577,0.7617660844474577,0.6710008412733631,0.6710008412733631,0.6710008412733631,0.6710008412733631,1.129537009186423,1.943170560978275,0.7617660844474577
T000160,0.48913021336174783,0.5227766048465988,0.5259566522566267,0.5259566522566267,0.5259566522566267,0.5259566522566267,0.5227766048465988,0.5259566522566267,0.5059833321982281,0.5059833321982281,0.5059833321982281,0.5227766048465988,0.5259566522566267,0.5597014925373134
T000161,1.6875564841322166,1.437897716887972,1.7029039159758521,1.7029039159758521,1.4949050868658875,1.4949050868658875,1.881461386498013,1.7383822582659596,1.881461386498013,1.847319010641614,1.847319010641614,1.4994219535281825,1.4949050868658875,1.9147034913656718
T000162,4.4901043668620435,4.617310365718097,4.617310365718097,4.617310365718097,4.617310365718097,4.617310365718097,4.617310365718097,4.617310365718097,4.617310365718097,4.677841841159707,4.677841841159707,4.677841841159707,4.625455590332511,5.54973900758542
T000163,2.3053329627222556,1.9371148630358537,2.1969675044293364,2.1969675044293364,2.1969675044293364,2.1969675044293364,2.1969675044293364,1.9314800766734115,1.9314800766734115,1.9371148630358537,2.123552060885055,1.9371148630358537,2.1969675044293364,2.8495830970292504
T000164,0.5374208855149925,0.45422408639365897,0.45422408639365897,0.45422408639365897,0.45422408639365897,0.45422408639365897,0.4732287638122942,0.7828372529828417,1.4963035055739056,1.4963035055739056,1.4963035055739056,0.7906456450212791,0.5454076975866555,0.5797022282621864
T000165,0.8119466200826154,0.889857078508295,0.7860163749778335,0.7860163749778335,0.7860163749778335,0.7714084760386001,0.7980741018490549,1.59911826588507,1.6915509938989197,1.6915509938989197,1.6510010471300187,0.7853161572856747,0.7853161572856747,1.1090795358459604
T000166,0.5812080288686018,0.5812080288686018,1.16215640627713,1.16215640627713,0.5812080288686018,0.7589307901643717,0.4862267665522059,0.4862267665522059,0.4256504118971081,0.4862267665522059,0.4862267665522059,0.8956521572084138,2.29135664196253,0.5812080288686018
T000167,1.1158641767324915,1.108676277636061,1.108676277636061,1.108676277636061,1.108676277636061,1.108676277636061,1.2046575713269596,0.8091638229695567,0.9820064483741601,0.9820064483741601,0.9820064483741601,0.9820064483741601,0.7197158088367862,0.8260832307426358
T000168,1.2237308710809904,1.4345212973508994,1.4345212973508994,1.4345212973508994,1.3500571132034025,1.3665736828712136,1.3309260941471275,1.3309260941471275,1.4213014895999936,1.3309260941471275,1.3309260941471275,1.232289812313185,1.4345212973508994,1.3824745843252644
T000169,2.0348446424516493,2.0348446424516493,2.371439044172531,2.371439044172531,2.030372609330407,2.126033708711198,2.1239247468423366,2.1239247468423366,2.1239247468423366,2.3852781541571275,2.126033708711198,2.5166428982610958,2.0348446424516493,2.420822787474484
T000170,0.7609285802312692,1.1707993646102859,1.1707993646102859,1.1707993646102859,1.1707993646102859,0.9853899208345838,1.1752043805582397,1.1752043805582397,1.1732437997594658,1.1752043805582397,0.698959727275959,0.9853899208345838,0.7487535936386933,0.8538848658548677
T000171,1.1491888727187443,1.4730777700876843,1.3476761784139937,1.050254815398434,1.6234131003306354,1.4127740581716,1.4127740581716,1.4127740581716,1.4127740581716,1.4730777700876843,1.4730777700876843,1.050254815398434,1.050254815398434,1.351884522217984
T000172,1.0229512580899658,0.9941248148345289,1.0004063976573554,0.9728068855349917,1.0004063976573554,0.9728068855349917,0.9980591929834781,0.9980591929834781,0.9980591929834781,1.005761535063532,0.9941248148345289,0.949661493063273,1.0004063976573554,0.8900160375309903
T000173,0.6267737149803964,1.0047320194370726,0.9466498224057921,0.9466498224057921,0.9466498224057921,1.0047320194370726,0.9466498224057921,0.9466498224057921,1.0047320194370726,1.0047320194370726,1.0047320194370726,1.0047320194370726,0.9466498224057921,1.6915649175657712
T000174,2.384191222192957,1.3264742873872206,1.095001855437974,1.3680558477386149,1.095001855437974,1.3930269910035227,1.1613777355153374,1.34438814360168,1.3004815074327383,1.1576830195062278,1.095001855437974,1.6561087234393335,1.5325590942064367,1.3004815074327383
T000175,2.186913704742416,1.6963576413160577,0.43831219316773135,0.43831219316773135,0.5882237545732141,0.5119421657556346,0.57254466400688,0.57254466400688,0.5119421657556346,0.57254466400688,0.57254466400688,0.8010315965108152,1.4515126331734782,0.9943399416012751
T000176,0.9489223302084178,1.2966022249616775,1.5124168724342764,1.5124168724342764,1.2966022249616775,1.2966022249616775,1.216251618027546,1.4016095129287138,1.216251618027546,1.3140016927017548,1.2966022249616775,1.505481064867065,0.9489223302084178,1.4016095129287138
T000177,0.9755704733773339,0.9529128090159213,1.0754521971622526,1.0754521971622526,1.0253116985016102,1.0313755987757764,1.31193622486219,1.31193622486219,1.31193622486219,1.1093925507961289,1.31193622486219,1.005796796806037,1.2022392536707354,1.1814562124965644
T000178,1.4598608951592198,1.4598608951592198,1.6464265672404554,2.1674947715783794,1.0266306951311286,1.0266306951311286,1.266737743251092,1.4288442260866259,1.0266306951311286,1.0266306951311286,1.0266306951311286,2.118675728037476,2.5009804564982425,1.0266306951311286
T000179,1.3134213719701868,1.5292131221515144,1.5292131221515144,1.5292131221515144,1.3489133080741282,1.3489133080741282,1.4627009062186243,1.4627009062186243,1.9298169069452573,1.4627009062186243,1.3489133080741282,1.3167426681166288,1.2535547210635396,1.9298169069452573
T000180,1.4005587975042966,1.3524833243712635,1.376498744723469,1.3235940336080445,1.376498744723469,1.376498744723469,1.3582155652473542,1.3582155652473542,1.3582155652473542,1.3524833243712635,1.3524833243712635,1.3553999986812135,1.3235940336080445,1.4571909100288247
T000181,1.4980105487621986,1.324273592584035,1.3850585982303942,1.3850585982303942,1.3850585982303942,1.2699588625962015,1.3729909927247093,1.3729909927247093,1.605750989674805,1.5704234754093456,1.324273592584035,1.324273592584035,1.338941591227146,1.5704234754093456
T000182,1.7969170104131837,1.8662302794092114,1.8662302794092114,1.8662302794092114,1.7252655603008973,1.7528635440728328,1.7252655603008973,1.7252655603008973,2.4142801261847886,1.7252655603008973,1.7252655603008973,1.7273419581702947,1.8662302794092114,2.3449877458911867
T000183,0.6001088645816908,1.4382655885743643,0.8824242709051084,0.8824242709051084,0.8824242709051084,0.8824242709051084,0.8824242709051084,1.1236938916370967,1.1789878323890621,1.1789878323890621,0.8824242709051084,1.4035550431037493,1.2710226468731518,1.1607146716285655
T000184,1.0511236047730592,1.1216371089789965,1.1216371089789965,1.1216371089789965,1.1216371089789965,1.4187219684139776,1.4187219684139776,1.4187219684139776,1.4187219684139776,1.2145254992974315,1.1216371089789965,1.1286378791710765,1.0523460194999599,1.4187219684139776
T000185,1.5888239147512322,1.5092303355498606,1.5982263110234696,1.5092303355498606,1.5092303355498606,1.5982263110234696,1.5982263110234696,1.5982263110234696,1.5092303355498606,1.307700572331578,1.5092303355498606,1.5092303355498606,1.5982263110234696,0.996335554130961
T000186,1.3072408006214278,1.4649936423585685,1.5290282687980907,1.4649936423585685,1.4075301520842471,1.4075301520842471,1.5290282687980907,1.3703492644821778,1.3703492644821778,1.350485640484581,1.619151152712716,1.5290282687980907,1.619151152712716,1.324260915256455
T000187,2.037855101229612,2.402539189692378,2.402539189692378,2.402539189692378,2.4358350851051727,2.385604555424283,2.037855101229612,2.037855101229612,1.8400325570294382,2.385604555424283,2.385604555424283,2.417366179576222,2.1304088679360014,2.3583617830237236
T000188,1.6605711156387768,1.0778568586730544,1.0325639993147262,1.1263386077887516,1.1263386077887516,1.1032510085701324,1.0710554766691502,1.0877676685662612,1.0710554766691502,1.0710554766691502,1.069108263307098,0.9821330676869046,3.0598886774680647,1.2573325057128868
T000189,1.5761052645224602,2.046634739686149,1.639797087697512,2.7210794793695428,1.7768917695343034,1.7768917695343034,3.271456903759068,2.691765851640863,2.691765851640863,4.088699737863257,3.098537560158043,2.7210794793695428,2.7391944547925418,2.9700594836334666
T000190,2.2241891340934368,2.339357811798963,2.2701313524061915,2.2701313524061915,2.2701313524061915,2.339357811798963,2.339357811798963,2.3820557300597662,3.2919697074099865,3.2919697074099865,3.2919697074099865,2.339357811798963,2.219968092694415,4.150866017286431
T000191,1.6545426221801247,1.4666110667495682,1.2551662190049047,1.2551662190049047,1.2551662190049047,1.2551662190049047,1.2551662190049047,1.4666110667495682,1.4666110667495682,1.3994434626939454,1.4666110667495682,1.4666110667495682,1.4666110667495682,1.7678430700550916
T000192,1.980876261619607,1.0841438132058114,1.485624695927171,1.485624695927171,1.485624695927171,1.485624695927171,1.7741710433405333,2.192752114278187,2.6134957118662205,2.6134957118662205,2.6134957118662205,2.366810409203016,2.1211080964005165,2.6134957118662205
T000193,1.5790978407549952,2.0075896698294358,0.7190918462898458,0.7190918462898458,0.7190918462898458,0.39854056122715537,0.39854056122715537,0.42315373852308447,0.39854056122715537,0.42315373852308447,0.781302065702883,1.4436439271647616,1.5716132740158821,0.7210777838194934
T000194,3.0338221873396876,3.0338221873396876,3.0338221873396876,3.0338221873396876,2.767197615337323,3.0338221873396876,2.767197615337323,2.767197615337323,2.767197615337323,1.9394426352317122,1.9394426352317122,2.559449535812345,2.952859437615088,1.7189017936304096
T000195,0.6388264662051095,0.6388264662051095,0.6388264662051095,0.6388264662051095,0.6388264662051095,0.6388264662051095,0.6388264662051095,0.579372052922921,0.579372052922921,0.579372052922921,0.4125366682960295,0.4125366682960295,0.6388264662051095,0.7911323542899209
T000196,0.7576902268362957,0.7698752383050501,0.8188968310243323,0.8188968310243323,0.8188968310243323,0.7687997609047281,0.8034507631581153,0.7093776168940987,0.7300165635639085,0.7456815168345449,0.8188968310243323,0.7300165635639085,0.8188968310243323,0.8980304586779195
T000197,0.778921134710968,0.923284024674237,0.923284024674237,0.923284024674237,0.923284024674237,0.8835721471250604,0.7733459621291651,1.6185226045556478,1.4941186522011831,1.255961116756947,1.255961116756947,0.8254193606485076,0.923284024674237,1.9241903536819778
T000198,5.872665526859586,5.872665526859586,5.872665526859586,5.872665526859586,5.872665526859586,5.872665526859586,5.387593985055531,5.880301131457989,5.880301131457989,6.589364392242028,6.566116963584944,5.502596868438814,5.506533063978839,6.566116963584944
T000199,1.9762480530277229,1.0886308935430613,1.404918234868323,1.0886308935430613,0.7537163520430199,0.839795486855506,0.9523720439607395,0.9523720439607395,0.9523720439607395,0.9523720439607395,0.9523720439607395,0.9523720439607395,1.8370436335734823,0.9735160460927237
T000200,0.9046275117984839,0.8870445463714919,0.8570625071834116,0.8570625071834116,0.8870445463714919,0.8736890084962174,0.8736890084962174,0.8984841146633585,0.9913658549223453,0.9913658549223453,0.9913658549223453,0.8984841146633585,0.937723653362543,0.9913658549223453
T000201,0.7033778763572204,0.7033778763572204,0.7033778763572204,0.7033778763572204,0.7033778763572204,0.7033778763572204,0.7033778763572204,0.7075996767604482,0.7075996767604482,0.7490245926144197,0.7490245926144197,0.7490245926144197,0.7033778763572204,0.9940867449839611
T000202,1.3051308058184943,0.8565928764173002,1.1508882273130456,1.1508882273130456,1.1508882273130456,1.1508882273130456,1.1801087526634682,1.180401095858654,1.1801087526634682,1.2467806680976614,1.1801087526634682,1.0630946337360603,1.2467806680976614,0.9145563352398304
T000203,0.3916314586566306,0.33760413719039073,0.35861440694787683,0.35861440694787683,0.35861440694787683,1.430749149602309,1.430749149602309,0.35313730315474134,0.9482656835191965,2.096378157047549,0.9482656835191965,0.9482656835191965,0.35861440694787683,2.096378157047549
T000204,2.400503225190227,2.504677748609416,2.2137170968641655,2.2137170968641655,2.2137170968641655,2.2137170968641655,2.2137170968641655,2.2137170968641655,2.8565382173965843,2.446535386256935,2.446535386256935,2.2579920132497877,2.2101090925336617,2.504677748609416
T000205,0.7004417631739315,0.5847602462162802,0.5773571846867854,0.5773571846867854,0.5773571846867854,0.5847602462162802,0.686282930234059,0.686282930234059,0.686282930234059,0.5847602462162802,0.5847602462162802,0.5847602462162802,0.574294578996412,0.5142259692895852
T000206,0.7691269862665883,0.8530170269524245,0.8428702233933556,0.8428702233933556,0.8428702233933556,0.8455506115233788,0.7043254629017819,0.7707425168674455,0.7707425168674455,0.8530170269524245,0.8464598132059946,0.8464598132059946,0.8428702233933556,0.6219433320909542
T000207,1.2637845004559825,1.287454869414654,1.287454869414654,1.287454869414654,1.287454869414654,1.2959690502868173,1.2670984762202404,1.6594105917960056,1.4521065097354662,1.2670984762202404,1.2670984762202404,1.2959690502868173,1.3045103285084994,1.6594105917960056
T000208,0.5726518789895633,0.6035632189914812,0.7109990198676978,0.7109990198676978,0.7109990198676978,0.7109990198676978,0.7109990198676978,0.7109990198676978,0.7109990198676978,0.7109990198676978,0.7109990198676978,0.7295693463231061,0.7109990198676978,1.3194350961418264
T000209,1.302189598876704,1.302189598876704,1.4590906912296224,1.4590906912296224,1.4808025258833482,1.4808025258833482,1.4808025258833482,1.4808025258833482,1.4808025258833482,1.4808025258833482,1.4808025258833482,1.4808025258833482,1.467804110274577,1.6778421901625626
T000210,1.1701168104091801,0.9120915094458437,1.3889627578425565,1.0085143102947354,1.0136201272860181,1.007201282651964,1.007201282651964,1.007201282651964,1.007201282651964,1.007201282651964,1.007201282651964,0.977192104136795,1.1291947365290353,1.0814724072496187
T000211,1.7929242614679588,1.8153231734727333,1.9040633249109198,1.8907304052405747,1.8907304052405747,1.9040633249109198,1.8505679623659927,1.8666395866346834,1.8907304052405747,1.8907304052405747,1.8907304052405747,1.8153231734727333,1.8153231734727333,2.4121547846504683
T000212,2.050197526063368,2.018979483180047,2.018979483180047,2.018979483180047,2.018979483180047,1.9719097891270212,2.020883172344726,1.9915216648301044,1.9915216648301044,1.9719097891270212,2.0266937218201915,2.018979483180047,2.018979483180047,1.3203425632725008
T000213,1.17660734941388,1.2389453127151335,1.2389453127151335,1.2389453127151335,1.2389453127151335,1.2389453127151335,1.2757659218999096,1.2757659218999096,1.2757659218999096,1.2389453127151335,1.2389453127151335,1.2389453127151335,1.128855404603453,2.2618901961226197
T000214,1.3437916586711127,1.3437916586711127,1.303574201869155,1.303457365727665,1.303457365727665,1.3373671623174381,1.3373671623174381,1.3373671623174381,1.3373671623174381,2.2957337728517566,1.3373671623174381,1.3373671623174381,1.3437916586711127,1.1757438577165693
T000215,0.6804520533055182,0.8864784953772911,0.7989663609666566,0.8864784953772911,0.8864784953772911,0.8570667904666842,0.8570667904666842,0.8574140688937806,0.8864784953772911,0.8864784953772911,0.8864784953772911,0.8864784953772911,0.7989663609666566,1.0971691961704377
T000216,1.6904925403636897,0.8048414064276674,0.8048414064276674,0.7949989489238171,0.7949989489238171,0.7949989489238171,1.298566465106274,1.0829614944574095,0.8013650127117136,0.8951402609330017,0.8013650127117136,0.8013650127117136,1.298566465106274,1.8219756542928298
T000217,2.4336235892406015,1.4887044172551889,1.4887044172551889,1.4887044172551889,1.4887044172551889,1.583074461177847,1.4170911835607702,1.4451532011272763,1.4887044172551889,1.4170911835607702,1.4887044172551889,1.4887044172551889,1.4887044172551889,1.4182557795394546
T000218,2.0128007593598176,1.5741641771869712,1.5741641771869712,1.5741641771869712,1.5741641771869712,1.500177865914938,1.4789566632432065,1.4789566632432065,1.4789566632432065,1.522753373374658,1.522753373374658,1.522753373374658,1.5741641771869712,2.0967729052325392
T000219,1.088299325311642,1.0796089267371825,1.0796089267371825,1.0796089267371825,1.0796089267371825,1.0796089267371825,1.3810606971100485,1.425312132775766,1.4083341053711695,1.4096623317458108,1.4096623317458108,1.4083341053711695,1.1721135235348876,0.9656412911390723
T000220,0.46391658339743913,0.5101895971078099,0.5101895971078099,0.5101895971078099,0.49913141646205933,0.49913141646205933,0.4776593354658128,0.3928410870132588,0.46043645157104357,0.3928410870132588,0.46019579704025243,0.46019579704025243,0.49913141646205933,1.6088390690272458
T000221,0.7094771486367619,0.7617831608845398,0.49880026934048083,0.49880026934048083,0.49880026934048083,0.49880026934048083,0.49880026934048083,0.49880026934048083,0.49880026934048083,0.6571751772669829,0.5700045982279753,0.5700045982279753,0.5700045982279753,1.757464470996715
T000222,0.5095893623087697,0.5687202369222285,0.5687202369222285,0.5687202369222285,0.5687202369222285,0.5230736002796559,0.547262229849513,0.547262229849513,0.547262229849513,0.6327855915174219,0.547262229849513,0.547262229849513,0.547262229849513,1.764655185723923
T000223,0.3399540455486955,0.3164433635608571,0.3164433635608571,0.3164433635608571,0.3164433635608571,0.3221040474650383,0.33387631916955207,0.3473399033076671,0.3221040474650383,0.3221040474650383,0.3221040474650383,0.3221040474650383,0.3221040474650383,0.7735202141526751
T000224,0.8646969943904287,0.7854930733425882,0.8488189616704701,0.8488189616704701,0.8488189616704701,0.8488189616704701,0.7909923856848847,0.8538937800411938,1.365176138629142,1.365176138629142,1.365176138629142,0.8538937800411938,0.8646969943904287,1.365176138629142
T000225,0.7377141410175833,0.4915182646150427,1.1537806090827116,1.1537806090827116,1.1537806090827116,1.5419699414566024,0.7731229647968173,1.1537806090827116,1.6866459281337187,1.835360898029984,1.5419699414566024,1.5419699414566024,0.7731229647968173,1.5670520075095642
T000226,1.5672554301443318,1.3391793217692682,1.3391793217692682,1.3391793217692682,1.3391793217692682,1.3391793217692682,1.3391793217692682,1.3391793217692682,1.3391793217692682,1.2927366500759465,1.2927366500759465,1.3391793217692682,0.6341685751474716,1.8454823823476338
T000227,1.3789143259804713,1.0204670800565652,0.8271365615159609,0.8271365615159609,0.7442358497241437,0.7442358497241437,0.5216974236818402,0.5512820711954414,0.5216974236818402,0.5512820711954414,0.5216974236818402,0.7143597127937958,0.7143597127937958,0.8306294019789334
T000228,0.7767456523962191,0.7767456523962191,0.7767456523962191,0.7767456523962191,0.7767456523962191,0.7288023847223842,0.7209634505522861,0.7209634505522861,0.7209634505522861,0.7209634505522861,0.7209634505522861,0.7622372830178461,0.7209634505522861,2.688914593678125
T000229,0.7601616620587155,0.78091917970698,0.781370775790187,0.781370775790187,0.78091917970698,0.78091917970698,0.902938444408269,0.902938444408269,0.902938444408269,0.902938444408269,0.781370775790187,0.7816196959217276,0.839688285325557,0.7582456750439349
T000230,3.7123133002343227,4.04078790375437,3.9398796415959754,3.9398796415959754,3.731220477167004,3.757810258258408,3.757810258258408,4.577183653268892,4.577183653268892,4.577183653268892,4.6678574185849415,3.8634390759065225,4.161555011186982,4.6678574185849415
T000231,2.3541679375022646,5.056985819909454,3.917512757215537,3.917512757215537,5.056985819909454,5.041945966325207,2.957067431754494,2.957067431754494,4.554577762677986,4.271224711774386,4.856097268782588,4.856097268782588,3.792565700051331,4.171071041622869
T000232,2.708127411262928,2.9648197611170537,2.425323730489669,2.425323730489669,2.425323730489669,2.894967195308994,2.894967195308994,2.8458747809449845,2.8458747809449845,2.725694941069156,2.725694941069156,3.035026314232112,2.6428262084017002,2.0655906932941397
T000233,1.081223988234501,1.089803045815929,0.9469286440269257,0.9960190903212927,0.9775260152949858,0.9469286440269257,1.416111884245878,1.416111884245878,1.4009086094079701,1.2233311974599892,1.2233311974599892,1.0457592082705651,1.0457592082705651,0.9345510997917442
T000234,2.7268272822490975,2.523390469307903,2.804007808591562,2.523390469307903,2.804007808591562,2.5245817282194976,2.5245817282194976,2.937366985889525,2.937366985889525,2.937366985889525,2.5245817282194976,2.5245817282194976,2.6963008883768995,3.0344782204264726
T000235,0.8916793901929249,0.7300234486261044,0.7300234486261044,0.7300234486261044,0.7300234486261044,0.7300234486261044,0.7300234486261044,1.3638548623231947,1.2689144103625085,0.6762108328033,0.7300234486261044,0.6762108328033,1.323144362335179,0.7581913506490603
T000236,0.844640941849776,0.9383554921558465,0.9383554921558465,0.9383554921558465,0.8305417738094728,0.8305417738094728,0.8305417738094728,0.8305417738094728,0.6894970819522789,0.8179086042144547,0.9383554921558465,0.9383554921558465,0.7455248131941656,1.7335061015191628
T000237,1.0907616831871632,0.8474260416099476,0.814439398419928,0.9603447125682445,0.8137411465976432,0.8491831021070193,0.8491831021070193,0.7968817970361338,1.3246882138465825,0.8031491040267038,0.8526077410448741,0.8526077410448741,0.7968817970361338,0.9603447125682445
T000238,1.4024733535882847,1.3981135509685831,1.3981135509685831,1.3981135509685831,1.3981135509685831,1.3981135509685831,1.5133017765652423,1.4086618799727337,1.4868272852370406,1.4868272852370406,1.4868272852370406,1.4868272852370406,1.4507100492793832,1.6885881898368134
T000239,0.9135944714556979,0.9135944714556979,0.9135944714556979,0.891689900558509,0.891689900558509,0.6560764778151199,0.6560764778151199,0.6560764778151199,0.8628284023492385,0.6560764778151199,0.6560764778151199,1.3273701928733022,1.0028548754795135,1.7986136693062218
T000240,1.0608193616236739,1.0489647280444236,0.8299112667889291,0.8299112667889291,0.8478963399171568,0.7790664806367098,0.8308585312824117,0.8308585312824117,0.8308585312824117,0.8200331086571784,1.2447461627909775,0.9434827540904545,0.9923443378071662,0.6598023353755591
T000241,2.3700568353408755,2.4394175123729913,2.4590806498615025,2.4590806498615025,2.3203952247268016,1.8778990068216954,2.3203952247268016,2.4259262280921674,2.0269104460317378,2.3203952247268016,2.572391388732788,2.53155855611724,2.7095438768478264,2.778218716860635
T000242,0.9669035509989942,0.7810886336082832,0.9799865832559589,0.9799865832559589,0.7810886336082832,0.8891052513588661,1.2084500200020063,0.934748398623305,0.934748398623305,0.934748398623305,1.2084500200020063,0.7973827514130009,1.0360043776625516,0.7786147693673434
T000243,1.4094021948514799,1.139612966574292,1.139612966574292,1.139612966574292,1.2804535898385874,1.4545868858502609,1.1374422778335,1.1374422778335,1.1374422778335,1.229834231158601,1.1615087280814194,1.2874563897087687,1.160358823337965,1.4094021948514799
T000244,0.787702682816451,0.7728465825519474,0.7741205577951155,0.787702682816451,0.7728465825519474,0.7728465825519474,0.832050157052325,0.7961103318489634,0.9953370213737007,0.8739631781234888,0.787702682816451,0.8915145909668122,1.1731597845153017,0.7375101174786098
T000245,1.441930382832758,1.2433391387604857,1.0903841592691552,1.3459765061283355,1.295419587363442,1.295419587363442,1.295419587363442,1.3078988641326725,1.3335385560929207,1.3335385560929207,1.0903841592691552,1.0903841592691552,1.172445850760713,1.3335385560929207
T000246,1.7931964379135432,1.1864269002748529,1.1132242583868872,1.191894225740974,1.39946585322012,1.2156677625986647,1.0062635764822911,1.9268619463160295,1.2247895229969867,1.2156677625986647,1.4311655599471507,1.3897002988698253,1.8911283429192238,1.0651550866997477
T000247,0.8803057168766804,0.8894163391303538,0.8894163391303538,0.8894163391303538,0.8894163391303538,0.9623692830785694,0.8949456578918099,0.8803057168766804,0.8374844301007515,0.9556996541158257,0.8374844301007515,0.8374844301007515,0.9390206315080216,1.2381826965058522
T000248,0.5452242830608273,0.63045436744777,0.6528517121832451,0.6528517121832451,0.6528517121832451,0.6836427409437832,0.6762964724579105,0.6762964724579105,0.6567312804991877,0.6836427409437832,0.6626842797794965,0.6567312804991877,0.6836427409437832,0.5786286074113768
T000249,0.641821023923733,0.7091567439034753,0.7141611570414718,1.1599266322431547,0.677237530240835,1.1521958372567909,1.1599266322431547,1.104317668335776,1.1445741075879183,1.1445741075879183,0.6643661057912659,0.6811122884789613,0.6414539817768722,1.1445741075879183
T000250,1.8585741437220067,1.8244009051067105,1.9673818325014965,1.971736576886722,1.8244009051067105,1.8244009051067105,2.35842204989265,2.24199503164852,2.4104414845969773,1.9973553888573894,1.8585741437220067,1.7357219041134917,1.7357219041134917,2.24199503164852
T000251,2.3576062476375483,2.0059263605668636,2.0308139074292684,2.0059263605668636,2.0359309316236267,2.0059263605668636,2.1570181404087574,2.803105663275155,2.803105663275155,2.803105663275155,2.06426592202917,2.1191376297272293,2.207657236437654,2.7701973428163917
T000252,2.3096506901349825,2.2398567258755304,2.2398567258755304,2.2398567258755304,2.2398567258755304,2.228154214650491,2.2057841796038713,2.2057841796038713,2.207560957709633,2.2427877542733046,2.2435276757231852,2.25972054567278,2.2861584774750257,2.279017281403147
T000253,3.9629967737020393,4.036583761691415,4.0271045139338435,4.036583761691415,3.878258633861969,4.036583761691415,4.036583761691415,4.036583761691415,3.878258633861969,3.878258633861969,3.878258633861969,3.9284878755844677,4.204693331333206,4.359568470012399
T000254,2.349901077913065,3.18317073986572,2.399981069561106,2.6360826801192516,3.267670018912066,3.4118598757172287,3.4118598757172287,3.4118598757172287,3.6662663096646195,3.321039736684053,3.18317073986572,2.893349320976942,2.893349320976942,3.4118598757172287
T000255,1.4489058075055308,1.4070943842651793,1.2780762254393925,1.3288439303528268,1.4070943842651793,1.3171660537339107,1.3658640563518432,1.3658640563518432,1.6740900128735472,1.6740900128735472,1.3288439303528268,1.3184449081053615,1.4388533467913829,1.5171868651436249
T000256,1.1103174925602477,1.0559061255045323,1.054120347380746,1.054120347380746,1.0559061255045323,1.058303836963986,1.0595644307127248,1.0595644307127248,1.049337359379275,1.10352953627685,1.0858180020017905,1.0559061255045323,1.0543382592124182,1.361231894543901
T000257,1.0516005927344891,1.0221305525295379,1.0221305525295379,1.0221305525295379,0.9928773668686539,1.0203365507940896,1.0203365507940896,1.1733955218846943,1.1713729974812925,1.1713729974812925,1.066368891862274,1.0532525601321956,1.0626049950715801,1.2141147039178428
T000258,1.071462092632849,1.0043200516323072,1.0656599590405114,0.9943379196182904,1.0765303894632436,0.9504239969311928,1.0182162066772371,0.9947565066720884,0.981969356105619,1.005337367372962,1.0504809313344103,1.0957742307089082,1.0786212830005821,0.9504239969311928
T000259,1.2894355703412157,1.34119217766006,1.172445434454101,1.34119217766006,1.172445434454101,1.2509800417813548,1.244008457145789,1.2466581242498318,1.384867947803021,1.384867947803021,1.4059575581875026,1.1704832572745643,1.3146437514913705,1.112361753142264
T000260,1.0314565253854924,0.984067605698598,0.984067605698598,1.1066438514120294,1.0006351079937208,1.0060634876802257,0.9937935929632244,1.0060634876802257,1.0060634876802257,1.2848226744447575,1.0006351079937208,1.1046480819141966,1.020404935483087,0.8505240084096201
T000261,1.9126855311036954,1.7476532756391292,1.9184974833730595,1.9184974833730595,1.9184974833730595,1.9308386670690965,2.0255093323991202,2.0255093323991202,1.9126935852779563,2.0255093323991202,2.149798423903511,2.15609465665944,2.3621196766785486,2.2023289045170684
T000262,1.0873280104098757,0.8818377194757755,0.8820580379718197,0.8818377194757755,0.8818377194757755,0.8818377194757755,1.3222208947501854,0.8687003313384367,0.8687003313384367,0.8687003313384367,1.3222208947501854,1.1904950581378184,1.0658549600981273,0.7451485695656618
T000263,1.6858124534662722,1.6858124534662722,1.6173692591208102,1.6173692591208102,1.6566077202972822,1.6566077202972822,1.5891660939203671,1.5891660939203671,2.0160274532548503,1.6614779691600299,1.6173692591208102,1.6173692591208102,1.57799324944685,2.180828357563838
T000264,0.8478419144282674,0.7605966125380527,0.8070888032999876,0.8478419144282674,0.7605966125380527,0.7605966125380527,1.0312008917528277,1.1560325849280397,1.0559838695466521,1.0237997786949358,0.8478419144282674,0.8813784501900899,1.1521901991845325,1.032798593372815
T000265,1.9353503918634107,2.204249397213986,1.845947124171687,1.8256927450402671,1.8175033546382364,1.814237248436811,1.814237248436811,1.814237248436811,1.8459893314031093,1.8459893314031093,2.1370640567691455,1.8175033546382364,1.9180077590381677,1.7986676173752887
T000266,3.9401333842847195,5.2754319422731895,4.694913260546199,4.60197728951073,4.60197728951073,4.701277818021659,3.035183434952637,3.035183434952637,3.035183434952637,3.1617688277858043,3.1617688277858043,5.314064180099559,4.735847069447211,5.057338780971783
T000267,2.2145634638765355,2.098585345368463,2.1596627205947945,2.1596627205947945,2.098585345368463,2.098585345368463,2.169854297003817,1.910401073509726,1.910401073509726,1.910401073509726,2.1865541903862358,2.098585345368463,2.2414686420917316,1.8405143052131465
T000268,2.9779366742038893,2.2724506499606085,2.7875558472194033,2.66065748065153,2.4653643128258182,2.4653643128258182,2.4653643128258182,1.743158404741051,1.7247651637918657,1.7192432596283234,1.7192432596283234,2.5305256093644664,2.3415692641810373,2.40304513941936
T000269,2.7307452427166647,2.4008536240298364,2.393465044703179,2.4110964477440895,2.4008536240298364,2.4008536240298364,2.357708995390765,2.357708995390765,2.01287071499254,2.01287071499254,2.296993823280377,2.4008536240298364,2.7307452427166647,2.4733425420196786
T000270,0.36451080034098143,0.2814016857584198,0.2814016857584198,0.2814016857584198,0.2814016857584198,0.2814016857584198,0.3701802871298914,0.3701802871298914,0.3701802871298914,0.3701802871298914,0.2814016857584198,0.2814016857584198,0.3225625112235434,0.33102999707675684
T000271,1.6095979127434814,1.6101290590627382,1.6095979127434814,1.6101290590627382,1.6101290590627382,1.5545419170609833,1.5545419170609833,1.5679890368769964,1.5679890368769964,1.567370033235922,1.5679890368769964,1.5692749858325614,1.4923936349839961,1.5545419170609833
T000272,1.4177576270352303,1.3375213606174887,1.3484691792667023,1.3484691792667023,1.2466344193764767,1.2680593333671113,1.0753246988320444,1.0356585746206342,1.0356585746206342,1.0356585746206342,1.411354925410453,1.2446041945846882,1.2922719258886672,1.077345718550263
T000273,1.3570637959152378,1.136693092666288,1.1605650927210651,1.1624818135283435,1.136693092666288,1.2468605514137854,1.2468605514137854,1.2468605514137854,1.3826123130116077,1.5075362305314224,1.1337852070290009,1.1337852070290009,1.2088363799246153,1.3826123130116077
T000274,0.32491007339019184,0.44821142928973323,0.44821142928973323,0.29650241836731267,0.44821142928973323,0.44821142928973323,0.3009950467272787,0.33569915191319827,0.3009950467272787,0.3009950467272787,0.44821142928973323,0.44821142928973323,0.3342083403861763,0.33346054297886446
T000275,1.1031868739933846,1.120965042114571,1.0622392401721243,1.072453520563785,1.3018332705642726,1.072453520563785,1.072453520563785,1.072453520563785,1.072453520563785,1.048950959678614,1.3599757818432738,1.3599757818432738,1.0947586559802465,1.072453520563785
T000276,2.1575973087897213,2.061064662594437,2.061064662594437,2.1676229698662923,2.2417857555158904,2.2417857555158904,1.9965907335861985,1.9965907335861985,2.0501117855983315,2.0501117855983315,2.0501117855983315,1.8106605883139144,2.0501117855983315,1.982690315947252
T000277,1.2863827256907758,1.2756128995035612,1.2895380793037063,1.2895380793037063,1.2895380793037063,1.2756128995035612,1.4128556894694349,1.4652838533362598,1.4652838533362598,1.4006259161329104,1.4042817828470364,1.2767635392361807,1.366235015246119,1.4652838533362598
T000278,0.9442381588222898,0.8638243903196334,0.8638243903196334,0.8638243903196334,0.9070679638809247,0.8446810330359393,0.8869093764189765,0.8638243903196334,0.8638243903196334,0.8638243903196334,0.8638243903196334,0.8467241601855588,0.8584475077101869,0.8900178948837416
T000279,0.964522900638128,0.829559177094783,0.8723281498527342,0.8751196061723795,0.8657859212565499,0.8586267179741605,0.8586267179741605,0.8586267179741605,0.8657859212565499,0.8657859212565499,0.9704673486878457,0.8736173456442019,0.8657859212565499,0.8586267179741605
T000280,0.6742305108440901,0.900446694326808,0.900446694326808,0.9443600277924109,0.9443600277924109,0.900446694326808,0.9443600277924109,0.8023076933231678,0.88724040087673,0.88724040087673,0.8023076933231678,0.6983787560639376,0.778856431121263,0.5002542139288817
T000281,4.369828477333897,1.6143798606269268,4.448387577443284,4.084666862677123,4.318712485771213,1.7319426037710766,1.7319426037710766,1.7319426037710766,1.7319426037710766,1.7319426037710766,1.7319426037710766,1.7319426037710766,2.295910094630806,2.791781402966298
T000282,1.949785325617714,1.9746871635718863,1.9746871635718863,1.9746871635718863,2.099008975088235,2.099008975088235,1.8628507073934213,1.8628507073934213,1.8628507073934213,1.8628507073934213,1.8628507073934213,2.0881369699156704,2.0881369699156704,2.479441143188875
T000283,1.366541947536603,1.0788620196278742,1.07786185161425,1.1883240379403535,1.1883240379403535,1.1883240379403535,1.422019461429466,1.422019461429466,1.422019461429466,1.422019461429466,1.1883240379403535,1.1883240379403535,1.422019461429466,1.5620995074513013
T000284,0.607540877523265,0.7396764760319384,0.7396764760319384,0.6779157541621934,0.8107620816439255,0.8107620816439255,0.8107620816439255,0.7389079493507659,0.7389079493507659,0.7389079493507659,0.7389079493507659,0.637780382209568,0.4491940453800225,0.4936575143481199
T000285,4.826724331637647,4.800610317476533,4.5889618598006185,5.038823184678869,5.059040608010167,7.257163876032797,7.040662801107388,7.040662801107388,7.040662801107388,7.040662801107388,6.9378350835432245,7.648495606016021,3.847413177173626,4.694128826311026
T000286,1.7095936337659112,1.914666733310565,1.8202542601870755,1.8202542601870755,2.050147310564156,2.050147310564156,2.050147310564156,2.050147310564156,2.050147310564156,2.050147310564156,2.050147310564156,2.112828946718969,1.8786081256133367,1.9337795904232389
T000287,1.533909526845866,1.803016527865064,1.5693657147167213,2.0880785548112017,1.382057777433518,2.664578256360354,1.9047612690601585,2.235312265728921,2.235312265728921,1.8266386912432213,1.9047612690601585,1.8266386912432213,2.0817639174624154,1.5949376556497046
T000288,0.9973012052862658,0.6374793547036195,1.2823433422637598,1.2823433422637598,1.5121846207716216,0.42503482869418047,0.42503482869418047,0.5746837077544722,0.42503482869418047,0.42503482869418047,0.412282425238668,0.8397628701094724,2.1534141231601214,1.5603972793918277
T000289,2.137728479361271,2.7168945184589153,2.971729455900236,2.971729455900236,3.2551943448851075,4.766567634335445,4.766567634335445,4.766567634335445,3.436033709103168,3.436033709103168,3.436033709103168,3.0428115718587248,2.8562110623329833,2.471156466634809
T000290,1.3983249950203556,1.4778982175070325,1.0742733646637548,1.8196028950575909,0.8777042889800316,0.8777042889800316,1.0198487813709565,1.0198487813709565,1.0198487813709565,1.0198487813709565,0.8777042889800316,0.8777042889800316,0.9099746472989935,0.7346926668505647
T000291,1.3030837320211088,2.813129350928142,2.813129350928142,1.3198796719252084,1.3198796719252084,1.3198796719252084,1.322952286413126,1.322952286413126,1.5382275685777174,1.5382275685777174,1.5382275685777174,2.4911065451536323,3.513781406570727,1.5382275685777174
T000292,1.8084941081021975,2.542767279125979,1.7973548488449016,1.7973548488449016,1.3510428754915187,1.8366769662081401,1.8366769662081401,2.199567197569465,2.199567197569465,2.199567197569465,2.199567197569465,2.9677969984153263,1.8084941081021975,2.184842384826723
T000293,1.1419189393852498,0.5372890237648528,0.5372890237648528,0.9854895300447887,0.5372890237648528,0.5519447530707682,0.5519447530707682,0.5519447530707682,0.5519447530707682,2.3923915358839927,0.5519447530707682,0.5519447530707682,1.408650510443115,0.9236221399792838
T000294,1.9644696310176024,0.7853675889605224,1.6665646975339814,1.9901956027922503,0.8290902749296787,0.7853675889605224,0.7853675889605224,0.7625347031796754,0.7853675889605224,0.7747363445601413,0.7853675889605224,0.7853675889605224,0.987237366100568,0.7748249907862242
T000295,1.6792179869771362,1.9120746912178892,1.91057688781321,1.6945296629047553,1.6945296629047553,1.6933269971492053,1.6945296629047553,1.5159171241780527,1.5159171241780527,1.5159171241780527,1.8408730681421779,1.8520562971554155,2.042070357323631,1.5159171241780527
T000296,2.330934530244623,2.5029541376223197,2.3012628705126246,2.292202985892682,2.369705143006573,2.369705143006573,2.369705143006573,2.744925316416256,2.763727120921517,2.763727120921517,2.1813805657209278,2.1449803036919617,2.2428339164252034,2.369705143006573
T000297,1.3805797468947663,1.4106426103669336,1.4106426103669336,1.4106426103669336,1.4106426103669336,1.4284734897541578,1.2068893959516986,1.3094131410301244,1.3628284015913819,1.3628284015913819,1.3628284015913819,1.3628284015913819,1.7513786426356075,1.1865900018877729
T000298,0.928914198353822,0.9032590694243514,0.9718265425605557,0.9718265425605557,0.9717352861435264,0.9642465267089338,0.9642465267089338,0.9642465267089338,0.9642465267089338,0.9866059142585348,0.969792444021521,0.969792444021521,0.9718265425605557,1.3331455040373021
T000299,1.743412503154103,1.857723958414976,1.8176707486806936,1.8040480317093033,1.8176707486806936,1.47100085916905,1.45497574923333,0.9461095373915167,0.9461095373915167,0.9461095373915167,1.6730745793747712,1.6730745793747712,1.933750532826625,0.8830271799191439
T000300,2.6395223574166544,2.733900238971657,2.733900238971657,2.5894326560472565,2.644734545021307,2.262283089876385,2.262283089876385,1.7992903402681424,1.8178833615580008,1.8178833615580008,1.7992903402681424,2.5178610792577105,2.6861391912887913,1.8048382796321611
T000301,2.550045058895134,2.54111916270702,2.54111916270702,2.646842858343513,2.646842858343513,2.468992741193716,2.468992741193716,2.468992741193716,1.9852570040924136,2.3485814493804704,2.468992741193716,2.468992741193716,2.6224133531312903,1.673962943914939
T000302,0.6809235809738478,0.7214176401682126,0.7214176401682126,0.7214176401682126,0.7214176401682126,0.5629893763518662,0.8179667545267415,0.7426393532946297,0.7426393532946297,0.7914026572270664,0.7425788353047177,0.769473247841046,0.7313708689402674,0.9032161824173953
T000303,1.8057709925437166,1.7479381153285722,1.6049754950714692,1.6049754950714692,1.6049754950714692,1.8057709925437166,1.430450349828778,1.5476961628776167,1.5476961628776167,1.5476961628776167,1.5476961628776167,1.7633762433958626,1.430450349828778,1.5540871525829705
T000304,2.5126040974131505,2.5889006246909654,2.562072104319072,2.562072104319072,2.5889006246909654,2.568558179199354,2.568558179199354,1.8645083680141001,1.8772493467505842,1.7640332775605312,2.6990351874803116,2.669518125175324,2.9275684803827837,1.936570465436941
T000305,0.9054103123055928,0.8588990203041478,0.7250316281578493,0.8103670780421177,0.7250316281578493,0.7250316281578493,0.7250316281578493,0.7250316281578493,0.7871098029220814,0.7250316281578493,0.7250316281578493,0.7250316281578493,0.8245258835963866,0.8938709494884577
T000306,1.6006958149160848,0.9438033066043521,0.8793840772885918,0.9438033066043521,0.9438033066043521,0.9438033066043521,0.9438033066043521,0.9438033066043521,0.9438033066043521,0.9438033066043521,0.9438033066043521,0.9438033066043521,1.3034614358035013,1.1010297474863817
T000307,2.7775439196678575,2.755265436480493,2.755265436480493,2.770931175312187,2.770931175312187,2.755265436480493,2.7975111102659054,2.8433774229292776,2.8433774229292776,2.8527498901172996,2.8527498901172996,2.798387561442282,2.7786499515107543,2.8681734665643255
T000308,1.3144863266106814,1.3239468817884208,1.319459885907459,1.3278994374591049,1.3231701895364263,1.2883681047091333,1.0692541381177072,1.0692541381177072,1.0692541381177072,1.0692541381177072,1.0692541381177072,1.0692541381177072,1.3239468817884208,1.2837400115487039
T000309,0.7911576636976906,0.6060278508646696,0.7517306338720451,0.6777779961772875,0.6616760348546402,0.6060278508646696,0.6060278508646696,0.6975452740782727,0.6975452740782727,0.6854728231602675,0.607605490144744,0.6060278508646696,0.6958800400715847,0.6975452740782727
T000310,1.1641452765083558,1.0080739622849362,1.045029834397737,1.1101845754061088,1.193962902742032,1.193962902742032,1.0875375621105072,1.1344692478447493,1.0897382015470045,1.0982365268351018,1.1546534109142053,1.1546534109142053,0.8761944032103346,1.1557587281118953
T000311,0.763426438107072,0.763426438107072,0.7773167313312104,0.7773167313312104,1.0676370077737811,1.0676370077737811,0.7714044884112258,0.742028112269246,0.8847911653251908,0.8847911653251908,0.8847911653251908,0.7350941110214395,0.8096209070379913,0.7616764721536841
T000312,1.633624251634129,1.5955628807532396,1.5435966709391358,1.6031351715741549,1.5955628807532396,1.5736593922118898,1.7501919644569814,1.8638209311081206,1.8638209311081206,1.9363514035757041,1.5736593922118898,1.7003322761461555,1.9380888696059877,1.740355537069292
T000313,1.348970530306422,1.3291863685108076,1.3518720640963933,1.3518720640963933,1.3518720640963933,1.3134644716938526,1.3291863685108076,1.6311194072937474,1.6311194072937474,1.6311194072937474,1.6311194072937474,1.3291863685108076,1.4122212642757177,1.6996152624764442
T000314,0.5550115962994601,0.5339215749695709,0.5420373058644845,0.5780752412550898,0.5780752412550898,0.5780752412550898,0.550043830310301,0.5407235414877397,0.5430285542618326,0.5447894717652234,0.5650584848535088,0.5650584848535088,0.8226704629031617,0.5430285542618326
T000315,2.0917197938855074,1.9904088329022958,2.228925085871536,2.1046710830787774,2.0344616515540013,2.496159967319363,2.496159967319363,2.446650945639326,2.496159967319363,2.4411539799423454,1.9904088329022958,2.173532400928621,2.095352460915855,2.3332358595803653
T000316,1.125071946934932,1.125071946934932,0.575307417471427,1.2454450929407916,1.6264042945364587,1.6264042945364587,1.2454450929407916,1.2454450929407916,1.6264042945364587,1.6264042945364587,1.2454450929407916,0.7641492721395668,0.5754098870732146,1.533584617490468
T000317,1.4665165940901568,1.5944930642505453,1.5910020451974245,1.5944930642505453,1.5944930642505453,1.5903068897653676,2.0001831092200435,2.2042780463679468,1.7946122712884285,2.15859289343589,2.15859289343589,1.5682353406426022,1.5785241614934848,1.9985355312878632
T000318,3.2806246402633166,3.002798209486223,2.976662157589488,3.6020893529456073,2.9998727067827633,2.8716522663581725,3.0286837620526277,3.800676293365197,3.800676293365197,3.800676293365197,3.322229793998157,3.496926827561366,3.322229793998157,4.006169949200619
T000319,2.3379654311228344,1.7974077451240624,1.8390664087858577,1.7089523603187329,1.7089523603187329,2.577066454626591,2.577066454626591,2.577066454626591,2.577066454626591,2.577066454626591,2.0444098428483986,1.7974077451240624,1.787951674222905,1.9986154258544602
T000320,1.295699052275174,1.235255375990171,1.172220467419328,1.172220467419328,1.2706527000774237,1.2062602816521633,1.4430542995204507,1.4630892985464603,1.4430542995204507,1.4430542995204507,1.2062602816521633,1.4482018508440737,1.186920230887828,1.3250802292856378
T000321,3.4010692769732835,2.7925061371070354,2.860138379607818,3.0695807327637796,3.0695807327637796,3.0113037061846564,3.0113037061846564,3.3359225053643775,3.3359225053643775,3.388130507906847,3.811527015897768,2.971880154851933,2.68665825518975,3.6471350147979122
T000322,1.2133314230194745,1.222391938860769,1.222479346990758,1.22116556604897,1.22116556604897,1.2133314230194745,0.9561241201385511,0.9561241201385511,0.9561241201385511,0.9724888305848288,0.9724888305848288,1.222391938860769,0.9523168291379404,1.0655465748858783
T000323,2.474474845747499,2.492176558532326,2.5024845796342032,2.5024845796342032,2.5186091797712273,2.492176558532326,2.4581831148339996,2.457421573974765,2.5309490689872014,2.7965009604257496,2.457421573974765,2.7965009604257496,2.710270566887768,2.6883935726382044
T000324,2.158565635308233,2.0729260374870893,2.0729260374870893,1.9567840902962563,2.103341193626434,2.103341193626434,2.103341193626434,2.103341193626434,2.7385138918643777,2.7385138918643777,2.103341193626434,1.894729404623122,2.063709795012834,2.3437246459466734
T000325,1.8575017453808105,1.1020341737430444,1.240500801503768,1.5616521750661954,1.5616521750661954,1.240500801503768,1.240500801503768,1.240500801503768,0.9559049199574288,0.897008397445371,1.240500801503768,1.3586693597747466,1.434156899246227,1.0485087366748589
T000326,1.2471672493184094,1.3134014560764642,1.3134014560764642,1.3134014560764642,1.3134014560764642,1.3134014560764642,1.329649848312692,1.2363227845670062,1.2363227845670062,1.2363227845670062,1.2363227845670062,1.372195185024319,1.372195185024319,2.1127741168623784
T000327,1.2210849921075038,1.2293760656106043,1.2443286822365982,1.2293760656106043,1.2443286822365982,1.2389700593685804,1.2443286822365982,1.3548539530367938,1.2365168660805086,1.3781278079494412,1.3781278079494412,1.2359655099617148,1.2332400658970302,1.2365168660805086
T000328,1.451900243339234,1.5536938720799984,1.456371767970557,1.5536938720799984,1.456371767970557,1.456371767970557,1.456371767970557,1.2073539109417033,1.7162274667671924,1.7162274667671924,1.7162274667671924,1.1854189573846725,1.187821013769282,1.3187095280808452
T000329,1.1493356044153633,0.7829701900764745,1.0336855697484217,1.0336855697484217,1.0336855697484217,0.822657627530145,0.822657627530145,0.8534391819493174,0.8534391819493174,0.8534391819493174,0.822657627530145,0.8783823052686899,1.0648227173926443,0.9944128165480306
T000330,0.7272575773915269,0.7312941448472475,0.7312941448472475,0.7312941448472475,0.7312941448472475,0.7312941448472475,0.7312941448472475,0.4211820563112123,0.4211820563112123,0.4211820563112123,0.7312941448472475,0.7312941448472475,0.6168742349128147,0.43761251543189095
T000331,1.339010238270429,1.2543005147442732,1.6961969948030302,1.7922136426039448,1.6961969948030302,1.2543005147442732,1.2247595993578544,1.2543005147442732,1.6216661775535715,1.2543005147442732,1.2543005147442732,1.5429989264656059,2.2612211668751954,1.7922136426039448
T000332,1.5592950389674405,1.6775715590351732,1.6511296162473228,1.6775715590351732,1.664201217739128,1.6032447778476293,1.4972259109808959,1.3597041238480179,1.3597041238480179,1.3597041238480179,1.3944608633860849,1.5777930711247476,1.6063913907731258,1.3811438744634703
T000333,0.8253311123705388,0.9722664853745241,0.9722664853745241,0.9722664853745241,0.9722664853745241,1.011194765145434,1.011194765145434,1.011194765145434,1.2929481042003719,1.2929481042003719,1.2929481042003719,1.011194765145434,0.7382937164224387,2.3451408923962025
T000334,0.540009819116845,0.5844744952241334,0.5844744952241334,0.41444395154051544,0.5844744952241334,0.5844744952241334,0.5844744952241334,0.5844744952241334,0.34882661172804397,0.34882661172804397,0.5844744952241334,0.5844744952241334,0.48648578526029473,0.3423552556874599
T000335,5.395059099417993,5.395059099417993,5.395059099417993,5.702643830245848,5.494707091952472,5.494707091952472,5.372153324918545,5.372153324918545,5.372153324918545,5.372153324918545,5.364482279100366,5.409244291770167,5.395059099417993,5.530572002653497
T000336,1.890169628804053,1.8149272034444912,1.935871536896334,1.935871536896334,1.935871536896334,1.6570320572597432,1.8744487342012845,1.8744487342012845,1.9049042779400456,1.737259590913765,1.737259590913765,1.8149272034444912,1.9301504264135643,1.5642588043962382
T000337,1.9419225167004446,1.8705962068134288,1.7690575449643755,1.7690575449643755,1.7690575449643755,1.933126986448801,1.9499583836816285,1.9401502358873965,1.9735915234396177,1.9735915234396177,1.9401502358873965,2.001784680537062,1.7690575449643755,2.0382410225752023
T000338,1.7297216774197721,1.9881774423778267,2.0277855930001647,2.0277855930001647,2.0277855930001647,1.9152548784353203,1.365936295362445,1.8347695904138224,1.2226510623363367,1.8347695904138224,1.8347695904138224,1.5981960504999544,2.0277855930001647,1.2226510623363367
T000339,4.062175966713585,4.22670173459232,4.096097606455815,4.193561048603034,4.185191911611763,4.185191911611763,4.188268890025046,4.234519030857116,4.234519030857116,2.5861775576762254,4.222342208278572,4.193561048603034,4.096097606455815,4.280008957964572
T000340,1.364024876033478,1.35799303264697,1.35799303264697,1.1855466428110952,1.1842410588648624,1.1842410588648624,0.852500432770463,0.8453425523782453,0.8453425523782453,1.185584446303563,1.1855466428110952,1.341885376922606,1.341885376922606,1.1032533074788506
T000341,1.7457886991960911,1.6140552607833138,1.5955163099606025,1.626232887781953,1.5447158738329647,1.5447158738329647,1.5447158738329647,1.5447158738329647,1.5447158738329647,1.617402971817981,1.5543280170752196,1.6333334410352696,1.5644212545913216,1.4527959137243573
T000342,0.7218343220511888,0.6973199332410335,0.7346821572080665,0.7346821572080665,0.739094233541097,0.7349736807396183,0.7880625486821359,0.7880625486821359,0.7880625486821359,0.7825383301841463,0.7275964557025869,0.7825383301841463,0.7218343220511888,0.7606567053105779
T000343,0.73384553398481,0.4054732615283842,0.4026293552574559,0.4026293552574559,0.4026293552574559,0.41060910478499496,0.41060910478499496,0.41060910478499496,0.41060910478499496,0.392573323927894,0.6428618385068147,0.4069325826445175,0.5579031640676456,0.6706154584186671
T000344,0.9390489204587452,1.0288373091543723,1.0288373091543723,0.9991050626242646,0.9176736017975923,0.9176736017975923,0.9365165554868545,0.5936220650260983,0.5936220650260983,0.5936220650260983,0.9592670705365295,0.9844120545685202,0.9844120545685202,0.6549419454433882
T000345,7.34713905405231,6.177464381972959,5.447132972480905,5.304750525167558,7.638866924811303,7.638866924811303,5.8508239245251055,5.97435716084047,5.97435716084047,5.917996295397147,5.8508239245251055,6.484294452740589,7.120692571020016,6.192622630162016
T000346,2.8898551322362094,2.5000041173066947,2.9513749121571196,2.6212076029041476,2.173138979028227,1.9665308796139385,1.9665308796139385,1.9665308796139385,1.9665308796139385,2.9267406232448256,2.8047614508074727,2.8047614508074727,2.806808443006489,2.846740815189048
T000347,1.564382006873849,1.6001705676329134,1.5911095371570962,1.6001705676329134,1.6010489190979877,1.4864704704388272,1.334186829337702,1.3644568036476652,1.3644568036476652,1.3644568036476652,1.3644568036476652,1.4708712115755365,1.3843329019919892,1.6143663632833805
T000348,3.099241205903104,3.09326060035113,3.09326060035113,3.1015905349174053,3.103591280198453,2.692000441589364,2.692000441589364,2.957914242834861,2.861470009993907,2.861470009993907,2.861470009993907,2.957914242834861,3.126592514458917,2.8415041025451018
T000349,6.365421926242891,6.597118121125533,6.228997377618886,5.748142409063073,6.138822239574075,5.122508601002537,5.722751771154663,6.29937685677005,5.722751771154663,5.722751771154663,5.722751771154663,5.795032142970209,6.3679382534850575,6.120155303326218
T000350,5.04212274308878,5.301480916541085,5.04212274308878,5.048083711326401,5.114717626623648,5.114717626623648,5.0426543511154085,5.0426543511154085,4.005561893707988,4.005561893707988,5.0097205406848895,5.118252480130924,5.1253616088305,5.04212274308878
T000351,1.6706158850115287,1.858951766661837,1.9919466521961608,1.8985150488749933,1.7162828311885474,1.7162828311885474,1.9251599956975818,1.9251599956975818,1.9512750853189151,1.802632077521257,1.802632077521257,1.858951766661837,1.9851967718523214,1.5940613673041693
T000352,1.9894379866813097,1.6963820266747043,1.6623162048002509,1.8653582940081823,1.8786895821611296,1.829261835460755,1.829261835460755,1.7463972944222772,1.8564815328872488,1.8564815328872488,1.9220608232501675,2.0735719724998414,2.0735719724998414,1.829261835460755
T000353,1.0223425239059265,1.5586500040360964,1.6814007564201565,1.6814007564201565,1.6814007564201565,1.502003856554353,1.502003856554353,1.502003856554353,0.9230783074721771,1.502003856554353,0.9230783074721771,1.3344666716234415,0.9732871354880741,0.9341119552148321
T000354,3.983165889519618,4.267413508878612,4.080895472684476,3.9792549728558306,4.083045120590296,4.083045120590296,4.072106391057027,3.1592791546768626,4.076039093773178,2.515559470636825,3.5509186698743327,3.9792549728558306,4.078469520799165,4.219831479899549
T000355,0.9988876626897737,1.0769853686627249,1.1210747441106297,1.0004375608856713,1.0004375608856713,0.8173274834558207,0.8173274834558207,0.8221083397958281,0.8221083397958281,0.8411885354334487,1.1210747441106297,0.8441183988803482,1.0411964247676235,0.8233746271961264
T000356,1.6236531682432453,1.80862042350873,1.9266479441588185,1.9266479441588185,1.4967475209994077,1.6221408899534964,1.6221408899534964,1.6221408899534964,1.8352952575773835,2.193766368234342,1.551937217481564,1.551937217481564,1.5465888843935771,1.6236531682432453
T000357,1.919004801447981,1.8160228808167642,1.8175681379570736,1.8175681379570736,1.8175681379570736,1.8160228808167642,1.8160228808167642,1.7810938083376495,1.8160228808167642,1.8160228808167642,1.8160228808167642,1.8160228808167642,1.835813718181025,2.2474707081592076
T000358,1.9912967575764908,1.884760912643991,1.859809728005149,2.092935271725399,2.092935271725399,1.884760912643991,1.9852419127224334,1.9852419127224334,2.294411314145071,2.294411314145071,2.1611253737741,2.0758080089886364,2.074473832363687,2.294411314145071
T000359,0.7082016545212085,0.7082016545212085,0.7082016545212085,0.6132068281629584,0.690720251569203,0.690720251569203,0.6167794595224285,0.6132068281629584,0.6566340984750291,0.7269789955089125,0.9109687730859399,0.7942839899901395,0.7942919948432834,0.6167794595224285
T000360,1.147501102985516,2.416990656587873,1.1779463557552252,1.1779463557552252,1.1205957220156613,1.1205957220156613,1.7153272560044517,1.7153272560044517,1.7153272560044517,1.7153272560044517,1.1312482649269888,2.4654245760871336,1.131073234322952,1.82849296886896
T000361,0.9139901921493316,1.4527773697213062,1.4873340437386864,1.1904560227996663,1.2412697764442646,0.9336596062226081,0.9286502521182352,0.9336596062226081,0.9336596062226081,1.1555077463469368,1.1398781967426925,1.225386027925934,0.9712718845439327,0.9336596062226081
T000362,1.5704693825642182,1.3205366905662959,1.3409911160378172,1.3409911160378172,1.3138636673605273,1.3571386032883228,1.3571386032883228,1.3571386032883228,1.3571386032883228,1.3205366905662959,1.3205366905662959,1.6418738626282325,1.5061346732823322,1.7502772975846335
T000363,1.4483496830944316,1.2995772859737225,1.2995772859737225,1.2995772859737225,1.2925394991489447,1.2737346509498784,1.2737346509498784,1.2737346509498784,1.3394099400279396,1.3394099400279396,1.3394099400279396,1.3113772143533584,1.3524003740842707,1.3601114630545161
T000364,0.6693651791007007,0.555294702588841,0.6617910194014199,0.6617910194014199,0.6794966103967981,0.6801505150191679,0.6629915292222273,0.6629915292222273,0.7726206301138616,0.8405972870430626,0.6502232497008151,0.6082111136423137,0.6082111136423137,0.7775901631118425
T000365,0.8525905152384275,0.7905142524944982,0.8887954978062312,1.0214919943600254,0.7905142524944982,0.7914475286676359,0.810700729887117,0.7914475286676359,0.810700729887117,0.7914475286676359,0.9294398081392422,0.9307616187360411,0.8666947037883744,0.8119465404981714
T000366,1.0385248504648656,1.2220507943354961,1.1615228162271083,1.1555656131058472,1.1495449944490124,1.1495449944490124,1.280705226665328,1.1259117672514156,1.2074501882908364,1.1259117672514156,1.292647729002234,1.0385248504648656,1.292647729002234,1.2762440283113732
T000367,1.3391183952173542,2.69206551717397,1.3385428029831126,1.5402902488505763,1.3183398280388576,1.3183398280388576,1.1288929443105176,1.1288929443105176,1.1288929443105176,1.1288929443105176,1.1288929443105176,1.278336330085812,1.2472621966777933,1.4783979932876676
T000368,0.4296155814735632,0.3394103121579343,0.2957849716005741,0.2957849716005741,0.3671234725207924,0.3146668793661758,0.3146668793661758,0.3146668793661758,0.3001587919329955,0.3389939285349393,0.35275024224468987,0.33036119927620083,0.3889071113312294,0.9854313550736027
T000369,0.6808642138675982,0.6993905237873452,0.6993905237873452,0.6978557196492742,0.6993905237873452,0.814162118963289,0.814162118963289,0.814162118963289,0.7305364626482833,0.7012923525945066,0.7156055432332199,0.6539494740165339,0.8911873946579328,0.7305364626482833
T000370,1.684632210771516,1.5931811856424751,1.6421591620184441,1.681881434315699,1.6421591620184441,1.70606301569808,2.1232055228118956,2.1232055228118956,2.1232055228118956,2.1232055228118956,1.70606301569808,1.6183695076045082,1.6668977188536258,2.1232055228118956
T000371,2.2732450127841086,1.9168549090159386,2.2960831024024473,1.535871476914174,1.535871476914174,1.5752959889116938,1.5414911401503388,1.580612037645734,1.5414911401503388,1.5752959889116938,2.217711999201324,2.217711999201324,2.2960831024024473,2.2258973140900205
T000372,1.5913257721151957,1.6095269161278392,1.5970722667222588,1.6124951051592544,1.6095269161278392,1.606527415866816,1.5913257721151957,1.6064891762888742,1.535213357126232,1.6064891762888742,1.53345336561213,1.5790766683672597,1.594916101393506,1.6273323985324357
T000373,1.1590682001948633,1.1481189501786933,1.150167021792981,1.150167021792981,1.150167021792981,1.1243097423806048,1.13426314279641,1.0565312380446303,1.13426314279641,1.0565312380446303,1.0565312380446303,1.46865736266577,1.1585115901891694,1.5996375719808997
T000374,1.0532308277418148,0.9505793163248767,1.0179781395777523,1.0179781395777523,1.0179781395777523,0.9577128115850949,0.9684526837216983,1.3935535022936556,1.3935535022936556,1.0352730398358172,0.9505793163248767,0.8667311266665236,1.0532308277418148,1.0211150375798828
T000375,2.3536118245970377,3.7129382728042923,2.3366848203368624,3.162648686469109,2.515496097813196,3.2253096940897574,3.162648686469109,3.2884815986036218,3.162648686469109,3.162648686469109,3.162648686469109,2.421408309232921,2.2404783357788784,2.2391978284672183
T000376,3.0575640866994123,2.6207627991766125,2.533135458113138,2.533135458113138,2.49672118703305,2.599041869748378,2.8212447588095015,2.8064996054303384,2.8917707107711395,3.0575640866994123,2.49672118703305,2.601950420666091,2.66032372871636,2.704336334087587
T000377,0.9439695417467142,0.9232857041190252,0.9232857041190252,0.9439695417467142,0.9022806641079859,0.8549270891362478,0.8265999891575959,0.8265999891575959,0.8265999891575959,0.8906485722063372,0.8057973894687719,0.8149353849280798,0.9232857041190252,0.9238732498271095
T000378,0.9110234329462301,0.6491851861051807,0.6868447936383919,0.6868447936383919,0.6868447936383919,0.6746472717351905,0.6803371201408578,0.6803371201408578,0.9045453590122298,0.8961578472402774,0.9432680754075888,0.9047126973400262,0.9047126973400262,0.837858345517686
T000379,1.8188427877014306,1.7600389648716912,1.4397105716621121,1.721628562403337,1.5892187558905682,2.2312291623935194,2.2419411013066024,2.2419411013066024,2.2419411013066024,1.5892187558905682,1.5412853901511137,1.627163428649061,1.5203053759048795,1.461551993195586
T000380,0.5615570020554816,0.5378026583801326,0.5378026583801326,0.5435792512689434,0.5378026583801326,0.5378026583801326,0.8313952824344838,0.8313952824344838,0.8313952824344838,0.5400194910263045,0.5435792512689434,0.571192121286956,0.571192121286956,0.8827647492227776
T000381,1.2750857286148796,1.2750857286148796,1.1111185704925557,1.2003580293626324,1.5904934976593017,1.2091724378030897,1.148004435224761,1.0577248024481538,1.2450100816156413,0.862961123394068,1.1278206058317037,1.2431562613239742,1.148090061206801,1.4512202681706357
T000382,1.0590051371255043,1.0882947754083667,1.0858619563270997,1.0646410933424144,1.0646410933424144,1.0958763242154583,1.0600372689116118,1.0646410933424144,1.0858619563270997,1.0929596641718313,1.0646410933424144,1.031802448188303,1.0154301148691605,1.102992852500382
T000383,1.339810623653802,1.4192581250227048,1.3063327601251546,1.4192581250227048,1.4192581250227048,1.8180196964003132,1.8180196964003132,1.7658578006885892,1.8180196964003132,1.8180196964003132,1.3391598329750904,1.396072175250478,1.3061782359867693,1.7658578006885892
T000384,0.4986607618212541,0.4627474239093832,0.46166145403445813,0.4854942242441083,0.46166145403445813,0.46166145403445813,0.4441760026461281,0.3927264277288998,0.46062319817407427,0.4441760026461281,0.42151162592696484,0.5084786694182072,0.3939621197085259,0.8594905812686855
T000385,3.1935430281155908,3.09707940153968,3.140728886409762,3.133962152825209,3.133962152825209,3.133962152825209,3.0691997719931505,3.0691997719931505,3.1551148478025266,2.3716131644488074,3.1749784617112202,3.115524679499299,3.409513328457668,3.0093445469481104
T000386,1.7539126456939524,1.9871277561020035,1.9871277561020035,1.9425354061054205,1.9408029151754822,1.313339461013928,1.46620180738117,1.46620180738117,1.914306149257663,2.018913513156367,2.018913513156367,1.8819755007057026,2.0270944134630486,1.8570908530059276
T000387,1.6053575180033814,1.691524674015026,1.604836741533699,1.604836741533699,1.604836741533699,1.5022994494224773,1.604836741533699,1.5754625865624208,1.604836741533699,1.604836741533699,1.691524674015026,1.8423224804761957,1.63181516602025,1.7530252349484379
T000388,0.707506636953526,0.46495685404403664,0.8604485556089019,0.46495685404403664,0.46495685404403664,0.631091487331692,0.5361241027552941,0.6549472063438366,0.5361241027552941,0.6549472063438366,0.631091487331692,0.684035742203891,0.7220345388887449,0.5435506533407117
T000389,2.789775837276625,2.8205712270440206,2.8205712270440206,2.8747271996016517,2.8148970027108167,2.8148970027108167,2.81486581633568,2.776147174259726,2.8330022367975864,2.6420286497069867,2.9355492889949164,2.9589810649398247,2.789775837276625,2.9973426827776204
T000390,0.9163626870207936,1.048850652535207,1.0757926814297392,1.032092358076709,1.1225860231793425,1.1225860231793425,1.1408989302876744,1.1408989302876744,1.0407444175119294,1.0407444175119294,1.1408989302876744,1.0828883078829645,1.1383239960481137,1.092567599466337
T000391,3.0844601291142117,2.317772933600092,2.5071761639038024,2.645869543035745,2.317772933600092,2.317772933600092,2.938754223120517,3.3002400031020214,3.3002400031020214,3.3002400031020214,2.317772933600092,2.581583791246913,2.581583791246913,2.86496207437734
T000392,1.1168332695687313,1.092421427276048,1.0388514627796257,1.0834666260696773,1.0998804036949563,1.3481747168594498,1.0388514627796257,1.3481747168594498,1.3481747168594498,1.3760992801512326,1.3481747168594498,1.3481747168594498,1.324715876164457,1.1232728529387777
T000393,2.9318444274366056,3.393229879513629,2.603447883684925,2.603447883684925,2.603447883684925,2.8074157766959473,2.603447883684925,2.5228725074784513,2.5228725074784513,2.5228725074784513,2.5228725074784513,3.027185277285237,3.027185277285237,2.6136732721061096
T000394,1.9043516056296528,1.822469244610598,1.822469244610598,1.4295219500310818,1.4295219500310818,1.4295219500310818,2.0931744140290967,2.2261853903665147,2.2261853903665147,2.3107870476359853,2.257933492669435,2.026171803434537,2.266907032095783,2.1521074436321297
T000395,0.8081092789922222,0.8091277924123897,0.7328045024487636,0.7328045024487636,0.7328045024487636,0.8091277924123897,0.7328045024487636,0.8076475578268899,0.7937503367798595,0.7328045024487636,0.8091277924123897,0.8980096036839339,0.7817253274418888,0.9073794485517972
T000396,0.5404409799092155,0.5294797075232168,0.5294797075232168,0.5294797075232168,0.5294797075232168,0.5294797075232168,0.5258673481565797,0.8117989273164707,0.9959495774885009,0.8822560009398704,0.5294797075232168,0.5279017260665941,0.5294388106905349,0.9959495774885009
T000397,1.7456758404701647,1.8147823498878148,1.863376632578416,1.863376632578416,1.7367884297460767,1.8147823498878148,1.3455489988594143,1.362266997163656,1.3912087951120826,1.4236950092843912,1.391452337723448,1.6838804133922323,1.1641812053279816,1.3906613209182512
T000398,2.043446621072323,1.801291795950709,1.801291795950709,1.801291795950709,1.801291795950709,2.0933068873386307,2.6763548152847716,2.6763548152847716,2.6642245130432283,2.6763548152847716,2.6763548152847716,2.0933068873386307,1.943162766838185,2.3650556871050292
T000399,0.613621100201166,0.5101246163092789,0.6148765513210094,0.6148765513210094,0.5455106945168373,0.6693992037374326,0.5984465103670694,0.5101246163092789,0.6144202585519907,0.5476019579466957,0.5101246163092789,0.5101246163092789,0.5551264483749494,0.8268513369103284
T000400,1.0538396987347396,0.3294538977508104,0.27374281180445026,0.3817477790172216,0.27374281180445026,0.27374281180445026,0.27374281180445026,0.46234759714630996,0.46234759714630996,0.4783964433302973,0.27374281180445026,0.27374281180445026,0.4663991423111442,0.438948906943896
T000401,0.7533736670874794,0.7740215004876121,0.7533736670874794,0.7740215004876121,0.7740215004876121,0.7740215004876121,0.7740215004876121,0.7740215004876121,0.7740215004876121,0.8691341368104022,0.7740215004876121,0.7740215004876121,0.9191545056427332,0.8691341368104022
T000402,1.099641642195286,1.4393358768670643,1.3520799941672195,1.3520799941672195,1.3520799941672195,1.4393358768670643,1.381175337258388,1.3159007834316976,1.3975595240011784,1.3975595240011784,1.3159007834316976,1.221816668435944,1.221816668435944,1.455683031000426
T000403,0.8645339427458476,0.8645339427458476,0.8645339427458476,0.8645339427458476,0.8673259556837762,0.7365267575841365,0.7365267575841365,0.7343396980841368,0.8213524334747352,0.8213524334747352,0.8213524334747352,0.8276686999228875,0.8579046052095299,0.8213524334747352
T000404,0.9298725395024423,0.7323413967824235,0.9298725395024423,0.9298725395024423,0.7323413967824235,1.24500378578757,1.24500378578757,0.7474912748133629,1.24500378578757,0.7795063865759898,0.7474912748133629,0.7474912748133629,0.9298725395024423,0.7480092964142904
T000405,0.4303246496038016,0.4303246496038016,0.2195938655888794,0.2195938655888794,0.3530235267778147,0.3798936108480632,0.3798936108480632,0.3798936108480632,0.43044272627371793,0.43044272627371793,0.3798936108480632,0.3798936108480632,0.37659984374175637,0.44680097465042096
T000406,0.6815178654689455,0.7278175961933486,0.6226813873278123,0.7278175961933486,0.7278175961933486,0.7278175961933486,0.7254931456333436,0.7278175961933486,1.1439505564258252,0.6766959169290666,0.7278175961933486,0.7278175961933486,0.6721049569298453,1.1439505564258252
T000407,0.9139868620453755,0.9858324897983657,0.9428795435024736,1.0342305183534906,0.9428795435024736,0.8420615356083584,0.8223808186371009,0.8757287601453999,0.8757287601453999,0.8757287601453999,0.8757287601453999,0.9754515000093842,1.000647586615321,0.8811270099053199
T000408,1.0589479788422065,0.5547519307902934,1.0589479788422065,1.0419446838014983,1.040874480554078,0.8801076812873481,0.8801076812873481,0.8801076812873481,0.7325456789674794,0.7325456789674794,0.7325456789674794,0.8801076812873481,0.7005219999497752,0.7325456789674794
T000409,1.1218622575607862,0.621585562554729,1.1218622575607862,0.621585562554729,0.621585562554729,0.621585562554729,0.5013758429441006,0.621585562554729,0.5917678991823508,0.9622519686618076,0.621585562554729,0.621585562554729,0.32703577187558,0.9577319025490402
T000410,0.7907365173484212,1.0348077961729438,1.0348077961729438,1.0348077961729438,1.0348077961729438,1.0348077961729438,0.9681582338438276,1.0319544424350147,0.9660798213076017,0.9128692723295162,1.0348077961729438,1.0348077961729438,1.3517239846434819,0.4599495666372371
T000411,0.8216452233246161,1.6077504216224876,0.6330812633260495,0.6330812633260495,0.6330812633260495,0.6330812633260495,0.8210815620274632,0.8210815620274632,1.0222942960460233,0.960610179782466,1.2555971967542991,0.47337447640443486,0.7436042006389793,1.9207079978338104
T000412,1.7109026905828904,0.9206023038931742,0.9206023038931742,0.9206023038931742,0.9206023038931742,0.8735872312562752,0.9581389928600864,0.9923089405185402,0.9923089405185402,0.9505791590597109,0.9505791590597109,0.9013192226859741,0.7354255213391023,0.9979032493234031
T000413,0.9694926556402421,0.7813552813558351,0.7813552813558351,0.7813552813558351,0.7813552813558351,0.717053498538287,0.717053498538287,0.717053498538287,1.07954570297019,1.2826698822035127,0.7845707971034279,0.7845707971034279,0.7425138163971073,1.07954570297019
T000414,0.7439415088311819,0.8897157642612322,0.8897157642612322,0.8897157642612322,0.8897157642612322,0.8897157642612322,0.9306217880557297,0.9306217880557297,1.26387938890609,1.26387938890609,0.8897157642612322,0.7439415088311819,1.26387938890609,0.8281310792842904
T000415,2.0654085566298086,2.2154484364980833,2.2027318532141265,2.1774872456710566,2.266317754245273,2.2709776553026724,2.266317754245273,2.2380898743927324,2.574240656410781,2.3913901838377374,2.5760071576385215,1.9782077199668684,2.1774872456710566,2.5810731354168452
T000416,1.2256034491734988,1.2250063056668568,1.3879056147539244,1.477306074548044,1.477306074548044,1.477306074548044,1.4707215541401273,1.3659276896070578,1.3442677267754766,1.3659276896070578,1.3442677267754766,1.4235857189740093,1.4235857189740093,1.4679910556923503
T000417,0.9473428872597683,0.9477143855546588,0.9351548177575031,0.9477143855546588,0.9351548177575031,1.315243848084698,1.315243848084698,1.2614317443310084,1.2197533966818739,1.243951100612654,0.9351548177575031,0.9477143855546588,0.9477143855546588,1.243951100612654
T000418,0.571771412522808,0.571771412522808,0.8434684606695558,0.7468536889084715,0.8434684606695558,0.7069015774055355,0.6995180405330902,0.6989487447643697,0.6555788294765192,0.7069015774055355,0.8434684606695558,0.724141405574371,0.6102768112396552,0.7069015774055355
T000419,1.143706514295616,1.143706514295616,1.4176209329279188,1.4176209329279188,1.2349451671876803,1.2349451671876803,1.5795819960963222,1.565693784769434,1.5444299737836702,1.5444299737836702,1.398304077721789,1.2092037316079098,1.2092037316079098,1.5444299737836702
T000420,2.7508870404960644,2.85606020954593,2.361933740050533,2.573472525554611,2.8518161578251395,2.576389732821899,2.8518161578251395,2.8518161578251395,3.0565879140252483,2.9805407955964602,3.0565879140252483,2.361933740050533,2.814918904539261,2.88425764458364
T000421,1.2368570544541626,1.299298336228491,1.2282988966605186,1.2736137667927447,1.1995100210479555,1.7565460983232783,1.79943948082145,1.7565460983232783,1.7561841969042014,1.7546012190422986,1.1995100210479555,1.299298336228491,1.1305873189064601,1.7546012190422986
T000422,0.6632848236560083,0.6926094985856793,0.6926094985856793,0.7096000440184628,0.6771690425074354,0.5224799683174955,0.5224799683174955,0.5224799683174955,0.506817855769951,0.8237616349438276,0.8237616349438276,0.5562419360668746,0.7096000440184628,0.445309835520567
T000423,1.05462568407602,1.05462568407602,1.0964158420506434,1.2439916458627094,1.273671405219724,1.273671405219724,1.273671405219724,1.1998327946636533,1.1998327946636533,1.18820003499385,1.18820003499385,1.1758673119827532,1.0964158420506434,1.1998327946636533
T000424,0.7517936586148987,0.7137579647414778,0.7137579647414778,0.7137579647414778,0.7137579647414778,0.7137579647414778,0.7403905361954866,0.7580639871706149,0.7403905361954866,0.8022689802018079,0.8022689802018079,0.8022689802018079,0.8022689802018079,0.7491579054466982
T000425,0.3991987564012589,0.2963189669331881,0.24186113878796633,0.2963189669331881,0.2963189669331881,0.2994227588963006,0.2994227588963006,0.2994227588963006,0.2994227588963006,0.2994227588963006,0.2969566625980344,0.2963189669331881,0.5039433202869124,0.37868109515771725
T000426,1.059585176796782,1.2602827206116565,1.2943771365592458,1.397507818815444,1.2602827206116565,0.6842781557341188,0.9183684882270703,0.8563987733680558,0.8563987733680558,0.8888046850772303,1.2602827206116565,1.2602827206116565,0.8988759475374299,0.4552145346693448
