unique_id,hurst,series_length,unitroot_pp,unitroot_kpss,hw_alpha,hw_beta,hw_gamma,stability,nperiods,seasonal_period,trend,spike,linearity,curvature,e_acf1,e_acf10,seasonal_strength,peak,trough,x_pacf5,diff1x_pacf5,diff2x_pacf5,seas_pacf,nonlinearity,lumpiness,alpha,beta,arch_acf,garch_acf,arch_r2,garch_r2,flat_spots,entropy,crossing_points,arch_lm,x_acf1,x_acf10,diff1_acf1,diff1_acf10,diff2_acf1,diff2_acf10,seas_acf1
M1,,56,-66.56211682255909,0.29970162434027814,0.11121043631980099,3.6587460663836465e-13,5.935464183632772e-12,0.16121259996281842,1,12,0.2633869445700353,0.0001673121431752419,-0.334970333817742,-1.9943851679982205,-0.3310939482919262,0.3190772424502817,0.3635712214501907,7,7,0.14908651231577288,0.7848098278708698,1.276656960858557,-0.004577449287541996,0.4167879667570027,0.3743749688046927,0.10169880188490876,0.0,,,,,3,0.8687807248484931,30,0.25207567062160663,-0.09843738896671099,0.15765557230414481,-0.59330073599254,0.4154053318860692,-0.6974652807944887,0.5809137572764635,-0.04714323951204105
M10,0.5888432894068577,56,-35.651527310674034,0.03673504923779882,1.49012343200795e-08,1.3090379238838486e-08,2.4897482273758022e-12,0.018147763747484353,1,12,0.08110446089636436,0.0001823986450659474,0.860658458745168,0.06331048761380428,0.3231681778199097,0.6976886366231438,0.5499382051892191,1,6,0.15567315233069143,0.2215601107500736,0.7103064355542492,0.12163089034958022,0.44381574567717863,0.2002161718761335,1.4901161193847656e-08,1.4901161193847656e-08,,,,,3,0.8070889431559385,28,0.2441092536338516,0.29337245417133734,0.39237910577784935,-0.23063372783591818,0.21420909314416478,-0.5131496498835282,0.35865590405919157,0.20299415800868123
M100,0.9560932239282913,57,-30.156823594514268,1.3172854771321794,0.12408550076652836,0.12408550076652836,0.0,0.6692788638527798,1,12,0.7717161174808694,1.9264322333466417e-05,-5.1992202631075255,1.6064697538061967,-0.08435776537464909,0.17500761967416129,0.6209982963213243,1,2,0.34844946097223223,0.2457812945552661,0.553289958532679,0.12326180694924534,0.5034041873868562,0.07713251105627701,0.10128196581395625,0.10128196581395625,,,,,5,0.7622036081620345,13,0.5481897035875662,0.4706993355861473,1.3014495100780288,-0.32086951955163934,0.37725158191002345,-0.5022640120495344,0.6931370057082042,0.36388850087844204
