unique_id,ds,y,MetaARIMA,AutoARIMA,SeasonalNaive,TimesFM
T000000,1993-08-31,6857.8,6596.216690779869,6667.752786899724,6611.115,6604.7295
T000000,1993-09-30,4346.09,4306.520052662829,4227.479462433336,4150.2395,4250.8164
T000000,1993-10-31,3154.73,2975.8311878845593,2969.658623326873,2841.0,3006.2378
T000000,1993-11-30,2142.21,1854.537554920838,1938.663653589015,1813.44,2185.869
T000000,1993-12-31,2375.725,2441.0427105207586,2371.430480886811,2261.08,2456.3179
T000000,1994-01-31,1981.11,1929.2813150116222,1933.6487025814208,1873.605,2007.8285
T000000,1994-02-28,1959.865,1777.5919905653554,1825.73581128005,1772.84,1989.3894
T000000,1994-03-31,2466.31,2172.1281707105263,2127.778662050185,2049.565,2336.2842
T000000,1994-04-30,2851.715,2950.697343344984,2928.087200227882,2932.265,2852.1377
T000000,1994-05-31,3671.805,3133.8270219808105,3163.919252064916,3113.255,3218.5415
T000000,1994-06-30,3806.78,3564.7199047930117,3525.3590975710686,3461.505,3739.6555
T000000,1994-07-31,6995.05,6219.1109187451275,6255.347580660485,6265.74,6195.7407
T000001,1993-08-31,185953.0,189979.34361465205,188581.6841659037,176215.2,192778.34
T000001,1993-09-30,171384.6,166333.83474431367,164959.88034060816,160025.7,169199.83
T000001,1993-10-31,169834.5,154182.82819711277,154165.47777945703,150995.5,155653.16
T000001,1993-11-30,125275.4,112226.39578480154,113623.39989763038,112002.6,115106.61
T000001,1993-12-31,90986.6,93517.5221089805,93846.52772987788,85668.59,95873.09
T000001,1994-01-31,100422.4502,111506.80858906564,112431.99701509153,107283.1,108956.52
T000001,1994-02-28,94333.93611,93588.77528971048,94104.34462252927,86953.77,99156.08
T000001,1994-03-31,109861.6957,99699.34539341828,100495.55771118969,95141.96,104783.31
T000001,1994-04-30,116636.7445,111348.20862039027,111912.64889834136,104902.6,118238.85
T000001,1994-05-31,139426.5233,124630.62470178977,125156.09224356862,117794.5,131456.08
T000001,1994-06-30,161014.9254,139708.57829712605,141038.63979575862,139187.5,150651.12
T000001,1994-07-31,199405.116,183353.82359789638,184854.63572280185,183571.9,191029.69
T000002,2006-01-31,84685.0,87109.34529857762,85754.35312885923,89162.0,87534.16
T000002,2006-02-28,72779.0,73946.07984829423,70826.92085807455,66728.0,79993.555
T000002,2006-03-31,106548.0,96830.29431109448,92851.17091982656,104864.0,102266.195
T000002,2006-04-30,105057.0,90392.62590648772,83680.02329930238,102253.0,101858.234
T000002,2006-05-31,92703.0,82939.85346336878,74365.45877506242,91564.0,92549.44
T000002,2006-06-30,102484.0,88586.47671456999,79611.7735028397,99782.0,98205.04
T000002,2006-07-31,101753.0,92336.46669663322,82895.47643793272,100335.0,98984.7
T000002,2006-08-31,86872.0,85797.58764361449,75832.33624363987,87455.0,90701.14
T000002,2006-09-30,87775.0,84700.76244804893,74145.47729609351,87126.0,90256.3
T000002,2006-10-31,116104.0,110771.94644744646,99922.23227411414,113382.0,119488.305
T000002,2006-11-30,108333.0,102272.42983527329,91564.55694945011,109339.0,105561.47
T000002,2006-12-31,93932.0,90237.29813798072,78957.63437577772,91099.0,91860.7
T000003,2006-01-31,26049.0,28082.994267650938,27619.717337473558,25621.0,26911.617
T000003,2006-02-28,22309.0,24626.54319666942,24146.324827918263,19333.0,23822.73
T000003,2006-03-31,31849.0,30764.61977300211,29628.83276969051,29124.0,29784.914
T000003,2006-04-30,28788.0,26341.275402840605,24792.592586690043,26206.0,27752.445
T000003,2006-05-31,26268.0,24858.746430253825,23101.6145826252,24662.0,26371.605
T000003,2006-06-30,21046.0,22547.39174917206,20859.032980187338,20063.0,23417.332
T000003,2006-07-31,28506.0,26353.39837295851,24366.41392461935,24784.0,26750.73
T000003,2006-08-31,25586.0,25368.441052363705,23265.940416231064,23189.0,25713.592
T000003,2006-09-30,21037.0,22782.28487293766,20530.761022548584,20031.0,23291.652
T000003,2006-10-31,33134.0,31677.101090821438,29014.450272972208,31092.0,31883.654
T000003,2006-11-30,36748.0,32943.4542669434,29989.32285454033,33325.0,32003.635
T000003,2006-12-31,34377.0,31682.670415435234,28625.434303792015,31412.0,30169.004
T000004,2006-01-31,48817.0,50263.98312746164,48716.539143997135,44171.0,48679.242
T000004,2006-02-28,35067.0,40611.72523146338,40665.18214611908,28694.0,39014.996
T000004,2006-03-31,44026.0,49021.40660044039,47169.40022649954,41972.0,46711.797
T000004,2006-04-30,51793.0,46657.29917911905,48452.32204113553,44119.0,45511.754
T000004,2006-05-31,42239.0,44076.50699366664,45439.88100211646,39822.0,42829.363
T000004,2006-06-30,48081.0,47575.7875355331,49688.66410534696,47412.0,46435.855
T000004,2006-07-31,46913.0,48285.14562739587,48851.19601099907,46414.0,43830.547
T000004,2006-08-31,39952.0,44377.58705801371,43624.55040865459,39951.0,40039.43
T000004,2006-09-30,52498.0,52448.03644006095,50719.04083246591,49662.0,48390.926
T000004,2006-10-31,55218.0,53852.733874576676,51721.35246849264,49482.0,47054.688
T000004,2006-11-30,46420.0,49918.66913876133,48159.41732828131,43546.0,42300.797
T000004,2006-12-31,52909.0,54363.58243830427,53017.08520834295,50332.0,46855.453
T000005,2006-01-31,38689.0,37857.221564015555,37685.43998040842,39292.0,36895.1
T000005,2006-02-28,41460.0,37429.287299436786,37077.50513700346,32350.0,37657.047
T000005,2006-03-31,51059.0,48010.286908671864,47424.64852363983,48773.0,48268.22
T000005,2006-04-30,47601.0,38133.975520774446,37167.07093879436,42371.0,42285.07
T000005,2006-05-31,34785.0,30396.112284425064,29015.634700664486,32204.0,33491.56
T000005,2006-06-30,30895.0,28607.47423238581,27149.305004540958,30396.0,29591.113
T000005,2006-07-31,35205.0,32075.924558066974,30434.91634679961,34089.0,33528.344
T000005,2006-08-31,37240.0,32220.93770295693,30377.872009600447,34031.0,35974.12
T000005,2006-09-30,38076.0,33562.771128548826,31448.561505136826,34931.0,38240.625
T000005,2006-10-31,55525.0,46039.236183167595,43955.59630234998,50028.0,51269.297
T000005,2006-11-30,56107.0,44793.386937250114,42481.75298195271,47097.0,44017.582
T000005,2006-12-31,49853.0,36352.38123821154,33944.73474496194,39039.0,36071.703
T000006,2006-01-31,13582.0,15007.208623299175,14776.285327662474,13921.0,14220.285
T000006,2006-02-28,13898.0,15533.296269213099,14583.00312178008,11658.0,15038.008
T000006,2006-03-31,20853.0,21425.80061962136,20310.209440243496,19017.0,19036.586
T000006,2006-04-30,21487.0,21295.770491537118,20067.755148494725,21023.0,20177.13
T000006,2006-05-31,17042.0,16918.268958531364,15510.171078360963,15987.0,16384.977
T000006,2006-06-30,14432.0,14606.373211276128,13244.682221388137,14039.0,14307.213
T000006,2006-07-31,13884.0,15154.071488463656,13746.224782794377,14740.0,14572.574
T000006,2006-08-31,15733.0,15689.685907774587,14227.345985689779,15158.0,15025.176
T000006,2006-09-30,17889.0,18026.09308392687,16464.62526865168,17561.0,16876.648
T000006,2006-10-31,25661.0,25811.581647315317,24189.514573578188,25464.0,24951.79
T000006,2006-11-30,22243.0,22190.628330295836,20377.983133749265,21276.0,20855.52
T000006,2006-12-31,17133.0,16003.362362345237,14073.155145414054,14781.0,15293.889
T000007,2006-01-31,101602.0,98241.6067210452,102816.73516219344,115957.0,108232.25
T000007,2006-02-28,96283.0,86975.86029166674,100689.12108716823,89686.0,100800.28
T000007,2006-03-31,122773.0,102862.39380931681,107195.31804930027,111183.0,111591.234
T000007,2006-04-30,90793.0,74495.81358996926,100537.54319738918,86179.0,94882.8
T000007,2006-05-31,108542.0,80201.79435767801,104661.41680588145,87988.0,98998.164
T000007,2006-06-30,105770.0,81946.75509516172,102564.91940760869,90343.0,103249.31
T000007,2006-07-31,101269.0,90121.95796314256,109134.74515063842,92029.0,101858.8
T000007,2006-08-31,118692.0,100186.16233195529,111978.35521858187,98053.0,113995.09
T000007,2006-09-30,116977.0,107576.37400826477,119225.79509620494,113458.0,117444.586
T000007,2006-10-31,100137.0,91324.78135710483,110016.99379945923,94237.0,110067.47
T000007,2006-11-30,124450.0,102266.52849738492,118249.17495255846,115049.0,115972.85
T000007,2006-12-31,123823.0,114815.10428012429,123661.3475846113,116686.0,123257.77
T000008,2006-01-31,60723.0,61258.33383608287,58155.3097729668,53643.0,62304.57
T000008,2006-02-28,59013.0,57135.2975330204,53791.83057370065,46151.0,57426.496
T000008,2006-03-31,53903.0,55072.64252977836,51289.305834936065,42506.0,55107.695
T000008,2006-04-30,55107.0,54402.49194315683,56034.421424049244,51457.0,57282.086
T000008,2006-05-31,52803.0,51952.84256747589,53908.14865713864,50832.0,55101.492
T000008,2006-06-30,52135.0,55272.139501700585,57144.149276319135,57555.0,56288.508
T000008,2006-07-31,60239.0,60653.527177296375,58463.74927615898,57983.0,59072.695
T000008,2006-08-31,67950.0,66621.0782220001,60507.27408516083,61937.0,64411.84
T000008,2006-09-30,51784.0,57088.27890370645,54151.37037722397,52034.0,55418.08
T000008,2006-10-31,61284.0,61422.99693098448,57050.78080190487,57183.0,57198.316
T000008,2006-11-30,64470.0,63021.229055272386,56294.67843336006,53115.0,58120.945
T000008,2006-12-31,79203.0,62791.08226899944,57533.25201744468,58084.0,62038.316
T000009,2006-01-31,28043.0,29473.858463181903,29464.595798371658,24135.0,30386.74
T000009,2006-02-28,31437.0,30568.608645680444,30652.863820994942,28869.0,30374.139
T000009,2006-03-31,39736.0,35098.781640492496,35528.071555700844,33975.0,36309.098
T000009,2006-04-30,47661.0,35050.21487974942,35965.37182651551,34869.0,42701.992
T000009,2006-05-31,50590.0,36151.81592223159,37229.4700912964,40199.0,41777.523
T000009,2006-06-30,37780.0,29587.40460052243,30698.1194731232,29526.0,34816.195
T000009,2006-07-31,31373.0,28440.317425925252,29580.20875584454,28405.0,32352.121
T000009,2006-08-31,32064.0,30841.088172435127,32148.76342159442,25474.0,36375.867
T000009,2006-09-30,32145.0,30456.985139089746,31585.21178357733,29863.0,34615.477
T000009,2006-10-31,40353.0,35255.09623918044,36175.84469601246,40207.0,36601.766
T000009,2006-11-30,38108.0,32059.184928411334,32998.216346791436,35064.0,35224.164
T000009,2006-12-31,44751.0,35656.12054607831,36424.71364162985,40463.0,40203.85
T000010,2006-01-31,35157.0,46708.91405079775,44661.035836651354,42725.0,35546.047
T000010,2006-02-28,32322.0,42043.09887387226,39041.164724295115,30387.0,34903.14
T000010,2006-03-31,50716.0,52705.39187498158,49332.32824112642,49847.0,48323.75
T000010,2006-04-30,42163.0,45317.84912777699,41348.97351082062,42913.0,42226.734
T000010,2006-05-31,48696.0,50305.63349525907,45611.62228671469,50758.0,44059.39
T000010,2006-06-30,61703.0,58880.972057713676,53532.55771089923,55060.0,59441.215
T000010,2006-07-31,42044.0,49186.83396285332,43241.27696623354,43856.0,38067.43
T000010,2006-08-31,41766.0,50452.98904017369,43992.16394165636,40969.0,43032.22
T000010,2006-09-30,43908.0,48925.15344931057,41956.98636557331,39583.0,41593.42
T000010,2006-10-31,43530.0,49997.681996761334,42532.90333082034,42535.0,44379.25
T000010,2006-11-30,66014.0,63844.43227031176,55899.87431776491,59952.0,58697.047
T000010,2006-12-31,80455.0,78261.96678576784,69888.85938462347,74745.0,77110.375
T000011,2006-01-31,29155.0,32781.543426649136,32259.34957191444,29397.0,30112.496
T000011,2006-02-28,26432.0,27324.684248602658,25646.300307182937,21529.0,27443.754
T000011,2006-03-31,38097.0,36405.457023315466,34540.34273696162,33489.0,33981.42
T000011,2006-04-30,43065.0,39559.33413662306,37535.460998336646,41010.0,41409.254
T000011,2006-05-31,34595.0,32878.1137520658,30192.96378133003,31832.0,33685.95
T000011,2006-06-30,24807.0,25147.20892974803,21767.148260332786,19905.0,28560.979
T000011,2006-07-31,35816.0,37905.66361023576,34758.75073754717,38182.0,32659.586
T000011,2006-08-31,29093.0,32637.47937656667,28811.706665439266,29347.0,30869.523
T000011,2006-09-30,21865.0,27100.387470369747,22781.703574792868,22825.0,29753.312
T000011,2006-10-31,36590.0,41184.8892040008,37031.26563518176,40198.0,37319.953
T000011,2006-11-30,28370.0,30499.206685277117,25736.030063114733,26281.0,32942.406
T000011,2006-12-31,47647.0,47161.23460636978,42636.13994225338,46417.0,40281.293
T000012,2006-01-31,182465.0,170320.26154173882,172365.72181207215,164183.0,170287.92
T000012,2006-02-28,176180.0,170163.99193534988,173483.2375103742,181479.0,166049.72
T000012,2006-03-31,168138.0,163645.97240388705,168285.6387155832,156370.0,160511.38
T000012,2006-04-30,181765.0,171050.98959136682,181735.43325561995,183531.0,171533.28
T000012,2006-05-31,159505.0,145025.01477902502,166821.00164776627,162382.0,157502.72
T000012,2006-06-30,171757.0,156569.895316307,174800.21022235154,167860.0,162695.97
T000012,2006-07-31,221001.0,201021.15861584773,194336.20179236692,203425.0,189232.27
T000012,2006-08-31,211867.0,203009.74016701698,192484.17646732664,198992.0,195111.73
T000012,2006-09-30,166143.0,173732.38935910325,175091.30007371152,171075.0,164791.77
T000012,2006-10-31,184003.0,191001.08962212777,186628.22659074137,193622.0,176165.33
T000012,2006-11-30,167346.0,170558.14595846937,172280.68525218277,166635.0,162457.7
T000012,2006-12-31,187062.0,183427.35289650748,182261.79291084898,181011.0,173521.39
T000013,2006-01-31,1324888.0,1180269.459658433,1170849.2479786233,1065487.0,1150114.9
T000013,2006-02-28,1141391.0,1077906.7235309263,1097390.4148570914,1041061.0,1019422.2
T000013,2006-03-31,1125564.0,1077539.8316381192,1089820.5371485872,932243.0,1007182.25
T000013,2006-04-30,1109401.0,1027171.4768469919,1057906.938797303,987091.0,1046546.25
T000013,2006-05-31,1045744.0,1044708.6278557004,1067080.604085098,972313.0,948634.6
T000013,2006-06-30,959404.0,994027.4446123849,1023383.0519516573,885596.0,860387.75
T000013,2006-07-31,1196987.0,1222274.8259755613,1205220.5749674346,1147076.0,1124940.2
T000013,2006-08-31,1364825.0,1321773.3152614688,1277129.0365061262,1221159.0,1232639.8
T000013,2006-09-30,930532.0,1084441.295194482,1084013.0326025886,925417.0,995284.94
T000013,2006-10-31,1083361.0,1226503.3782869908,1199669.7960828005,1115023.0,1048909.9
T000013,2006-11-30,1043726.0,1211844.205695168,1182936.0011400813,1070488.0,1038153.75
T000013,2006-12-31,1265519.0,1303493.0426977994,1254771.3780884347,1178446.0,1190815.8
T000014,2006-01-31,8520.78,8873.9650606745,8885.256538478441,8806.55,8774.479
T000014,2006-02-28,8623.44,8546.228585338778,8669.099877506142,7520.2,8281.333
T000014,2006-03-31,9136.74,9309.162686143953,9105.407526947907,8509.7,8932.662
T000014,2006-04-30,8623.44,8000.969345378038,8677.107547091548,8410.75,8683.346
T000014,2006-05-31,8520.78,7815.274494666821,8565.211136598355,8113.9,8485.072
T000014,2006-06-30,8623.44,7987.5123466343375,8681.458416869926,8212.85,8349.281
T000014,2006-07-31,8418.12,8335.32881755301,8724.94325842543,8113.9,8183.3604
T000014,2006-08-31,8623.44,8483.376469813413,8639.472270722305,7916.0,8252.594
T000014,2006-09-30,8970.64,8875.258799907944,8635.581175311916,8106.48,8700.217
T000014,2006-10-31,9511.04,9576.254097497687,8983.833670436698,8707.83,9382.1455
T000014,2006-11-30,9620.01,9722.620254397769,9225.616281785115,9208.28,9323.336
T000014,2006-12-31,9187.65,9069.05500767155,9060.043300751584,9186.8,8874.078
T000015,2006-01-31,16009.76,13736.799914053929,14053.527330312072,15218.72,14792.566
T000015,2006-02-28,15691.32,13327.014455322987,14009.802982589248,13711.24,14776.828
T000015,2006-03-31,16412.76,14371.51454953568,15200.239925570462,14926.16,15294.301
T000015,2006-04-30,15747.46,12992.558541569577,14478.807466698134,14752.6,15285.854
T000015,2006-05-31,15203.11,12535.335816221645,14298.708570657354,14248.0,14993.04
T000015,2006-06-30,15566.05,12959.462378830067,14648.319259679232,14782.3,15109.955
T000015,2006-07-31,16501.5,14184.597217237198,15581.238861114369,15678.08,15270.125
T000015,2006-08-31,16684.85,14672.102331143877,15766.936397021916,15499.92,15395.232
T000015,2006-09-30,15018.3,14129.728826456594,15358.275883652179,15469.44,15253.074
T000015,2006-10-31,15750.9,14699.216675226213,15728.663391136128,16206.08,15437.823
T000015,2006-11-30,16630.2,15444.705112285035,16371.404444216543,17250.1,15593.282
T000015,2006-12-31,17184.54,14712.592603739608,15640.711281169875,14709.6,15278.206
T000016,2006-01-31,9758.42,9842.027176174533,9960.696533819328,9044.52,10001.941
T000016,2006-02-28,10098.83,9307.581926686213,9465.199021377499,8081.92,9463.496
T000016,2006-03-31,12040.71,10228.69332918956,10020.144067502515,8871.24,10143.363
T000016,2006-04-30,11619.52,9456.918407671397,9971.476014962602,9293.68,10185.161
T000016,2006-05-31,10563.2,8728.942580466708,9512.008520155121,8240.54,9820.07
T000016,2006-06-30,10959.32,9132.840071180082,9920.88746192512,9112.32,9765.785
T000016,2006-07-31,11889.0,10234.013764602312,10369.2800555563,10125.57,9877.507
T000016,2006-08-31,12021.1,10636.087519392904,10260.769246673348,9903.03,10022.05
T000016,2006-09-30,10700.1,9903.889156727426,9847.852321503988,9258.62,9721.343
T000016,2006-10-31,11694.84,10381.876773650505,10180.489717190629,10051.66,9958.514
T000016,2006-11-30,13280.2,11134.438918117166,10657.654390412305,10955.18,10217.643
T000016,2006-12-31,13135.85,10823.647729512708,10435.425336150607,10671.75,10036.948
T000017,2006-01-31,4015.57,3975.77227726011,3975.7575481362846,3826.4,4011.5708
T000017,2006-02-28,3923.92,3973.448137077279,3984.3951649995565,3902.58,3929.0388
T000017,2006-03-31,4254.58,3923.241848170773,3998.0378658342815,3599.36,4009.9585
T000017,2006-04-30,4260.39,3982.082842592284,4055.0179059735406,3999.96,3964.336
T000017,2006-05-31,3926.16,3905.459680514582,3961.9671133585075,3499.2,3802.8787
T000017,2006-06-30,3816.0,3932.3928071428686,4005.984803974034,3681.0,3742.9922
T000017,2006-07-31,4197.27,3966.2414847154405,4096.44679210991,3907.34,3835.1025
T000017,2006-08-31,4217.81,3977.327085235839,4103.34804541504,3982.4,3834.526
T000017,2006-09-30,4049.28,3955.837225905086,4042.6179300319222,3841.53,3808.087
T000017,2006-10-31,4256.52,4019.3989746795364,4145.332947952606,4262.75,3961.7942
T000017,2006-11-30,4361.04,4034.4704206206807,4192.892473097591,4363.05,4029.8484
T000017,2006-12-31,4253.36,3997.724376781677,4124.567017585316,4120.5,3901.1084
T000018,2006-07-31,101855.0,109671.18652410817,111164.21352536717,113942.0,104909.21
T000018,2006-08-31,90927.0,99450.02828054118,98986.9948392896,101223.0,98122.555
T000018,2006-09-30,114367.0,109414.62482173007,110193.36640607507,110468.0,107895.55
T000018,2006-10-31,97030.0,102393.56731597579,103756.60613595828,103374.0,104568.8
T000018,2006-11-30,88414.0,86877.15254487164,88533.99139977248,81231.0,89917.234
T000018,2006-12-31,100917.0,98903.3754318686,100757.09057656812,98303.0,102299.35
T000018,2007-01-31,72408.0,70674.80579865338,71939.55953929992,69743.0,75643.7
T000018,2007-02-28,64310.0,67279.84098126256,68560.66706015987,60959.0,70206.17
T000018,2007-03-31,83167.0,88145.23033932733,89049.23762722818,81621.0,92227.64
T000018,2007-04-30,98227.0,98396.61307897915,101025.44252946277,95098.0,96712.67
T000018,2007-05-31,95715.0,86205.09832193227,87677.39344123243,81821.0,85783.76
T000018,2007-06-30,107712.0,96284.79338618608,99506.56860901667,93045.0,90892.445
T000019,2006-07-31,50416.0,55573.46750777904,55667.15304129947,56022.0,57174.43
T000019,2006-08-31,61136.0,63718.4116826803,63968.23455281988,63088.0,63490.29
T000019,2006-09-30,52097.0,55214.43852807316,55321.42754902352,57132.0,52742.13
T000019,2006-10-31,54955.0,55537.29336644646,55565.87917087303,54413.0,52447.82
T000019,2006-11-30,59051.0,63201.505968382524,63157.40792100718,64935.0,55010.242
T000019,2006-12-31,55308.0,62724.289637318165,62758.50750907352,60737.0,58148.934
T000019,2007-01-31,50051.0,60492.87764717852,60442.39773894411,62522.0,54299.832
T000019,2007-02-28,55259.0,61168.910949358615,61152.918323981474,62233.0,56855.125
T000019,2007-03-31,60513.0,64462.1497067019,64462.397577165466,64432.0,62447.58
T000019,2007-04-30,40579.0,47647.95037812148,47697.67346145542,44526.0,45732.47
T000019,2007-05-31,32810.0,42433.91414608722,42449.43781311532,41698.0,40813.48
T000019,2007-06-30,38095.0,41808.84684780259,41804.10538257133,42696.0,38897.76
T000020,2006-07-31,17517.0,17532.148773489644,15617.413187674561,17259.0,17696.018
T000020,2006-08-31,11951.0,12678.740517298538,12722.410503977895,13288.0,11892.587
T000020,2006-09-30,10313.0,10940.038807464645,11028.406063154041,10720.0,10472.02
T000020,2006-10-31,12206.0,12495.823348010419,11534.142179811237,11596.0,11909.08
T000020,2006-11-30,10121.0,11429.934224002793,11248.877421299987,10704.0,11281.927
T000020,2006-12-31,16721.0,16907.905537773015,16095.086582223372,19242.0,16187.63
T000020,2007-01-31,9349.0,13044.365900516628,13240.4680138756,14481.0,14274.346
T000020,2007-02-28,17936.0,16788.750556219813,15189.972415826081,13436.0,17661.482
T000020,2007-03-31,12207.0,13826.545485669498,13151.766318088086,12046.0,14278.577
T000020,2007-04-30,14750.0,13992.808440845005,14895.451901152188,16944.0,13497.574
T000020,2007-05-31,8675.0,9602.52018461666,9493.791451610614,9128.0,8312.894
T000020,2007-06-30,11357.0,12227.481236518026,10556.630603599253,9937.0,11340.972
T000021,2006-07-31,19011.0,17622.183748638123,18366.88495848021,19340.0,19058.975
T000021,2006-08-31,16729.0,14737.57188448912,13963.076805764205,16442.0,18930.447
T000021,2006-09-30,18314.0,16200.938923872985,16729.18792801512,17789.0,19721.7
T000021,2006-10-31,20876.0,19900.343554088675,20746.127678195047,22043.0,20758.615
T000021,2006-11-30,27110.0,29671.56842007197,28695.73220472874,26906.0,30919.28
T000021,2006-12-31,34836.0,34278.14740660849,34647.69531379892,32771.0,38484.223
T000021,2007-01-31,13529.0,13435.898373258802,14346.97895351436,15861.0,18655.057
T000021,2007-02-28,22703.0,20388.495956854393,19323.784316892466,18388.0,21821.559
T000021,2007-03-31,20804.0,19613.667374662266,19611.281735954188,18608.0,21978.004
T000021,2007-04-30,19761.0,17429.10547226705,18011.255375569643,19240.0,20056.457
T000021,2007-05-31,23458.0,19103.72773342755,18962.770075086653,17790.0,22844.057
T000021,2007-06-30,26332.0,27818.168043788573,27744.439630461944,26629.0,28938.35
T000022,2006-07-31,11412.0,11512.80252445076,11340.156758166993,11869.0,12560.454
T000022,2006-08-31,12805.0,11377.484402513957,11572.928548357248,13479.0,13247.756
T000022,2006-09-30,10465.0,12545.483586465638,12341.776386451369,11919.0,14274.4
T000022,2006-10-31,15174.0,11616.495393525027,11807.735787767462,14140.0,13333.321
T000022,2006-11-30,13686.0,15293.57150386097,15168.179827102413,14609.0,16293.193
T000022,2006-12-31,17939.0,16788.750673288276,16985.119117040584,17743.0,17283.742
T000022,2007-01-31,7669.0,8650.373282097582,8532.687307615812,9885.0,10722.28
T000022,2007-02-28,17108.0,14953.656773220004,15114.593513015956,14967.0,17441.846
T000022,2007-03-31,13577.0,11259.53006180583,11177.046012252793,10927.0,13999.007
T000022,2007-04-30,12936.0,10566.47463493428,10717.760569095954,10671.0,13836.732
T000022,2007-05-31,13885.0,14392.420453697645,14314.289677646373,12720.0,16789.65
T000022,2007-06-30,10392.0,9265.716335116842,9433.726071703266,9610.0,12409.574
T000023,2006-07-31,7809.0,8196.616116836689,8356.574389434392,8345.0,8689.5625
T000023,2006-08-31,5437.0,4863.691202817161,4627.445238750698,4994.0,5964.165
T000023,2006-09-30,5701.0,5304.049963040593,5576.916839999599,5835.0,6225.635
T000023,2006-10-31,12651.0,7410.918991011104,8413.116830318148,8762.0,7099.8545
T000023,2006-11-30,5387.0,6135.334709467013,5822.503688395613,6822.0,6982.974
T000023,2006-12-31,9805.0,10470.08688721632,11380.3636704061,10313.0,10956.742
T000023,2007-01-31,5582.0,5552.706735104635,5755.612647539852,5382.0,6845.969
T000023,2007-02-28,7195.0,7825.760887590775,8177.730425797023,8004.0,7450.213
T000023,2007-03-31,6599.0,6210.697911512002,6267.162992823138,6396.0,7237.684
T000023,2007-04-30,5727.0,5281.100021798214,5361.548861638495,5375.0,6549.48
T000023,2007-05-31,5467.0,4906.175560861699,5063.721063942799,5052.0,6130.0513
T000023,2007-06-30,7863.0,6611.123488681351,6752.011050739293,6539.0,7415.3086
T000024,2006-07-31,10941.0,11465.830159180961,11483.622861361773,13189.0,9858.251
T000024,2006-08-31,8322.0,9755.424992036658,9731.029082411558,11317.0,8088.0947
T000024,2006-09-30,6486.0,6833.372992916664,6769.333506127612,8425.0,6920.6294
T000024,2006-10-31,7718.0,6678.166272868547,6650.458616491244,7327.0,7438.0625
T000024,2006-11-30,5637.0,6298.815935332514,6295.615485815948,6230.0,7367.769
T000024,2006-12-31,6542.0,7104.038712019594,7086.840941753484,7651.0,7580.9814
T000024,2007-01-31,7044.0,9557.10484630389,9520.852173365016,10916.0,8293.241
T000024,2007-02-28,10009.0,9522.712211200314,9515.269335315246,9530.0,9533.964
T000024,2007-03-31,7906.0,7402.054240810681,7395.339260600426,7614.0,7230.9033
T000024,2007-04-30,8370.0,7081.6928397955435,7085.240418224796,6818.0,7312.1646
T000024,2007-05-31,6827.0,6412.23926985785,6415.842305073306,5987.0,6938.4043
T000024,2007-06-30,6498.0,7603.323020237979,7604.915996007973,7334.0,8126.984
T000025,2006-07-31,7106.0,6911.962061925984,6860.2600681880795,7466.0,7189.0127
T000025,2006-08-31,4946.0,5299.698720469538,5210.401339120768,5255.0,6175.4614
T000025,2006-09-30,4795.0,5517.084813337074,5368.077835792644,5350.0,6270.341
T000025,2006-10-31,6993.0,7278.348820214477,7260.073610872003,7240.0,8266.241
T000025,2006-11-30,4620.0,4525.645910436022,4508.66166235452,4628.0,5650.5913
T000025,2006-12-31,6513.0,5629.5806721057115,5690.598048573645,5900.0,7091.332
T000025,2007-01-31,4636.0,4473.955279032971,4442.504971092626,4415.0,5761.9717
T000025,2007-02-28,5698.0,5442.526063911697,5439.337407063121,5663.0,6749.838
T000025,2007-03-31,8323.0,7620.179040715444,7506.443630355166,7604.0,8242.933
T000025,2007-04-30,11127.0,11361.371987895653,11305.711607245168,11188.0,12615.352
T000025,2007-05-31,6757.0,5597.960100389546,5606.830713526901,5749.0,6996.0625
T000025,2007-06-30,5602.0,4316.276721090491,4259.6612940237,4377.0,5126.8555
T000026,2006-07-31,23288.0,22720.854937930268,22611.222057195522,22604.0,19966.396
T000026,2006-08-31,19116.0,18603.368465038282,18258.209989249895,18122.0,17702.531
T000026,2006-09-30,19205.0,16072.793781310498,15571.530165465738,14994.0,15477.07
T000026,2006-10-31,23347.0,20695.035970521494,20174.788188197053,20312.0,18108.041
T000026,2006-11-30,24581.0,23108.259513651075,22424.650932560242,22353.0,20053.65
T000026,2006-12-31,28614.0,22824.996524476683,22028.71065587549,21897.0,20870.889
T000026,2007-01-31,33231.0,28883.706015507265,27380.262095358095,27965.0,23708.115
T000026,2007-02-28,19833.0,22019.183454197584,20871.98475828798,21972.0,18956.746
T000026,2007-03-31,22230.0,19928.193563096323,18438.30412517083,18973.0,16998.762
T000026,2007-04-30,20813.0,19249.82423638231,17670.657976377835,18710.0,16210.307
T000026,2007-05-31,17975.0,18076.607252304224,16532.130522293097,17099.0,14508.39
T000026,2007-06-30,18505.0,18353.623259587577,16688.31464401109,17897.0,15299.64
T000027,2006-07-31,32052.0,29399.574345404515,26681.889983559173,28873.0,22548.041
T000027,2006-08-31,23286.0,22955.641573741734,22508.56294736925,20693.0,19640.168
T000027,2006-09-30,21691.0,21590.608749323663,22451.83157396168,17195.0,18008.383
T000027,2006-10-31,23880.0,24932.551020679446,25002.689641656445,19653.0,20380.836
T000027,2006-11-30,29753.0,30075.469446644904,30067.547197853914,29205.0,21852.123
T000027,2006-12-31,27448.0,29788.74348103292,30403.195447968854,26304.0,22973.049
T000027,2007-01-31,28635.0,38392.509574544645,39292.423073488244,32364.0,26766.225
T000027,2007-02-28,54044.0,39265.06896708732,36603.50768749583,35442.0,25260.781
T000027,2007-03-31,31865.0,24185.26064935866,25190.08497622481,21537.0,17910.605
T000027,2007-04-30,26483.0,25557.580174594008,26446.063629647877,24368.0,17185.502
T000027,2007-05-31,19784.0,22057.18642074787,23687.53701836988,19726.0,15164.227
T000027,2007-06-30,19448.0,20030.895826705702,21330.98256589436,16905.0,15118.04
T000028,2006-07-31,15407.0,15265.52384387711,15287.325066273172,13444.0,15129.01
T000028,2006-08-31,12938.0,13938.411535433148,13844.115713887186,10969.0,14085.677
T000028,2006-09-30,13510.0,14387.1285159433,14377.706496602927,11588.0,14735.713
T000028,2006-10-31,15139.0,15951.766857021523,15966.066401168293,13900.0,15755.104
T000028,2006-11-30,14440.0,14970.97754003696,14969.781693518271,12442.0,14995.439
T000028,2006-12-31,18848.0,18255.19643568709,18115.782444310902,14932.0,18656.277
T000028,2007-01-31,13375.0,14173.365304396566,14109.816107961942,11329.0,14627.321
T000028,2007-02-28,17936.0,16889.39280579263,16782.731465903806,14120.0,16901.854
T000028,2007-03-31,20074.0,17225.37626167303,17224.91775624583,15657.0,17688.023
T000028,2007-04-30,18272.0,17488.206120175928,17577.369477597735,16181.0,18985.223
T000028,2007-05-31,20116.0,18979.38935041893,18989.58958390983,17594.0,18683.41
T000028,2007-06-30,16133.0,16013.900286657112,16012.043065134632,14551.0,16470.309
T000029,2006-07-31,44945.0,46995.244120952855,47159.92186589192,46251.0,45973.207
T000029,2006-08-31,32843.0,34604.23657087042,35050.00373046613,34231.0,33357.9
T000029,2006-09-30,29999.0,29880.68698329671,29329.935690265793,27243.0,30248.307
T000029,2006-10-31,33308.0,35642.08978869556,35438.418656300506,32830.0,37999.97
T000029,2006-11-30,37102.0,36517.626980574954,36337.16878921135,34195.0,37937.12
T000029,2006-12-31,44414.0,44892.42294579492,44897.93905422583,44261.0,45334.41
T000029,2007-01-31,37515.0,37330.91452006424,37197.22882762551,35888.0,37059.29
T000029,2007-02-28,42908.0,45076.72284603119,44789.73014855023,45199.0,45224.043
T000029,2007-03-31,44254.0,43269.893325131336,43009.4940460636,42521.0,43329.293
T000029,2007-04-30,35332.0,35220.31045881991,34667.153650419714,36633.0,35898.58
T000029,2007-05-31,29688.0,31449.43254678462,31093.015881059022,29878.0,32076.143
T000029,2007-06-30,43069.0,43383.13957958269,43145.26794520504,43354.0,43576.453
T000030,2006-07-31,8326.0,7692.541087357088,7708.504087880147,6929.0,7884.759
T000030,2006-08-31,6336.0,6751.428961230282,6667.989035171327,6359.0,6386.9976
T000030,2006-09-30,6627.0,7066.174203186093,6912.201150525739,6418.0,7324.172
T000030,2006-10-31,8824.0,8779.745281975092,8618.450598985335,7774.0,9266.868
T000030,2006-11-30,10584.0,10472.90830112658,10339.592868801717,9605.0,10717.406
T000030,2006-12-31,12600.0,13075.669229176618,12941.801454969398,12857.0,13118.248
T000030,2007-01-31,11893.0,12723.291227219062,12594.491724655118,12724.0,12294.629
T000030,2007-02-28,12392.0,12644.404903173498,12461.714451990254,12613.0,12503.088
T000030,2007-03-31,12684.0,11820.632303110748,11616.411241852027,11939.0,11651.261
T000030,2007-04-30,8412.0,7949.221903068376,7698.40563119217,7658.0,8492.754
T000030,2007-05-31,6537.0,6744.84966550021,6484.412431691838,6283.0,7113.4805
T000030,2007-06-30,5296.0,5887.18231036322,5591.815084634629,5329.0,6256.504
T000031,2006-07-31,44791.0,48999.808768605086,49369.53822252198,49221.0,46811.18
T000031,2006-08-31,37837.0,41759.50649925381,41849.647501894346,40651.0,39624.234
T000031,2006-09-30,41180.0,43799.81399707339,43360.63170962381,41269.0,45132.336
T000031,2006-10-31,60358.0,62991.02754611138,62833.10391885618,60848.0,57928.367
T000031,2006-11-30,74580.0,69236.60130388284,68839.54527304083,66081.0,67538.11
T000031,2006-12-31,134354.0,111184.11934047188,111551.32196216958,110124.0,104370.92
T000031,2007-01-31,70063.0,70094.27057684303,70254.31316107388,67625.0,66171.516
T000031,2007-02-28,77315.0,80298.14909525879,80077.86293078864,78937.0,74897.586
T000031,2007-03-31,84308.0,81054.72380192556,82120.07735229588,78371.0,73559.08
T000031,2007-04-30,51822.0,56967.900367913855,55652.15871299243,58891.0,54196.805
T000031,2007-05-31,29630.0,31663.86226556245,31124.60931920066,28845.0,32385.879
T000031,2007-06-30,27091.0,31918.997215824274,31438.49124360572,28475.0,30868.361
T000032,2006-07-31,11805.0,12961.204473931553,12997.629751592449,13352.0,11968.682
T000032,2006-08-31,11389.0,11373.873041491213,11341.098384226456,11576.0,10353.5205
T000032,2006-09-30,11867.0,12383.87372454559,12356.755866206993,11958.0,11929.0205
T000032,2006-10-31,15103.0,16220.880129039968,16164.168936037948,15617.0,16474.02
T000032,2006-11-30,13911.0,14504.39589840981,14456.516210216387,14132.0,13970.642
T000032,2006-12-31,16098.0,15929.67488522792,15869.194572369315,15650.0,16353.93
T000032,2007-01-31,13044.0,13439.17513639829,13378.75941014737,13648.0,12766.972
T000032,2007-02-28,16522.0,16062.258570674701,15986.162524425263,15581.0,16230.754
T000032,2007-03-31,15507.0,14801.701044316125,14726.152578080675,14469.0,15048.575
T000032,2007-04-30,9600.0,10726.678998594727,10641.223955163816,11165.0,11219.875
T000032,2007-05-31,6849.0,7251.140601937755,7151.041367962301,6608.0,7205.701
T000032,2007-06-30,6988.0,6946.0814090749855,6843.194589232777,6612.0,6746.627
T000033,2006-07-31,42332.0,41591.74789855801,41543.100390979984,42907.0,40816.562
T000033,2006-08-31,31602.0,32518.267299385152,32330.16745304677,33321.0,32912.07
T000033,2006-09-30,34430.0,34355.66747311566,33821.58427981875,32053.0,37915.367
T000033,2006-10-31,43308.0,43342.66814561824,42878.88467439835,41865.0,45555.676
T000033,2006-11-30,45176.0,44665.94627458827,44196.7969048329,43159.0,46873.125
T000033,2006-12-31,66917.0,63065.78071337132,62746.20222189549,63768.0,66302.4
T000033,2007-01-31,47922.0,45291.46247532223,44837.227975614864,44310.0,44798.395
T000033,2007-02-28,45902.0,46445.55575432095,45979.370799530494,45987.0,45155.83
T000033,2007-03-31,46860.0,38204.964830175144,37567.62995200483,35538.0,38153.707
T000033,2007-04-30,28382.0,28831.510059505883,28173.840353785832,28559.0,29806.477
T000033,2007-05-31,20234.0,21081.778407110956,20341.137809135966,19444.0,20283.443
T000033,2007-06-30,26408.0,26911.050902385345,26182.975937812866,25240.0,25184.139
T000034,2006-07-31,34397.0,33166.44493244268,33045.36821308039,30979.0,31569.762
T000034,2006-08-31,25992.0,27991.498672837453,27794.49201936352,27297.0,26661.51
T000034,2006-09-30,25011.0,26453.030872258154,26161.62186040638,24186.0,26635.293
T000034,2006-10-31,25309.0,25868.401926261435,25442.234617200713,22919.0,26510.75
T000034,2006-11-30,28554.0,28532.54923988706,28053.381230900566,25469.0,28410.225
T000034,2006-12-31,45594.0,39734.40773860342,39250.28094093348,38708.0,41482.24
T000034,2007-01-31,32220.0,30487.909329618593,29860.188097780963,27658.0,29549.174
T000034,2007-02-28,27714.0,28016.649921084092,27339.904593066054,25532.0,26752.057
T000034,2007-03-31,33320.0,29027.34323044271,28313.59118377433,27736.0,27093.076
T000034,2007-04-30,28037.0,26783.99277877338,25982.065408930644,25753.0,25938.982
T000034,2007-05-31,23656.0,22664.87370982605,21767.848497468527,20115.0,20769.625
T000034,2007-06-30,25352.0,24798.294319220557,23870.978858295155,23952.0,23306.975
T000035,2006-07-31,483410.0,491317.5836389215,494647.66102862067,501992.0,486330.0
T000035,2006-08-31,413592.0,427334.9845251284,431574.40894213563,432305.0,442439.75
T000035,2006-09-30,426058.0,424059.5207582298,431672.71610702906,414542.0,439295.5
T000035,2006-10-31,476179.0,474689.61725950945,481748.1202108052,464613.0,479767.44
T000035,2006-11-30,492707.0,494847.5234329768,506708.8707050695,472706.0,498211.38
T000035,2006-12-31,643468.0,608147.2296764023,616017.6743111141,601161.0,644259.25
T000035,2007-01-31,458166.0,472907.55484232353,476774.1325651091,466716.0,478608.25
T000035,2007-02-28,514784.0,505540.1768022086,507439.91069018573,488563.0,512897.3
T000035,2007-03-31,524198.0,495352.028593014,493966.47961692384,475989.0,497868.3
T000035,2007-04-30,438630.0,436743.1496330153,444096.1048286502,437778.0,454467.25
T000035,2007-05-31,368063.0,367951.85120446805,372955.24175299116,345537.0,366126.3
T000035,2007-06-30,402141.0,398973.5475496425,401905.68120552704,382482.0,396770.5
T000036,2006-07-31,48871.0,52881.8342373607,51588.25295956248,57488.0,48770.15
T000036,2006-08-31,40233.0,47018.61068988203,44716.09033211301,48583.0,43509.668
T000036,2006-09-30,57447.0,51382.91515766772,50379.00197519702,53963.0,48349.25
T000036,2006-10-31,45096.0,48302.50395838719,46109.90731327599,50352.0,46178.375
T000036,2006-11-30,35906.0,35551.84243950924,33682.667640517335,32214.0,33712.543
T000036,2006-12-31,41349.0,39620.58571249992,37340.39108522631,40154.0,41161.492
T000036,2007-01-31,33050.0,31066.940458580706,28934.46950368997,31181.0,31193.508
T000036,2007-02-28,23152.0,24874.939674834983,22449.175106070976,21914.0,24888.305
T000036,2007-03-31,32959.0,36155.913003540656,33787.43523822579,33277.0,41168.01
T000036,2007-04-30,45676.0,43173.49067184885,40630.917302290785,42600.0,44371.99
T000036,2007-05-31,38910.0,33659.443947435335,31027.10248798651,31898.0,35040.684
T000036,2007-06-30,50415.0,43335.47766671581,41203.78008938305,40916.0,46417.43
T000037,2006-07-31,37520.0,41584.48103089848,41832.82915273978,42552.0,44113.53
T000037,2006-08-31,48670.0,50970.800480030855,51188.64731759271,51704.0,53130.34
T000037,2006-09-30,42092.0,43853.798664868096,43795.23691150285,46599.0,42479.902
T000037,2006-10-31,45420.0,45101.63172468198,45088.564081197765,44862.0,43227.16
T000037,2006-11-30,48731.0,53143.95481683095,53013.860071493196,54880.0,47286.547
T000037,2006-12-31,45161.0,52658.67606446309,52749.15980058562,50512.0,48989.65
T000037,2007-01-31,39109.0,48353.788921463114,48159.07656249145,50334.0,44009.14
T000037,2007-02-28,43545.0,49239.58633661944,49143.76648356632,49740.0,46680.184
T000037,2007-03-31,46575.0,53220.27676862435,53145.68668651556,53647.0,52411.22
T000037,2007-04-30,30284.0,38609.525659115774,38738.25923951233,35103.0,39501.473
T000037,2007-05-31,25741.0,35983.38999334657,35975.59632334325,34814.0,35002.117
T000037,2007-06-30,29180.0,34122.73978577886,34087.875365835374,33622.0,32462.754
T000038,2006-07-31,7746.0,7185.039750317658,7442.602303638001,7660.0,7154.51
T000038,2006-08-31,5836.0,6070.664040261826,7022.392610839004,6928.0,5641.1294
T000038,2006-09-30,4281.0,4336.6724123038175,6495.575410192314,4319.0,4606.0903
T000038,2006-10-31,5254.0,5323.962648703439,6480.628097187481,5741.0,5408.8193
T000038,2006-11-30,4517.0,5370.5726415680965,6407.398949202825,5043.0,5416.469
T000038,2006-12-31,9056.0,8885.52827681342,7564.229816123885,11426.0,8375.38
T000038,2007-01-31,2300.0,5546.183551145023,6064.519572615081,7255.0,5966.0854
T000038,2007-02-28,8388.0,7841.89805455645,8153.329550323912,3932.0,6925.7935
T000038,2007-03-31,4982.0,6320.82502450332,7379.315324630232,4603.0,6222.5547
T000038,2007-04-30,6797.0,6341.2725327668795,6356.207373533897,9267.0,6087.8613
T000038,2007-05-31,3370.0,3829.9218607073053,5956.125464341203,3837.0,3940.852
T000038,2007-06-30,4180.0,5514.970698441103,5893.670496168043,3781.0,5358.9873
T000039,2006-07-31,5732.0,5577.073076239265,6977.228039694288,7334.0,6102.072
T000039,2006-08-31,6423.0,6059.489874567267,5562.691872703007,7714.0,7897.3228
T000039,2006-09-30,7742.0,6862.521123309194,7377.645156267141,8578.0,7618.87
T000039,2006-10-31,9053.0,8034.617467672435,8798.918830170634,11664.0,7661.5547
T000039,2006-11-30,14921.0,17536.64673156372,17393.497717059716,14705.0,18225.824
T000039,2006-12-31,23205.0,23777.448316238766,24385.67241568845,22560.0,27398.71
T000039,2007-01-31,3360.0,4079.0630958782695,4771.560227514398,6817.0,6641.5894
T000039,2007-02-28,9210.0,7062.533845675691,6938.906839281785,4736.0,7554.6685
T000039,2007-03-31,9147.0,9286.935500329604,9953.603978233852,8130.0,9487.57
T000039,2007-04-30,9754.0,7839.819367237094,8103.025871786591,9440.0,8522.882
T000039,2007-05-31,11937.0,9593.075200956022,9454.676546247447,8649.0,12435.232
T000039,2007-06-30,15703.0,17353.0294576778,18055.91598819608,15066.0,18405.592
T000040,2006-07-31,3829.0,4258.349897555511,3937.100556236677,4489.0,5284.135
T000040,2006-08-31,7111.0,6571.36583053451,6401.029966625112,7804.0,7589.0854
T000040,2006-09-30,4535.0,7044.962851477853,6477.536843174163,6170.0,7722.808
T000040,2006-10-31,8642.0,6695.284268906499,6132.549218050611,8655.0,6676.7563
T000040,2006-11-30,7979.0,9731.021362195166,9213.067025204471,9023.0,9138.512
T000040,2006-12-31,10937.0,10738.175630923297,10235.995954621803,11150.0,9274.112
T000040,2007-01-31,1740.0,3892.303370008126,3326.7948815454993,4905.0,4197.927
T000040,2007-02-28,6649.0,5664.092146798176,5041.209103582925,4043.0,7339.627
T000040,2007-03-31,6113.0,6003.372278783434,5494.352636828191,5155.0,6986.2827
T000040,2007-04-30,6512.0,5922.15550466346,5403.97058935844,5554.0,7241.3823
T000040,2007-05-31,8080.0,9099.367494819933,8574.839068651478,7467.0,9006.1875
T000040,2007-06-30,5300.0,5688.51890823985,5234.90073745347,5187.0,6511.198
T000041,2006-07-31,2701.0,2949.05436554731,3107.1513232986663,3116.0,3315.735
T000041,2006-08-31,2080.0,1470.1486918879746,1407.5988241951047,1586.0,2080.8838
T000041,2006-09-30,1970.0,1559.5312864055345,1573.8927555252199,1825.0,2918.043
T000041,2006-10-31,7521.0,3155.8543730357433,3740.611330001748,4049.0,2854.4888
T000041,2006-11-30,1963.0,2702.023023393266,3222.3593340803245,3237.0,3054.841
T000041,2006-12-31,5291.0,6163.829199851711,7284.159383356004,6189.0,7382.1196
T000041,2007-01-31,1500.0,1602.7654402570631,1671.6616476712952,1601.0,2271.4487
T000041,2007-02-28,1717.0,2176.122285409539,2155.775838857163,2058.0,2799.6187
T000041,2007-03-31,2279.0,2580.489308258626,2575.300325301682,2710.0,3660.4937
T000041,2007-04-30,2140.0,1860.8832060728673,1988.2117756754812,1993.0,2641.5403
T000041,2007-05-31,1898.0,1725.0134708187325,1653.3221859587825,1903.0,2930.3528
T000041,2007-06-30,3978.0,3145.1219248822977,3385.6469489480723,3223.0,3883.4192
T000042,2006-07-31,6858.0,7438.531672446454,7402.308028951411,8966.0,6677.717
T000042,2006-08-31,6234.0,7589.159221258511,7580.503531975366,9112.0,6067.952
T000042,2006-09-30,4565.0,4891.227520670623,4976.0569951824855,6292.0,4974.7783
T000042,2006-10-31,5640.0,4650.094555939984,4747.576618010526,5372.0,5384.0435
T000042,2006-11-30,4087.0,4562.817113232667,4664.965303686559,4615.0,5329.205
T000042,2006-12-31,4804.0,5247.435730536796,5345.243460767475,5981.0,5607.851
T000042,2007-01-31,4444.0,6540.259932463944,6628.476919679726,8012.0,5804.4683
T000042,2007-02-28,7096.0,6433.049382836529,6542.9538928556785,6221.0,6230.702
T000042,2007-03-31,5615.0,5436.109606519285,5534.181031541306,5582.0,5212.96
T000042,2007-04-30,6115.0,5209.357315047022,5315.125529996722,4944.0,5503.9087
T000042,2007-05-31,4983.0,4820.669638713151,4930.163965455302,4434.0,5057.9824
T000042,2007-06-30,4525.0,5747.642654590345,5854.475219653337,5364.0,5741.773
T000043,2006-07-31,1769.0,2436.036287123096,2402.4774985168197,2542.0,2403.7725
T000043,2006-08-31,1767.0,1862.863934661122,1844.9668892806985,1886.0,2412.264
T000043,2006-09-30,1667.0,1905.2280893518516,1888.0696456742892,1990.0,2329.675
T000043,2006-10-31,2987.0,3198.216260966524,3225.725961028659,3076.0,3930.225
T000043,2006-11-30,1625.0,1227.9390519489707,1282.6202141053236,1264.0,2104.9565
T000043,2006-12-31,3218.0,2971.7443630190983,2995.9413194960525,2946.0,3382.453
T000043,2007-01-31,849.0,970.0231843903957,990.5875142446241,1050.0,1901.0723
T000043,2007-02-28,1156.0,1557.2218632520885,1562.25071085082,1642.0,2408.3608
T000043,2007-03-31,3080.0,3109.271690743343,3087.8161888566847,3210.0,3457.1733
T000043,2007-04-30,5354.0,6241.429429264881,6252.042676132564,6115.0,6427.661
T000043,2007-05-31,2691.0,2166.9754185732404,2204.2143189875205,2151.0,2890.9683
T000043,2007-06-30,1716.0,1385.1331405652502,1392.4983688299153,1468.0,2083.24
T000044,2006-07-31,12843.0,13476.710126070953,12904.32125574054,13439.0,12924.191
T000044,2006-08-31,13399.0,13127.735902124808,12660.058785628267,13445.0,12416.571
T000044,2006-09-30,12618.0,10177.75517197197,10586.82099656693,9704.0,11562.029
T000044,2006-10-31,16780.0,14367.77764000524,13729.69398771299,14869.0,12543.538
T000044,2006-11-30,18165.0,16456.930212912113,15195.425503065437,16678.0,13296.924
T000044,2006-12-31,20986.0,14780.011458042867,13505.033449746608,14319.0,13073.214
T000044,2007-01-31,20645.0,17409.538218389942,15925.896538277932,16758.0,13577.321
T000044,2007-02-28,11728.0,13919.815174974994,13579.523103846386,13915.0,12305.585
T000044,2007-03-31,15156.0,13401.410533681166,12979.959636528725,12899.0,11900.426
T000044,2007-04-30,14030.0,13047.587302052005,12978.624584019857,13009.0,11347.98
T000044,2007-05-31,12725.0,12336.883423035162,12427.925567193868,11983.0,10712.203
T000044,2007-06-30,11977.0,11859.400509930241,12023.274497860137,11754.0,10654.762
T000045,2006-07-31,10901.0,10413.45919119714,8642.473304314806,10346.0,6620.812
T000045,2006-08-31,10544.0,11159.501000618908,9935.225372477325,10641.0,7127.155
T000045,2006-09-30,10412.0,10311.28026137664,10119.501596520906,7312.0,7169.723
T000045,2006-10-31,11336.0,12584.699475745929,13160.976308900528,8605.0,8215.17
T000045,2006-11-30,14702.0,13024.83443602223,13209.952481730304,12545.0,8884.011
T000045,2006-12-31,13870.0,13906.841827135697,13282.315832336646,12668.0,9313.374
T000045,2007-01-31,11826.0,15987.173594013819,14250.380524110304,17886.0,10201.493
T000045,2007-02-28,32495.0,20316.628057916976,15192.980608781183,12952.0,10458.6455
T000045,2007-03-31,10238.0,11302.389378031761,12154.412510069124,9159.0,8660.302
T000045,2007-04-30,13744.0,12871.683350585601,12227.78186428385,13310.0,8049.4985
T000045,2007-05-31,9871.0,11046.85755977562,13096.49512938552,9831.0,6941.3604
T000045,2007-06-30,8431.0,8886.280877742734,12202.704725096439,6486.0,6689.9966
T000046,2006-07-31,3436.0,3597.179616983921,3405.4136301329445,3341.0,3221.9304
T000046,2006-08-31,2791.0,3209.967653820938,3072.729505970971,2508.0,2956.3047
T000046,2006-09-30,3201.0,3384.460518371546,3214.6369453821076,2936.0,3494.676
T000046,2006-10-31,3894.0,4250.688434437555,4022.275855969096,4054.0,3908.6628
T000046,2006-11-30,3210.0,3356.264979224188,3105.7411705618606,2900.0,3285.635
T000046,2006-12-31,6288.0,5995.684505817406,5951.476454501506,4986.0,6430.304
T000046,2007-01-31,2391.0,3116.875522035021,2758.451861290306,2686.0,2945.4302
T000046,2007-02-28,3931.0,3783.2973249078073,3531.4850920358267,2830.0,3360.2422
T000046,2007-03-31,4041.0,4205.68862058505,3778.2647988654007,3842.0,4252.099
T000046,2007-04-30,5221.0,5369.885964757526,4973.432189296873,5396.0,5123.113
T000046,2007-05-31,6555.0,6759.233549912384,6468.480716063438,6829.0,5884.1064
T000046,2007-06-30,4315.0,4699.168079929169,4345.617834002039,4357.0,4082.6423
T000047,2006-07-31,15852.0,17974.23486415651,17902.00335592594,17248.0,17646.416
T000047,2006-08-31,12604.0,14905.738461343744,14836.844486775239,13802.0,14975.047
T000047,2006-09-30,11602.0,12346.578421397093,11961.694996139031,10169.0,11518.342
T000047,2006-10-31,13438.0,16774.197087099572,16517.95792485956,14413.0,16710.184
T000047,2006-11-30,18605.0,17752.018332185038,17479.140155789853,15839.0,17178.373
T000047,2006-12-31,22071.0,21107.472215475987,20987.984383152096,21289.0,21085.242
T000047,2007-01-31,18304.0,18313.348007762,18081.410478687474,18149.0,17378.354
T000047,2007-02-28,19726.0,21890.649824596203,21587.639930507554,21205.0,22279.531
T000047,2007-03-31,20958.0,21991.362745153103,21686.604522719746,21668.0,21955.312
T000047,2007-04-30,14336.0,15731.482822820344,15299.374450225812,15883.0,13851.614
T000047,2007-05-31,10628.0,12535.046616509668,12093.547669524227,11306.0,12138.488
T000047,2007-06-30,15527.0,17815.610760915548,17461.842001218305,18098.0,18592.95
T000048,2006-07-31,3164.0,3248.6606668459763,3231.9075654087046,3083.0,3457.9458
T000048,2006-08-31,2403.0,2702.8381734318364,2664.5312362374816,2426.0,2744.6782
T000048,2006-09-30,2891.0,3065.052215633231,2954.9711121705013,2578.0,3160.7515
T000048,2006-10-31,4156.0,4545.112205801485,4460.881469605472,3909.0,4492.6377
T000048,2006-11-30,5431.0,5251.92713553003,5182.270909695808,4787.0,5085.9053
T000048,2006-12-31,5484.0,6076.859987734537,5885.956761491306,6035.0,5580.9185
T000048,2007-01-31,6124.0,6680.957931390441,6518.210031773007,6860.0,6092.1763
T000048,2007-02-28,6548.0,6849.325693167682,6791.984082649705,6858.0,6448.2246
T000048,2007-03-31,6276.0,6080.720031336742,5862.364199428611,6242.0,5621.8984
T000048,2007-04-30,3641.0,3743.419571588512,3520.054500596419,3806.0,3488.0571
T000048,2007-05-31,2353.0,2945.7068710671365,2715.24879199886,2710.0,2933.0981
T000048,2007-06-30,1691.0,2487.2913221965964,2275.9727904415668,2068.0,2404.4255
T000049,2006-07-31,23189.0,26350.695152342007,26252.23396593597,27603.0,22904.115
T000049,2006-08-31,19704.0,21993.828011088033,22141.269359125654,21702.0,20350.604
T000049,2006-09-30,20079.0,21291.901288873974,21662.22056869275,19865.0,19244.068
T000049,2006-10-31,30257.0,32998.90630623075,33396.78440789091,31920.0,28909.406
T000049,2006-11-30,40842.0,35616.748755466644,36551.00465535443,33737.0,33700.348
T000049,2006-12-31,81063.0,58988.95440650457,58547.8437349878,59254.0,55661.676
T000049,2007-01-31,37202.0,37159.55740821146,36860.694584521654,36647.0,34535.66
T000049,2007-02-28,42083.0,44994.93479643153,44813.62266686732,43218.0,45382.492
T000049,2007-03-31,43711.0,44092.67810432342,43341.39421233371,40298.0,42003.64
T000049,2007-04-30,26140.0,28468.94448881149,28475.03149098182,29075.0,29053.02
T000049,2007-05-31,13458.0,15869.29663755028,15919.033840440996,13374.0,14464.627
T000049,2007-06-30,12480.0,15890.787826462205,15837.90201571457,12971.0,16666.182
T000050,2006-07-31,6259.0,7311.633200656887,7381.616486395609,7906.0,7030.6426
T000050,2006-08-31,7284.0,7374.963184961583,7366.826773282642,7708.0,6689.0854
T000050,2006-09-30,7496.0,8207.990404703924,8180.572641885745,7772.0,7506.104
T000050,2006-10-31,10387.0,11407.004465010974,11352.108027804165,11454.0,11620.9
T000050,2006-11-30,9718.0,9817.96910234537,9760.297128453058,9706.0,9460.836
T000050,2006-12-31,11253.0,10604.182488522576,10541.931663771631,10725.0,10925.701
T000050,2007-01-31,8449.0,8601.237931023195,8533.377951969138,8996.0,8002.702
T000050,2007-02-28,10205.0,10377.466731449462,10287.482522848997,9920.0,10512.918
T000050,2007-03-31,9766.0,9766.971178941838,9682.974885378948,9565.0,9583.74
T000050,2007-04-30,6221.0,7170.853225877294,7069.132309805369,7482.0,7622.8555
T000050,2007-05-31,4233.0,4544.292798624835,4421.44413815015,3912.0,4585.6357
T000050,2007-06-30,3900.0,4038.7645267422586,3917.159112266525,3672.0,4148.458
T000051,2006-07-31,24303.0,23968.287124331793,23723.97405407599,25101.0,21636.59
T000051,2006-08-31,17812.0,18896.97073346572,18319.254053296605,18981.0,17521.494
T000051,2006-09-30,17868.0,18864.156662016318,18107.6046398943,17557.0,17230.965
T000051,2006-10-31,23784.0,25219.663828587487,24113.11040267705,24173.0,25092.8
T000051,2006-11-30,26386.0,25227.68773592644,23827.645962273626,23879.0,24417.432
T000051,2006-12-31,39273.0,36631.53365408717,35241.718850487516,37677.0,36787.984
T000051,2007-01-31,26907.0,25629.898497679722,23961.793252915206,25509.0,23879.031
T000051,2007-02-28,26150.0,26532.192645624746,24754.873773962838,25787.0,24433.941
T000051,2007-03-31,23600.0,21319.688704053948,19324.39659244725,19384.0,20057.607
T000051,2007-04-30,14758.0,15759.639073909404,13685.98795256128,14808.0,14126.248
T000051,2007-05-31,10222.0,11555.120302805712,9393.005321465536,10183.0,7908.4224
T000051,2007-06-30,13681.0,14394.41197709899,12213.222482964879,12717.0,11584.205
T000052,2006-07-31,14904.0,14976.018620640862,14713.827066383912,14609.0,13529.497
T000052,2006-08-31,10727.0,12275.33044653632,12038.40864624012,12220.0,11161.793
T000052,2006-09-30,8405.0,9227.674251120712,9132.153284636895,8488.0,9160.244
T000052,2006-10-31,8511.0,9408.32717466488,9140.036535073024,8410.0,9289.299
T000052,2006-11-30,10889.0,10222.774895417328,10073.280456848051,8961.0,10711.526
T000052,2006-12-31,21344.0,18292.86151334352,17960.91366937402,18286.0,19251.537
T000052,2007-01-31,14201.0,14021.260631341174,13687.585147168506,13350.0,14244.095
T000052,2007-02-28,10053.0,10658.287040501646,10107.802846301647,9686.0,10122.829
T000052,2007-03-31,11953.0,10506.2100670477,9971.424618587085,9637.0,9412.894
T000052,2007-04-30,11078.0,10304.41997501625,9876.064978919318,9986.0,9357.625
T000052,2007-05-31,8624.0,8181.611838041201,7652.136815999114,7455.0,7313.667
T000052,2007-06-30,9471.0,9290.919716295179,8701.707011644934,8720.0,8933.135
T000053,2006-07-31,229877.0,233460.37220756582,237812.6709622713,256823.0,234507.9
T000053,2006-08-31,215622.0,224771.09981390525,228345.23100175537,238750.0,233623.53
T000053,2006-09-30,218871.0,212783.8528835482,221092.3348372881,216117.0,207218.81
T000053,2006-10-31,252156.0,249460.70943686579,255691.89278292345,255578.0,240596.12
T000053,2006-11-30,267677.0,268322.44139851956,277878.611213333,254013.0,260462.95
T000053,2006-12-31,364653.0,330349.28385125345,337626.48218945996,336157.0,340727.78
T000053,2007-01-31,232401.0,241792.33861568483,247671.4422229357,257996.0,237954.58
T000053,2007-02-28,263832.0,258118.6036520278,255265.6914580437,240657.0,251957.28
T000053,2007-03-31,256449.0,261952.08625446734,261069.85185101145,249008.0,253266.78
T000053,2007-04-30,221801.0,225376.83477670635,229673.37428947244,227771.0,222515.02
T000053,2007-05-31,176279.0,186942.6236245794,191081.8281491619,172736.0,175374.72
T000053,2007-06-30,196470.0,206438.77843555555,208623.34497586766,189470.0,195183.28
T000054,2006-07-31,22318.0,24297.838557827243,24298.232571891003,25620.0,23177.97
T000054,2006-08-31,21609.0,21227.120336163818,21270.868496871088,21613.0,21464.67
T000054,2006-09-30,28139.0,26334.614221943993,26289.521633738324,28116.0,26657.299
T000054,2006-10-31,23172.0,24344.263246096278,24218.60886352367,23471.0,23076.814
T000054,2006-11-30,22578.0,22145.52020482334,22011.062814888195,21172.0,20318.627
T000054,2006-12-31,37393.0,35663.50779936018,35529.78996335665,37360.0,36336.543
T000054,2007-01-31,17977.0,17995.60633689938,17706.96896383581,17612.0,17074.428
T000054,2007-02-28,15778.0,16695.4048055331,16407.16179337757,14697.0,15168.229
T000054,2007-03-31,21570.0,23096.021346355785,22716.116418467736,21047.0,22208.516
T000054,2007-04-30,26507.0,27049.100203124126,26740.78912525717,26584.0,26187.377
T000054,2007-05-31,24477.0,21481.884265466295,21039.227225568033,20120.0,22090.006
T000054,2007-06-30,27140.0,24119.781533992333,23644.37820093113,23326.0,24750.17
T000055,2006-07-31,3155.0,2907.71255504345,2982.207770961115,3143.0,3053.8257
T000055,2006-08-31,2952.0,3009.1108057042875,2824.336013524159,2499.0,3109.6204
T000055,2006-09-30,3016.0,3094.8027286219803,3120.3145547327526,2882.0,2720.8162
T000055,2006-10-31,2551.0,2671.9596329165024,2534.4284447482505,1982.0,2421.0024
T000055,2006-11-30,2912.0,2422.7832319028093,2431.3407022396136,2488.0,2237.6738
T000055,2006-12-31,4380.0,4867.284752520707,4753.231843831911,4535.0,4849.9517
T000055,2007-01-31,2697.0,2933.805727362492,2924.3936406794373,2786.0,2843.4272
T000055,2007-02-28,2709.0,2756.5973254169653,2637.9822917145484,2260.0,2780.8206
T000055,2007-03-31,3609.0,3310.784237315574,3298.0464242563003,3233.0,3055.4788
T000055,2007-04-30,2583.0,2917.3510989768715,2811.793967286674,2564.0,2736.4004
T000055,2007-05-31,1508.0,1808.7019861047434,1779.3541862356058,1833.0,1873.0721
T000055,2007-06-30,1992.0,1906.1254929249103,1818.660653908739,2002.0,2023.078
T000056,2006-07-31,3753.0,3938.432080386442,3781.965398877638,3308.0,3913.881
T000056,2006-08-31,2813.0,3304.4252980155893,3314.3564276935917,2960.0,2873.292
T000056,2006-09-30,3101.0,3525.206214196326,3685.861304112338,2930.0,3084.059
T000056,2006-10-31,3168.0,3210.854312873997,3040.482639403742,2606.0,2885.1694
T000056,2006-11-30,2383.0,2935.7221932205625,2897.3203468240526,2574.0,2682.6655
T000056,2006-12-31,5013.0,5142.497777960399,5024.451573992263,5674.0,4439.2593
T000056,2007-01-31,2132.0,3037.34093422679,3104.437324309436,3141.0,2833.7407
T000056,2007-02-28,2839.0,3263.6856809079527,3101.541808230481,2566.0,2985.6294
T000056,2007-03-31,3026.0,3846.2272733947007,3894.5799969247637,3633.0,3224.8044
T000056,2007-04-30,3781.0,4066.397889860021,4078.2345333147205,4462.0,3480.8857
T000056,2007-05-31,2314.0,3180.2255228234826,3164.7076881220532,2656.0,2667.3047
T000056,2007-06-30,3322.0,4036.369142954816,4000.195042360171,3157.0,3303.4604
T000057,2006-07-31,2717.0,2585.683498256677,2523.560771042958,2545.0,2378.2734
T000057,2006-08-31,2085.0,2065.3416406516094,2006.053979297386,1955.0,2089.7183
T000057,2006-09-30,2394.0,2778.2987565475805,2677.0183997490794,3067.0,2705.2065
T000057,2006-10-31,2605.0,2810.895499696457,2804.278716681511,2766.0,2542.0754
T000057,2006-11-30,2996.0,2956.825959961254,2836.6382912597396,2791.0,3081.3777
T000057,2006-12-31,5318.0,4949.124452214319,4849.8143210115095,4635.0,5301.057
T000057,2007-01-31,1689.0,2066.3601644991204,2001.867059208999,2063.0,1919.1812
T000057,2007-02-28,3291.0,2700.9564186990365,2607.4424611790273,2385.0,2484.5525
T000057,2007-03-31,3271.0,3158.516809455134,3017.288511672842,2937.0,3132.0198
T000057,2007-04-30,2929.0,2985.606443216372,2862.967749885859,3193.0,2986.881
T000057,2007-05-31,2673.0,2809.806013102103,2721.081048987218,2305.0,2713.5598
T000057,2007-06-30,2947.0,3610.4158179595506,3485.5266163344945,3555.0,3642.8474
T000058,2006-07-31,1687.0,1986.655176934193,1939.6283422419833,2001.0,1995.7205
T000058,2006-08-31,2320.0,2074.271889301244,2060.241538714776,2347.0,2073.7993
T000058,2006-09-30,2222.0,2573.858816522054,2537.285231705612,2669.0,2695.779
T000058,2006-10-31,3018.0,2501.202828343049,2471.4133410199033,2575.0,2526.6335
T000058,2006-11-30,2780.0,3134.8284881993377,3098.8516648373206,2872.0,3142.0125
T000058,2006-12-31,4290.0,3889.5747077310402,3857.9892759360455,3821.0,4154.7817
T000058,2007-01-31,1453.0,1689.668299296932,1641.035397848824,1619.0,1836.1941
T000058,2007-02-28,2578.0,1963.8783772043648,1913.1440495028444,1750.0,2207.1272
T000058,2007-03-31,2717.0,2519.916516805918,2486.179093945568,2437.0,2636.4722
T000058,2007-04-30,2804.0,2749.6508647437736,2705.151190638688,2826.0,2900.471
T000058,2007-05-31,2513.0,2606.8452135966986,2565.789810521642,2291.0,2616.9346
T000058,2007-06-30,2145.0,1939.1562247988832,1889.9656578790873,1999.0,2184.6484
T000059,2006-07-31,745.0,1088.8370164574726,1208.5609636461297,1193.0,1176.1562
T000059,2006-08-31,1086.0,940.8326473915174,992.7329716207366,786.0,1122.5673
T000059,2006-09-30,1104.0,1103.6681973481927,1230.0881367000543,1276.0,1275.4059
T000059,2006-10-31,1727.0,1374.24630470486,1544.5961642272214,1933.0,1296.3551
T000059,2006-11-30,969.0,1068.5058654504776,1114.0361672398462,1002.0,1186.0647
T000059,2006-12-31,2073.0,1980.0413831122648,1605.8951859335857,2192.0,1789.2203
T000059,2007-01-31,721.0,815.9750485434938,1006.7502124486673,794.0,979.1121
T000059,2007-02-28,1200.0,1066.3615231821225,1236.7560816694943,1211.0,1047.0696
T000059,2007-03-31,1345.0,1159.0676987639695,1163.0156848185586,1138.0,1126.8002
T000059,2007-04-30,1019.0,1273.3285523901616,1358.907343491648,1447.0,1105.5377
T000059,2007-05-31,953.0,1083.890969634857,1096.4568174384249,955.0,996.55835
T000059,2007-06-30,1107.0,1223.7148642656448,1068.4674522588657,939.0,1131.0981
T000060,2006-07-31,1154.0,1198.8024651705223,910.5293543029522,1276.0,1036.5675
T000060,2006-08-31,956.0,772.5876244420873,839.9547799269029,936.0,721.0281
T000060,2006-09-30,689.0,690.2649215659862,669.8372522811886,715.0,672.66644
T000060,2006-10-31,751.0,808.1614580789632,781.7425132526009,855.0,793.31445
T000060,2006-11-30,471.0,679.4576263002504,752.4637372881863,635.0,676.8091
T000060,2006-12-31,770.0,873.786522192827,858.2797224255964,940.0,750.89734
T000060,2007-01-31,602.0,949.0430675426915,791.6047860774972,1105.0,748.5439
T000060,2007-02-28,1071.0,877.2993407114202,837.6321163440238,715.0,833.76074
T000060,2007-03-31,806.0,687.7266480666179,763.1664173024392,691.0,693.0007
T000060,2007-04-30,892.0,811.8194440645475,816.2515880865658,783.0,753.4616
T000060,2007-05-31,679.0,668.4188878901075,712.4318688524563,530.0,692.02045
T000060,2007-06-30,911.0,923.3016956761385,779.9332983113482,887.0,827.8392
T000061,2006-07-31,930.0,1043.6567847868273,1049.13364351979,1061.0,948.9292
T000061,2006-08-31,751.0,810.9319211214142,799.3120081462354,858.0,728.7996
T000061,2006-09-30,919.0,856.3607185758586,834.922066156504,794.0,951.8893
T000061,2006-10-31,1055.0,1152.5964906699376,1146.3075230164034,1240.0,1217.0543
T000061,2006-11-30,681.0,800.6114553346379,780.0967242403784,724.0,785.1611
T000061,2006-12-31,1691.0,1391.0408073190415,1395.2184269888842,1612.0,1444.923
T000061,2007-01-31,511.0,646.0293679279405,620.4453788859638,506.0,709.5718
T000061,2007-02-28,838.0,748.8384525277723,724.4686141236438,663.0,800.01215
T000061,2007-03-31,1406.0,1271.321328045008,1222.050533300173,987.0,1257.9531
T000061,2007-04-30,1834.0,1760.061716488175,1746.2220146719733,1847.0,1748.0962
T000061,2007-05-31,1120.0,921.5433694405699,891.8133600213371,799.0,1055.5818
T000061,2007-06-30,1223.0,826.5376375694098,800.3930182405131,757.0,985.2845
T000062,2006-07-31,2409.0,2352.9049921715105,2289.224049075255,2390.0,1992.647
T000062,2006-08-31,1570.0,1299.2117013624634,1226.6272318885324,1302.0,1336.4132
T000062,2006-09-30,2164.0,1715.3738351606692,1676.5249053546413,1783.0,1630.764
T000062,2006-10-31,1780.0,1460.3766104880121,1433.4010817531891,1481.0,1367.1598
T000062,2006-11-30,1710.0,1631.3448051295024,1576.233150824535,1563.0,1498.7533
T000062,2006-12-31,3106.0,3172.722384941681,3230.957652462843,3538.0,2871.3982
T000062,2007-01-31,2406.0,2555.1817113771654,2510.0646203969914,2646.0,2456.202
T000062,2007-02-28,1931.0,1890.9403602333755,1981.4020320329291,1728.0,1870.9872
T000062,2007-03-31,1756.0,1507.3086455357356,1521.6155408214345,1631.0,1366.7574
T000062,2007-04-30,1835.0,1451.0747752492198,1432.1281880938943,1556.0,1283.1537
T000062,2007-05-31,1493.0,1208.1813826858872,1256.0485391085733,1116.0,1342.519
T000062,2007-06-30,2185.0,1822.0218968021195,1840.5329389331275,1812.0,1696.7666
T000063,2006-07-31,3670.0,3334.97335858707,3108.3857572966285,3033.0,3014.846
T000063,2006-08-31,2925.0,2719.9031956990825,2709.988330497712,2407.0,2520.8706
T000063,2006-09-30,3525.0,3142.97316949914,2898.562103131985,2624.0,2739.604
T000063,2006-10-31,2860.0,2941.7239654443374,2940.9709758867402,2528.0,2706.683
T000063,2006-11-30,3040.0,2966.7817994789175,2716.9645478730345,2494.0,2714.1943
T000063,2006-12-31,4943.0,4496.246008293305,3730.5261648353508,4358.0,3384.263
T000063,2007-01-31,2039.0,3414.3795996792937,2857.9273685436287,3525.0,2708.0325
T000063,2007-02-28,4488.0,2890.1428639664405,3117.1368655426645,2073.0,2614.8413
T000063,2007-03-31,3371.0,3369.1203348006507,3054.572546801342,2958.0,2731.6567
T000063,2007-04-30,3420.0,3144.2879624285856,3026.5178698345594,2844.0,2413.7358
T000063,2007-05-31,2698.0,2583.976863129069,2665.4326136106547,2330.0,2290.4836
T000063,2007-06-30,3413.0,3290.5576939314674,2890.2594686699663,2993.0,2738.2148
T000064,2006-07-31,3408.0,3582.1504968331233,3801.0342844084134,2717.0,3427.5537
T000064,2006-08-31,3403.0,3550.9419544383027,3661.0652093840763,2559.0,3200.2454
T000064,2006-09-30,3914.0,3933.742259586353,3927.4981508965056,2986.0,3714.563
T000064,2006-10-31,3991.0,4361.519381256418,4281.4473870812035,3434.0,4024.924
T000064,2006-11-30,4320.0,4198.168607989961,4070.526700267087,2968.0,3729.3694
T000064,2006-12-31,7137.0,5926.742976735222,5756.551458697542,5455.0,6371.264
T000064,2007-01-31,2942.0,3547.7837705120505,3334.928148696046,2565.0,2864.3179
T000064,2007-02-28,3721.0,3927.0207098829146,3700.3456253411578,2870.0,3284.0652
T000064,2007-03-31,5027.0,4557.863455890298,4298.819147290916,3481.0,4192.448
T000064,2007-04-30,4860.0,5044.801438522385,4751.689756237682,4670.0,4584.3477
T000064,2007-05-31,4772.0,4572.8793010636555,4254.60338106311,4085.0,4167.59
T000064,2007-06-30,4382.0,4358.7044377721395,4009.513370587528,3821.0,3935.9153
T000065,2006-07-31,7588.0,7750.494638777294,7681.423741421001,7885.0,7948.871
T000065,2006-08-31,7328.0,7405.364598994209,7167.538061890399,7199.0,7085.451
T000065,2006-09-30,6195.0,6199.609380067602,6011.497966022101,5920.0,6704.112
T000065,2006-10-31,6274.0,6008.4618041027425,5808.429335532788,5711.0,6408.4375
T000065,2006-11-30,7658.0,7644.788835016467,7401.706158731023,7158.0,8207.977
T000065,2006-12-31,13865.0,14613.307203502989,14494.219809736484,15456.0,15895.281
T000065,2007-01-31,5259.0,6117.675973250266,5758.839171878079,4819.0,6614.964
T000065,2007-02-28,6452.0,7126.726015924429,6882.845793471032,7143.0,7070.7026
T000065,2007-03-31,8620.0,8924.609054256613,8662.420170603262,8799.0,9138.2705
T000065,2007-04-30,7894.0,8064.201736889799,7833.640036569659,8333.0,7873.8394
T000065,2007-05-31,6271.0,6657.7919603913315,6312.130522952084,5877.0,7225.46
T000065,2007-06-30,7944.0,8784.843196128537,8469.783841012657,8589.0,8992.845
T000066,2006-07-31,2491.0,2370.5166455906547,2332.889442275571,2151.0,2427.5737
T000066,2006-08-31,2226.0,1973.5069306690068,1855.1813923551779,1858.0,2044.4822
T000066,2006-09-30,2076.0,1899.9040531019834,1776.6194894718496,1705.0,2068.5938
T000066,2006-10-31,2534.0,2272.1565813617212,2132.058390212564,1998.0,2428.9517
T000066,2006-11-30,2841.0,2999.9738294696053,2872.5549360247282,2910.0,2880.6099
T000066,2006-12-31,5625.0,5351.1711416650405,5272.715061325343,5440.0,5638.8525
T000066,2007-01-31,2529.0,2939.2341034324577,2809.123263076834,2817.0,3073.355
T000066,2007-02-28,2884.0,2994.742347970008,2851.3721121880753,2918.0,3066.2876
T000066,2007-03-31,3587.0,3301.6813606453925,3192.2076383496396,3203.0,3215.02
T000066,2007-04-30,2482.0,2521.827820843341,2343.365567357285,2506.0,2588.5288
T000066,2007-05-31,2165.0,1901.939350620158,1733.8786033800366,1678.0,2102.2236
T000066,2007-06-30,1698.0,1847.6179956449112,1648.498573029682,1697.0,1893.6674
T000067,2006-07-31,13189.0,14023.726814052548,14555.389529164338,13586.0,12815.216
T000067,2006-08-31,11583.0,13101.240767743235,13321.55443301049,12144.0,11727.74
T000067,2006-09-30,14221.0,15432.48281400285,15613.625331736972,14897.0,14359.16
T000067,2006-10-31,21469.0,21867.87299130518,21993.186792122837,21210.0,18904.441
T000067,2006-11-30,24602.0,24288.472978007543,24429.652809451243,23535.0,23063.932
T000067,2006-12-31,46467.0,44958.86931809531,45035.83722464885,45034.0,42292.617
T000067,2007-01-31,24593.0,24802.686758521642,24906.770495337136,23482.0,23567.164
T000067,2007-02-28,27223.0,26885.972188700816,26972.07030239957,26647.0,24527.906
T000067,2007-03-31,30362.0,28716.79459114598,28795.843622055676,27662.0,25997.305
T000067,2007-04-30,19077.0,21612.47469967467,21683.21081955405,23282.0,18537.791
T000067,2007-05-31,10471.0,10609.354791324378,10703.782595721195,9174.0,11229.924
T000067,2007-06-30,8739.0,11353.664684877433,11437.113474195628,10037.0,10115.916
T000068,2006-07-31,1614.0,1624.5006225030188,1621.2709901323801,1738.0,1571.6565
T000068,2006-08-31,1249.0,1259.1884798311012,1249.840011290217,1287.0,1178.9507
T000068,2006-09-30,1367.0,1278.7509568171563,1265.8108202445628,1388.0,1328.0369
T000068,2006-10-31,1737.0,1748.641425160551,1728.7543245401578,1501.0,1802.2507
T000068,2006-11-30,1543.0,1741.0281328806323,1720.266174219323,1672.0,1772.1802
T000068,2006-12-31,3422.0,3162.5211042946953,3141.8494375560745,3140.0,3450.1204
T000068,2007-01-31,1798.0,1816.4077352179995,1783.406687000046,1615.0,1996.1987
T000068,2007-02-28,2043.0,1989.3078996151696,1962.9857203723773,2006.0,2118.5737
T000068,2007-03-31,2347.0,2071.633970849529,2046.3740753014347,1830.0,2083.1738
T000068,2007-04-30,1328.0,1493.5512544035953,1467.089084700201,1721.0,1511.2692
T000068,2007-05-31,724.0,781.7359982495943,747.3285093701564,684.0,845.20197
T000068,2007-06-30,919.0,985.891522353388,947.5214619979944,989.0,1017.7324
T000069,2006-07-31,7086.0,7357.472723562157,7331.6633874428835,7622.0,7244.965
T000069,2006-08-31,4724.0,5051.427417231736,4986.130771507067,4790.0,5775.2744
T000069,2006-09-30,5489.0,5533.160409163193,5361.972549729884,5175.0,6173.5693
T000069,2006-10-31,7778.0,7684.242603053799,7494.671596412082,7273.0,8002.7866
T000069,2006-11-30,8346.0,8344.891111046389,8138.346095536039,7777.0,8391.512
T000069,2006-12-31,19861.0,19096.494987274807,18910.40624385614,19383.0,19222.098
T000069,2007-01-31,9614.0,8849.786236107775,8611.676566543101,8481.0,8736.375
T000069,2007-02-28,8833.0,9130.293908076814,8935.797700519854,8893.0,9096.693
T000069,2007-03-31,9331.0,7924.832475421368,7543.688300803116,6885.0,8416.674
T000069,2007-04-30,6013.0,6379.528598725081,6275.974018103268,6844.0,6225.5103
T000069,2007-05-31,3538.0,3580.345711016893,3331.7957114637657,3169.0,4080.8074
T000069,2007-06-30,5440.0,5668.157964658196,5423.222810712551,5368.0,5833.4116
T000070,2006-07-31,6202.0,5745.639392564317,5539.7692495769315,5241.0,5428.961
T000070,2006-08-31,5157.0,5487.9541283772,5391.806096996818,5021.0,5246.5034
T000070,2006-09-30,6015.0,5942.360216940041,5795.613024497078,5785.0,5529.5435
T000070,2006-10-31,5731.0,5483.981076208478,5404.057979332372,5386.0,5198.8066
T000070,2006-11-30,7224.0,6852.461037141549,6691.362784908688,6176.0,6831.889
T000070,2006-12-31,14876.0,12111.600581793686,12053.6244506236,13126.0,13243.139
T000070,2007-01-31,5511.0,4834.325481449007,4652.045765995832,4136.0,4931.558
T000070,2007-02-28,5869.0,5581.5292915726295,5389.441316428665,5169.0,5506.8706
T000070,2007-03-31,7751.0,6832.471426046089,6574.138752707271,5987.0,6749.7817
T000070,2007-04-30,6431.0,6231.75422798963,6072.854026958358,6427.0,6544.162
T000070,2007-05-31,4922.0,4744.7791538328875,4486.660745171753,4126.0,4519.287
T000070,2007-06-30,5938.0,5558.278195661543,5350.251159959056,5631.0,5449.506
T000071,2006-07-31,84116.0,88827.6436079103,88110.80668358959,86510.0,84986.45
T000071,2006-08-31,74737.0,76400.74105010941,77014.6414210445,72521.0,75969.39
T000071,2006-09-30,86550.0,87208.91026455014,87214.7027357347,84712.0,81065.93
T000071,2006-10-31,92201.0,93270.00104123281,92673.23350948235,87950.0,91333.29
T000071,2006-11-30,97054.0,97438.79542151824,97271.99533218234,90511.0,96327.11
T000071,2006-12-31,180230.0,172456.58335851342,171875.58077642467,175699.0,187918.75
T000071,2007-01-31,84473.0,89802.96382166758,87965.09378316549,83712.0,89779.0
T000071,2007-02-28,93748.0,93146.25730668988,91284.45182350339,85694.0,93892.06
T000071,2007-03-31,109902.0,108742.73997395819,105509.10712298527,98539.0,110580.8
T000071,2007-04-30,95689.0,98711.40972895276,98704.5889849765,101889.0,98309.96
T000071,2007-05-31,73291.0,72115.04251030878,70349.02606893779,63728.0,72881.83
T000071,2007-06-30,81445.0,82844.20655153226,80711.56608462897,77559.0,85399.56
T000072,2006-07-31,18864.0,19183.20882166175,19136.241964747398,18697.0,19259.15
T000072,2006-08-31,19712.0,20157.85068845338,20476.726508428168,19763.0,19211.664
T000072,2006-09-30,16929.0,18781.895379543905,19048.41572378327,17721.0,18196.812
T000072,2006-10-31,18043.0,18876.485915216173,18982.79449019568,18171.0,18928.188
T000072,2006-11-30,19619.0,19227.533483100415,19362.45005092123,18455.0,19170.928
T000072,2006-12-31,11175.0,12247.93843426127,12389.908996071243,10581.0,12158.301
T000072,2007-01-31,10924.0,11823.701133111479,11863.310528791138,10331.0,11631.455
T000072,2007-02-28,17258.0,18167.795616022602,18486.66471702792,16631.0,17089.117
T000072,2007-03-31,18585.0,18755.995896699023,18975.781449892962,17404.0,17898.992
T000072,2007-04-30,14916.0,16359.148975059337,16395.340347271027,15059.0,16397.223
T000072,2007-05-31,21226.0,21384.021166500832,21664.498975124432,20113.0,20623.549
T000072,2007-06-30,17484.0,17984.29470308823,18040.33393286455,17658.0,17363.895
T000073,2006-07-31,4097.0,3668.5648324771487,3464.7191391765227,3736.0,3962.8506
T000073,2006-08-31,3928.0,3785.52151139762,3556.377401659403,3575.0,4093.3333
T000073,2006-09-30,3780.0,3339.674626830689,3357.92683981541,3969.0,3883.0486
T000073,2006-10-31,3655.0,3863.341969439563,3448.383707501527,3569.0,4164.0723
T000073,2006-11-30,4036.0,4000.6613560928736,3665.8675132925187,4441.0,4200.1484
T000073,2006-12-31,3104.0,3195.2674407409304,3220.4128189222088,2619.0,3349.5354
T000073,2007-01-31,3629.0,3265.139646846728,3330.0987195244,4038.0,3498.4556
T000073,2007-02-28,3427.0,3670.559778792219,3567.5892055308423,3949.0,3712.8599
T000073,2007-03-31,4756.0,3691.5235678928148,3487.103579595884,3370.0,3832.629
T000073,2007-04-30,4106.0,3461.3840302973354,3475.1447372005787,3216.0,3681.8787
T000073,2007-05-31,3196.0,3635.8440603250274,3302.014074201287,2453.0,3713.1816
T000073,2007-06-30,3880.0,3335.0498870090396,3503.706349811441,4208.0,3780.4285
T000074,2006-07-31,1842.0,1788.8731860327994,1746.3953002580733,1617.0,1703.6101
T000074,2006-08-31,1811.0,1877.819404625089,1809.2111789907003,1929.0,1784.323
T000074,2006-09-30,1720.0,1787.7800670676831,1867.2875173989594,2133.0,1674.6605
T000074,2006-10-31,2155.0,1906.1805389761569,1811.3705327714995,1577.0,1769.1959
T000074,2006-11-30,2188.0,2118.9097816264284,1896.1198575971766,2378.0,2010.9545
T000074,2006-12-31,1355.0,1414.4170339497205,1662.1498771600882,1297.0,1411.899
T000074,2007-01-31,1707.0,1495.2389008144926,1635.7612685616318,1287.0,1457.297
T000074,2007-02-28,2020.0,1927.4873486208578,1840.1280166803513,2027.0,1777.5481
T000074,2007-03-31,2265.0,2051.805901518138,1871.4434234416865,2205.0,1812.1211
T000074,2007-04-30,1972.0,1798.7370439735905,1776.934700509583,1427.0,1650.1997
T000074,2007-05-31,2156.0,1839.4502533808354,1769.1577796604824,1722.0,1617.6112
T000074,2007-06-30,2302.0,1769.2847456201812,1812.4081509486196,1792.0,1612.8834
T000075,2006-07-31,4979.0,4600.195933498388,4476.038923146642,4505.0,4428.253
T000075,2006-08-31,5773.0,4701.887036641279,4673.002616119488,4970.0,4598.7437
T000075,2006-09-30,5375.0,4521.188416279641,4291.468482673003,4090.0,4339.3467
T000075,2006-10-31,5634.0,4933.370401270104,4505.217976537622,4193.0,4989.8325
T000075,2006-11-30,5475.0,5024.665939716784,4819.614252536121,4850.0,4942.6494
T000075,2006-12-31,2960.0,3555.8172348318476,3966.8647323994965,2645.0,3147.2837
T000075,2007-01-31,4769.0,3809.233490638005,4233.949816526624,3501.0,3482.088
T000075,2007-02-28,4309.0,5081.547448472767,4504.450950944647,4716.0,4826.808
T000075,2007-03-31,5208.0,5136.9620911353295,4618.036666042019,4648.0,5132.13
T000075,2007-04-30,4422.0,4649.083251563717,4645.24523990306,4271.0,4609.9204
T000075,2007-05-31,5630.0,4984.681073273985,4712.255844585067,4683.0,4910.031
T000075,2007-06-30,4529.0,4657.300058937384,4574.2143879017285,4545.0,4563.285
T000076,2006-07-31,1676.0,1413.6655349431724,1361.3979965717986,1402.0,1455.8983
T000076,2006-08-31,1775.0,1438.709983761126,1345.9833541083622,1462.0,1507.2471
T000076,2006-09-30,1750.0,1575.3267659441458,1286.4094026608645,1481.0,1495.9381
T000076,2006-10-31,1676.0,1460.1935097353394,1318.3661897801646,1263.0,1484.8987
T000076,2006-11-30,1336.0,1426.3424751818957,1345.286248191636,1333.0,1452.9819
T000076,2006-12-31,937.0,1055.5191467868394,1213.4034822288033,959.0,1124.1105
T000076,2007-01-31,1349.0,998.6069189819277,1234.506822637744,944.0,1095.2522
T000076,2007-02-28,1335.0,1451.4042136288163,1399.843003328892,1643.0,1345.7013
T000076,2007-03-31,1895.0,1497.912524226867,1391.195862612404,1439.0,1387.7927
T000076,2007-04-30,1474.0,1400.3945441493595,1298.9093690286277,1193.0,1403.7662
T000076,2007-05-31,1538.0,1799.4491435856037,1542.15679297266,1752.0,1578.3304
T000076,2007-06-30,1421.0,1301.3665428526283,1315.0618822349807,1254.0,1325.2697
T000077,2006-07-31,1005.0,820.2529378506508,795.4085133671504,767.0,868.8493
T000077,2006-08-31,964.0,887.7108778620749,868.101400941918,945.0,982.8337
T000077,2006-09-30,1175.0,865.563486827556,861.3260126982236,1044.0,1028.379
T000077,2006-10-31,1083.0,929.9416666261021,882.5849759617248,1063.0,1143.7075
T000077,2006-11-30,1106.0,957.2571139933374,926.0414984107628,1202.0,1101.7761
T000077,2006-12-31,798.0,623.5816291230988,705.8304799312846,448.0,730.71765
T000077,2007-01-31,917.0,556.5781046830341,785.8438527501206,701.0,637.8352
T000077,2007-02-28,797.0,881.0536042353614,861.8549093538428,983.0,911.86005
T000077,2007-03-31,1109.0,884.7158775183079,836.616856097557,867.0,914.42975
T000077,2007-04-30,955.0,860.5196491791148,781.2848873114057,652.0,852.75134
T000077,2007-05-31,1040.0,866.7786646169199,824.7852602125746,843.0,888.934
T000077,2007-06-30,1154.0,763.5658296279262,792.6012652701686,752.0,777.55316
T000078,2006-07-31,570.0,493.19535071293205,499.35597392771393,475.0,481.07126
T000078,2006-08-31,481.0,498.5593364014184,496.5063774798173,629.0,489.1486
T000078,2006-09-30,428.0,433.4595099950657,457.5162139646725,557.0,446.25568
T000078,2006-10-31,508.0,488.8727494378615,467.6604173412909,436.0,483.3821
T000078,2006-11-30,533.0,543.7275832824523,501.2043463076071,546.0,511.80536
T000078,2006-12-31,502.0,398.18030099869753,414.2630627786852,360.0,440.92166
T000078,2007-01-31,381.0,368.1125298744164,384.1589441433026,243.0,410.4828
T000078,2007-02-28,349.0,490.7454669439949,483.40054197451093,574.0,493.3593
T000078,2007-03-31,509.0,526.8789439572888,475.08012312844915,454.0,489.34955
T000078,2007-04-30,644.0,519.5943792880687,482.82347247211806,457.0,475.0057
T000078,2007-05-31,483.0,505.745240870654,483.00259181311935,489.0,488.439
T000078,2007-06-30,406.0,416.8404340182832,436.9062603534822,474.0,417.40164
T000079,2006-07-31,1356.0,1164.6569719392357,1121.0996957798757,1335.0,1085.4382
T000079,2006-08-31,1283.0,1094.428718193631,1115.8374943036415,1257.0,1160.7738
T000079,2006-09-30,1031.0,1602.9082627611263,1323.8622629805777,1244.0,1358.8247
T000079,2006-10-31,1352.0,1190.4860886501071,1110.0034707839852,1348.0,1220.5039
T000079,2006-11-30,1374.0,1180.4047046080293,1098.3071322882427,1426.0,1173.1128
T000079,2006-12-31,631.0,902.7830516800864,1037.4211654327682,506.0,803.0739
T000079,2007-01-31,804.0,901.4968432395506,1021.6591613358231,742.0,866.53625
T000079,2007-02-28,1203.0,1151.5261311398606,1135.282296463283,1139.0,1148.6576
T000079,2007-03-31,1375.0,1316.7862402213668,1216.2830710076669,1195.0,1294.4176
T000079,2007-04-30,1460.0,1189.2094548922219,1131.518526390271,1093.0,1245.0875
T000079,2007-05-31,1217.0,1319.1069782423187,1187.9723682267872,1465.0,1337.9689
T000079,2007-06-30,1144.0,1181.457150740337,1152.308031782796,932.0,1189.6614
T000080,2006-07-31,1611.0,1371.7100309030877,1234.0928097987965,1198.0,1475.8147
T000080,2006-08-31,1373.0,1259.763032299526,1252.0208560037593,1285.0,1429.3567
T000080,2006-09-30,1433.0,1307.3334730959227,1245.7984978403847,1243.0,1459.2407
T000080,2006-10-31,1509.0,1315.0828880144027,1272.3175957271476,1422.0,1529.2445
T000080,2006-11-30,1462.0,1501.532069836289,1305.7998087014964,1648.0,1626.0018
T000080,2006-12-31,1405.0,1234.107628036492,1215.5756153325653,1039.0,1413.0673
T000080,2007-01-31,1365.0,1219.1245052002728,1245.9466492252268,1244.0,1408.0662
T000080,2007-02-28,1318.0,1261.161758838746,1302.9849323894935,1629.0,1459.2535
T000080,2007-03-31,1642.0,1335.1496712872295,1275.7250775785192,1445.0,1541.413
T000080,2007-04-30,1614.0,1276.3515263899992,1187.723154982222,851.0,1483.6208
T000080,2007-05-31,1028.0,1305.8893860864814,1235.427900901427,1173.0,1521.3359
T000080,2007-06-30,1233.0,1223.449182072638,1238.390928598272,1193.0,1444.5444
T000081,2006-07-31,5697.0,5190.9919322195865,5291.184572693955,4039.0,5025.386
T000081,2006-08-31,5261.0,5483.803590503345,5486.992708474566,4204.0,5324.4307
T000081,2006-09-30,5044.0,6091.848429284915,6566.623285622994,4691.0,5218.2495
T000081,2006-10-31,6250.0,6363.631013283088,6555.546377766618,5403.0,5528.495
T000081,2006-11-30,8194.0,8940.504060264333,8927.784906129684,10816.0,6635.9404
T000081,2006-12-31,5421.0,7753.358766692547,8027.7847565726315,6477.0,6123.303
T000081,2007-01-31,5821.0,8731.167677117743,9175.829960024219,4624.0,5044.8613
T000081,2007-02-28,4579.0,5955.685965490326,6150.121197955297,6589.0,5093.561
T000081,2007-03-31,11195.0,5590.329332265966,5866.434360311077,5145.0,5260.7446
T000081,2007-04-30,5901.0,5584.601311603327,5524.86921022146,5487.0,5322.463
T000081,2007-05-31,4691.0,5657.092471816412,5854.887988818154,4938.0,4957.9243
T000081,2007-06-30,4796.0,5524.626189990423,5752.050239911878,4803.0,4573.145
T000082,2006-07-31,3712.0,3234.255975224787,3110.692760912634,2948.0,3024.1116
T000082,2006-08-31,3378.0,3185.3776811201337,3219.394776010714,3279.0,2944.2175
T000082,2006-09-30,3141.0,3235.473126947179,3160.3906277564342,3086.0,3062.483
T000082,2006-10-31,3613.0,3301.157988654278,3162.2912825917906,3124.0,3192.849
T000082,2006-11-30,3418.0,3426.6287494979683,3280.043769491888,3666.0,3312.6592
T000082,2006-12-31,2154.0,2550.7956026786183,2667.5687795824415,1795.0,2279.5486
T000082,2007-01-31,3285.0,2675.118831045053,2851.859473784086,2153.0,2399.101
T000082,2007-02-28,3225.0,3224.2829433019083,3099.624498462034,3074.0,3165.9722
T000082,2007-03-31,3801.0,3256.2342536113283,3130.9837100379373,3025.0,3217.8962
T000082,2007-04-30,3715.0,3229.176477659476,3185.7158623330633,3221.0,3188.649
T000082,2007-05-31,3848.0,3285.741799733888,3130.6366496719857,2791.0,3331.3728
T000082,2007-06-30,3286.0,3110.4444238489723,3103.5249956416237,2926.0,3034.6606
T000083,2006-07-31,9944.0,8229.559729204195,8230.639519666942,8465.0,8038.9463
T000083,2006-08-31,9359.0,8473.253620197773,8363.497911950428,10029.0,8221.658
T000083,2006-09-30,9366.0,8296.360812613984,8342.571112369189,8203.0,7790.0405
T000083,2006-10-31,10657.0,9388.281344406121,9405.82046808908,9235.0,9018.059
T000083,2006-11-30,7522.0,8489.183372342111,8549.512880473665,8140.0,7990.2446
T000083,2006-12-31,5500.0,5649.091956923292,5523.420241176116,4102.0,5008.0977
T000083,2007-01-31,8022.0,7282.826645764934,7149.975234258052,7340.0,6918.737
T000083,2007-02-28,9275.0,8860.279727499794,8756.574243425932,8636.0,8553.934
T000083,2007-03-31,10474.0,9229.233430876488,9108.827047492909,8283.0,8466.646
T000083,2007-04-30,9601.0,8209.425785137704,8045.1460479656,8009.0,7342.3164
T000083,2007-05-31,8803.0,8618.561406690078,8443.721793045746,8338.0,8059.5757
T000083,2007-06-30,9686.0,7460.264088746021,7242.804833352513,7929.0,6843.8228
T000084,2006-07-31,1353.0,993.4805181057488,995.6952542833457,812.0,1006.215
T000084,2006-08-31,1151.0,1048.1525620198327,1207.6621221133073,1409.0,1105.7739
T000084,2006-09-30,1029.0,1133.4167360113183,1126.3600500920368,1236.0,1114.2393
T000084,2006-10-31,1497.0,1225.001024566846,1153.3941800247578,1225.0,1148.1519
T000084,2006-11-30,1446.0,1459.0544852492458,1211.814638193108,1323.0,1290.8739
T000084,2006-12-31,655.0,774.0604899458478,941.4999469476402,731.0,791.7092
T000084,2007-01-31,1260.0,952.7770012269559,1064.5457701179482,958.0,944.6505
T000084,2007-02-28,1231.0,1214.2394164873263,1138.7863235194775,1201.0,1154.3738
T000084,2007-03-31,1657.0,1298.772800614498,1153.9182193122485,1308.0,1199.3387
T000084,2007-04-30,1465.0,1113.269478481147,999.7336360479463,733.0,1061.4507
T000084,2007-05-31,1284.0,1181.0804304280532,1131.0263505335174,1207.0,1144.7441
T000084,2007-06-30,1318.0,993.7837303768929,1098.505739646825,1055.0,979.9824
T000085,2006-07-31,4847.0,4296.001992919597,4271.589309644902,4278.0,4057.8804
T000085,2006-08-31,3929.0,3795.5828037878414,3760.1394944648805,4066.0,3888.3525
T000085,2006-09-30,4243.0,4265.045676178477,4215.417314896224,3751.0,4249.3877
T000085,2006-10-31,5785.0,5009.13839328305,4947.038303076306,4674.0,5298.1865
T000085,2006-11-30,5713.0,5908.6356146257385,5850.005459023763,6281.0,5793.336
T000085,2006-12-31,2782.0,2613.6926132174694,2533.5837085059566,2523.0,2484.9863
T000085,2007-01-31,4245.0,4106.889048850282,4025.836907353709,3911.0,4273.1772
T000085,2007-02-28,4349.0,5201.179555987375,5116.785630044494,4968.0,5371.5845
T000085,2007-03-31,6559.0,5578.066885301082,5489.450510349693,6294.0,5722.2285
T000085,2007-04-30,3961.0,4099.853574468713,3995.1605405080754,3884.0,4265.7754
T000085,2007-05-31,3885.0,4226.497665376506,4110.845572313515,3911.0,4386.6006
T000085,2007-06-30,3734.0,3618.5978666620663,3497.424134213341,3298.0,3779.6108
T000086,2006-07-31,1438.0,1468.2605371598925,1416.6200892315487,1343.0,1371.0504
T000086,2006-08-31,1431.0,1330.6337531909276,1308.7287457195496,1504.0,1366.1838
T000086,2006-09-30,1409.0,1460.3353616100164,1428.6336936957396,1424.0,1446.0513
T000086,2006-10-31,1585.0,1603.0466846438237,1563.194964063991,1544.0,1659.297
T000086,2006-11-30,1724.0,1812.487187965892,1767.7424329164915,1870.0,1928.7943
T000086,2006-12-31,607.0,1009.0497251651618,962.4327886667874,798.0,906.2545
T000086,2007-01-31,1108.0,1343.3908320076644,1292.878451364354,1452.0,1201.9019
T000086,2007-02-28,1686.0,1639.4491267746887,1580.8366702535668,1310.0,1575.7522
T000086,2007-03-31,2080.0,1631.7607898740014,1574.5553683485693,1844.0,1627.9731
T000086,2007-04-30,1280.0,1309.877038759992,1247.1887008811805,1041.0,1226.353
T000086,2007-05-31,1244.0,1390.1457994708364,1324.091951155893,1356.0,1316.6445
T000086,2007-06-30,1168.0,1272.9408457788595,1203.8918891997848,1240.0,1235.2521
T000087,2006-07-31,4257.0,4213.179226815398,4177.411631261859,3830.0,3873.2925
T000087,2006-08-31,4712.0,4281.024099951468,4240.75913930206,5977.0,4005.875
T000087,2006-09-30,5403.0,5010.738963161921,4945.105166455428,4092.0,5116.5747
T000087,2006-10-31,6501.0,5586.733541404432,5511.1343335696165,5537.0,6003.4385
T000087,2006-11-30,6028.0,6287.5097958784445,6218.296451599775,7253.0,6916.697
T000087,2006-12-31,2698.0,2993.239964357498,2895.6091746583747,2681.0,2692.3455
T000087,2007-01-31,4510.0,3950.377810417761,3852.5300800864247,4021.0,3603.711
T000087,2007-02-28,4719.0,4866.729769146894,4760.844452610951,4941.0,4948.5845
T000087,2007-03-31,7246.0,5261.423283808872,5147.776080613773,5519.0,5626.2676
T000087,2007-04-30,4063.0,4605.0618169814215,4481.088399084152,3849.0,4718.639
T000087,2007-05-31,3766.0,4361.034179595152,4225.607449282728,3728.0,4346.443
T000087,2007-06-30,3440.0,3851.7592548105076,3709.733308017679,3784.0,3425.54
T000088,2006-07-31,5329.0,4802.162846434625,4760.182773820783,4389.0,4591.4507
T000088,2006-08-31,4971.0,4661.825500172594,4610.835874395115,4851.0,4876.1626
T000088,2006-09-30,5337.0,4928.299818255588,4859.26635204062,5012.0,4837.009
T000088,2006-10-31,5312.0,5116.279117263718,5023.565885649317,4583.0,4909.5283
T000088,2006-11-30,5145.0,5247.574135589894,5145.503817101284,5091.0,5292.4873
T000088,2006-12-31,3758.0,3326.974933943514,3203.6688065142484,2768.0,2583.6252
T000088,2007-01-31,4592.0,3572.9601930158938,3440.506154701304,3442.0,2942.3386
T000088,2007-02-28,4467.0,4347.246154737912,4201.7013214916415,3583.0,3940.3547
T000088,2007-03-31,6151.0,4977.858546073572,4828.024770450598,4950.0,4489.2876
T000088,2007-04-30,4585.0,4845.961693433207,4682.70810691601,4459.0,4529.9155
T000088,2007-05-31,4593.0,4896.877047133596,4719.937633399422,4535.0,4792.528
T000088,2007-06-30,4597.0,4536.796552570294,4347.961811438718,4331.0,4286.2456
T000089,2006-07-31,72577.0,67532.49191410132,67373.3331688954,63836.0,66422.05
T000089,2006-08-31,71292.0,68965.32459721123,68407.9666649717,71134.0,66709.414
T000089,2006-09-30,68593.0,68991.10787695179,69114.64221315742,64977.0,66563.18
T000089,2006-10-31,76815.0,72632.23475581878,71821.81103860759,68367.0,73146.625
T000089,2006-11-30,76319.0,78763.03259940333,78260.83007116782,80719.0,75550.96
T000089,2006-12-31,46442.0,50225.27112044276,49991.66710034953,42329.0,45033.91
T000089,2007-01-31,58688.0,55544.24030143605,54674.44547303976,50932.0,50088.938
T000089,2007-02-28,65547.0,70314.5430766995,69736.812646667,67593.0,66603.72
T000089,2007-03-31,86507.0,72969.1909806741,72078.8412585549,69395.0,71271.49
T000089,2007-04-30,66134.0,64676.93994593687,63459.46571094946,58902.0,64642.273
T000089,2007-05-31,69628.0,71335.81292572258,70581.08563693843,65497.0,70957.54
T000089,2007-06-30,65578.0,63527.280297991885,61733.09235209892,62174.0,61039.5
T000090,2006-07-31,11802.0,12691.871709517569,11332.74211933237,12137.0,12725.75
T000090,2006-08-31,9373.0,11226.803569659573,10914.50687290163,11264.0,11347.378
T000090,2006-09-30,11852.0,12699.193573503317,10869.056049665374,10668.0,12812.429
T000090,2006-10-31,10719.0,11013.743037347618,10889.987669993501,11380.0,11020.243
T000090,2006-11-30,10311.0,10378.424156841831,10322.65876184342,9390.0,10300.419
T000090,2006-12-31,11000.0,10987.907208680741,10468.098646600552,10208.0,10852.552
T000090,2007-01-31,10457.0,10619.217280202354,10641.901559015518,10619.0,10548.785
T000090,2007-02-28,8122.0,9047.36530738562,9728.285595589385,7717.0,9179.008
T000090,2007-03-31,10053.0,10483.295929634009,10336.920065077387,9893.0,10322.149
T000090,2007-04-30,11128.0,11645.375729293188,10466.802235189974,10855.0,11303.678
T000090,2007-05-31,11102.0,10469.342036161246,10152.927228170616,9690.0,10159.384
T000090,2007-06-30,12673.0,11002.098904236036,10529.669431875813,11145.0,11011.458
T000091,2006-07-31,5644.0,6433.982944601088,4257.276625368168,6591.0,6332.092
T000091,2006-08-31,5586.0,6104.263328128448,4349.32890739611,5310.0,5030.1797
T000091,2006-09-30,3209.0,5641.994177618742,3975.904292215725,3682.0,4956.833
T000091,2006-10-31,3329.0,4228.258293163283,3630.61397875477,4000.0,5067.4824
T000091,2006-11-30,3372.0,3257.738555695294,3365.4827858630933,3126.0,4061.8108
T000091,2006-12-31,2663.0,3481.1159600890182,3204.801796067249,3071.0,3969.3198
T000091,2007-01-31,4616.0,5636.991071371818,3923.801403050896,5364.0,6375.6094
T000091,2007-02-28,5578.0,5663.417843513615,3824.301821727885,6284.0,6578.702
T000091,2007-03-31,5573.0,5077.3127640792945,3750.9998563544777,4182.0,5818.671
T000091,2007-04-30,3606.0,3861.1061454405262,3449.0048200954134,3643.0,4830.907
T000091,2007-05-31,2365.0,2499.0183252334014,3214.2478518704397,2598.0,2847.077
T000091,2007-06-30,3043.0,2703.3165835644204,3314.8048774734625,2864.0,3389.671
T000092,2006-07-31,4176.0,4571.568062830519,4612.590255956314,4674.0,4707.378
T000092,2006-08-31,1491.0,1608.827032648425,1621.9442197387914,1471.0,1845.0427
T000092,2006-09-30,1211.0,1472.532037523218,1465.7474808203642,1338.0,1650.842
T000092,2006-10-31,1629.0,1804.4919828640825,1794.554053830751,1672.0,1726.929
T000092,2006-11-30,1033.0,1054.6649575678161,1031.5282948933432,709.0,1330.4113
T000092,2006-12-31,1297.0,1201.9594314315468,1174.649180995278,845.0,1546.9597
T000092,2007-01-31,3210.0,2909.7144980189896,2884.9816800255626,2798.0,3884.0938
T000092,2007-02-28,4689.0,4600.397398084717,4597.341890389356,4911.0,5193.6553
T000092,2007-03-31,1934.0,1823.3793870945974,1786.768484526239,1605.0,2449.3667
T000092,2007-04-30,2200.0,1628.122216974338,1608.3036669457094,1788.0,1756.8757
T000092,2007-05-31,835.0,886.2612529662997,853.0422082500017,913.0,859.7818
T000092,2007-06-30,1553.0,1255.3335349737768,1216.1005190247192,1207.0,966.24414
T000093,2006-07-31,5583.0,5348.731447112601,5220.444646471599,4956.0,6118.715
T000093,2006-08-31,2448.0,2578.910677305957,2482.9669796229286,1803.0,3119.546
T000093,2006-09-30,2803.0,2766.662601604259,2699.9733449796977,2054.0,2636.7837
T000093,2006-10-31,3584.0,4592.312291736006,4820.548460463375,3420.0,3720.0916
T000093,2006-11-30,3718.0,4836.77063807852,5015.999676374516,4560.0,4401.6196
T000093,2006-12-31,3353.0,3160.3171512815125,3020.0467817179665,2931.0,3920.3374
T000093,2007-01-31,3711.0,4144.911634227014,4226.606707833505,3480.0,5190.56
T000093,2007-02-28,5893.0,6577.0437638148,6480.428688467141,6551.0,7654.0146
T000093,2007-03-31,3178.0,3041.7683642363536,2851.33600400735,2893.0,3412.3635
T000093,2007-04-30,2656.0,2473.437194291976,2422.903612029383,2336.0,2562.9402
T000093,2007-05-31,3218.0,2531.5069671815795,2433.4131243085976,2153.0,3118.9443
T000093,2007-06-30,3153.0,3222.265207477485,2990.919936922103,3463.0,3793.3896
T000094,2006-07-31,4220.0,4210.197685689998,4212.835144970121,3977.0,3678.7815
T000094,2006-08-31,1599.0,1784.7029370575374,1583.3560464101065,1866.0,1785.4158
T000094,2006-09-30,1958.0,1749.4755809837181,1552.2762908877176,1599.0,1623.4192
T000094,2006-10-31,1838.0,1873.1742440977266,1771.5801238074152,1647.0,1559.8223
T000094,2006-11-30,1591.0,1564.6006029368968,1473.5869802916227,1381.0,1251.7572
T000094,2006-12-31,1775.0,2011.856280928461,1918.7220796754214,1813.0,1789.3594
T000094,2007-01-31,3127.0,2738.353596723412,2745.002300629055,2417.0,2891.2026
T000094,2007-02-28,6546.0,7079.515436180853,7169.404729336975,7531.0,6654.815
T000094,2007-03-31,2852.0,1865.022676238088,1732.5995650532868,1896.0,1753.9326
T000094,2007-04-30,2146.0,1363.1383756893383,1308.5241508377683,1098.0,1470.2859
T000094,2007-05-31,1754.0,1485.322405433534,1374.7590164526835,1210.0,1242.2838
T000094,2007-06-30,1526.0,1215.0875877711546,1145.8615006092407,1170.0,957.95013
T000095,2006-07-31,3358.0,3482.662100876349,3508.90525625841,3269.0,4040.2764
T000095,2006-08-31,1307.0,1638.4558557474259,1732.6072086196607,1677.0,2082.7205
T000095,2006-09-30,1452.0,1526.49412012165,1627.23389179773,1690.0,1830.7417
T000095,2006-10-31,2320.0,1730.9986589853115,1821.6495778475091,1717.0,2007.1486
T000095,2006-11-30,1349.0,1368.0833293793,1491.6427416149368,1381.0,1528.5481
T000095,2006-12-31,1643.0,1486.0965223426304,1586.3719188956488,1484.0,1679.9991
T000095,2007-01-31,2444.0,2457.41032498169,2537.876267909234,2286.0,3278.308
T000095,2007-02-28,3481.0,3737.171252985096,3822.1230112138774,3752.0,4083.942
T000095,2007-03-31,1866.0,1618.075393328883,1715.9475801394956,1681.0,2194.7358
T000095,2007-04-30,1613.0,1225.2459911896901,1327.1410261728954,1283.0,1714.6808
T000095,2007-05-31,1576.0,1170.9879236355985,1282.0755177005085,1351.0,1317.6661
T000095,2007-06-30,1624.0,1464.9573593919063,1572.6316570376148,1625.0,1536.8776
T000096,2006-07-31,2359.0,2238.592839141766,2264.580560269048,2472.0,2392.026
T000096,2006-08-31,651.0,680.275721606012,715.4326433105747,640.0,1335.6609
T000096,2006-09-30,804.0,577.5298191272345,623.5953806650725,861.0,768.71423
T000096,2006-10-31,819.0,575.9078212613548,627.4686825132617,664.0,985.6296
T000096,2006-11-30,546.0,377.3180147678879,433.9647605241168,434.0,773.70807
T000096,2006-12-31,466.0,398.9276865365862,459.7994563664432,370.0,779.1701
T000096,2007-01-31,1617.0,1534.1526481931983,1598.9650134367223,1556.0,1580.7494
T000096,2007-02-28,1493.0,1629.557714073826,1698.8591214731239,2020.0,1853.7477
T000096,2007-03-31,976.0,673.3732704814013,745.7292420076426,887.0,1056.2173
T000096,2007-04-30,719.0,433.58426877594843,509.51392470267785,634.0,788.5816
T000096,2007-05-31,682.0,342.26897666152297,421.0366726002294,534.0,780.1786
T000096,2007-06-30,656.0,403.4365999082826,485.36708646633343,609.0,889.5828
T000097,2006-07-31,3051.0,2609.061708740537,2702.9423375550887,2528.0,2793.9458
T000097,2006-08-31,1145.0,1292.8488387309608,1472.4567961968828,1254.0,1720.6783
T000097,2006-09-30,1178.0,1560.868930387029,1783.5349486723926,1322.0,1728.722
T000097,2006-10-31,1599.0,1742.4202617202086,1909.9531718627786,1576.0,2032.0115
T000097,2006-11-30,940.0,1102.991884385416,1204.8722410239172,1214.0,1555.3024
T000097,2006-12-31,973.0,795.4752147063172,832.3336526017821,836.0,1343.026
T000097,2007-01-31,2472.0,2176.978198179693,2361.440617300599,2117.0,2633.2476
T000097,2007-02-28,2501.0,2219.0202172438667,2479.6139431253614,2219.0,2627.099
T000097,2007-03-31,2462.0,2182.899038677695,2647.252020528307,2212.0,2734.5234
T000097,2007-04-30,2479.0,2196.575832455457,2452.6284092784717,2133.0,2796.8933
T000097,2007-05-31,1729.0,1264.2793764314129,1463.2934818387957,1334.0,1896.0153
T000097,2007-06-30,1519.0,1078.0073909000012,1159.7436017427126,1220.0,1513.5646
T000098,2006-07-31,6425.0,5968.935982207462,5918.258048167352,5577.0,5629.14
T000098,2006-08-31,2774.0,2868.752668299202,2735.565200026167,2090.0,4050.835
T000098,2006-09-30,2990.0,2818.1002387836597,2620.8058489293526,2264.0,3436.065
T000098,2006-10-31,3278.0,3389.8062728696027,3247.316713324298,2540.0,4034.8503
T000098,2006-11-30,3244.0,3197.8604375031596,2997.6169368993096,2464.0,3587.0322
T000098,2006-12-31,3117.0,3561.6408723588825,3285.3757692557756,3001.0,3856.2202
T000098,2007-01-31,8815.0,8074.988187601508,8038.7160954281,7317.0,6204.6924
T000098,2007-02-28,4856.0,4726.2585268888215,4387.890366892221,4700.0,4030.3333
T000098,2007-03-31,3676.0,3422.7158218782038,3112.716843360232,2998.0,3598.1865
T000098,2007-04-30,3334.0,3471.190150235368,3144.473217523619,3294.0,3346.1597
T000098,2007-05-31,2729.0,3052.0500993701257,2708.1784258521393,2827.0,2949.609
T000098,2007-06-30,3110.0,3457.694791865128,3139.4947575235974,3138.0,3543.1492
T000099,2006-07-31,11784.0,11116.696702964833,10416.54801741845,11455.0,5394.398
T000099,2006-08-31,4556.0,3922.8353366916126,3617.57949354367,3441.0,3732.1577
T000099,2006-09-30,2710.0,3232.827771040734,3028.192866990046,2568.0,2977.4814
T000099,2006-10-31,3434.0,4317.160828556274,4112.367336736269,3117.0,3603.7888
T000099,2006-11-30,3817.0,4296.708656028237,4073.239156743618,3350.0,3415.2427
T000099,2006-12-31,3214.0,4004.062547958773,3787.6942330305337,2801.0,3584.4304
T000099,2007-01-31,8949.0,11205.75949374062,10500.268216423214,6329.0,5143.0664
T000099,2007-02-28,12482.0,11971.483928167072,11888.502461211934,13828.0,5215.5103
T000099,2007-03-31,7061.0,4430.949815594504,4203.707522227796,4275.0,3312.795
T000099,2007-04-30,3418.0,3261.879964866527,3147.2460422170534,2727.0,2965.4482
T000099,2007-05-31,2524.0,2858.5305058941126,2729.1920853890088,2627.0,3100.0725
T000099,2007-06-30,2808.0,2974.3599002741325,2790.9080445409527,2623.0,3182.5718
T000100,2006-07-31,4851.0,4422.632027232254,4712.355296951921,4438.0,4638.223
T000100,2006-08-31,3366.0,3069.057416525471,3205.7580673449756,2623.0,3539.1025
T000100,2006-09-30,3254.0,3025.824060073386,3135.5710308257794,2580.0,3555.794
T000100,2006-10-31,3641.0,3554.3041510228145,3668.9258311833623,3288.0,3870.2769
T000100,2006-11-30,3492.0,3371.701635661801,3533.563039599785,2908.0,3662.4033
T000100,2006-12-31,3269.0,3424.319928714759,3592.8646332938497,2696.0,3624.417
T000100,2007-01-31,4757.0,4309.0857959485875,4474.726760055193,3925.0,4718.959
T000100,2007-02-28,7059.0,5233.702656804921,5392.968528019397,5346.0,5596.307
T000100,2007-03-31,7205.0,4474.274597625858,4641.559044359138,5309.0,4684.0806
T000100,2007-04-30,4476.0,3218.5783657130405,3361.9440191123585,2894.0,4049.0947
T000100,2007-05-31,4941.0,3665.1197847507106,3818.420945892919,3889.0,4328.342
T000100,2007-06-30,4150.0,3143.8224915904693,3301.209746349125,3447.0,3840.56
T000101,2006-07-31,11561.0,12738.449179751398,12738.449179751398,12653.0,13275.471
T000101,2006-08-31,3552.0,3143.0456204486645,3143.0456204486645,3201.0,4990.4395
T000101,2006-09-30,2836.0,2535.666342411674,2535.666342411674,2951.0,4560.418
T000101,2006-10-31,2939.0,3402.5395303639075,3402.5395303639075,3471.0,4248.756
T000101,2006-11-30,3317.0,2782.279254179016,2782.279254179016,3058.0,3684.4292
T000101,2006-12-31,2978.0,3509.4558431954924,3509.4558431954924,3414.0,4603.8906
T000101,2007-01-31,5930.0,5528.688463887254,5528.688463887254,5580.0,6907.3984
T000101,2007-02-28,7455.0,6939.62830257097,6939.62830257097,8215.0,7200.9023
T000101,2007-03-31,4202.0,2729.048846962517,2729.048846962517,3771.0,3968.8135
T000101,2007-04-30,3501.0,3316.053993373784,3316.053993373784,4408.0,4064.9268
T000101,2007-05-31,3986.0,3266.0937509342307,3266.0937509342307,4357.0,4258.8066
T000101,2007-06-30,9912.0,8564.226795079248,8564.226795079248,8738.0,9293.95
T000102,2006-07-31,1318.0,1144.756444390081,1176.9037007898366,883.0,1171.0686
T000102,2006-08-31,556.0,826.5507801500358,874.20041350247,666.0,791.31635
T000102,2006-09-30,631.0,840.2462561983069,905.840516595158,899.0,833.8154
T000102,2006-10-31,637.0,779.8910964488005,780.3133335757764,642.0,881.3588
T000102,2006-11-30,866.0,749.1438748990727,770.4330382518361,585.0,822.95624
T000102,2006-12-31,836.0,898.0189414776205,925.0642759370148,651.0,1015.05615
T000102,2007-01-31,1980.0,2123.6846161197914,2142.3570492523118,2089.0,2157.4854
T000102,2007-02-28,1729.0,1403.1657720246662,1381.566958987252,1636.0,1383.1968
T000102,2007-03-31,1164.0,815.8176894683572,833.7652064910234,1186.0,825.81573
T000102,2007-04-30,824.0,543.5503540885891,554.8406682036734,613.0,725.7787
T000102,2007-05-31,735.0,576.5462340803123,597.1342359281302,688.0,561.37585
T000102,2007-06-30,589.0,481.58339350981055,497.12172328374015,509.0,671.6325
T000103,2006-07-31,3566.0,4091.580295311637,2837.2907824248223,3754.0,3348.1572
T000103,2006-08-31,2621.0,3092.5664812925934,2377.46300505656,2739.0,3175.0527
T000103,2006-09-30,2637.0,3431.839825725868,2486.356782572901,2756.0,3297.3223
T000103,2006-10-31,2847.0,3676.403137695393,2839.992564032722,3044.0,3335.6724
T000103,2006-11-30,3423.0,3464.2688444248774,2876.530591010909,2528.0,3467.0796
T000103,2006-12-31,4042.0,4699.243800814294,3940.754825718445,3313.0,3519.5547
T000103,2007-01-31,4023.0,4501.906422735874,3559.429224020874,3585.0,3641.7417
T000103,2007-02-28,3660.0,3778.542854380619,2178.5824479341263,4104.0,3478.9111
T000103,2007-03-31,3676.0,3475.223772295882,2289.9309964647928,4117.0,3306.543
T000103,2007-04-30,2644.0,2068.1670871442393,1751.7972833938065,2650.0,2874.5938
T000103,2007-05-31,1816.0,1642.2626004449044,1492.0393715390853,2386.0,2781.1472
T000103,2007-06-30,2138.0,1823.5777984479723,1492.8794834426797,2169.0,2891.497
T000104,2006-07-31,2494.0,2326.0052789976257,2424.3762700267143,2365.0,1970.677
T000104,2006-08-31,1425.0,1238.7448246090032,1320.6980593734804,1077.0,1305.1296
T000104,2006-09-30,1595.0,1501.445648763677,1600.201186887927,1374.0,1558.0088
T000104,2006-10-31,1394.0,1589.3390793173444,1654.522263299777,1118.0,1705.9331
T000104,2006-11-30,926.0,1173.3554929261363,1264.8479989846865,884.0,1435.4121
T000104,2006-12-31,816.0,1295.8404400545385,1405.325609824953,987.0,1601.4658
T000104,2007-01-31,1689.0,1745.4773028846143,1872.042629081896,1585.0,2000.2263
T000104,2007-02-28,2588.0,2173.879493080801,2326.9044481426317,2345.0,2214.8157
T000104,2007-03-31,1314.0,1276.937051603472,1374.7182695722822,1230.0,1477.6714
T000104,2007-04-30,771.0,847.5249030452871,959.6368700727495,921.0,817.57153
T000104,2007-05-31,648.0,659.9160117052667,752.7192855714396,656.0,639.7135
T000104,2007-06-30,1001.0,757.1778092097858,835.8237978373545,711.0,917.11285
T000105,2006-07-31,6686.0,6551.9511603943765,6356.414131487731,6354.0,5928.0684
T000105,2006-08-31,4354.0,2993.80056269754,3193.165999895791,3573.0,4915.872
T000105,2006-09-30,5670.0,4758.521549012257,5028.549035780279,5229.0,6137.2363
T000105,2006-10-31,5245.0,4613.5758396096435,4720.984688200862,4882.0,5409.875
T000105,2006-11-30,4416.0,4044.0024529985612,4116.855494886333,4250.0,4875.9595
T000105,2006-12-31,5085.0,5607.254082746069,5495.096264534313,4027.0,5571.9746
T000105,2007-01-31,6891.0,7208.833894610785,7067.690483177564,6299.0,6760.7256
T000105,2007-02-28,6200.0,5102.304901846229,4904.494934173756,6366.0,6229.8457
T000105,2007-03-31,6683.0,2364.0384701712032,2590.612953227688,3750.0,4316.9287
T000105,2007-04-30,3548.0,1442.2712825387498,1805.6225912470363,3058.0,3627.366
T000105,2007-05-31,2708.0,891.6890840694941,1351.3053698939607,2364.0,3487.8767
T000105,2007-06-30,3847.0,2067.393990981663,2397.421677776184,3371.0,4425.96
T000106,2006-07-31,7962.0,7448.251751084321,7405.995824721886,6740.0,6882.0195
T000106,2006-08-31,5137.0,5622.875786105918,5696.140532295025,5205.0,5395.187
T000106,2006-09-30,5254.0,5632.502721701941,5756.10526779798,4901.0,5646.8843
T000106,2006-10-31,5755.0,5650.7435464005775,5697.244457841359,4540.0,5849.167
T000106,2006-11-30,5296.0,5336.674797135731,5321.483511629971,5241.0,5646.1753
T000106,2006-12-31,5616.0,6057.173822381054,6017.424927875491,4528.0,6046.7925
T000106,2007-01-31,7916.0,7868.743315226782,7827.2624922156165,6730.0,7649.839
T000106,2007-02-28,7325.0,6596.925168561722,6417.860744545129,7094.0,6605.5415
T000106,2007-03-31,7465.0,5340.61336183724,5291.230235157216,7162.0,5644.586
T000106,2007-04-30,5943.0,4720.513721489546,4831.095902755466,4881.0,5528.335
T000106,2007-05-31,5517.0,4311.349125967762,4314.082768183256,3999.0,5174.3975
T000106,2007-06-30,5346.0,4439.3113503760915,4433.497822498912,5270.0,5348.1123
T000107,2006-07-31,96840.0,97474.44406794889,97241.69572131292,94823.0,102819.81
T000107,2006-08-31,51941.0,53148.006369390576,52689.08683933376,49900.0,61562.28
T000107,2006-09-30,52044.0,53427.597885641735,51939.358711117005,48736.0,63877.848
T000107,2006-10-31,55007.0,59982.38872345507,59758.28445946919,52718.0,63670.53
T000107,2006-11-30,51657.0,53897.951488597646,54006.99387886931,47463.0,58696.742
T000107,2006-12-31,52143.0,57218.06933905255,56852.90194916084,46976.0,63368.44
T000107,2007-01-31,82604.0,86995.76425951679,87054.85245315147,74076.0,89055.19
T000107,2007-02-28,91657.0,85786.80021018279,86947.89333120377,94619.0,93124.61
T000107,2007-03-31,71340.0,53919.71378375329,53978.42016821691,59047.0,63682.145
T000107,2007-04-30,55006.0,47080.89388258434,47765.097289685276,49216.0,54808.223
T000107,2007-05-31,48865.0,40102.23134457974,40006.651260000406,43576.0,46605.734
T000107,2007-06-30,58648.0,49246.25093225896,49286.23795092836,53279.0,59671.734
T000108,2006-08-31,700.0,480.2513118209722,576.5009714067277,600.0,617.1787
T000108,2006-09-30,1200.0,698.1517793088435,626.0186937602484,900.0,733.52747
T000108,2006-10-31,800.0,861.8864929509423,680.0103222051907,700.0,773.5785
T000108,2006-11-30,600.0,707.6733254868686,709.0929471940024,900.0,644.98926
T000108,2006-12-31,1500.0,1156.226463229093,1107.0606306755976,1500.0,1098.0405
T000108,2007-01-31,900.0,486.9978268814134,668.3772605974914,600.0,528.86053
T000108,2007-02-28,400.0,436.46094756532136,546.3970102281711,400.0,554.9955
T000108,2007-03-31,800.0,535.6813666843867,498.98791783070874,300.0,640.8321
T000108,2007-04-30,400.0,710.7463592980582,665.4629890138032,700.0,744.28516
T000108,2007-05-31,600.0,513.1385693400184,552.6055712865788,800.0,679.0145
T000108,2007-06-30,700.0,639.4076578496146,760.8150352043731,1000.0,752.1045
T000108,2007-07-31,900.0,464.82997794697167,545.0850364814439,300.0,603.046
T000109,2006-08-31,18000.0,17020.43196317528,17020.43196317528,16300.0,15975.463
T000109,2006-09-30,21300.0,20502.5558991227,20502.5558991227,20500.0,20485.988
T000109,2006-10-31,21500.0,18984.727294221877,18984.727294221877,17700.0,19456.871
T000109,2006-11-30,14600.0,16633.694883145094,16633.694883145094,14800.0,14980.338
T000109,2006-12-31,17200.0,20490.970397493595,20490.970397493595,20500.0,19643.377
T000109,2007-01-31,13100.0,17358.192854118508,17358.192854118508,16500.0,14787.598
T000109,2007-02-28,8700.0,13492.344672550584,13492.344672550584,11100.0,9928.505
T000109,2007-03-31,13900.0,16558.519843816313,16558.519843816313,13500.0,14757.478
T000109,2007-04-30,15200.0,17920.06025863731,17920.06025863731,17100.0,16465.219
T000109,2007-05-31,13500.0,16753.856789157384,16753.856789157384,14800.0,16201.711
T000109,2007-06-30,17900.0,19510.289796622306,19510.289796622306,18300.0,20388.184
T000109,2007-07-31,18400.0,20212.095632170538,20212.095632170538,18500.0,20207.299
T000110,2006-08-31,500.0,660.2238010515636,660.2238010515636,500.0,653.7616
T000110,2006-09-30,800.0,781.7686276902785,781.7686276902785,1000.0,646.31665
T000110,2006-10-31,900.0,757.7766556838483,757.7766556838483,900.0,642.22876
T000110,2006-11-30,600.0,733.6809163383042,733.6809163383042,800.0,639.15796
T000110,2006-12-31,700.0,781.9018127711473,781.9018127711473,1000.0,639.56836
T000110,2007-01-31,300.0,685.4634926054517,685.4634926054517,600.0,625.7037
T000110,2007-02-28,400.0,637.2442585963931,637.2442585963931,400.0,616.73315
T000110,2007-03-31,500.0,637.2442612935445,637.2442612935445,400.0,620.7366
T000110,2007-04-30,800.0,709.5731468974609,709.5731468974609,700.0,627.0124
T000110,2007-05-31,700.0,733.6827753635544,733.6827753635544,800.0,627.7937
T000110,2007-06-30,300.0,733.6827753679912,733.6827753679912,800.0,632.4745
T000110,2007-07-31,800.0,709.5731469400072,709.5731469400072,700.0,636.44775
T000111,2006-08-31,1000.0,976.7111374173967,1268.2825107369613,1300.0,970.0111
T000111,2006-09-30,1800.0,1792.5519131287708,1273.295646554248,1500.0,1815.7047
T000111,2006-10-31,1200.0,1279.6450320694255,1266.1732623207217,1300.0,1278.9385
T000111,2006-11-30,1100.0,1265.6162471423747,1269.1005915267576,1400.0,1262.1124
T000111,2006-12-31,1300.0,1384.9689390514711,1240.9540810597603,1400.0,1497.5469
T000111,2007-01-31,1100.0,879.5881312991662,1176.6041375249333,1100.0,1015.18536
T000111,2007-02-28,700.0,493.65508420791616,980.6992485969524,600.0,565.04297
T000111,2007-03-31,2200.0,932.5159092486005,1126.9998163192051,1000.0,1009.2311
T000111,2007-04-30,1200.0,1269.8003395874778,1208.4320719677198,1300.0,1288.7197
T000111,2007-05-31,800.0,1051.9468047853782,954.2801435106946,700.0,1131.8251
T000111,2007-06-30,1200.0,1438.4750026453307,1357.7011292973289,1600.0,1399.5532
T000111,2007-07-31,1600.0,1376.8709804429088,1150.5139813578548,1200.0,1281.6637
T000112,2006-08-31,69800.0,64029.35360540989,63089.59110750706,62300.0,64268.297
T000112,2006-09-30,78400.0,77285.70507000988,76564.23608960563,79400.0,76723.695
T000112,2006-10-31,68600.0,61698.3839085902,61350.679412650075,61200.0,65782.05
T000112,2006-11-30,67200.0,62060.0138079205,61757.88318075656,61400.0,64546.18
T000112,2006-12-31,116600.0,111927.30925264006,109824.52219998161,109500.0,114056.7
T000112,2007-01-31,70300.0,73041.9218062788,72046.67064204316,72500.0,75013.66
T000112,2007-02-28,75900.0,72433.33325624857,71746.53808551018,71400.0,78259.21
T000112,2007-03-31,83300.0,80055.80002733988,78573.2936186778,76300.0,82890.94
T000112,2007-04-30,75100.0,75175.6639066643,74675.32850808911,75100.0,75267.16
T000112,2007-05-31,56100.0,52904.8014251363,52181.56141404322,51400.0,50634.79
T000112,2007-06-30,59300.0,57008.79509194138,56101.697241037,54700.0,57200.64
T000112,2007-07-31,70600.0,65114.71567868042,64575.67148684982,62700.0,69047.93
T000113,2006-08-31,2200.0,1787.8539402195252,1822.3508109399443,1500.0,1813.998
T000113,2006-09-30,2200.0,1812.884906200629,1724.7244455182004,1600.0,1902.9233
T000113,2006-10-31,2200.0,1845.9906419718502,1807.57974635517,1900.0,1965.1832
T000113,2006-11-30,2300.0,1833.139643804309,1696.1008297609737,2100.0,1910.8221
T000113,2006-12-31,2100.0,1807.10287713331,1709.8052685380064,1800.0,1893.3325
T000113,2007-01-31,1700.0,1694.0239206249582,1554.3107491439212,1200.0,1825.5565
T000113,2007-02-28,1900.0,1748.2883182081084,1671.0425405289907,1600.0,1935.5063
T000113,2007-03-31,2400.0,1845.5132657436498,1702.2707105419245,1800.0,1969.6326
T000113,2007-04-30,1800.0,1798.3650086296175,1750.4893700217178,1600.0,2026.5767
T000113,2007-05-31,1900.0,1758.135348640017,1561.6167195756645,1800.0,2010.0605
T000113,2007-06-30,1900.0,1742.4087627546262,1562.5533867458105,1800.0,2001.3396
T000113,2007-07-31,1700.0,1669.9626338828868,1549.1698401498966,1900.0,1954.6257
T000114,2006-08-31,3500.0,3751.7252844457826,3710.7275176891403,3700.0,3693.1384
T000114,2006-09-30,4600.0,3821.3686928442826,3863.212430151582,3900.0,3944.5928
T000114,2006-10-31,4300.0,3768.6493599363175,3739.200191292588,3700.0,3733.6714
T000114,2006-11-30,4000.0,3768.661048765097,3726.201427888976,3700.0,3776.0276
T000114,2006-12-31,3700.0,3637.98905171875,3613.1144975150432,3200.0,3700.0134
T000114,2007-01-31,3300.0,3585.720382034992,3575.2489501136556,3000.0,3542.6729
T000114,2007-02-28,3100.0,3507.3173655099245,3536.633366994161,2700.0,3428.256
T000114,2007-03-31,3400.0,3690.257736931126,3704.4392470155567,3400.0,3774.16
T000114,2007-04-30,4600.0,3899.3324471206024,3913.053817213852,4200.0,4118.0664
T000114,2007-05-31,3800.0,3742.526414478396,3757.0547763767877,3600.0,3889.4248
T000114,2007-06-30,4400.0,3873.1981083469045,3825.421221546121,4100.0,4369.6978
T000114,2007-07-31,5300.0,3977.735463441711,3979.5225148706027,4500.0,4519.8613
T000115,2006-08-31,1400.0,1733.0477456036713,1772.6028945074274,1900.0,1323.3048
T000115,2006-09-30,1700.0,1499.107596372639,1510.7976219004793,1200.0,1340.6136
T000115,2006-10-31,1300.0,1340.8923686867192,1362.0884044610168,1100.0,1100.9502
T000115,2006-11-30,1600.0,1585.939647957045,1542.7358051890476,1000.0,1310.1713
T000115,2006-12-31,3900.0,2759.5277726361496,2766.983856224844,2600.0,2843.5237
T000115,2007-01-31,1300.0,1660.5176125375583,1663.0430219947475,1400.0,1392.461
T000115,2007-02-28,1100.0,1257.4060180534084,1265.675781822482,900.0,1054.7034
T000115,2007-03-31,1400.0,1368.6680711086146,1413.1879961193426,1300.0,1225.8748
T000115,2007-04-30,1200.0,1478.8824917776437,1508.750195406305,1300.0,1230.835
T000115,2007-05-31,1600.0,1701.6485843879827,1754.5591383245844,1800.0,1449.271
T000115,2007-06-30,1800.0,1884.4374656612422,1935.501965500423,2000.0,1750.1045
T000115,2007-07-31,1400.0,1862.069555487484,1864.5756442146517,1600.0,1682.6104
T000116,2006-08-31,1100.0,697.5628736335434,774.1213564688281,500.0,621.29974
T000116,2006-09-30,1100.0,927.4690386842808,836.0926437535591,300.0,675.92487
T000116,2006-10-31,700.0,753.6698427367074,799.7432239443783,600.0,672.7941
T000116,2006-11-30,600.0,1025.8409538241908,938.1743128559174,800.0,842.7752
T000116,2006-12-31,1600.0,1585.1431187517583,1626.6268698126669,2000.0,1399.6934
T000116,2007-01-31,700.0,755.2517760228682,653.1659552566807,300.0,555.88226
T000116,2007-02-28,500.0,629.3955182306943,596.0476215652816,600.0,482.42606
T000116,2007-03-31,500.0,682.8586857650373,581.1162934201566,500.0,566.0069
T000116,2007-04-30,700.0,797.0314093701236,734.9082891250607,700.0,604.77704
T000116,2007-05-31,700.0,895.3658558459915,798.8217613645345,700.0,689.58997
T000116,2007-06-30,900.0,1121.8061508647197,1062.7046034003383,1400.0,868.96747
T000116,2007-07-31,1000.0,964.7768894027107,859.8783242552843,900.0,672.85596
T000117,2006-08-31,3000.0,3345.4350487065835,3391.337610044151,3100.0,3308.12
T000117,2006-09-30,4200.0,4134.758417400048,3588.0322352604826,3900.0,3899.75
T000117,2006-10-31,4000.0,3671.02875074138,3494.9051625254,3600.0,3734.0986
T000117,2006-11-30,3600.0,3409.9377621098247,3342.993280864879,3300.0,3330.9453
T000117,2006-12-31,4500.0,3847.8480390708824,3415.3773685743013,3500.0,3660.3838
T000117,2007-01-31,3800.0,3461.075798327566,3431.0869289474977,3600.0,3578.5396
T000117,2007-02-28,2600.0,2353.5185467266947,2723.1782251401055,2100.0,2453.2524
T000117,2007-03-31,3600.0,3287.966397524327,3071.9392459726437,2900.0,3402.0127
T000117,2007-04-30,3800.0,3171.336127512866,3057.191232237324,2700.0,3412.504
T000117,2007-05-31,3000.0,2940.3472997378803,2852.587464506837,2300.0,3104.5215
T000117,2007-06-30,4300.0,3445.1599665604576,3291.347897717574,3300.0,3688.7783
T000117,2007-07-31,4000.0,3867.526090826027,3638.7655401306693,4100.0,3739.793
T000118,2006-08-31,1000.0,1061.818475699514,1011.516652095758,1100.0,1030.9517
T000118,2006-09-30,1000.0,1170.7012053929197,1206.5237657892137,1700.0,1042.7466
T000118,2006-10-31,1100.0,1093.6389631888494,1088.0485210966915,1200.0,1032.9545
T000118,2006-11-30,800.0,1031.40703625011,1041.9689769418512,800.0,1017.9481
T000118,2006-12-31,1300.0,1078.1121430094188,1198.0756055320026,1100.0,1023.2804
T000118,2007-01-31,1500.0,1140.3831119455458,1155.5194193681764,1500.0,1023.32214
T000118,2007-02-28,1200.0,1046.9768104519096,1051.5733545392427,900.0,1017.3346
T000118,2007-03-31,1300.0,1031.409092963594,1059.9627214270224,800.0,1018.94977
T000118,2007-04-30,1300.0,1109.2476816505064,1084.2916881308668,1300.0,1013.7658
T000118,2007-05-31,1100.0,1062.5445284464015,1123.779539952511,1000.0,998.09015
T000118,2007-06-30,900.0,1109.247681651158,1088.5177780368037,1300.0,989.0464
T000118,2007-07-31,1100.0,1031.409092976617,1146.7678313572446,800.0,996.5156
T000119,2006-08-31,102300.0,95632.58853231074,95766.68017822658,92800.0,96393.26
T000119,2006-09-30,118300.0,116120.93426563659,115960.48588030293,116000.0,115690.31
T000119,2006-10-31,106600.0,97190.9806517419,97687.08264344963,93900.0,102644.86
T000119,2006-11-30,97000.0,94697.38776847023,94674.2334780153,91000.0,98431.36
T000119,2006-12-31,154400.0,150058.28099056415,150325.50770232093,148200.0,155572.27
T000119,2007-01-31,98000.0,104192.08742900906,104436.99733373088,102200.0,106706.11
T000119,2007-02-28,96500.0,97048.39293614525,97097.4210009286,92600.0,101941.945
T000119,2007-03-31,113400.0,109363.50093476528,109392.32180204948,102200.0,117024.55
T000119,2007-04-30,106100.0,109003.04620827083,109139.14733396162,106700.0,112844.67
T000119,2007-05-31,83700.0,84024.4577821831,84059.79310052087,79700.0,85834.39
T000119,2007-06-30,93500.0,93461.39022249298,93548.77418613894,90100.0,100061.89
T000119,2007-07-31,106700.0,102909.94128600959,102936.77466738866,97500.0,111030.17
T000120,2006-08-31,1700.0,1367.0070307038459,1333.0595033718148,1300.0,1023.4303
T000120,2006-09-30,1100.0,1152.13991053099,1193.7708439768985,1200.0,1256.9963
T000120,2006-10-31,600.0,817.9381714679789,759.967126330009,700.0,637.0568
T000120,2006-11-30,800.0,688.3132551218712,686.7432334286567,700.0,727.9851
T000120,2006-12-31,2300.0,1879.976239493028,1828.4756334316648,2000.0,2088.631
T000120,2007-01-31,1000.0,1083.9026274980047,1078.4524132208626,1300.0,905.00073
T000120,2007-02-28,800.0,908.9192425532649,847.0622064441984,800.0,653.77277
T000120,2007-03-31,700.0,797.0083432789385,775.4296068829337,800.0,850.05707
T000120,2007-04-30,600.0,823.2210913342234,755.7274641138329,600.0,712.0301
T000120,2007-05-31,1200.0,1599.8527980211916,1575.1189356330585,1500.0,1508.4766
T000120,2007-06-30,1100.0,1630.356963610291,1573.1691212450487,1800.0,1434.5986
T000120,2007-07-31,1100.0,1288.9010369733855,1253.6282690296812,1000.0,1100.2152
T000121,2006-08-31,5800.0,6818.965654486766,6685.488278100559,6800.0,6110.2007
T000121,2006-09-30,10600.0,9904.131586682064,9955.486736821946,9800.0,9679.883
T000121,2006-10-31,3800.0,4943.325158500109,4425.052847073555,4100.0,4689.0586
T000121,2006-11-30,3400.0,4309.047415303192,3852.980089892766,3700.0,3638.7666
T000121,2006-12-31,6300.0,6785.6724936494375,6242.085018308878,6100.0,6128.478
T000121,2007-01-31,2800.0,4403.629926449653,3853.998922016356,3500.0,3630.4688
T000121,2007-02-28,2400.0,3234.2074774379007,2540.752074522137,2300.0,2526.9517
T000121,2007-03-31,4500.0,4851.734065470868,4220.567574628876,4000.0,3981.5486
T000121,2007-04-30,7900.0,6690.998928741461,6016.356462928359,6100.0,5945.417
T000121,2007-05-31,10400.0,9994.530473528695,9424.86444409457,9800.0,9032.748
T000121,2007-06-30,12500.0,10829.12591567886,10280.198212149615,10900.0,10281.664
T000121,2007-07-31,7100.0,6816.023785677462,6052.1582061962245,6100.0,6786.6836
T000122,2006-08-31,6400.0,7774.250223099347,7334.374196330566,6600.0,6107.012
T000122,2006-09-30,6600.0,6919.944590172985,6957.083992466514,5400.0,6913.0537
T000122,2006-10-31,3400.0,4780.4050140075915,4384.80098568821,2500.0,3377.4287
T000122,2006-11-30,4000.0,5283.3243986967955,5268.572960128842,3700.0,4602.2695
T000122,2006-12-31,5600.0,6792.236295545632,6450.841746617114,5300.0,5410.2646
T000122,2007-01-31,3000.0,4506.529352159059,4452.479736266638,3000.0,3097.616
T000122,2007-02-28,2600.0,4401.105216313619,4090.3855066511287,2500.0,2499.7666
T000122,2007-03-31,4000.0,5018.038878260737,4930.478601507666,3300.0,3999.3203
T000122,2007-04-30,4500.0,6063.920403124721,5782.842203835082,4200.0,4158.035
T000122,2007-05-31,5400.0,9242.945981804502,9141.819707409053,8100.0,8293.311
T000122,2007-06-30,7900.0,14869.385532182716,14659.40127462467,17300.0,8881.712
T000122,2007-07-31,5000.0,6673.758404820432,6550.539173613772,5500.0,5016.227
T000123,2006-08-31,3100.0,3579.2492149963573,3612.0873432948506,3800.0,4050.171
T000123,2006-09-30,3900.0,3491.1265736729897,3362.166845132955,3000.0,4081.8735
T000123,2006-10-31,2600.0,2059.415026521419,2019.5829301369517,1500.0,2239.1113
T000123,2006-11-30,1100.0,1599.621650747525,1511.3852437727958,1400.0,1601.7305
T000123,2006-12-31,3700.0,3308.4197749450814,3231.4991138730247,3300.0,4115.1284
T000123,2007-01-31,1000.0,1420.108588715797,1345.24977630193,1000.0,1452.0815
T000123,2007-02-28,1200.0,1525.3744017365439,1452.110149076584,1100.0,1540.5167
T000123,2007-03-31,1600.0,2073.7721617209654,1993.8038803861405,1800.0,2488.2744
T000123,2007-04-30,2100.0,2481.3357748663047,2399.0685079560853,2300.0,2481.9175
T000123,2007-05-31,3400.0,3655.9237312944647,3568.666812154966,3300.0,4113.693
T000123,2007-06-30,4800.0,4943.916801880314,4833.0588398606105,5500.0,5058.705
T000123,2007-07-31,4800.0,3847.7370551396853,3758.9818208064025,3800.0,4314.6157
T000124,2006-08-31,2300.0,2280.1404895069536,2252.5931533214584,2000.0,2072.399
T000124,2006-09-30,2400.0,2241.8522747697666,2109.76495277489,1900.0,1952.067
T000124,2006-10-31,1200.0,1602.2767131130554,1452.94558350635,1200.0,1494.8286
T000124,2006-11-30,1300.0,1549.9058240392083,1320.1596052058478,1400.0,1261.7015
T000124,2006-12-31,1400.0,1742.32789669152,1493.3960194969902,1500.0,1334.4725
T000124,2007-01-31,700.0,1297.983018469345,1001.8026140596212,1000.0,919.48413
T000124,2007-02-28,900.0,1102.071709922996,780.4520957849651,700.0,923.02905
T000124,2007-03-31,1200.0,1719.6224802299007,1379.8138280459802,1500.0,1476.9967
T000124,2007-04-30,1700.0,2187.943011081683,1831.9927360970376,1900.0,1962.908
T000124,2007-05-31,2900.0,2722.6496548299447,2352.764721013571,3000.0,2520.9204
T000124,2007-06-30,2600.0,2936.681644030045,2570.0338032335335,3700.0,2679.872
T000124,2007-07-31,2400.0,2199.017268806381,1801.647002651971,2000.0,2153.6665
T000125,2006-08-31,900.0,842.9782192563715,818.0657065422265,700.0,734.959
T000125,2006-09-30,500.0,674.1388628009593,645.6355984511558,600.0,533.7558
T000125,2006-10-31,600.0,508.8010987933044,478.16829892040334,400.0,362.64694
T000125,2006-11-30,400.0,348.6196257218487,309.4618930449876,300.0,434.55966
T000125,2006-12-31,1000.0,741.5473373672144,704.594951148026,800.0,634.91833
T000125,2007-01-31,500.0,509.3383755866379,471.02146624967014,500.0,493.96756
T000125,2007-02-28,500.0,465.4963324410329,425.95061608267724,400.0,405.59045
T000125,2007-03-31,500.0,526.8162527638881,489.1060477542139,300.0,442.7826
T000125,2007-04-30,800.0,485.1782425885485,444.28742814571063,500.0,448.81317
T000125,2007-05-31,1300.0,927.2419323664274,887.4125886450878,900.0,920.71423
T000125,2007-06-30,2200.0,1888.2461057609112,1852.8883046036954,1800.0,1616.6931
T000125,2007-07-31,1300.0,1179.554711342278,1138.8309280560377,1100.0,1022.84717
T000126,2006-08-31,1800.0,1506.8111863913157,1325.4632310572974,1600.0,1499.8252
T000126,2006-09-30,1900.0,1530.196428491045,1475.819346861808,1300.0,1611.6892
T000126,2006-10-31,1100.0,1033.4262921185543,1127.6920067482592,1000.0,1117.3956
T000126,2006-11-30,1000.0,1141.2718523927642,1183.022656116934,1000.0,1127.7697
T000126,2006-12-31,3200.0,1917.0936455639846,1588.3941936509198,1800.0,2131.8748
T000126,2007-01-31,1600.0,1470.726531491989,1420.1533459547002,1500.0,1544.628
T000126,2007-02-28,1300.0,1090.5254401723773,1111.849877864278,1200.0,1011.03296
T000126,2007-03-31,1400.0,1192.9342576432962,1309.7714871669373,1000.0,1275.8274
T000126,2007-04-30,1300.0,1187.8509453140423,1263.6189457439461,1200.0,1281.4198
T000126,2007-05-31,1600.0,1704.376060884793,1476.6728433859998,1700.0,1676.7837
T000126,2007-06-30,2400.0,2032.0277861114955,1620.3685704853451,2100.0,2153.107
T000126,2007-07-31,1900.0,1611.203519573862,1325.7205953087682,1300.0,1730.1052
T000127,2006-08-31,43700.0,42671.26844122958,42296.73917156368,40600.0,40694.637
T000127,2006-09-30,44100.0,43828.77468193277,43127.339017092585,43900.0,43978.59
T000127,2006-10-31,25800.0,25412.613412138242,24365.265776834294,22600.0,26182.988
T000127,2006-11-30,20000.0,22582.99105490878,21425.54176763152,21200.0,20374.076
T000127,2006-12-31,40000.0,39116.15902366697,38134.62326491123,39100.0,37049.22
T000127,2007-01-31,18700.0,21302.328786566173,19925.53882958432,19900.0,19223.014
T000127,2007-02-28,16000.0,17078.349889280173,15507.527156800665,14500.0,17161.44
T000127,2007-03-31,25000.0,26392.397005191313,24833.792398914367,24200.0,28460.062
T000127,2007-04-30,31200.0,34605.30346754693,33160.91074562816,33700.0,35726.312
T000127,2007-05-31,50400.0,50333.84302146043,48890.35994167267,49200.0,52273.285
T000127,2007-06-30,57600.0,54681.427857806295,53435.92257278666,55100.0,53775.566
T000127,2007-07-31,42600.0,44332.78579787331,42766.83973467696,42600.0,44803.43
T000128,2006-08-31,2200.0,2406.2690419449214,2417.4208568024515,2500.0,2290.8765
T000128,2006-09-30,2200.0,2314.996108578712,2147.4869129203084,1800.0,2027.539
T000128,2006-10-31,1400.0,1308.997408912366,1034.4721084246753,1000.0,1057.1477
T000128,2006-11-30,1000.0,1448.9178614321518,1213.681881263266,1600.0,1324.303
T000128,2006-12-31,2100.0,1980.337533388277,1705.2717045686422,2000.0,2129.278
T000128,2007-01-31,1100.0,1307.7911858844839,943.3436831919814,1000.0,1279.382
T000128,2007-02-28,800.0,1024.157489349327,625.3240511734084,600.0,852.53094
T000128,2007-03-31,1800.0,1403.871901425007,1039.072910487323,1100.0,1265.5891
T000128,2007-04-30,1000.0,1761.8937639232895,1368.044889499935,1200.0,1401.4954
T000128,2007-05-31,2600.0,2841.2443245204427,2501.580000484203,2600.0,3080.8467
T000128,2007-06-30,3900.0,3280.6221219664553,3017.532677013402,3600.0,4114.567
T000128,2007-07-31,3500.0,2848.6375712198305,2547.4367883967216,2900.0,3357.6465
T000129,2006-08-31,67800.0,72113.91793864327,69679.39344018923,66000.0,66980.23
T000129,2006-09-30,73200.0,72486.99414627737,72713.814448755,69000.0,75374.33
T000129,2006-10-31,40300.0,41869.02629675256,40723.289935820045,35100.0,44174.43
T000129,2006-11-30,32900.0,39368.09963170583,38497.70261717336,34900.0,34517.156
T000129,2006-12-31,65600.0,64870.27631236009,63710.14636374741,61700.0,60433.312
T000129,2007-01-31,30500.0,37373.645323506564,35811.88446798627,32700.0,31957.809
T000129,2007-02-28,26600.0,30035.75996407172,28080.269213755622,24200.0,25004.951
T000129,2007-03-31,40700.0,43545.549626599575,41362.735849490695,38100.0,41227.56
T000129,2007-04-30,51200.0,56006.38017895257,53658.04163828817,51600.0,53381.695
T000129,2007-05-31,79500.0,84263.02917222907,81753.09494057116,80200.0,82997.555
T000129,2007-06-30,95100.0,101170.91045317793,98816.9084188175,101700.0,91680.484
T000129,2007-07-31,69800.0,71003.150815754,67995.29613338123,66300.0,73459.17
T000130,2006-08-31,5500.0,5900.582609880616,5734.246122373601,5300.0,4913.777
T000130,2006-09-30,4100.0,4605.97323914271,4485.972027733485,5100.0,3674.978
T000130,2006-10-31,1400.0,1963.0820206963613,1576.3732635119818,1500.0,1809.0037
T000130,2006-11-30,800.0,1378.7289949872347,900.451857521218,700.0,1307.1377
T000130,2006-12-31,1600.0,2105.9948277189387,1656.6922815428234,1700.0,1593.1462
T000130,2007-01-31,900.0,1374.6004932927553,904.3178152684303,1000.0,1155.9309
T000130,2007-02-28,1000.0,1287.6411014513737,785.2035036678816,600.0,1146.5452
T000130,2007-03-31,1300.0,1972.9357612847018,1446.5231977897208,1100.0,1838.3976
T000130,2007-04-30,2700.0,3694.553248192339,3253.921886096856,3100.0,3437.4
T000130,2007-05-31,7800.0,7347.595405711548,7033.789046348966,6900.0,5784.4463
T000130,2007-06-30,11200.0,10299.070149716907,10166.220541260862,12200.0,7175.583
T000130,2007-07-31,8200.0,7948.7740742684855,7515.8995413220555,7100.0,7287.959
T000131,2006-08-31,10800.0,10423.39896752532,10582.53940821034,9200.0,10769.406
T000131,2006-09-30,17000.0,17920.97032780273,18058.7191443091,16600.0,18158.877
T000131,2006-10-31,6800.0,6930.920464296786,6991.530687025925,5700.0,6339.0293
T000131,2006-11-30,3900.0,4993.03840684959,4968.121069246951,3800.0,3916.7822
T000131,2006-12-31,6400.0,7640.878714351786,7507.76407916387,6100.0,6986.9014
T000131,2007-01-31,3100.0,4979.476833516137,4832.257979760242,4200.0,2593.166
T000131,2007-02-28,1600.0,3621.3914386745705,3398.4631504203417,2700.0,2591.3442
T000131,2007-03-31,6200.0,5998.822757567875,5704.864220114206,4900.0,5733.742
T000131,2007-04-30,10500.0,10644.042309958346,10350.013404593257,10200.0,10325.0625
T000131,2007-05-31,15300.0,16102.382090706977,15790.236519859714,16000.0,15779.23
T000131,2007-06-30,15400.0,15308.530508423264,14956.971238485576,15200.0,15846.141
T000131,2007-07-31,10200.0,10988.930673673949,10589.529589805094,10700.0,11832.546
T000132,2006-08-31,700.0,1069.9517783017682,906.6979225428227,1200.0,924.1764
T000132,2006-09-30,800.0,738.4998391519296,676.276945811577,800.0,851.90845
T000132,2006-10-31,400.0,516.1511391260149,346.9108556525525,200.0,583.2845
T000132,2006-11-30,700.0,486.4958487940238,396.29817927785706,300.0,667.59174
T000132,2006-12-31,1000.0,905.1034154349927,776.2813508149258,800.0,987.8655
T000132,2007-01-31,200.0,298.96630162404864,205.8082044636874,300.0,352.75067
T000132,2007-02-28,100.0,333.35078543154845,196.69926545019032,200.0,444.07358
T000132,2007-03-31,400.0,512.2355980833423,390.75294748283,100.0,586.1593
T000132,2007-04-30,700.0,744.3028705710066,627.5387635044099,700.0,850.01843
T000132,2007-05-31,1200.0,1595.2803164690072,1491.52873518758,1200.0,1822.9707
T000132,2007-06-30,2700.0,1788.2208145624684,1725.1439234943266,2500.0,1775.7167
T000132,2007-07-31,1900.0,1215.1319988238372,1127.6247138039867,1100.0,1095.9153
T000133,2006-08-31,900.0,1271.8149354018608,1027.5178523065701,800.0,874.933
T000133,2006-09-30,900.0,888.2141409640316,727.3661672066983,500.0,543.90344
T000133,2006-10-31,400.0,514.0154069974195,369.3778565062265,200.0,419.1658
T000133,2006-11-30,200.0,681.1298631406988,640.2765096320799,600.0,536.0612
T000133,2006-12-31,1400.0,867.8060626437583,857.6811963932787,900.0,610.4861
T000133,2007-01-31,300.0,337.0359224437647,193.15649932761798,100.0,401.9475
T000133,2007-02-28,300.0,301.7665213195223,160.79037577659685,100.0,376.55807
T000133,2007-03-31,900.0,519.7185089181323,399.54796009438,400.0,504.8768
T000133,2007-04-30,1200.0,646.7299372629423,463.4343581947379,300.0,670.926
T000133,2007-05-31,2700.0,1574.7327431398635,1578.8144807145193,1800.0,1091.3923
T000133,2007-06-30,3600.0,1831.4782959664728,1851.6695337401375,2000.0,1259.4883
T000133,2007-07-31,2500.0,1665.7270750670473,1698.940748400415,1900.0,1084.922
T000134,2006-08-31,2300.0,2340.809855248298,1999.040368436454,3000.0,1968.4495
T000134,2006-09-30,3700.0,3332.1910856366044,3141.8768725389173,3000.0,3100.397
T000134,2006-10-31,1500.0,2111.2969265582824,1763.9711223897561,1900.0,1839.5474
T000134,2006-11-30,1500.0,1387.02215115955,994.5066060853018,900.0,1317.8176
T000134,2006-12-31,1500.0,1983.3152399050832,1651.2435462007434,2000.0,1718.5532
T000134,2007-01-31,1000.0,1178.89830362249,682.625704875716,800.0,1064.3595
T000134,2007-02-28,900.0,1439.4032438088361,1000.8201516705092,1000.0,1240.1866
T000134,2007-03-31,1700.0,1909.030695678127,1478.3619248139073,1600.0,1783.543
T000134,2007-04-30,2600.0,2049.7150300684984,1664.4351732224768,2000.0,1859.3784
T000134,2007-05-31,3300.0,3312.240193417325,3179.1700169334804,3400.0,3011.0938
T000134,2007-06-30,3800.0,2826.674887341909,2533.2594107939112,2800.0,2669.6409
T000134,2007-07-31,2100.0,2668.8554007225653,2365.3666750012417,2600.0,2264.9988
T000135,2006-08-31,7300.0,6583.2666272028555,6331.896343575818,5300.0,6379.5083
T000135,2006-09-30,6700.0,6165.861516423811,5986.199772088081,5500.0,5228.1313
T000135,2006-10-31,3000.0,2872.8043943412376,2977.1266652580994,2600.0,2540.0195
T000135,2006-11-30,2200.0,2724.3970699996617,2566.4013758575475,1900.0,2513.8208
T000135,2006-12-31,4100.0,3943.022978351345,3794.574199087827,3800.0,3877.9875
T000135,2007-01-31,2400.0,2170.7135037751027,1869.7706780527506,1500.0,2006.3057
T000135,2007-02-28,1700.0,2247.8671990283274,1944.5239625691443,1900.0,1943.8026
T000135,2007-03-31,3300.0,3328.5734429219783,3000.370022208055,3100.0,3133.8196
T000135,2007-04-30,3900.0,4267.866801045303,3868.609195182593,3800.0,4098.5815
T000135,2007-05-31,9400.0,9299.140139457413,8969.268248541834,9500.0,9478.967
T000135,2007-06-30,13900.0,11815.592027487088,11483.659713478062,12300.0,11810.429
T000135,2007-07-31,10500.0,9536.849785467515,9137.119936588691,9500.0,11086.923
T000136,2006-08-31,29400.0,28062.25910967148,27847.04745536841,26300.0,28368.29
T000136,2006-09-30,34400.0,35130.432326141134,34933.11524561154,33100.0,33466.11
T000136,2006-10-31,14200.0,14101.63838545806,13799.253238127407,12400.0,12751.06
T000136,2006-11-30,9400.0,10827.659642978502,9732.79126523366,8500.0,10639.775
T000136,2006-12-31,16500.0,17556.699665070348,16310.865985726583,15700.0,17383.95
T000136,2007-01-31,7900.0,9689.910813268605,8305.540114604746,8100.0,9342.44
T000136,2007-02-28,5900.0,8116.10694684131,6571.777161063478,6300.0,8875.881
T000136,2007-03-31,14100.0,13335.661545242872,11690.638500304609,11600.0,14475.172
T000136,2007-04-30,22200.0,22284.364929836585,20597.499045712448,20800.0,20705.16
T000136,2007-05-31,41600.0,43099.34155625217,41313.93724339601,41300.0,39515.65
T000136,2007-06-30,54600.0,51467.93702810986,49875.593993369956,51500.0,46998.06
T000136,2007-07-31,38600.0,37873.81887737262,35958.991053800404,35700.0,40616.066
T000137,2006-08-31,900.0,989.3590378051582,847.1172010346461,1100.0,923.1554
T000137,2006-09-30,1600.0,2082.0817292755664,1917.8239328806349,2600.0,1957.1279
T000137,2006-10-31,1700.0,1296.2503199099392,1113.5960604097793,1300.0,1346.2222
T000137,2006-11-30,1000.0,2123.237819041711,1943.5620707875926,2600.0,1881.0275
T000137,2006-12-31,2300.0,2035.236073495183,1859.4353043649107,2000.0,2511.237
T000137,2007-01-31,1300.0,1993.446939836992,1815.929286854774,2200.0,2041.7522
T000137,2007-02-28,600.0,1017.4426433352314,837.6827257211537,800.0,953.75183
T000137,2007-03-31,1200.0,1380.833419252061,1195.927192072858,1300.0,1428.99
T000137,2007-04-30,1200.0,1241.110899694726,1042.5297149587846,1200.0,1191.3857
T000137,2007-05-31,1400.0,1012.918339705905,845.5268155204012,700.0,1095.232
T000137,2007-06-30,800.0,945.8251575354435,724.5486666750251,800.0,1057.2502
T000137,2007-07-31,600.0,827.099949830866,604.7050544911002,500.0,879.06396
T000138,2006-08-31,400.0,664.458783229055,867.2229239411024,500.0,478.00983
T000138,2006-09-30,1000.0,1261.3341588466146,1179.972344335935,1700.0,1214.8094
T000138,2006-10-31,700.0,876.6256852309318,957.4524977523856,1100.0,898.06445
T000138,2006-11-30,900.0,911.7394605941136,928.1980286965895,1000.0,661.1152
T000138,2006-12-31,1500.0,1492.603603219703,1344.8070111278905,2400.0,1898.7952
T000138,2007-01-31,900.0,896.3758156583153,916.7648129751198,1000.0,714.7178
T000138,2007-02-28,400.0,546.9602150985786,668.182841930013,400.0,358.4772
T000138,2007-03-31,1300.0,1043.8880830098478,780.5242432463626,800.0,1135.7981
T000138,2007-04-30,1200.0,1141.0544586381636,1068.2917286638349,1300.0,1202.0658
T000138,2007-05-31,1500.0,1044.6110394403938,977.600157753433,900.0,1160.07
T000138,2007-06-30,1900.0,1107.943868849384,999.8281227413688,1000.0,1300.0028
T000138,2007-07-31,600.0,806.1989009942412,815.0141713460245,400.0,750.66656
T000139,2006-08-31,100.0,2748.051793736499,2706.6632753115746,3000.0,2998.6028
T000139,2006-09-30,1700.0,2275.7103468614973,2413.4592836577867,3000.0,2860.605
T000139,2006-10-31,1200.0,1481.9328660402848,1006.9618522710552,1200.0,1643.5298
T000139,2006-11-30,1100.0,1779.0289851257216,1699.2356897068958,1700.0,2363.0571
T000139,2006-12-31,1200.0,2518.784899513147,2110.2953921678295,2400.0,2520.088
T000139,2007-01-31,600.0,1077.91432732671,920.2644428297187,600.0,1735.8289
T000139,2007-02-28,800.0,1349.1642135140903,825.6673118651443,1000.0,1860.1643
T000139,2007-03-31,800.0,1900.0373525996529,1751.9431788199634,1200.0,2437.0398
T000139,2007-04-30,1800.0,2203.5355143177057,1741.0194188847495,1800.0,2377.6394
T000139,2007-05-31,1700.0,2448.2974115233487,2363.963922575674,2800.0,3025.7756
T000139,2007-06-30,1700.0,4181.070680215829,3963.250534641649,5200.0,4452.3735
T000139,2007-07-31,2400.0,3790.483406745978,3681.4217153753884,2700.0,4790.62
T000140,2006-08-31,2100.0,2047.2917115948305,2125.606463738531,1900.0,1932.636
T000140,2006-09-30,2200.0,1999.1364048346954,2038.7746662109912,1800.0,1831.2238
T000140,2006-10-31,1400.0,1167.452969544959,1159.6794631021123,1000.0,1210.7761
T000140,2006-11-30,800.0,976.9225505226749,903.3609886576071,600.0,1039.9796
T000140,2006-12-31,1000.0,983.6844523576015,887.2658217870205,800.0,1034.6177
T000140,2007-01-31,400.0,695.2490171045288,541.0014951187834,300.0,879.60486
T000140,2007-02-28,400.0,816.9351458866482,643.8240975907877,600.0,937.9759
T000140,2007-03-31,1200.0,1300.2031249759611,1102.096772936084,1100.0,1397.4744
T000140,2007-04-30,2000.0,2538.792510776643,2358.123893388997,2400.0,2331.0054
T000140,2007-05-31,4500.0,3865.2767721110363,3725.876058163408,4300.0,3276.4097
T000140,2007-06-30,4200.0,3573.1602133730694,3432.413058487953,4000.0,3084.602
T000140,2007-07-31,1900.0,2404.4926304830387,2198.9120256546403,2700.0,2268.912
T000141,2006-08-31,2300.0,1944.1574512063303,1998.328388228233,1000.0,1993.7639
T000141,2006-09-30,2000.0,2511.159105650514,2460.97768942003,2100.0,2101.6426
T000141,2006-10-31,1800.0,2162.628391653937,2073.1182677334555,1600.0,2075.8657
T000141,2006-11-30,2800.0,2766.274642593372,2696.103373941034,2600.0,2053.6006
T000141,2006-12-31,3200.0,3071.230709353301,2831.901867845425,2700.0,2161.7341
T000141,2007-01-31,3600.0,2708.4863272121656,2481.6879656067426,2100.0,2086.7847
T000141,2007-02-28,2000.0,2478.5113002639855,2423.5448606589316,2000.0,2025.6306
T000141,2007-03-31,3200.0,2916.115174315018,2649.1491982140687,3100.0,2028.2971
T000141,2007-04-30,3200.0,2597.5696656900495,2455.373505873932,2100.0,1972.1115
T000141,2007-05-31,3000.0,2402.084365402102,2345.6474423848667,2000.0,1886.5446
T000141,2007-06-30,2800.0,2411.0079505244375,2384.3749024084377,2200.0,1866.5258
T000141,2007-07-31,2800.0,2491.102647098137,2429.461607538043,2100.0,1822.6384
T000142,2006-08-31,2600.0,3196.624421741448,3295.6107606804653,3000.0,2977.7593
T000142,2006-09-30,3300.0,3315.4507421325,3140.464127210149,2600.0,3025.4893
T000142,2006-10-31,2500.0,2830.4386458953977,3024.1041521074117,2300.0,2871.322
T000142,2006-11-30,4800.0,3610.3994017693667,3528.33071088594,3600.0,3075.4163
T000142,2006-12-31,6700.0,4452.228624128284,4265.277219869943,5500.0,3292.5208
T000142,2007-01-31,2800.0,3477.3057091488845,3218.037443945307,2800.0,3186.1953
T000142,2007-02-28,2400.0,2714.322409802586,2791.3842019019366,1700.0,2861.2566
T000142,2007-03-31,2700.0,3618.0104349550757,3373.1840774156235,3200.0,2990.8318
T000142,2007-04-30,2800.0,3462.1006011498343,3489.544052518361,3500.0,2860.6384
T000142,2007-05-31,2600.0,3368.262454279006,3373.1840774156235,3200.0,2818.2122
T000142,2007-06-30,2200.0,3582.0527540002854,3450.7573941507817,3400.0,2946.8167
T000142,2007-07-31,3500.0,3547.9340643187675,3334.3974190480444,3100.0,2934.0215
T000143,2006-08-31,8500.0,11187.382583080862,10762.033497646542,10600.0,10874.091
T000143,2006-09-30,11700.0,13262.872267580668,13150.45436563947,13800.0,13532.767
T000143,2006-10-31,9200.0,9796.10338863581,9096.736907273716,8600.0,8044.217
T000143,2006-11-30,11400.0,11681.218038901667,11306.732864523516,12000.0,12397.451
T000143,2006-12-31,15900.0,14141.46696067106,13802.17157595668,15900.0,14855.837
T000143,2007-01-31,9500.0,10930.142834511838,10265.888266510387,9000.0,9780.003
T000143,2007-02-28,6600.0,8960.705529277655,7843.776862372062,6500.0,7464.365
T000143,2007-03-31,10400.0,12069.130082641837,11214.929587126759,10800.0,11525.587
T000143,2007-04-30,12400.0,12816.087790494574,11927.114459533006,12300.0,12330.947
T000143,2007-05-31,14500.0,13885.516703794334,13158.361274331259,13800.0,14699.292
T000143,2007-06-30,13700.0,15641.595246791687,14945.111842933033,16600.0,17276.754
T000143,2007-07-31,11700.0,13845.95251109017,12794.18407348057,11300.0,14835.45
T000144,2006-08-31,900.0,919.0201841914824,897.883050239184,500.0,993.2579
T000144,2006-09-30,1400.0,1070.5127847590286,1068.2236969321543,600.0,1024.0033
T000144,2006-10-31,1300.0,1397.724430455356,1408.7773009983962,1400.0,1181.1642
T000144,2006-11-30,1300.0,1849.3458777789915,1867.5631856217615,1500.0,1555.3025
T000144,2006-12-31,3600.0,2502.56705745626,2527.509898628058,2500.0,2130.4453
T000144,2007-01-31,2300.0,1637.9376156649207,1661.764070711135,1500.0,1511.0369
T000144,2007-02-28,1500.0,1230.2469984454328,1253.4554835576137,900.0,1090.7329
T000144,2007-03-31,1800.0,1399.650102626037,1423.5656384929948,1200.0,1244.6421
T000144,2007-04-30,1100.0,1413.0341637633398,1437.7504421758072,1100.0,1096.4031
T000144,2007-05-31,1000.0,1222.0094061891555,1247.2921377784453,1000.0,1020.61884
T000144,2007-06-30,1400.0,1354.0984796376542,1381.559780261089,1400.0,1062.4343
T000144,2007-07-31,1400.0,1337.7310066046268,1364.2707403262314,1200.0,1034.1716
T000145,2006-08-31,600.0,553.3630562127439,556.6146065103953,600.0,624.7348
T000145,2006-09-30,1200.0,565.4540399837606,541.7152082472976,700.0,637.06604
T000145,2006-10-31,800.0,544.8504789747759,520.9935203057698,600.0,659.2998
T000145,2006-11-30,400.0,599.8860769322388,594.1256424306131,900.0,658.2973
T000145,2006-12-31,800.0,562.5616360495485,537.3601680301632,700.0,674.2897
T000145,2007-01-31,900.0,562.4972622348295,520.6072300979598,700.0,665.36035
T000145,2007-02-28,400.0,488.2356887721203,444.10518048808194,300.0,670.00586
T000145,2007-03-31,1200.0,525.3498882300386,472.43315567621073,500.0,682.68774
T000145,2007-04-30,600.0,525.3478600950017,493.6965806789426,500.0,703.77844
T000145,2007-05-31,700.0,525.3472195356021,484.81244581701503,500.0,702.8784
T000145,2007-06-30,800.0,599.5882590754255,604.5522599976221,900.0,720.66724
T000145,2007-07-31,1000.0,506.78664286287653,455.80533521270354,400.0,706.4342
T000146,2006-08-31,16000.0,16889.13876603277,18312.844257995464,31800.0,19612.06
T000146,2006-09-30,19700.0,20761.368029778852,22354.548054597966,38100.0,22259.348
T000146,2006-10-31,15400.0,13217.23557980635,15370.587833757103,17700.0,17426.844
T000146,2006-11-30,16900.0,8353.08613402145,11337.72652764179,15700.0,12524.446
T000146,2006-12-31,22800.0,10960.745027081808,14446.957994870512,17600.0,14762.377
T000146,2007-01-31,18600.0,9097.240933173996,13108.6854198288,11900.0,14066.383
T000146,2007-02-28,13900.0,5501.916012230777,10103.569726740863,10500.0,11587.611
T000146,2007-03-31,19600.0,10360.596538633408,15352.781189452176,13300.0,16881.654
T000146,2007-04-30,21500.0,10156.40881009371,15649.503447745476,16000.0,17417.57
T000146,2007-05-31,20000.0,9208.139148616603,15178.13157052029,13100.0,17077.598
T000146,2007-06-30,28300.0,16148.824535921283,22458.583904604267,20500.0,24830.023
T000146,2007-07-31,27700.0,17795.703812144297,24240.59601583718,18800.0,26560.023
T000147,2006-08-31,11500.0,12818.694421464526,12557.14228314931,10900.0,12237.324
T000147,2006-09-30,16600.0,15489.029911698546,15165.583296366989,15400.0,15390.706
T000147,2006-10-31,13200.0,13833.340744415607,13583.567116208693,12600.0,14240.84
T000147,2006-11-30,11800.0,13363.187064642932,12945.818861089263,12600.0,12834.471
T000147,2006-12-31,20900.0,18261.5487835749,17837.902515522444,18100.0,19320.795
T000147,2007-01-31,14700.0,15023.967406295951,14516.178427082754,15000.0,15030.572
T000147,2007-02-28,13100.0,12923.646902183455,12376.33737028715,11600.0,12632.373
T000147,2007-03-31,16200.0,14777.27756381915,14168.01683199256,13700.0,14606.141
T000147,2007-04-30,13000.0,13638.34132373796,12976.736470701126,13900.0,13055.335
T000147,2007-05-31,11500.0,12013.368217128696,11303.17200394824,11700.0,11957.928
T000147,2007-06-30,16000.0,14767.895931651074,14004.016910845627,14000.0,14909.119
T000147,2007-07-31,16000.0,15526.852606006678,14715.79356601195,14100.0,16185.1045
T000148,2006-08-31,4600.0,5420.0819574473,5221.231997005736,4300.0,5680.617
T000148,2006-09-30,6200.0,6724.046066904968,6573.229743196789,6100.0,6095.1426
T000148,2006-10-31,6200.0,6728.368083370478,6496.815367500158,6300.0,6277.806
T000148,2006-11-30,7400.0,7065.93008771833,6813.397156858949,6300.0,6860.183
T000148,2006-12-31,14400.0,13974.950038347903,13851.007466234078,15100.0,13319.45
T000148,2007-01-31,6800.0,7668.995555854799,7397.662256627294,7000.0,6592.6777
T000148,2007-02-28,5500.0,6616.885684259735,6282.281841424089,6100.0,6017.1885
T000148,2007-03-31,8500.0,7883.50934312627,7514.2580760322935,6800.0,7336.965
T000148,2007-04-30,8000.0,7824.115085266552,7458.228966140797,8000.0,7035.7485
T000148,2007-05-31,6700.0,7373.714038421509,6965.495751612329,6700.0,6729.6855
T000148,2007-06-30,6400.0,6632.4001434251395,6177.6178143912775,5900.0,6309.6777
T000148,2007-07-31,5700.0,6420.997694263981,5971.020271153406,6200.0,5642.5674
T000149,2006-08-31,15100.0,17187.978678366795,17252.563908952103,13800.0,16170.789
T000149,2006-09-30,16400.0,19604.85060080651,19125.34401705955,17900.0,18611.79
T000149,2006-10-31,16200.0,18198.93184402045,18074.2489198591,15100.0,16958.947
T000149,2006-11-30,16700.0,18716.176533905353,18515.42807395995,16700.0,17632.012
T000149,2006-12-31,22600.0,20753.720656871723,20131.057789311977,19500.0,19023.691
T000149,2007-01-31,15200.0,18873.03112846656,18675.53559353487,16400.0,16942.682
T000149,2007-02-28,13500.0,16835.31182526309,17111.509817294642,13600.0,15643.729
T000149,2007-03-31,17900.0,19907.401590447276,19401.158382484104,19400.0,17541.633
T000149,2007-04-30,17700.0,19839.019788395515,19604.478184096966,21800.0,18063.62
T000149,2007-05-31,17800.0,17192.59829161058,17496.200097706445,15500.0,14902.506
T000149,2007-06-30,20300.0,19866.364858651068,19433.240776794893,18300.0,17621.852
T000149,2007-07-31,21200.0,20905.047780116653,20035.61625471859,18900.0,19066.855
T000150,2006-08-31,22900.0,23722.64559983354,24050.87654798069,17000.0,22456.654
T000150,2006-09-30,29600.0,27608.51596720701,27285.538140514516,17800.0,27175.756
T000150,2006-10-31,30600.0,29912.884966625785,30032.740272923147,25700.0,29978.16
T000150,2006-11-30,24000.0,25795.359811124177,25917.99441777091,20600.0,25413.77
T000150,2006-12-31,32700.0,28885.218685089854,28785.785537681437,24900.0,28095.053
T000150,2007-01-31,27000.0,24511.201607153846,24584.363757140214,19400.0,26096.111
T000150,2007-02-28,22500.0,22898.410740488132,22923.611788736187,17500.0,24149.078
T000150,2007-03-31,27900.0,25061.336056320823,25031.529597638586,19000.0,27215.164
T000150,2007-04-30,32500.0,26896.850841808813,26952.734824674968,24200.0,29259.566
T000150,2007-05-31,24800.0,22961.016956491167,22968.298223088397,17400.0,25551.615
T000150,2007-06-30,32100.0,28202.32292096422,28227.36884871498,25700.0,29997.656
T000150,2007-07-31,34500.0,28401.897560937072,28440.870243611564,25000.0,32094.238
T000151,2006-08-31,7400.0,8172.930537916482,7733.476050793742,8000.0,7423.6484
T000151,2006-09-30,11400.0,10311.007158440325,9746.910416481074,10600.0,8820.7295
T000151,2006-10-31,10200.0,9535.48159516268,8857.795320111089,9300.0,8219.302
T000151,2006-11-30,10100.0,9878.26579414609,9104.879591494895,7900.0,9043.521
T000151,2006-12-31,22200.0,18931.58398536042,18097.00861816493,19000.0,17631.842
T000151,2007-01-31,15900.0,14536.196690403389,13632.319363001337,13300.0,14623.638
T000151,2007-02-28,11300.0,9445.768693632519,8487.685805456149,8100.0,9618.449
T000151,2007-03-31,13800.0,11354.966031006603,10353.47013206939,9800.0,10590.294
T000151,2007-04-30,12200.0,9428.999169799883,8388.640940525333,9400.0,8576.467
T000151,2007-05-31,9100.0,7999.957079072115,6915.775576039849,6300.0,8523.879
T000151,2007-06-30,12100.0,10685.125650656144,9569.446812418344,9500.0,10929.314
T000151,2007-07-31,10900.0,9055.983902587783,7906.785413551321,7700.0,8766.681
T000152,2006-08-31,400.0,983.7867781569546,924.5336160848177,900.0,875.7241
T000152,2006-09-30,700.0,1146.8172642854288,1082.1819289921684,1100.0,1090.7893
T000152,2006-10-31,1100.0,1008.6093559524753,950.4679427647856,1000.0,1022.4459
T000152,2006-11-30,2100.0,1527.5116848930752,1469.7825760604076,1200.0,1600.2322
T000152,2006-12-31,2400.0,2571.336281304758,2511.036500505665,2600.0,2746.0315
T000152,2007-01-31,1900.0,1589.2237074217414,1527.4809412716615,1200.0,1573.7404
T000152,2007-02-28,1100.0,1397.3971141982054,1331.9265820882351,1300.0,1298.3236
T000152,2007-03-31,1300.0,1389.0448848758385,1319.8894452052152,1300.0,1328.256
T000152,2007-04-30,1300.0,1193.3079118037567,1120.5673363945455,900.0,1049.1797
T000152,2007-05-31,1300.0,803.9800573215457,727.6394543283185,500.0,832.73755
T000152,2007-06-30,1100.0,1110.3960520604032,1029.3116917076027,1100.0,1018.7706
T000152,2007-07-31,1300.0,1131.8828564313762,1046.7680738531385,1100.0,929.1367
T000153,2006-08-31,79400.0,84163.52836654025,86219.64259973941,87700.0,85902.06
T000153,2006-09-30,103100.0,102469.7053656528,101386.36996083787,108400.0,101872.984
T000153,2006-10-31,95100.0,89548.7824114374,90182.659064228,89600.0,92416.84
T000153,2006-11-30,90800.0,83480.64186781853,83140.56813020777,83400.0,81114.0
T000153,2006-12-31,142400.0,114808.34515762635,113232.19345728919,120000.0,112920.66
T000153,2007-01-31,103200.0,89358.51951194093,88511.93386259036,86500.0,88658.59
T000153,2007-02-28,82900.0,73170.29598984131,71938.42886699879,69900.0,72825.45
T000153,2007-03-31,108100.0,88505.10124369939,86887.2034583035,84900.0,87725.16
T000153,2007-04-30,107900.0,88197.9368697955,86009.93611667771,95800.0,85627.86
T000153,2007-05-31,92900.0,76017.91954604904,73920.69009808052,72800.0,77425.625
T000153,2007-06-30,118600.0,96947.40577095322,94272.92986978084,97300.0,94508.21
T000153,2007-07-31,119700.0,96905.24694855325,94252.8221549785,93500.0,98976.234
T000154,2006-08-31,18700.0,19939.94319985316,19275.14109212456,18300.0,18990.387
T000154,2006-09-30,30300.0,28383.46342799487,28555.033995555237,28100.0,29042.355
T000154,2006-10-31,25500.0,24738.062904149047,24059.468572323643,23100.0,24184.396
T000154,2006-11-30,20700.0,20877.317180618527,20631.171123645756,19300.0,18931.605
T000154,2006-12-31,24300.0,24275.739080534255,23693.777314648716,20500.0,24333.006
T000154,2007-01-31,18300.0,20792.319708609673,20344.820476186465,17100.0,19455.062
T000154,2007-02-28,13100.0,17815.19474307936,17299.855846283914,14100.0,15779.579
T000154,2007-03-31,27200.0,22718.126350386323,22217.516373567763,17600.0,21611.951
T000154,2007-04-30,27800.0,26047.20955143805,25863.25630692879,25100.0,24845.023
T000154,2007-05-31,24700.0,21799.095450640976,21525.858906475194,20300.0,19533.023
T000154,2007-06-30,21100.0,22787.08428941213,22508.62646606206,20600.0,19415.715
T000154,2007-07-31,18300.0,19963.559446536867,19580.733820189544,16700.0,17516.889
T000155,2006-08-31,14000.0,13815.833484685158,12819.05475343552,13300.0,12722.128
T000155,2006-09-30,16400.0,15781.55209361184,14512.22531438891,15600.0,15910.82
T000155,2006-10-31,17500.0,15426.764512852871,13706.110287798156,14500.0,14908.051
T000155,2006-11-30,19600.0,18507.602682530996,16455.8049384858,17800.0,19084.998
T000155,2006-12-31,22500.0,22860.39736366186,20705.773108034013,21500.0,26608.63
T000155,2007-01-31,15900.0,16261.341553676368,13876.041651977755,15800.0,14849.03
T000155,2007-02-28,11700.0,15242.090004724272,12788.079198616531,13000.0,14818.203
T000155,2007-03-31,21100.0,18170.428277136707,15544.455071102311,18900.0,18824.574
T000155,2007-04-30,17800.0,16249.298551924454,13549.512174956399,17300.0,16262.769
T000155,2007-05-31,14900.0,13691.17000297063,10905.105605950204,12300.0,14165.423
T000155,2007-06-30,15900.0,16054.69331296676,13191.562514722253,16200.0,15465.822
T000155,2007-07-31,14300.0,14607.624786629187,11672.715864922728,12800.0,12747.534
T000156,2006-08-31,5200.0,6393.079378408288,6227.866245124498,5400.0,6380.209
T000156,2006-09-30,11400.0,12111.535908103877,11884.5555889221,12800.0,10611.805
T000156,2006-10-31,8400.0,8941.415438613003,8629.188018034129,8100.0,8650.787
T000156,2006-11-30,7300.0,7541.1479691985705,7238.110411410991,7000.0,7185.5063
T000156,2006-12-31,11800.0,9825.88095431959,9552.174292231004,10100.0,7488.4863
T000156,2007-01-31,13400.0,9302.467112071365,9046.716874629834,10300.0,6807.0195
T000156,2007-02-28,9700.0,8332.51046228986,8064.768178732671,8900.0,6380.7207
T000156,2007-03-31,12100.0,8768.95196558048,8473.478665645112,8300.0,7625.0186
T000156,2007-04-30,11100.0,9553.2757847956,9244.188808115347,8800.0,8181.0576
T000156,2007-05-31,8000.0,7504.658741470074,7181.937875492367,6300.0,6802.998
T000156,2007-06-30,9400.0,7809.816930387301,7481.930802409509,6600.0,7190.8896
T000156,2007-07-31,7300.0,8126.482715369711,7807.719524826721,7000.0,6852.464
T000157,2006-08-31,1900.0,2307.7422047279956,2438.752226827634,2100.0,2331.413
T000157,2006-09-30,3100.0,3069.7987199804425,3014.7154118050953,3500.0,3223.3555
T000157,2006-10-31,2900.0,2743.8064320362546,2511.7537009437838,2200.0,2851.9692
T000157,2006-11-30,2500.0,2471.018375244994,2586.4231400317562,2300.0,2224.8281
T000157,2006-12-31,3600.0,3156.8177641023776,2893.4667163424406,3400.0,3754.269
T000157,2007-01-31,2400.0,2303.0250906783126,2472.3573754209874,2100.0,1855.9259
T000157,2007-02-28,1700.0,2291.1194295712,2431.585963416229,2400.0,1978.6082
T000157,2007-03-31,2600.0,2429.576985303945,2675.874153249141,2500.0,2456.828
T000157,2007-04-30,2800.0,3041.611740132431,2854.6419111344117,3500.0,3041.1865
T000157,2007-05-31,2400.0,2676.066633367528,2481.0406515533114,2200.0,2897.3904
T000157,2007-06-30,2700.0,2807.470096550976,2715.13064529757,2600.0,2961.7747
T000157,2007-07-31,2500.0,2301.5866469567536,2442.845295537144,2100.0,2144.6765
T000158,2006-08-31,2300.0,2757.216220534483,2845.7815698791455,2000.0,2660.4688
T000158,2006-09-30,3300.0,3537.8860581339322,3551.6263820041504,3800.0,3351.1719
T000158,2006-10-31,3000.0,3141.3452765388715,3099.7605347912613,3300.0,3005.8809
T000158,2006-11-30,4100.0,3649.976618500297,3568.9983476503726,3400.0,3537.2424
T000158,2006-12-31,5600.0,5503.269535229346,5406.046542146939,5700.0,5528.3486
T000158,2007-01-31,2700.0,3007.2157493376067,2799.942912479481,3200.0,3026.6726
T000158,2007-02-28,3300.0,3029.2138329536806,2952.6412679031982,2800.0,2916.2822
T000158,2007-03-31,3700.0,3465.713074553937,3469.0689152703476,3200.0,3296.8018
T000158,2007-04-30,2600.0,2800.3281376411896,2574.3856965128816,2400.0,3040.731
T000158,2007-05-31,2200.0,2684.596016548155,2572.182558675935,2700.0,2541.3147
T000158,2007-06-30,3400.0,3149.746589123739,2924.5962681583146,2700.0,2988.9739
T000158,2007-07-31,2000.0,2779.8277182931533,2518.8699391312393,2400.0,2756.6306
T000159,2006-08-31,300.0,289.76818995114166,286.5838035130027,200.0,389.0553
T000159,2006-09-30,300.0,297.8508860685821,286.5838035130027,200.0,387.66492
T000159,2006-10-31,200.0,317.4813231085306,301.9605239590944,300.0,392.85486
T000159,2006-11-30,400.0,311.4847979928268,286.5838035130027,200.0,398.38367
T000159,2006-12-31,600.0,367.5228313776371,348.09068529736965,600.0,391.6645
T000159,2007-01-31,200.0,310.44695743751106,271.2070830669109,100.0,405.305
T000159,2007-02-28,300.0,315.4904054254067,271.2070830669109,100.0,415.86395
T000159,2007-03-31,400.0,345.1486067666754,301.9605239590944,300.0,423.30872
T000159,2007-04-30,200.0,361.9139774413408,317.33724440518614,400.0,433.65265
T000159,2007-05-31,300.0,353.30375147659004,301.9605239590944,300.0,444.95
T000159,2007-06-30,700.0,406.9429602805971,363.4674057434614,700.0,452.67828
T000159,2007-07-31,700.0,360.17846092563934,301.9605239590944,300.0,463.07483
T000160,2006-08-31,42400.0,44100.71045772501,42739.623145301615,41300.0,41073.383
T000160,2006-09-30,64700.0,60706.02630578145,58783.51529171737,63900.0,64770.496
T000160,2006-10-31,57500.0,53645.29042703832,50677.444377176726,51500.0,54015.69
T000160,2006-11-30,54700.0,52430.40463293953,48876.89693698369,50000.0,47182.766
T000160,2006-12-31,68300.0,64727.38602867466,60924.054387943375,61800.0,72500.375
T000160,2007-01-31,52900.0,50411.952338018535,46166.234824586005,48600.0,46571.734
T000160,2007-02-28,39700.0,46129.138168225865,41330.757037764626,41300.0,42926.67
T000160,2007-03-31,67000.0,55057.412831704256,50104.228482194565,50800.0,55487.582
T000160,2007-04-30,62200.0,55480.44102285397,50455.73425025949,57400.0,56493.082
T000160,2007-05-31,52500.0,47215.97850672655,41587.34313041941,44000.0,46835.535
T000160,2007-06-30,53200.0,51768.29474060369,45939.29107636256,49600.0,51013.26
T000160,2007-07-31,45200.0,47250.1887346261,40985.21992694397,41400.0,42244.062
T000161,2006-08-31,5400.0,5553.00782158499,5292.226697228356,4400.0,5909.152
T000161,2006-09-30,8600.0,8963.751367335299,8587.504383927328,7900.0,7461.514
T000161,2006-10-31,10200.0,11624.680597454426,11312.17264908896,10900.0,8669.999
T000161,2006-11-30,17200.0,15405.034514368654,14901.288120597592,14700.0,12915.863
T000161,2006-12-31,18300.0,16412.43833912563,15917.162296556548,15600.0,14491.903
T000161,2007-01-31,10100.0,8258.431484162049,7727.998488502632,7000.0,7468.918
T000161,2007-02-28,11700.0,11945.317696037593,11364.469673049734,11100.0,9794.697
T000161,2007-03-31,8500.0,8347.847440255518,7764.932840486864,7000.0,7215.851
T000161,2007-04-30,7600.0,7338.994586775957,6732.364521086962,6000.0,6292.3164
T000161,2007-05-31,5600.0,6256.697412643434,5619.9996788263325,5000.0,5307.9233
T000161,2007-06-30,5600.0,6723.376599688994,6102.888260302431,5300.0,5745.239
T000161,2007-07-31,6200.0,6326.455966474449,5688.959237395887,5000.0,5432.2485
T000162,2006-08-31,600.0,710.422136355574,621.4205406486194,800.0,719.82153
T000162,2006-09-30,400.0,890.7852318453386,753.0599720306216,800.0,802.3015
T000162,2006-10-31,900.0,861.3880047914653,735.1081808712994,1000.0,788.1439
T000162,2006-11-30,2000.0,1987.4284205811932,1886.665782533868,2400.0,1993.3826
T000162,2006-12-31,1300.0,1327.7965635320659,1190.720964468769,1700.0,1341.5011
T000162,2007-01-31,700.0,796.1886969807085,621.2767112444014,700.0,855.178
T000162,2007-02-28,1100.0,1075.1686403176618,882.147849905072,1000.0,1246.6423
T000162,2007-03-31,800.0,989.4075121059169,799.3417088155428,900.0,887.3096
T000162,2007-04-30,1000.0,822.3848386793613,627.781290575914,800.0,752.4197
T000162,2007-05-31,500.0,630.2102562967009,424.6183216967933,500.0,654.2184
T000162,2007-06-30,600.0,673.8501239523423,455.0661952108687,300.0,595.2595
T000162,2007-07-31,900.0,833.7980165366628,635.0784827838072,800.0,689.2749
T000163,2006-08-31,1700.0,2121.7132491508314,2116.8920506355234,2300.0,1640.8579
T000163,2006-09-30,1300.0,2333.7592760534117,2325.176732192737,2000.0,2022.9072
T000163,2006-10-31,1100.0,1501.2892803040786,1475.2196552481432,1200.0,1439.3954
T000163,2006-11-30,2400.0,3225.688985265285,3184.9164759811224,2800.0,2892.042
T000163,2006-12-31,3900.0,4737.276390220168,4757.926435013332,5400.0,5184.4683
T000163,2007-01-31,1400.0,1523.8325131391766,1541.4491530251287,1300.0,1731.5891
T000163,2007-02-28,1400.0,1870.685571395286,1883.064068711953,1700.0,1654.3081
T000163,2007-03-31,1500.0,2044.6941691014395,2040.0917540116518,1700.0,2087.497
T000163,2007-04-30,1800.0,2107.1947741317563,2136.9865159663723,2300.0,1859.8121
T000163,2007-05-31,1200.0,1587.4169256859434,1583.5474342504315,1300.0,1336.9238
T000163,2007-06-30,1600.0,2375.2691238669972,2371.1821664589243,2200.0,2047.8729
T000163,2007-07-31,1700.0,2064.192832237066,2061.1021589890825,1600.0,1905.1909
T000164,2006-08-31,1000.0,1128.2766813892922,1079.3289061564155,1100.0,1046.7568
T000164,2006-09-30,1800.0,1338.128687336876,1241.9641174528392,1100.0,1136.7083
T000164,2006-10-31,1400.0,1275.16071027139,1222.3704768626867,1500.0,1196.3306
T000164,2006-11-30,2200.0,1851.915576021591,1340.9324893360001,2200.0,1538.0647
T000164,2006-12-31,2100.0,1342.721453233408,1100.1287079237288,1100.0,1237.7579
T000164,2007-01-31,1000.0,933.2539594705714,947.0028903337092,800.0,969.98303
T000164,2007-02-28,1200.0,1250.0274035764464,1115.3338889393829,1100.0,1160.0889
T000164,2007-03-31,1300.0,1237.551422019594,1140.8925486689166,1300.0,1163.9812
T000164,2007-04-30,1200.0,1128.252709612069,1036.9526259078482,900.0,1107.8207
T000164,2007-05-31,1500.0,1092.6123335284497,905.0265100010138,1000.0,1013.744
T000164,2007-06-30,1600.0,1120.828913101006,1026.6366737766293,1100.0,1013.7133
T000164,2007-07-31,2100.0,1326.571918343859,1053.6005954118523,1200.0,1167.8635
T000165,2006-08-31,9000.0,9601.895711033223,9601.467010920775,8500.0,9908.105
T000165,2006-09-30,12700.0,13318.3559156019,13627.305496214198,12200.0,12740.316
T000165,2006-10-31,14700.0,15866.493111487302,16148.475318519566,15400.0,13260.769
T000165,2006-11-30,24300.0,23219.81360415904,23285.556075872853,22700.0,20452.703
T000165,2006-12-31,26300.0,24507.11172377341,24622.63683322614,24200.0,23197.623
T000165,2007-01-31,13400.0,11303.94416749034,11137.2330464597,9900.0,11651.879
T000165,2007-02-28,15900.0,16317.228761938066,15994.168904303995,15300.0,15215.6455
T000165,2007-03-31,12800.0,13116.910482908504,12891.539460675269,11600.0,12991.154
T000165,2007-04-30,12100.0,11773.934066696915,11447.160596705202,10400.0,11171.921
T000165,2007-05-31,8800.0,9565.92722790132,9210.079839351916,8000.0,9417.143
T000165,2007-06-30,9700.0,10761.605003014623,10500.152289106412,9100.0,10090.112
T000165,2007-07-31,11100.0,10378.771288654529,9991.53946067527,8700.0,10009.574
T000166,2006-08-31,600.0,342.0627209937105,425.5851006368843,400.0,477.38016
T000166,2006-09-30,700.0,629.5055210507096,588.298585072721,600.0,663.0213
T000166,2006-10-31,800.0,676.8413516049262,493.8084551595748,600.0,665.0702
T000166,2006-11-30,1400.0,1010.1293761979357,775.4397820065282,1300.0,792.3632
T000166,2006-12-31,1200.0,921.1258674036424,735.9568669789776,900.0,821.71545
T000166,2007-01-31,1100.0,613.3308677205333,569.3198660669337,400.0,668.23755
T000166,2007-02-28,600.0,588.3267764280733,518.5494292114553,500.0,644.77405
T000166,2007-03-31,900.0,839.3149452312459,753.2991119719093,1200.0,672.6272
T000166,2007-04-30,500.0,458.4019307733056,465.1683767456992,300.0,488.52438
T000166,2007-05-31,300.0,421.3014538244993,559.9427732974772,400.0,483.64044
T000166,2007-06-30,400.0,454.0156703286441,552.7949876308651,400.0,564.02563
T000166,2007-07-31,400.0,468.81607805582826,560.5084028468319,300.0,514.30145
T000167,2006-08-31,600.0,655.7264493882024,796.25250386286,300.0,685.43365
T000167,2006-09-30,800.0,844.6979846279032,915.8048620509123,1000.0,823.2901
T000167,2006-10-31,1000.0,878.1542677435908,804.7340240152521,900.0,863.3228
T000167,2006-11-30,800.0,1070.9632178248664,898.1992366548167,1200.0,1034.3611
T000167,2006-12-31,1000.0,1121.5095225351308,879.5753066699552,1200.0,1162.8309
T000167,2007-01-31,1100.0,884.160126582632,856.214249118451,700.0,934.9119
T000167,2007-02-28,1100.0,932.6250755060909,884.5256032180807,1200.0,904.55133
T000167,2007-03-31,300.0,878.5815060044455,815.4221652654211,700.0,825.5045
T000167,2007-04-30,600.0,837.0792677501521,799.0775182649181,700.0,744.7801
T000167,2007-05-31,600.0,672.2572280505027,729.0935182616957,400.0,645.54895
T000167,2007-06-30,900.0,762.511232778894,816.8148765450937,800.0,749.2241
T000167,2007-07-31,500.0,855.4387987129464,856.4449737731801,1000.0,741.9035
T000168,2006-08-31,9400.0,9077.192316501862,8948.59219923833,8700.0,9087.884
T000168,2006-09-30,8800.0,8510.648396644217,8672.677205423195,8200.0,8290.537
T000168,2006-10-31,4000.0,4633.493876962323,4401.8841818145465,4100.0,3849.645
T000168,2006-11-30,3900.0,4683.372778228175,4664.19459788848,4100.0,4345.524
T000168,2006-12-31,10700.0,11064.053827634412,11129.8690450334,10100.0,10807.989
T000168,2007-01-31,8000.0,7630.272260518988,7829.986980528838,6000.0,7428.9043
T000168,2007-02-28,4500.0,5928.945391570649,5756.443872016779,4600.0,5796.2417
T000168,2007-03-31,4600.0,5258.903680863308,5123.7158785394895,4400.0,5645.77
T000168,2007-04-30,6100.0,6172.026573532956,5880.521241469505,5800.0,6256.3555
T000168,2007-05-31,11800.0,12388.251521778064,12658.43373856884,13100.0,11461.767
T000168,2007-06-30,11300.0,10864.763416694377,10832.824364624996,10800.0,10815.87
T000168,2007-07-31,9800.0,9398.86237516136,9281.477795831206,8900.0,9946.531
T000169,2006-08-31,800.0,526.3040137079306,426.37271731295255,300.0,494.70294
T000169,2006-09-30,1300.0,972.2257505658295,831.0237502184707,1100.0,777.2274
T000169,2006-10-31,900.0,690.6104815396592,578.6324178663397,600.0,662.0657
T000169,2006-11-30,2100.0,1549.356139774606,1582.061366701954,2100.0,1268.6207
T000169,2006-12-31,1400.0,1435.7153956141399,1379.4986974982505,1600.0,1671.8857
T000169,2007-01-31,700.0,951.4131073112949,896.9922541736869,800.0,893.45355
T000169,2007-02-28,500.0,770.8177070273598,704.560049046259,600.0,673.98206
T000169,2007-03-31,800.0,941.5998535725616,909.6375907693113,800.0,867.3353
T000169,2007-04-30,900.0,662.0214810234592,567.3959070693081,600.0,553.21875
T000169,2007-05-31,500.0,536.982599160528,396.86256689473163,400.0,518.3277
T000169,2007-06-30,800.0,531.6170471971682,369.123682762272,500.0,437.49036
T000169,2007-07-31,700.0,478.39101491795844,347.9197463376256,300.0,399.5671
T000170,2006-08-31,400.0,462.11987686838387,426.31916580261975,400.0,434.0714
T000170,2006-09-30,600.0,586.643436470968,513.1441981945605,500.0,548.0857
T000170,2006-10-31,800.0,606.939003481552,517.8781764985735,500.0,524.9676
T000170,2006-11-30,800.0,692.958589288776,500.80003198584984,400.0,611.47675
T000170,2006-12-31,1300.0,952.3243026363477,745.1631684438385,1200.0,833.26294
T000170,2007-01-31,400.0,588.6859775483612,563.843236986721,600.0,508.6955
T000170,2007-02-28,500.0,506.6202381129513,465.16539383630334,300.0,477.60126
T000170,2007-03-31,600.0,557.6728732654935,591.2295611231262,600.0,519.34875
T000170,2007-04-30,700.0,572.4254272464917,475.31702654181305,500.0,525.3982
T000170,2007-05-31,800.0,507.54341604294217,455.3123467044712,300.0,496.7011
T000170,2007-06-30,700.0,530.0750908234218,597.8875881194257,500.0,479.3698
T000170,2007-07-31,300.0,483.3386673137126,457.5997772793564,400.0,441.6123
T000171,2006-08-31,33400.0,34390.6617451791,33924.0744560143,33800.0,33355.74
T000171,2006-09-30,46600.0,45240.173822238845,43904.37155862944,45800.0,51562.43
T000171,2006-10-31,34900.0,35325.31902608238,34033.88109446211,33500.0,35355.805
T000171,2006-11-30,32600.0,35071.20876220676,33272.52489015027,35800.0,31861.43
T000171,2006-12-31,47400.0,44465.86951729227,42461.055773754066,47900.0,50543.78
T000171,2007-01-31,32900.0,35199.4377194308,32908.54606940411,32500.0,29625.848
T000171,2007-02-28,25600.0,28338.431461157426,25854.859223983138,24500.0,22117.617
T000171,2007-03-31,36800.0,35665.774376780086,32920.37186813559,33400.0,36473.41
T000171,2007-04-30,40900.0,38236.78398086394,35223.474906684576,40400.0,38050.86
T000171,2007-05-31,40800.0,40183.61505300556,36986.80534787494,36700.0,42260.957
T000171,2007-06-30,43000.0,44211.921606733646,40779.40143572218,42200.0,48967.055
T000171,2007-07-31,34700.0,36588.417515781606,32983.28171663063,35700.0,38291.695
T000172,2006-08-31,1300.0,1434.3540458409882,1419.901019794659,1300.0,1423.4858
T000172,2006-09-30,2100.0,2004.2902611024647,1981.4328718269003,2200.0,1936.6727
T000172,2006-10-31,1700.0,1588.1803654018502,1531.5087819833595,800.0,1712.513
T000172,2006-11-30,2600.0,2518.763942707764,2483.7153967095487,3100.0,2479.9077
T000172,2006-12-31,2600.0,3085.8587622390087,3037.993586759198,3200.0,3599.7998
T000172,2007-01-31,1600.0,1703.3287966198943,1658.135327529175,1500.0,1713.4078
T000172,2007-02-28,1500.0,1414.4840354007688,1354.883079095309,1300.0,1594.6768
T000172,2007-03-31,2300.0,1917.481623083609,1867.3042815828314,1800.0,2003.2937
T000172,2007-04-30,2600.0,1913.4858336310397,1856.3020075625875,1900.0,1899.2457
T000172,2007-05-31,1500.0,1737.001305289509,1682.066623512519,1500.0,1757.3119
T000172,2007-06-30,1800.0,1654.3507337608191,1593.2192612331035,1600.0,1891.7195
T000172,2007-07-31,1600.0,1654.2601449941005,1592.3522020304572,1200.0,1627.4268
T000173,2006-08-31,46700.0,47529.59420088596,46819.42555790661,45200.0,47539.656
T000173,2006-09-30,60900.0,58771.913677940865,57571.81843249773,59200.0,65647.25
T000173,2006-10-31,44100.0,45202.65768746628,43894.759707737,40900.0,44036.863
T000173,2006-11-30,44200.0,47343.312919616146,45654.269345404406,47900.0,44390.79
T000173,2006-12-31,65700.0,63392.64733722831,61403.30971799328,66200.0,68682.88
T000173,2007-01-31,45800.0,48253.70421207722,45984.56225119485,42400.0,42312.426
T000173,2007-02-28,34200.0,39113.07297998737,36582.07019212216,32900.0,31726.766
T000173,2007-03-31,46300.0,46978.59311109347,44168.157229383636,42800.0,45775.023
T000173,2007-04-30,52400.0,49655.09329325073,46569.798703880086,50300.0,48582.445
T000173,2007-05-31,56100.0,55720.41147302486,52379.83725049323,52900.0,55562.19
T000173,2007-06-30,59000.0,59180.45431230868,55593.387514653805,56800.0,63053.586
T000173,2007-07-31,48000.0,50446.052784566375,46630.67221612234,47800.0,50935.6
T000174,2006-08-31,800.0,938.4798440572984,932.9764475283614,1100.0,808.58514
T000174,2006-09-30,1200.0,1014.3514213793327,701.2786209417184,600.0,903.53253
T000174,2006-10-31,1100.0,955.1304944094489,788.5627317532281,800.0,823.2426
T000174,2006-11-30,800.0,793.5105569123735,716.5965850223514,600.0,781.97424
T000174,2006-12-31,1200.0,1348.0331301678848,999.1796329837894,1300.0,1157.0125
T000174,2007-01-31,500.0,540.9771391200145,734.8013537069893,500.0,473.04913
T000174,2007-02-28,600.0,603.1471443802533,697.5330830698692,500.0,595.42944
T000174,2007-03-31,900.0,906.1274760604742,867.485482879092,1000.0,769.88275
T000174,2007-04-30,1100.0,803.6911808859039,727.899981242952,700.0,711.2523
T000174,2007-05-31,900.0,1000.1158767150005,876.4789406698897,1100.0,823.21124
T000174,2007-06-30,1000.0,748.5423417097803,701.6692685913506,600.0,706.5084
T000174,2007-07-31,900.0,802.172212131291,833.3340360023367,800.0,723.87744
T000175,2006-08-31,4000.0,3552.5880587028714,3675.479992154093,2900.0,3851.6519
T000175,2006-09-30,5700.0,5329.998427762945,5523.199426746316,4800.0,5727.455
T000175,2006-10-31,4500.0,4306.50909051656,4411.1718388505615,3600.0,4147.0396
T000175,2006-11-30,5600.0,5309.11119757031,5449.5461633681225,4900.0,5206.4224
T000175,2006-12-31,8100.0,7384.227449293505,7433.894892401966,7500.0,8450.15
T000175,2007-01-31,3900.0,4136.575425575895,4268.606077696348,3500.0,3983.572
T000175,2007-02-28,3500.0,4152.987676436796,4244.182543551069,3800.0,4267.324
T000175,2007-03-31,5600.0,5099.822099905589,5189.828027419927,5000.0,5509.4844
T000175,2007-04-30,4600.0,4682.634553861739,4736.230436449451,4700.0,4822.3335
T000175,2007-05-31,4300.0,3727.5049603803322,3796.760384562771,3700.0,3677.4995
T000175,2007-06-30,4900.0,4646.138622058472,4683.221081584076,4700.0,4891.1
T000175,2007-07-31,4100.0,4301.752677931073,4355.980490491373,4000.0,4459.334
T000176,2006-08-31,1900.0,2378.8960583120565,2168.689738808852,1900.0,2201.0967
T000176,2006-09-30,2100.0,2256.908438453155,2063.1537508748843,1800.0,2159.7986
T000176,2006-10-31,2100.0,1909.8335070033793,2036.1357409708123,1600.0,1965.3033
T000176,2006-11-30,2700.0,2354.92279566807,2089.3661009004622,1900.0,2269.2156
T000176,2006-12-31,3200.0,2673.7754638665506,2422.3424582566918,2900.0,2542.103
T000176,2007-01-31,2800.0,2523.500690209425,2254.4296560960674,2400.0,2240.7385
T000176,2007-02-28,1700.0,1875.379946141844,1987.6813338354705,1600.0,1761.5474
T000176,2007-03-31,2000.0,2006.5705859683524,2079.8297160601815,1800.0,1958.7695
T000176,2007-04-30,1900.0,2275.1248396434403,2206.2136567341345,2200.0,2226.73
T000176,2007-05-31,1500.0,2082.991761553112,2051.672061111099,1700.0,2062.6152
T000176,2007-06-30,3300.0,2535.5065157680037,2241.41529111276,2300.0,2357.6414
T000176,2007-07-31,2700.0,2504.073276192305,2365.053940736563,2700.0,2260.6274
T000177,2006-08-31,6700.0,7101.059648540708,7243.260414012531,5900.0,6470.8794
T000177,2006-09-30,9000.0,8645.345491578551,8810.673179314219,7200.0,8690.58
T000177,2006-10-31,7700.0,7135.560592573439,7222.298729284377,6000.0,6841.9985
T000177,2006-11-30,9100.0,8431.887985106052,8516.888386338442,7400.0,8553.782
T000177,2006-12-31,12600.0,11394.972049652983,11569.167837849089,11700.0,13714.421
T000177,2007-01-31,7200.0,7444.85682651141,7450.030315317171,6300.0,6943.2954
T000177,2007-02-28,5900.0,6698.996298483922,6623.85129224473,6000.0,6166.437
T000177,2007-03-31,8500.0,8102.42671413962,8011.237674169942,7800.0,8098.5977
T000177,2007-04-30,7600.0,7827.5690063479315,7702.931085092128,7700.0,7806.0513
T000177,2007-05-31,6700.0,6850.577674673866,6659.995070735113,6400.0,6155.7354
T000177,2007-06-30,9200.0,7999.753445817136,7776.280161909623,7500.0,8359.88
T000177,2007-07-31,7800.0,7874.526183189048,7617.987657925198,7600.0,7345.2573
T000178,2006-08-31,3500.0,3132.4728680128646,3264.3676532517384,3300.0,2763.877
T000178,2006-09-30,3100.0,3060.2965239548653,3018.63606588102,3800.0,2909.966
T000178,2006-10-31,1600.0,1799.6637987849099,2159.9272467845703,1900.0,1613.3584
T000178,2006-11-30,1100.0,1326.9611318020784,1669.2047496875527,900.0,1349.258
T000178,2006-12-31,1600.0,1990.8554738181485,2037.3021733336473,1500.0,1708.4883
T000178,2007-01-31,1000.0,1230.7406597054764,1515.8863739916778,500.0,1174.9929
T000178,2007-02-28,600.0,1357.6285933156596,1607.892212962091,700.0,1209.8291
T000178,2007-03-31,1200.0,1787.4550982439919,1976.1377721370695,900.0,1564.519
T000178,2007-04-30,2300.0,2650.291864849119,2712.184483900375,2500.0,2199.9636
T000178,2007-05-31,3400.0,3930.781154343388,3724.656085279351,3600.0,3019.7778
T000178,2007-06-30,2600.0,3346.392871412636,3478.9615317908533,4000.0,2733.2666
T000178,2007-07-31,3200.0,3041.2172822433777,3264.5157887806217,2900.0,2654.668
T000179,2006-08-31,395800.0,405207.26562794164,394211.4769041964,387600.0,408199.5
T000179,2006-09-30,491300.0,492964.52225306246,493115.72763801855,486600.0,505312.94
T000179,2006-10-31,391000.0,384029.73606441845,374133.6529322116,355300.0,410596.0
T000179,2006-11-30,374900.0,382355.1610518156,371238.06706700753,358800.0,381401.0
T000179,2006-12-31,569200.0,540712.0901627371,540073.2851733835,526800.0,574868.2
T000179,2007-01-31,369500.0,377992.1250520072,363808.16597378417,346300.0,360072.3
T000179,2007-02-28,314900.0,330903.53277093486,311201.0585251932,295600.0,325245.88
T000179,2007-03-31,422500.0,399996.7865216617,386124.75239538634,361500.0,421469.03
T000179,2007-04-30,436400.0,429023.87446611805,414097.7228098121,415300.0,433990.94
T000179,2007-05-31,439700.0,429603.51441614865,416151.6720104856,402900.0,439378.3
T000179,2007-06-30,509200.0,494510.2959403539,485599.10014716943,484100.0,506996.12
T000179,2007-07-31,461700.0,446267.79542869114,428089.4230239879,412700.0,459496.12
T000180,2006-08-31,362.0,244.24123213567174,246.7388985716591,203.0,308.9996
T000180,2006-09-30,444.0,313.17578605555,315.71302957879374,264.0,360.0801
T000180,2006-10-31,531.0,376.78062657957145,380.4455593001411,332.0,406.8971
T000180,2006-11-30,493.0,406.6577904753759,411.3091294841816,403.0,409.00763
T000180,2006-12-31,603.0,503.60346024861553,504.2025745694455,467.0,504.53452
T000180,2007-01-31,781.0,678.8552384453344,680.9755902182052,582.0,627.6569
T000180,2007-02-28,433.0,465.70657804527,464.73117905056796,416.0,460.451
T000180,2007-03-31,440.0,516.4065155115867,517.3330782875006,510.0,476.3021
T000180,2007-04-30,532.0,417.556942218661,418.6266334045605,445.0,418.04028
T000180,2007-05-31,325.0,289.63176931668767,284.1193725718572,277.0,358.09653
T000180,2007-06-30,360.0,266.150805367516,259.7421482765276,239.0,360.8386
T000180,2007-07-31,549.0,380.31309759012817,375.9767180314808,381.0,403.03214
T000181,2006-08-31,1205.0,1294.6866182903668,1256.313997192197,1135.0,1066.614
T000181,2006-09-30,1268.0,1238.6511867813826,1213.0727573296435,1064.0,1245.9169
T000181,2006-10-31,1328.0,1244.5342682922355,1137.6218827443472,991.0,1220.0408
T000181,2006-11-30,1257.0,1292.8355569979196,1180.9905267216034,1027.0,1117.4095
T000181,2006-12-31,2551.0,2051.793105513789,1906.1217397277112,1963.0,1779.3512
T000181,2007-01-31,2061.0,1914.1351476306677,1807.5337075413252,1846.0,1769.8529
T000181,2007-02-28,1435.0,1407.1480863271536,1265.7526593839889,1314.0,1106.0632
T000181,2007-03-31,1822.0,1505.6675037747548,1343.9849364974275,1373.0,1246.5294
T000181,2007-04-30,1336.0,1355.0884425022684,1177.1797417639987,1185.0,1147.0946
T000181,2007-05-31,1280.0,1180.7766135956813,975.8883889311671,945.0,1000.0593
T000181,2007-06-30,1070.0,1200.8111543531797,1009.4488324183561,1022.0,1033.9553
T000181,2007-07-31,1748.0,1620.587287065785,1398.3254373059096,1428.0,1413.2968
T000182,2006-08-31,524.0,406.9637367517578,406.04173106695504,274.0,440.57278
T000182,2006-09-30,631.0,478.17845020710445,484.61415879118204,320.0,479.11685
T000182,2006-10-31,629.0,506.31100915910696,516.8728399657042,496.0,494.99008
T000182,2006-11-30,755.0,496.4257147074326,502.2613405543601,447.0,508.13458
T000182,2006-12-31,767.0,618.0099033877676,628.6576143914032,538.0,585.65845
T000182,2007-01-31,650.0,597.0521439793971,609.8922531128379,594.0,535.7545
T000182,2007-02-28,608.0,577.3965088037771,596.3552954290852,463.0,503.6283
T000182,2007-03-31,721.0,497.78269500809364,509.04986946599774,466.0,446.30865
T000182,2007-04-30,684.0,480.8241063502558,500.7742717177536,432.0,411.59988
T000182,2007-05-31,630.0,468.3815868701998,483.38127906408835,423.0,421.79028
T000182,2007-06-30,557.0,419.6917355655591,430.27730172211017,407.0,421.3669
T000182,2007-07-31,610.0,515.3811350208515,532.4279631193494,589.0,447.81012
T000183,2006-08-31,40.0,35.08900731574532,46.595002377150124,33.0,40.546124
T000183,2006-09-30,67.0,56.24854849406295,50.273378864956356,46.0,59.086235
T000183,2006-10-31,97.0,77.56465515393678,65.24165683547238,86.0,64.69784
T000183,2006-11-30,68.0,87.36957405054726,68.98260513785695,90.0,73.91621
T000183,2006-12-31,44.0,98.2718101036905,57.94341381104527,62.0,80.38965
T000183,2007-01-31,56.0,59.315396636614096,52.78188355970084,42.0,60.17038
T000183,2007-02-28,101.0,48.346105966256864,50.439562627586476,40.0,49.895645
T000183,2007-03-31,117.0,59.15058898893262,58.2465335986055,62.0,54.953213
T000183,2007-04-30,104.0,69.83439761026207,83.98926140200504,131.0,67.51236
T000183,2007-05-31,50.0,43.671553004793225,48.20077961364744,37.0,49.379112
T000183,2007-06-30,20.0,31.72639677129925,49.87236286099199,38.0,43.91713
T000183,2007-07-31,70.0,39.914956861483454,47.35951787336489,34.0,43.942215
T000184,2006-08-31,365.0,364.32333470902324,373.59409831684013,360.0,384.0134
T000184,2006-09-30,402.0,445.96708588809724,450.7670971181317,325.0,384.7607
T000184,2006-10-31,562.0,432.82458481917195,430.5244261261037,378.0,408.26862
T000184,2006-11-30,569.0,446.4371445774426,438.92372579952905,327.0,443.95844
T000184,2006-12-31,787.0,705.2866928020524,631.3486079977644,548.0,561.8297
T000184,2007-01-31,420.0,407.52599162416135,423.27688445448445,405.0,395.56177
T000184,2007-02-28,591.0,510.51269226511937,505.6565952089577,515.0,434.33972
T000184,2007-03-31,641.0,472.40793292412064,462.6922769710212,409.0,437.8849
T000184,2007-04-30,664.0,470.1582561973655,469.80114976627067,584.0,452.48987
T000184,2007-05-31,249.0,370.7776342901851,382.6238305771223,260.0,383.4828
T000184,2007-06-30,463.0,401.3013884200015,413.6946537019653,363.0,428.1396
T000184,2007-07-31,924.0,706.8966732595222,638.5218017261191,782.0,556.1306
T000185,2006-08-31,2496.0,2415.8956548351352,2328.914868165545,2005.0,2123.6038
T000185,2006-09-30,2812.0,2525.319655391516,2454.1064829124293,2019.0,2582.5603
T000185,2006-10-31,3147.0,2716.0274242245077,2635.237678314316,2283.0,2648.4448
T000185,2006-11-30,3142.0,2711.9236171398215,2601.9150405414694,2294.0,2487.4546
T000185,2006-12-31,4752.0,3954.292065545387,3864.8487092869345,3578.0,3639.6992
T000185,2007-01-31,3968.0,3629.265989397549,3566.5562195128855,3469.0,3515.7131
T000185,2007-02-28,3168.0,3038.8669816209585,2916.1995977965557,2748.0,2832.6438
T000185,2007-03-31,3741.0,3012.5354235266645,2884.4255585271135,2820.0,2938.4207
T000185,2007-04-30,3320.0,2858.602570602115,2724.8631673195077,2777.0,2773.974
T000185,2007-05-31,2534.0,2340.7059970904215,2183.215891052148,1942.0,2485.481
T000185,2007-06-30,2470.0,2348.510046978758,2146.120683388893,2069.0,2505.7397
T000185,2007-07-31,3901.0,3323.7006236656425,3131.767022869575,3214.0,3264.8262
T000186,2006-10-31,26532.0,23864.29747177227,23847.445544240243,22862.0,25789.39
T000186,2006-11-30,25696.0,23083.7957879702,22971.024358197425,21160.0,22966.22
T000186,2006-12-31,43030.0,42546.672505639086,42694.92219215934,42850.0,41927.46
T000186,2007-01-31,31836.0,34704.96006193741,34667.51771694345,34320.0,33887.477
T000186,2007-02-28,29739.0,29698.787119880195,29673.508562966006,28050.0,32066.387
T000186,2007-03-31,33465.0,32976.22964285878,32988.57669646287,31349.0,34653.258
T000186,2007-04-30,31142.0,30580.18508839323,30565.639217008986,29744.0,30554.105
T000186,2007-05-31,16470.0,16447.19877477044,16426.853876148023,15215.0,16161.496
T000186,2007-06-30,23028.0,21634.346670824983,21624.484828030436,19980.0,20998.828
T000186,2007-07-31,36216.0,31320.894263371374,31306.390476703513,29808.0,30636.328
T000186,2007-08-31,33528.0,30216.330710008286,30213.26674639352,30156.0,29005.28
T000186,2007-09-30,39353.0,38227.741555966306,38225.47446407778,36771.0,38393.074
T000187,2006-10-31,22616.0,22329.645737147028,22166.223446798038,21689.0,22349.348
T000187,2006-11-30,22902.0,22173.919346033184,22012.97922156535,21229.0,21451.887
T000187,2006-12-31,62036.0,59705.15875558535,58809.51634660947,59550.0,53089.004
T000187,2007-01-31,28728.0,28262.66768390344,28373.55879911699,27144.0,25892.12
T000187,2007-02-28,28336.0,26864.470757699448,27472.991664685283,25696.0,25724.666
T000187,2007-03-31,28428.0,29893.165286474446,30281.09009122973,27761.0,28196.9
T000187,2007-04-30,27922.0,29665.61242632635,32122.38446085358,30052.0,25640.59
T000187,2007-05-31,20664.0,20138.727574992314,20898.618633418577,18156.0,20887.484
T000187,2007-06-30,21888.0,22627.057885121278,23421.527825765712,21024.0,22018.322
T000187,2007-07-31,19656.0,21027.43572109883,22411.38763477126,18960.0,20879.29
T000187,2007-08-31,20636.0,20048.912006453247,20462.164272829337,18774.0,20207.424
T000187,2007-09-30,24127.0,25644.902600278474,26415.149884707193,23688.0,25314.658
T000188,2006-10-31,14740.0,13275.728616449765,13221.743792937266,12788.0,13336.307
T000188,2006-11-30,15246.0,14763.409108020483,14900.011049021452,14283.0,14496.573
T000188,2006-12-31,10244.0,10061.21177471166,10036.170615995943,9725.0,10429.744
T000188,2007-01-31,9324.0,9310.92650515539,9485.028646733552,8970.0,9680.645
T000188,2007-02-28,13984.0,14301.945926984383,14450.563197373758,14476.0,13888.493
T000188,2007-03-31,15755.0,14748.301258084392,15252.745846528045,14559.0,14243.897
T000188,2007-04-30,13386.0,12634.446926555529,12622.298626403846,11814.0,12822.631
T000188,2007-05-31,15210.0,15163.948798812955,15227.41222830761,15368.0,14860.864
T000188,2007-06-30,13281.0,13150.420795664917,13420.141313996563,12330.0,13329.394
T000188,2007-07-31,14400.0,12908.38172659622,13063.006752501786,12120.0,13454.482
T000188,2007-08-31,14234.0,14652.336652240236,14958.490001789647,14322.0,14748.877
T000188,2007-09-30,12696.0,13452.844148303431,13538.118463197514,12789.0,13498.588
T000189,2006-10-31,8184.0,7393.17398839269,7108.136044399467,6739.0,7143.599
T000189,2006-11-30,6226.0,7077.804930461552,6890.128065598738,6854.0,6458.62
T000189,2006-12-31,5850.0,5832.347327490373,6089.530837597602,4125.0,5698.5244
T000189,2007-01-31,4788.0,6349.287294956895,6331.073266338294,4836.0,6195.9546
T000189,2007-02-28,5934.0,6529.5172648645985,6474.2594675927285,5610.0,5898.35
T000189,2007-03-31,8050.0,7188.37142413851,6452.668341369078,5106.0,6522.784
T000189,2007-04-30,5658.0,7333.595373593747,6946.656631775109,7216.0,6528.506
T000189,2007-05-31,5580.0,6480.233309523821,6843.55000557633,6528.0,5800.499
T000189,2007-06-30,5472.0,6593.349559018455,6714.629743542457,6444.0,5885.752
T000189,2007-07-31,5880.0,7013.180056392822,6546.96451330685,5568.0,6363.8706
T000189,2007-08-31,9790.0,7144.881254894184,6670.365138574808,6342.0,6453.1855
T000189,2007-09-30,8349.0,8272.824991631063,7517.514681452679,9156.0,7174.0664
T000190,2006-10-31,72072.0,65954.0996485368,66723.7448133766,64078.0,69094.83
T000190,2006-11-30,70070.0,66799.52461682775,67715.12896684035,63526.0,65808.34
T000190,2006-12-31,121160.0,116879.5076917754,117119.30204350791,116250.0,116153.73
T000190,2007-01-31,74676.0,77226.30390752424,78004.51702512591,75270.0,75838.09
T000190,2007-02-28,77993.0,76563.9481966831,77832.10855224708,73832.0,77164.72
T000190,2007-03-31,85698.0,83747.40357106854,84647.0551458294,78775.0,85154.766
T000190,2007-04-30,78108.0,79415.99608952636,80961.46947476541,78826.0,75061.3
T000190,2007-05-31,57924.0,57994.44056924197,59600.845663213,55267.0,55190.97
T000190,2007-06-30,63669.0,63285.563118028105,64765.298348014454,59778.0,61592.527
T000190,2007-07-31,76152.0,71214.93753298609,72789.53262773876,66456.0,69667.734
T000190,2007-08-31,78188.0,71111.81934932638,72980.1830140052,69594.0,68958.875
T000190,2007-09-30,84525.0,85693.04598613956,87230.71385815584,82404.0,81894.25
T000191,2006-10-31,10868.0,10700.649177949488,10628.640106852157,10258.0,11229.0
T000191,2006-11-30,14168.0,14362.489614861308,14130.303422081404,13754.0,14682.486
T000191,2006-12-31,15080.0,14229.830188911215,14114.1249117623,13850.0,13951.237
T000191,2007-01-31,15120.0,16027.66899483568,15944.578057125265,15574.0,14934.619
T000191,2007-02-28,19642.0,19615.902207686457,19639.23663874985,20636.0,18169.574
T000191,2007-03-31,15755.0,16720.307274189483,16629.553390276247,16928.0,15596.81
T000191,2007-04-30,11270.0,10113.808391887613,10084.170055942566,10494.0,10234.076
T000191,2007-05-31,5580.0,6217.282263938587,6032.037142722302,5763.0,7056.479
T000191,2007-06-30,7714.0,8326.48490999846,8182.018031442589,8046.0,8278.153
T000191,2007-07-31,6624.0,8367.665438367967,8297.015420083972,8304.0,8598.354
T000191,2007-08-31,5478.0,5906.0916708908035,5769.669889673727,5460.0,6583.967
T000191,2007-09-30,5888.0,6033.730561762359,5879.204897171111,5775.0,6387.5693
T000192,2006-10-31,1958.0,2532.6392748348953,2585.57947639373,2116.0,2643.063
T000192,2006-11-30,3388.0,3720.9632073347298,3796.711545843789,3289.0,3303.1921
T000192,2006-12-31,7332.0,7666.247788038525,7688.137968913294,7675.0,7112.741
T000192,2007-01-31,3136.0,3910.9180874243043,3956.2719791554723,3614.0,3767.7485
T000192,2007-02-28,4692.0,4761.650196255473,4823.514209886505,5126.0,4296.338
T000192,2007-03-31,4301.0,4512.312336696298,4503.471446742576,4094.0,4371.6387
T000192,2007-04-30,3404.0,3868.27295388668,3964.6691002096486,4158.0,3422.77
T000192,2007-05-31,2520.0,3039.8529110907484,3047.441070035722,2703.0,2901.8071
T000192,2007-06-30,2736.0,3577.144237796707,3586.016837416397,3546.0,3207.7212
T000192,2007-07-31,2976.0,3532.1895542063953,3593.515976950487,3384.0,3260.0544
T000192,2007-08-31,1958.0,3199.6452200880085,3223.9236512237558,2793.0,3034.1758
T000192,2007-09-30,1794.0,2395.598156192642,2433.976751412533,2079.0,2525.0076
T000193,2006-10-31,2684.0,2160.5426276207772,2147.378685246908,2254.0,2224.6975
T000193,2006-11-30,2354.0,1994.0280253804308,1976.556831061751,2162.0,2057.566
T000193,2006-12-31,1456.0,1358.8180535586746,1323.068579280465,1425.0,1290.157
T000193,2007-01-31,1848.0,1882.7359408729383,1858.9607561252237,2028.0,1732.1014
T000193,2007-02-28,1909.0,2176.2871105270006,2134.173680602657,1826.0,2131.1719
T000193,2007-03-31,2116.0,2064.832971091524,2034.8631780320081,2208.0,1952.4281
T000193,2007-04-30,1403.0,1429.8110153369914,1387.2418002131835,1474.0,1481.4502
T000193,2007-05-31,1674.0,1558.8465945035528,1517.0811580328495,1547.0,1511.6454
T000193,2007-06-30,1273.0,1388.283509065663,1346.7234580905888,1386.0,1332.5214
T000193,2007-07-31,1248.0,1326.785954517341,1281.5630806531356,1344.0,1286.2676
T000193,2007-08-31,2024.0,1780.083026802402,1740.6744490816668,1785.0,1708.2168
T000193,2007-09-30,1380.0,1465.4305321975437,1414.5669920249502,1281.0,1462.7456
T000194,2006-10-31,1232.0,1476.5521358391484,1429.8674741815303,1311.0,1640.8025
T000194,2006-11-30,1760.0,1881.6202487705646,1815.832036546541,2438.0,1649.4607
T000194,2006-12-31,1196.0,1634.1482642387896,1552.9624870041548,1600.0,1761.4072
T000194,2007-01-31,2520.0,2435.5694463246487,2351.6944724143527,2262.0,2279.1733
T000194,2007-02-28,2967.0,2399.0861198773696,2308.931711086122,2310.0,2016.6896
T000194,2007-03-31,1840.0,1911.3144368157898,1819.4421439270511,2415.0,1447.5148
T000194,2007-04-30,1633.0,1429.6763101568888,1329.4844671608657,1254.0,1515.901
T000194,2007-05-31,1818.0,1368.2559171909618,1263.4572400594132,1088.0,1258.9163
T000194,2007-06-30,2679.0,3113.364122951737,3006.69889454468,3294.0,2373.0498
T000194,2007-07-31,2976.0,3666.014467284177,3553.6175686239394,3528.0,3152.6174
T000194,2007-08-31,1166.0,1592.1978142891505,1475.4680441810683,1323.0,1593.2744
T000194,2007-09-30,1265.0,1391.4432667146193,1272.6608256292488,1323.0,1465.174
T000195,2006-10-31,16742.0,16690.45495959367,16626.414515220513,15939.0,17831.207
T000195,2006-11-30,21670.0,22230.581973192304,21914.48831886427,21643.0,21947.55
T000195,2006-12-31,25064.0,25019.502286737443,24944.352395191378,24550.0,24945.912
T000195,2007-01-31,22624.0,24337.208150830254,24277.105143870853,23478.0,23627.922
T000195,2007-02-28,29210.0,29032.979301253654,28905.997948487187,29898.0,27902.6
T000195,2007-03-31,24012.0,25518.616360427637,25367.460289138446,25645.0,24238.88
T000195,2007-04-30,17710.0,16999.86550660064,16924.40640677031,17380.0,15909.547
T000195,2007-05-31,11592.0,11981.259689242432,11639.371026192244,11101.0,12569.41
T000195,2007-06-30,14402.0,16574.639304133147,16391.681830823978,16272.0,16649.031
T000195,2007-07-31,13824.0,16869.23865733625,16784.079612234218,16560.0,17720.5
T000195,2007-08-31,10626.0,12286.536175433032,12061.793437606244,11361.0,13850.474
T000195,2007-09-30,10327.0,11152.120617591803,10899.199301624592,10458.0,10914.294
T000196,2006-10-31,2266.0,1914.029891727036,1848.6061794086293,1748.0,1885.7925
T000196,2006-11-30,3586.0,2948.440928196327,2811.725822529899,2760.0,3040.177
T000196,2006-12-31,2288.0,2610.568315523195,2427.7423464734184,2475.0,2540.72
T000196,2007-01-31,4424.0,3971.089190359413,3696.480767368782,3926.0,3598.576
T000196,2007-02-28,4646.0,4183.3791446123905,3913.861657289185,4202.0,3897.7463
T000196,2007-03-31,3450.0,3239.7179579092694,3041.185256741204,3266.0,3042.8296
T000196,2007-04-30,1633.0,1499.3304758806155,1365.8795149923953,1452.0,1522.3079
T000196,2007-05-31,702.0,928.7194424163747,751.9965007107857,765.0,960.9862
T000196,2007-06-30,627.0,930.5606624432246,787.5280025045381,900.0,791.562
T000196,2007-07-31,1200.0,1253.5628654793413,1124.7864541992244,1248.0,1124.5663
T000196,2007-08-31,902.0,925.632968526435,789.2818068784358,840.0,965.08826
T000196,2007-09-30,920.0,1183.4592965007214,1033.5991243209683,1134.0,992.5084
T000197,2006-10-31,704.0,737.3637205328512,587.9577257799133,621.0,728.11536
T000197,2006-11-30,1056.0,1127.0439730687795,983.4003140241738,989.0,979.0269
T000197,2006-12-31,2912.0,2463.2917285602744,2429.4758935391155,2550.0,2100.6953
T000197,2007-01-31,1484.0,1611.9463828694213,1548.130112549409,1716.0,1385.4858
T000197,2007-02-28,1886.0,1642.289961015872,1604.224947785618,1782.0,1382.316
T000197,2007-03-31,1242.0,1529.9331034945326,1485.630630956359,1564.0,1143.3254
T000197,2007-04-30,920.0,1073.4115609249538,1027.7806888376185,1232.0,821.4282
T000197,2007-05-31,702.0,695.693023498758,596.5708371225968,697.0,644.95105
T000197,2007-06-30,475.0,591.1584030095667,454.344350795929,396.0,591.6593
T000197,2007-07-31,840.0,843.567163574677,717.9291195999336,720.0,765.20544
T000197,2007-08-31,814.0,740.9142306612235,608.0739227248303,525.0,675.7879
T000197,2007-09-30,529.0,608.464328426478,483.368964832438,525.0,615.2219
T000198,2006-10-31,264.0,205.13119731691316,208.77431749729516,161.0,216.53725
T000198,2006-11-30,330.0,274.399142965942,219.22626977947448,253.0,284.67383
T000198,2006-12-31,234.0,165.9005982855248,175.76606617693568,75.0,120.5462
T000198,2007-01-31,196.0,221.58198561177628,226.89837376321515,286.0,201.38174
T000198,2007-02-28,253.0,261.5604224471083,234.72823055564342,330.0,299.7605
T000198,2007-03-31,414.0,265.23122009722397,207.90134684329757,184.0,285.73227
T000198,2007-04-30,184.0,216.60170016488098,196.35207999815083,176.0,228.68915
T000198,2007-05-31,270.0,208.5426043652434,212.52617533185395,119.0,170.21373
T000198,2007-06-30,209.0,187.04449552925462,175.95942078622346,162.0,145.28625
T000198,2007-07-31,168.0,196.04724299163192,221.21942959109114,240.0,170.91089
T000198,2007-08-31,176.0,186.71498508246452,230.53956675971614,273.0,165.76819
T000198,2007-09-30,207.0,187.07639427104414,190.12998957675552,147.0,167.5578
T000199,2006-10-31,286.0,292.28978561047325,270.46321833439777,207.0,308.59558
T000199,2006-11-30,242.0,342.6085995518814,403.89719157007573,736.0,293.38434
T000199,2006-12-31,260.0,312.4440409871355,263.496877394,175.0,283.9587
T000199,2007-01-31,392.0,445.77830000047936,315.2265421381482,364.0,413.07178
T000199,2007-02-28,460.0,380.8081306918344,365.1661166292987,594.0,347.85632
T000199,2007-03-31,414.0,376.0285184574714,302.8770667477364,322.0,305.17676
T000199,2007-04-30,414.0,324.1132503092552,278.4032214876608,198.0,317.63177
T000199,2007-05-31,252.0,264.821551816221,263.64785740199517,204.0,252.95105
T000199,2007-06-30,323.0,190.80774747860707,267.02233140646604,198.0,219.6637
T000199,2007-07-31,288.0,297.70908160973715,317.0801513155126,336.0,311.9657
T000199,2007-08-31,154.0,264.97883507408716,300.206288340509,315.0,292.28647
T000199,2007-09-30,253.0,224.08701857635356,270.20305203660604,189.0,242.33765
T000200,2006-10-31,3520.0,2958.3814624888755,2987.3467475909506,2737.0,3053.818
T000200,2006-11-30,5214.0,4871.309116816765,4856.900051103524,4738.0,4961.98
T000200,2006-12-31,5694.0,5477.738176265543,5396.018689268112,5275.0,5380.218
T000200,2007-01-31,6496.0,6390.295146065663,6275.152262247823,6292.0,5858.3076
T000200,2007-02-28,7245.0,6907.228677874318,6659.373950619149,6908.0,6138.5703
T000200,2007-03-31,5520.0,5445.505597843445,5251.869245564607,5336.0,5084.4844
T000200,2007-04-30,3151.0,3135.840676450911,3020.5317863199984,3058.0,2970.0981
T000200,2007-05-31,1926.0,1982.4717893164834,1923.864481108783,1785.0,2089.8032
T000200,2007-06-30,1634.0,1778.2695898495147,1761.5755676367442,1656.0,1882.1868
T000200,2007-07-31,2496.0,2639.9846767947865,2532.0841167414947,2544.0,2598.1958
T000200,2007-08-31,2046.0,2091.990006389916,2012.7702463567882,1953.0,2196.1277
T000200,2007-09-30,1909.0,2123.181342582755,2055.197813499619,1995.0,2021.677
T000201,2006-10-31,638.0,733.1818123113324,712.9543765369228,621.0,687.2425
T000201,2006-11-30,902.0,669.9784824178206,659.2537989848571,552.0,682.3086
T000201,2006-12-31,1508.0,1181.9998774398491,1172.6711318141442,1150.0,1070.0067
T000201,2007-01-31,1540.0,1324.8382668855263,1305.3453525988957,1248.0,1488.4956
T000201,2007-02-28,920.0,905.3081630076294,876.7143870895354,792.0,1008.98376
T000201,2007-03-31,989.0,842.7913725347269,817.6101898074359,713.0,831.4923
T000201,2007-04-30,874.0,753.6845771737787,721.666832248216,726.0,671.8114
T000201,2007-05-31,540.0,536.2709548401375,489.76226252444104,425.0,519.4514
T000201,2007-06-30,570.0,524.4838928687739,472.8142112153143,486.0,477.98688
T000201,2007-07-31,912.0,863.8394954536786,819.2061814782905,840.0,614.494
T000201,2007-08-31,462.0,565.174925489124,518.1177076777427,462.0,472.45413
T000201,2007-09-30,943.0,803.0269186208568,751.1191945278906,819.0,592.5958
T000202,2006-10-31,88.0,135.64736404863547,134.0802021366462,92.0,119.043884
T000202,2006-11-30,198.0,169.36886553418083,173.10513750957043,184.0,142.64915
T000202,2006-12-31,520.0,446.46609452671635,447.59695176235243,575.0,506.39612
T000202,2007-01-31,252.0,212.2951578950615,211.58181453010457,182.0,223.17636
T000202,2007-02-28,161.0,170.32886142288152,169.5147011951567,110.0,179.10661
T000202,2007-03-31,230.0,192.60522298524552,192.44317641365203,207.0,182.78693
T000202,2007-04-30,161.0,195.61167681146065,195.1645306274718,176.0,202.4521
T000202,2007-05-31,162.0,160.7852922159216,159.90122359912309,85.0,165.2063
T000202,2007-06-30,247.0,159.95436540996735,159.16759555993073,108.0,172.46638
T000202,2007-07-31,312.0,181.07748151449783,180.57872113885793,168.0,173.87282
T000202,2007-08-31,154.0,219.98845448032438,219.81952730168405,210.0,191.60786
T000202,2007-09-30,184.0,170.19520553749712,170.04261055150747,189.0,147.76027
T000203,2006-10-31,550.0,432.08304767281743,442.01903608307043,253.0,454.28235
T000203,2006-11-30,374.0,504.9023684365532,501.7781723628811,460.0,439.29172
T000203,2006-12-31,624.0,484.7786534158757,546.2013790378314,475.0,464.50797
T000203,2007-01-31,700.0,685.3752540839339,530.474061368031,598.0,600.38983
T000203,2007-02-28,552.0,577.1970505099173,578.4539769047971,594.0,518.70386
T000203,2007-03-31,644.0,587.8237032173239,598.1906630018038,598.0,514.07556
T000203,2007-04-30,368.0,495.9437016285007,509.5786122370748,374.0,492.88992
T000203,2007-05-31,414.0,472.06440872241234,527.1847210708638,493.0,409.4622
T000203,2007-06-30,551.0,492.963522519553,532.4712901842823,450.0,442.9861
T000203,2007-07-31,792.0,593.4225787795237,553.6811221887288,456.0,530.7627
T000203,2007-08-31,506.0,469.33726498067836,523.2231171609682,441.0,451.33002
T000203,2007-09-30,506.0,525.9203513622128,534.0849945121441,483.0,460.20755
T000204,2006-10-31,1452.0,1421.9656797544076,1459.4372862554085,1127.0,1476.4583
T000204,2006-11-30,1650.0,1535.6815894960378,1550.7874182638893,1334.0,1529.8607
T000204,2006-12-31,2704.0,2282.7800408458293,2282.5278530686464,2225.0,2099.243
T000204,2007-01-31,2520.0,2324.7199684021507,2343.245226890869,2080.0,2458.1694
T000204,2007-02-28,1702.0,1756.4577014060433,1775.6774768347043,1518.0,1846.3596
T000204,2007-03-31,1932.0,1794.431810799323,1824.3720972941285,1633.0,1600.2717
T000204,2007-04-30,1518.0,1571.2978581740247,1603.3228235437052,1386.0,1413.2236
T000204,2007-05-31,1260.0,1295.9055744634602,1322.2168648019021,1054.0,1151.1748
T000204,2007-06-30,1406.0,1344.3601983007704,1363.3887987246137,1170.0,1161.112
T000204,2007-07-31,2016.0,1723.6649525325306,1755.249482693463,1512.0,1444.5001
T000204,2007-08-31,1210.0,1350.9216350516365,1395.8991884167506,1134.0,1109.9805
T000204,2007-09-30,1656.0,1653.3665238404144,1684.6129970893933,1554.0,1293.8553
T000205,2006-10-31,220.0,219.52788983706048,220.09817264743407,115.0,216.65204
T000205,2006-11-30,330.0,211.6728894717466,200.65815050955953,161.0,232.5769
T000205,2006-12-31,312.0,446.5558445912018,418.2583386186074,350.0,348.25797
T000205,2007-01-31,252.0,229.42687967308606,222.75802676379297,208.0,223.29646
T000205,2007-02-28,207.0,237.94220409723798,226.22439674999092,220.0,229.31093
T000205,2007-03-31,368.0,284.1271322769311,271.1023119774518,276.0,258.35876
T000205,2007-04-30,322.0,220.76562876809703,201.21929886644216,308.0,215.37646
T000205,2007-05-31,162.0,144.64059967868934,154.77573318934498,153.0,183.05128
T000205,2007-06-30,190.0,153.70922783003692,166.33915776148038,144.0,191.14082
T000205,2007-07-31,384.0,281.9640611287002,253.55439988472847,360.0,227.4506
T000205,2007-08-31,242.0,148.31363216315052,165.4359484231383,84.0,173.18272
T000205,2007-09-30,138.0,187.05108909090166,193.24389505262224,168.0,199.96095
T000206,2006-10-31,330.0,398.44771688136643,363.1811956082033,299.0,374.85294
T000206,2006-11-30,418.0,419.2145829360105,381.9396718861938,368.0,387.94754
T000206,2006-12-31,572.0,690.6101517515256,599.8644205686948,550.0,604.0244
T000206,2007-01-31,336.0,452.1874639681866,410.63752709411233,312.0,380.72153
T000206,2007-02-28,391.0,432.9238249457052,430.23609287241453,374.0,387.36108
T000206,2007-03-31,483.0,496.55322412810006,512.4259167594172,552.0,447.86942
T000206,2007-04-30,460.0,368.8944223080466,377.365379722756,550.0,386.41782
T000206,2007-05-31,216.0,278.7961256904234,258.232695561196,221.0,297.75592
T000206,2007-06-30,323.0,309.1861913907254,320.7074325038501,252.0,326.97864
T000206,2007-07-31,672.0,475.15832670472207,466.7119912017398,576.0,422.20908
T000206,2007-08-31,330.0,327.5589295676001,314.7316384520365,294.0,316.86255
T000206,2007-09-30,322.0,338.6220154618082,334.9710068306647,294.0,332.62134
T000207,2006-10-31,13992.0,13500.902383382989,13362.2979725604,12742.0,14064.992
T000207,2006-11-30,18986.0,18221.256594086997,17886.087590117382,17227.0,19128.074
T000207,2006-12-31,19188.0,18501.26136370026,18263.98890633757,17825.0,18358.688
T000207,2007-01-31,21336.0,21634.725915581952,21421.91631791468,20956.0,20709.688
T000207,2007-02-28,25415.0,25042.217535818167,24924.32872934867,25850.0,23799.41
T000207,2007-03-31,20562.0,21172.332165135573,20944.60673388487,21183.0,20101.584
T000207,2007-04-30,14099.0,12709.387543474073,12575.434314654332,12980.0,12964.514
T000207,2007-05-31,6984.0,7853.683656761267,7525.126739347314,7106.0,8852.82
T000207,2007-06-30,9101.0,9997.980773547988,9732.165530467088,9576.0,9660.141
T000207,2007-07-31,9120.0,10864.069176328663,10686.598074049913,10752.0,10517.928
T000207,2007-08-31,7084.0,7521.556023710891,7248.386189323358,6846.0,7987.0244
T000207,2007-09-30,7889.0,8258.384204825095,7950.341820382219,7896.0,8193.197
T000208,2006-10-31,2816.0,3374.5363199147973,3393.5851277665274,2898.0,3699.5059
T000208,2006-11-30,4686.0,5112.674294467943,5162.15153889662,4554.0,4470.8984
T000208,2006-12-31,10920.0,10994.010332963355,10974.937094637859,10975.0,9771.602
T000208,2007-01-31,4900.0,5867.943494282931,5892.348575844136,5564.0,5261.057
T000208,2007-02-28,6808.0,6830.266451480474,6875.201412364041,7084.0,5830.5317
T000208,2007-03-31,5819.0,6480.030657312545,6418.61367677322,6003.0,5905.126
T000208,2007-04-30,4485.0,5432.2875372721,5537.950131364542,5698.0,4541.8916
T000208,2007-05-31,3420.0,3921.1401300225916,3939.9552046374647,3502.0,3836.1958
T000208,2007-06-30,3534.0,4348.985402718961,4340.902707793402,4068.0,3988.6567
T000208,2007-07-31,4272.0,4663.794066959038,4701.946318348515,4392.0,4345.252
T000208,2007-08-31,2926.0,4214.04594232664,4203.006698449759,3612.0,4045.2727
T000208,2007-09-30,2553.0,3223.1645685757353,3253.9591537374713,2835.0,3479.3123
T000209,2006-10-31,3168.0,2478.646641913695,2468.22937877334,2576.0,2523.222
T000209,2006-11-30,2860.0,2406.176089370007,2387.8967021420985,2576.0,2497.9321
T000209,2006-12-31,1742.0,1540.0746108515891,1517.4209517038396,1550.0,1568.8054
T000209,2007-01-31,2100.0,2188.4234049959105,2172.4031253528537,2392.0,2092.6392
T000209,2007-02-28,2254.0,2529.510982558535,2503.1667672926146,2200.0,2544.5132
T000209,2007-03-31,2622.0,2422.390493948842,2399.092299892164,2530.0,2385.4136
T000209,2007-04-30,1771.0,1715.3193433990166,1684.0469621938146,1782.0,1824.5125
T000209,2007-05-31,2106.0,1845.30817246043,1813.2093321874072,1734.0,1870.1675
T000209,2007-06-30,1539.0,1666.7379537059062,1635.5851820281748,1710.0,1672.4783
T000209,2007-07-31,1440.0,1598.9965298554266,1563.646397519205,1632.0,1604.5435
T000209,2007-08-31,2376.0,2049.222900467239,2018.0842527585512,2100.0,1991.4885
T000209,2007-09-30,1656.0,1721.980614253824,1681.4827151288746,1533.0,1768.3875
T000210,2006-10-31,2068.0,2267.679828219252,2196.4077169227867,1886.0,2333.773
T000210,2006-11-30,2420.0,3054.959305884608,3027.321884789613,3726.0,2406.5876
T000210,2006-12-31,2184.0,2445.894298082476,2342.8868713755646,2250.0,2498.0576
T000210,2007-01-31,3640.0,3656.9094751403513,3499.257625909545,3250.0,3392.1274
T000210,2007-02-28,4071.0,3583.264743308432,3438.581849004857,3564.0,2891.0532
T000210,2007-03-31,2944.0,3038.717063080845,2941.3183711834067,3450.0,2273.184
T000210,2007-04-30,2484.0,2285.073254454638,2076.11552179488,1914.0,2269.043
T000210,2007-05-31,2484.0,2160.354468807099,1958.6794207834305,1819.0,1834.8718
T000210,2007-06-30,3591.0,3925.957197430615,3760.0281515833926,3996.0,3125.7798
T000210,2007-07-31,4176.0,4706.764500955966,4477.764702517711,4416.0,4196.5625
T000210,2007-08-31,1826.0,2442.737780560905,2224.997694727098,2184.0,2562.4028
T000210,2007-09-30,2116.0,2239.4766278467023,2014.0353188398965,2037.0,2240.925
T000211,2006-10-31,22044.0,21493.472687907808,21232.210380766584,20102.0,23359.031
T000211,2006-11-30,28952.0,29091.07948194494,28570.90020763981,28083.0,29493.91
T000211,2006-12-31,34034.0,33496.02182063965,33099.75749812225,32600.0,33397.27
T000211,2007-01-31,31976.0,33428.66521460732,33093.827740232584,32162.0,33274.156
T000211,2007-02-28,38548.0,38135.02784039684,37857.75457075707,38698.0,37160.195
T000211,2007-03-31,31947.0,33373.15961760415,32937.35219524945,33166.0,32371.557
T000211,2007-04-30,22839.0,22279.967259937057,21953.204698123176,22374.0,21036.943
T000211,2007-05-31,14994.0,15554.254530222473,14902.663331819967,14161.0,15592.922
T000211,2007-06-30,17765.0,20082.67112625816,19653.623479668902,19350.0,19125.777
T000211,2007-07-31,19008.0,21825.533028750047,21478.16016649626,21192.0,22058.25
T000211,2007-08-31,14212.0,16072.701882386049,15497.584753418032,14742.0,17495.42
T000211,2007-09-30,14214.0,15321.080610352901,14749.478242169896,14301.0,14624.996
T000212,2006-10-31,7370.0,8365.679965496824,8423.685230982852,10097.0,8117.2524
T000212,2006-11-30,13926.0,13913.714952979897,13977.203697046276,14789.0,12831.031
T000212,2006-12-31,9854.0,11266.819251499493,11175.896982712373,11125.0,12605.852
T000212,2007-01-31,10136.0,11396.872955398385,11317.611509159085,12324.0,11899.856
T000212,2007-02-28,10051.0,11129.716911938589,11148.80907221941,11088.0,12729.21
T000212,2007-03-31,10281.0,11320.65671906325,11383.733196022598,11684.0,10976.282
T000212,2007-04-30,6394.0,7065.592609907713,7143.871560044492,6754.0,7672.0093
T000212,2007-05-31,4824.0,6010.149861610996,6084.521244712272,5916.0,6927.0205
T000212,2007-06-30,5662.0,5209.142327216933,5200.471689935437,5958.0,5166.5176
T000212,2007-07-31,6528.0,7103.883504009871,7125.645459819473,7584.0,7469.932
T000212,2007-08-31,7480.0,8334.661145848771,8416.246052307986,8064.0,9234.67
T000212,2007-09-30,6555.0,5566.135938252707,5651.585682601859,5229.0,7186.458
T000213,2006-10-31,528.0,778.8803689487092,745.2666469015626,621.0,792.1518
T000213,2006-11-30,902.0,895.0457918986524,874.5278462023139,805.0,835.8279
T000213,2006-12-31,1820.0,2132.8420378563555,2127.902581834589,2100.0,1829.185
T000213,2007-01-31,588.0,1167.137183627512,1166.9897345736206,1144.0,1168.4022
T000213,2007-02-28,1104.0,1259.701885418997,1262.1908301654673,1254.0,1218.3425
T000213,2007-03-31,1196.0,1574.5778999155552,1515.9853141631602,1265.0,1367.2804
T000213,2007-04-30,437.0,847.9362466385314,843.8346530229577,814.0,839.4913
T000213,2007-05-31,504.0,632.9536932154534,619.0973520355326,578.0,730.9856
T000213,2007-06-30,646.0,682.4741756728242,639.9949836957479,486.0,763.55664
T000213,2007-07-31,672.0,950.7114601477056,928.0889963025338,864.0,1022.9174
T000213,2007-08-31,1034.0,1088.6083404414685,1079.5671870357646,1092.0,1176.0005
T000213,2007-09-30,920.0,994.7730543767491,991.684225623704,1050.0,932.8516
T000214,2006-10-31,374.0,577.5745530146479,517.6630832815658,552.0,586.181
T000214,2006-11-30,880.0,649.0323446529105,596.4326643195199,575.0,636.1249
T000214,2006-12-31,390.0,554.3883857280191,577.8110119148531,650.0,531.56256
T000214,2007-01-31,448.0,563.3697843560307,573.5874183099297,650.0,549.3465
T000214,2007-02-28,575.0,681.3899673835018,594.0248627235613,726.0,658.8068
T000214,2007-03-31,575.0,598.9155568870829,569.360206144525,460.0,604.7468
T000214,2007-04-30,460.0,516.5076972352081,504.70615711072327,352.0,535.4885
T000214,2007-05-31,432.0,519.9620480698944,514.1986713415575,459.0,527.4525
T000214,2007-06-30,361.0,514.4410710697015,507.93404448403953,450.0,525.67883
T000214,2007-07-31,456.0,637.4689106506506,591.3627088337662,648.0,636.95996
T000214,2007-08-31,418.0,441.14397739033126,500.6716928022261,462.0,478.76178
T000214,2007-09-30,322.0,516.8901478938959,561.9272506890075,525.0,524.4185
T000215,2006-10-31,704.0,755.3259114430319,739.8978414017655,575.0,841.20013
T000215,2006-11-30,946.0,858.0823569060876,858.5524405610256,667.0,852.3479
T000215,2006-12-31,572.0,760.6144152108911,724.8335580447316,600.0,760.15326
T000215,2007-01-31,1064.0,1427.730394212783,1467.9861670585544,1014.0,1583.8989
T000215,2007-02-28,1610.0,1649.389195970929,1603.1926017611536,2046.0,1554.6288
T000215,2007-03-31,1127.0,1296.8640618237173,1274.7743794919304,1380.0,1176.7573
T000215,2007-04-30,851.0,1248.2058559530035,1277.9647189694865,1056.0,1112.3693
T000215,2007-05-31,594.0,763.9760929741818,715.0390445716325,901.0,658.5226
T000215,2007-06-30,684.0,609.7262444559577,562.3549079924244,594.0,591.50134
T000215,2007-07-31,1272.0,1267.5656277839917,1255.8434684992358,1080.0,1397.3595
T000215,2007-08-31,946.0,1374.2264144510086,1353.622084337125,1386.0,1364.5774
T000215,2007-09-30,529.0,951.6350749929783,914.6199934706767,798.0,976.95074
T000216,2006-10-31,8976.0,10268.5466751408,10365.741897855381,11845.0,10768.6455
T000216,2006-11-30,16654.0,16178.709485320644,16356.264027543535,16836.0,15202.929
T000216,2006-12-31,12636.0,14566.876516631783,14561.05964028123,14475.0,15985.531
T000216,2007-01-31,12236.0,14501.31980935523,14448.00714615263,15132.0,15342.37
T000216,2007-02-28,13340.0,14890.244017970192,14930.530761552709,15114.0,16188.222
T000216,2007-03-31,13179.0,14652.418556016779,14719.100358472806,14789.0,14308.597
T000216,2007-04-30,8142.0,9556.100293453843,9698.743948481508,8976.0,10350.335
T000216,2007-05-31,6354.0,7956.760100501997,8068.101203215453,7854.0,9182.588
T000216,2007-06-30,7353.0,6914.456395999059,6983.035257777589,7488.0,7014.016
T000216,2007-07-31,8928.0,9883.777832449598,9940.795910224475,10176.0,10557.789
T000216,2007-08-31,9878.0,11254.561313335731,11360.765898427953,11004.0,12296.064
T000216,2007-09-30,8326.0,8009.460327628564,8136.281683980649,7602.0,9757.464
T000217,2006-10-31,1078.0,1528.7683666098376,1356.2289275188812,1656.0,1505.6807
T000217,2006-11-30,1430.0,1591.7290309840926,1453.9605844581693,1610.0,1649.2142
T000217,2006-12-31,1352.0,1471.3351977202888,1383.013183344787,1425.0,1672.2704
T000217,2007-01-31,1680.0,2498.983154530026,2593.289328460526,2834.0,2132.7612
T000217,2007-02-28,2691.0,1676.7545970932024,1545.3168297141817,1364.0,2562.6658
T000217,2007-03-31,989.0,1355.466701227958,1184.3056532485525,1173.0,2108.5215
T000217,2007-04-30,1265.0,1271.811715402338,1020.1116647828226,1166.0,1652.1255
T000217,2007-05-31,792.0,733.6130632558901,603.68649469926,680.0,990.4141
T000217,2007-06-30,722.0,839.2640698303036,796.6077901457103,954.0,938.23627
T000217,2007-07-31,1320.0,1652.0492059890817,1722.5005471707545,1872.0,1324.1564
T000217,2007-08-31,946.0,925.4566195621189,913.1859190528206,945.0,1015.8612
T000217,2007-09-30,966.0,802.4926500560808,856.5667845248623,777.0,959.01
T000218,2006-10-31,308.0,258.25650786572237,264.41428308932245,368.0,334.13492
T000218,2006-11-30,264.0,325.52366619355064,333.58986463642145,437.0,375.04947
T000218,2006-12-31,624.0,413.9902204258716,424.71505430435167,525.0,440.6682
T000218,2007-01-31,280.0,739.3722647640311,750.0757866895099,884.0,582.5615
T000218,2007-02-28,851.0,486.34940878505097,494.4805492948774,550.0,496.05795
T000218,2007-03-31,552.0,253.97887620643849,260.10964072050797,253.0,387.30133
T000218,2007-04-30,437.0,463.6716762563711,476.89169469434285,572.0,397.3476
T000218,2007-05-31,378.0,201.48754316339938,212.51665209199132,272.0,269.19983
T000218,2007-06-30,399.0,402.2471309472944,411.1748129295437,396.0,440.6445
T000218,2007-07-31,576.0,546.9250859580998,547.9184326338815,384.0,599.5959
T000218,2007-08-31,308.0,322.42828079920605,334.84928967138273,336.0,362.6828
T000218,2007-09-30,391.0,356.21173083191127,372.00713258204945,420.0,330.6631
T000219,2006-10-31,44.0,69.56770511221981,63.09655450067499,92.0,72.79873
T000219,2006-11-30,44.0,71.5905995733643,79.5183154981422,46.0,76.08884
T000219,2006-12-31,52.0,85.1129489446522,69.57123395929331,75.0,77.60715
T000219,2007-01-31,28.0,85.3809779119026,81.49313955190595,78.0,77.67967
T000219,2007-02-28,161.0,86.27440780273729,83.72374515733596,88.0,78.78769
T000219,2007-03-31,115.0,103.07088975042939,94.52832934204135,276.0,80.9059
T000219,2007-04-30,92.0,90.2054993224099,120.0762453262758,132.0,81.30035
T000219,2007-05-31,90.0,84.48754802106791,85.69885151790852,68.0,81.41323
T000219,2007-06-30,95.0,81.62857237039691,82.8907806282036,36.0,80.70879
T000219,2007-07-31,48.0,86.98915171540503,81.52180817297871,96.0,81.28261
T000219,2007-08-31,88.0,84.04083307565057,82.90597012566683,63.0,80.91053
T000219,2007-09-30,46.0,80.28842753414489,86.31764832726122,21.0,81.39728
T000220,2006-10-31,660.0,549.084023246882,521.4255994102174,483.0,482.81726
T000220,2006-11-30,550.0,473.0511032664721,447.91896938161307,414.0,405.92273
T000220,2006-12-31,390.0,389.6446604725087,365.00998350852404,425.0,407.60944
T000220,2007-01-31,700.0,742.875176535126,717.669225870357,858.0,596.6654
T000220,2007-02-28,644.0,487.27517818485944,456.626112393373,396.0,448.22067
T000220,2007-03-31,368.0,424.38144213618466,392.8059031708221,483.0,360.48672
T000220,2007-04-30,437.0,363.5261661347045,327.9563409576226,308.0,438.88037
T000220,2007-05-31,306.0,335.3519389377564,298.5377452787562,272.0,357.07095
T000220,2007-06-30,285.0,328.22997957772577,287.59399568413767,144.0,365.1167
T000220,2007-07-31,840.0,963.6555880171228,922.9288210563094,912.0,686.8426
T000220,2007-08-31,264.0,439.233139499017,395.69524792460254,420.0,423.5402
T000220,2007-09-30,207.0,513.9693251875219,469.8366983394777,546.0,407.69785
T000221,2006-10-31,2090.0,2298.6037579602316,2410.548435875194,2599.0,2557.5295
T000221,2006-11-30,2288.0,2357.4814871850194,2328.4231718389333,2507.0,2647.1404
T000221,2006-12-31,2418.0,2331.901371800908,2266.1704763134526,2450.0,2691.6582
T000221,2007-01-31,2688.0,4285.986377634202,4399.44245984868,4654.0,3456.7188
T000221,2007-02-28,4347.0,2546.449011834712,2810.788687045533,2398.0,3813.9797
T000221,2007-03-31,2024.0,2089.050305545048,2196.5474709215828,2185.0,3074.8662
T000221,2007-04-30,2231.0,2018.0630598973275,2264.4757277841845,2178.0,2538.9805
T000221,2007-05-31,1566.0,1193.9421708240218,1505.3954727310704,1292.0,1655.5016
T000221,2007-06-30,1501.0,1459.2192284757584,1781.1282855674303,1530.0,1556.3104
T000221,2007-07-31,2784.0,3196.445643328663,3513.069663695337,3264.0,2484.705
T000221,2007-08-31,1606.0,1705.394075038983,1874.3332596942278,1764.0,1687.1797
T000221,2007-09-30,1610.0,1760.4571472640027,1972.2036455156701,1764.0,1799.7019
T000222,2006-10-31,902.0,866.0479274581219,1135.8148728448664,851.0,867.7228
T000222,2006-11-30,968.0,1073.9365590876673,1119.957199334471,1196.0,971.919
T000222,2006-12-31,2028.0,2221.587897258888,1325.8559290664095,2000.0,2037.2028
T000222,2007-01-31,868.0,1313.4485743847285,1061.1431279003991,2522.0,1340.6113
T000222,2007-02-28,2415.0,1801.5302603445134,1802.572769066599,880.0,1441.5314
T000222,2007-03-31,1035.0,997.2606216351893,1264.0982738591588,874.0,1000.3413
T000222,2007-04-30,989.0,719.0852756254809,919.7226767705213,1386.0,1011.88965
T000222,2007-05-31,522.0,319.8001928132411,881.8122235782588,561.0,646.11993
T000222,2007-06-30,494.0,401.5230780172334,808.717177055835,504.0,757.6975
T000222,2007-07-31,792.0,1154.98169254519,1115.6260353838652,1056.0,1308.6061
T000222,2007-08-31,418.0,955.411625711986,932.3204732674692,756.0,1026.9419
T000222,2007-09-30,575.0,511.20817817233205,894.038192046552,588.0,716.30536
T000223,2006-10-31,484.0,375.0010778317242,441.2617517791592,460.0,408.59473
T000223,2006-11-30,396.0,425.30635907765287,390.07385241049326,552.0,410.59186
T000223,2006-12-31,832.0,839.3639603736908,593.2691195163219,950.0,844.32935
T000223,2007-01-31,308.0,573.5173753148866,442.69199125933426,468.0,547.2865
T000223,2007-02-28,782.0,586.6677977025,607.3808171310044,418.0,568.00305
T000223,2007-03-31,598.0,622.5386084386535,678.974247156509,483.0,476.55032
T000223,2007-04-30,644.0,663.2738677316136,376.952194528145,858.0,571.45044
T000223,2007-05-31,378.0,368.2115382021449,443.9834607948292,442.0,378.77847
T000223,2007-06-30,399.0,402.6690997377363,428.93930629978126,252.0,415.95993
T000223,2007-07-31,720.0,719.2693958691091,538.4172290558769,576.0,658.8521
T000223,2007-08-31,528.0,416.6304132478377,353.9166961805564,609.0,460.79697
T000223,2007-09-30,368.0,458.26333749463623,458.96093010981014,357.0,454.1817
T000224,2006-10-31,198.0,216.18862819745672,210.73821390673515,230.0,210.71384
T000224,2006-11-30,198.0,211.16355277710963,198.88751784451892,276.0,212.97906
T000224,2006-12-31,104.0,193.45193107582614,209.57237889710305,275.0,211.7124
T000224,2007-01-31,112.0,158.3792939926589,169.6976179968284,78.0,211.3729
T000224,2007-02-28,184.0,239.5347530661632,223.96854188504105,286.0,215.79295
T000224,2007-03-31,299.0,241.34302922512944,217.5543704487215,276.0,219.50201
T000224,2007-04-30,184.0,184.76652852422973,191.59793236267004,44.0,215.00652
T000224,2007-05-31,234.0,210.22487333658847,194.8703284112713,170.0,209.67004
T000224,2007-06-30,209.0,208.15502425632428,207.2187324354219,198.0,211.18457
T000224,2007-07-31,288.0,217.47378999779536,203.94065338599006,216.0,214.60059
T000224,2007-08-31,418.0,212.5740030336079,204.33311971238473,189.0,213.56122
T000224,2007-09-30,161.0,215.1476361347402,205.18364482384135,294.0,212.9467
T000225,2006-10-31,1694.0,1637.3431443421023,1569.8594206504335,1656.0,1744.1099
T000225,2006-11-30,1716.0,1884.0499959481897,1866.2694119922098,2231.0,1821.4607
T000225,2006-12-31,3016.0,3411.934153524583,3496.159298912242,3225.0,3296.2527
T000225,2007-01-31,1400.0,2181.2724669123054,2374.722690428567,3276.0,2273.3708
T000225,2007-02-28,3680.0,2900.209040641439,2522.6822642010684,1760.0,2537.8447
T000225,2007-03-31,2231.0,2180.8684686802153,2053.5006719862795,2001.0,1964.2719
T000225,2007-04-30,1955.0,1787.3000249981974,1727.038638506181,2464.0,2042.076
T000225,2007-05-31,1224.0,994.6445503872594,963.314757033253,1292.0,1370.9188
T000225,2007-06-30,1273.0,1165.9035577500779,1194.7505444601527,990.0,1534.492
T000225,2007-07-31,2112.0,2487.2923405653482,2451.5736839869323,2400.0,2619.1204
T000225,2007-08-31,1452.0,1725.7367521846816,1811.5236674942134,1596.0,1990.2996
T000225,2007-09-30,1265.0,1308.8612625110943,1284.8620567303249,1365.0,1558.3774
T000226,2006-10-31,7678.0,7135.17568768615,7035.631755836834,6348.0,6907.8887
T000226,2006-11-30,7744.0,8663.606499527832,8676.295197176882,7843.0,8075.103
T000226,2006-12-31,7306.0,7457.157798129109,7380.4968396700915,6575.0,8002.852
T000226,2007-01-31,9772.0,10148.940435338678,10120.332118985843,8944.0,9044.756
T000226,2007-02-28,5773.0,7410.172984960917,7132.064818549875,6732.0,7719.3857
T000226,2007-03-31,7314.0,7210.387444623846,6961.377865254308,6716.0,6743.122
T000226,2007-04-30,6187.0,5998.486561063257,5650.193047726803,5676.0,5900.307
T000226,2007-05-31,4410.0,5245.511955066067,4842.7964186933295,4624.0,5487.7715
T000226,2007-06-30,5111.0,5672.014386005925,5229.589651326768,5292.0,5564.8413
T000226,2007-07-31,5376.0,6743.692706384875,6373.2772837550565,5856.0,5857.667
T000226,2007-08-31,4026.0,6195.741146904875,5618.810051135943,5376.0,5565.778
T000226,2007-09-30,4531.0,5731.7573711636305,5274.633933327872,5565.0,5016.1797
T000227,2006-10-31,1188.0,1136.3149924454203,1204.9379872785046,1265.0,1653.5684
T000227,2006-11-30,990.0,1175.6765033167535,1127.2273369639731,1173.0,1656.8157
T000227,2006-12-31,2886.0,2509.3157914373382,2566.796388565945,2625.0,2056.3547
T000227,2007-01-31,1736.0,2213.454296092127,2325.206365984246,2106.0,1947.2415
T000227,2007-02-28,1219.0,1457.503527126691,1451.5795848512478,1496.0,1580.4181
T000227,2007-03-31,828.0,934.7797614111932,904.8407344392444,943.0,1285.0499
T000227,2007-04-30,1334.0,1129.7038839712045,1190.9778996426576,1144.0,1253.9438
T000227,2007-05-31,936.0,805.5627649992043,874.9990904197246,833.0,1037.9337
T000227,2007-06-30,1083.0,1064.5364893393871,1141.4155097379873,1134.0,1193.4186
T000227,2007-07-31,1344.0,1751.108548417159,1885.5147463669628,1752.0,1332.1224
T000227,2007-08-31,946.0,741.8542464724968,757.2948130886629,714.0,1192.6582
T000227,2007-09-30,1403.0,1383.803028373126,1526.232369327316,1449.0,1338.7056
T000228,2006-10-31,286.0,290.59795903020404,263.4996906771712,368.0,261.45868
T000228,2006-11-30,374.0,330.1125146461755,261.1999431236757,345.0,263.2064
T000228,2006-12-31,416.0,268.2142303302334,256.7004370407498,300.0,260.43744
T000228,2007-01-31,364.0,250.44122897150544,244.90173220107746,182.0,260.1244
T000228,2007-02-28,276.0,265.9760565275264,242.1020395272569,154.0,261.21472
T000228,2007-03-31,276.0,259.7187125478098,261.1999431236757,345.0,261.35846
T000228,2007-04-30,184.0,255.58306064500363,242.1020395272569,154.0,258.2823
T000228,2007-05-31,180.0,257.1753985729209,245.40167732140256,187.0,255.04272
T000228,2007-06-30,152.0,224.90751002282113,239.30234685343635,126.0,256.25272
T000228,2007-07-31,168.0,278.8786055624868,262.699778484651,360.0,258.18805
T000228,2007-08-31,242.0,262.58165782098655,249.80119438026344,231.0,259.86133
T000228,2007-09-30,138.0,258.2957386609276,258.2002724017251,315.0,260.29993
T000229,2006-10-31,1034.0,1209.944949446742,1171.3588058674814,1058.0,1048.6957
T000229,2006-11-30,1474.0,1137.9038863529727,1112.5065217858514,966.0,1106.7996
T000229,2006-12-31,832.0,1343.1265741596883,1371.1427162572688,1225.0,1225.2593
T000229,2007-01-31,2156.0,1985.7946044872542,1907.8728189095568,1820.0,1564.5607
T000229,2007-02-28,1242.0,1342.4989220400423,1389.4283599013545,1364.0,1133.5532
T000229,2007-03-31,1334.0,1152.57293347826,1168.6589251357707,1173.0,971.956
T000229,2007-04-30,897.0,1090.4196184143939,1081.7257489560382,1056.0,933.68823
T000229,2007-05-31,702.0,778.9496477051728,729.7444799466184,663.0,832.37964
T000229,2007-06-30,988.0,1017.4195745119735,1006.0915475955595,972.0,881.1457
T000229,2007-07-31,2016.0,2035.6086781503748,2005.3559636777347,2040.0,1407.7239
T000229,2007-08-31,528.0,841.8477637802798,822.4283211449417,735.0,876.22626
T000229,2007-09-30,529.0,963.2097758232737,927.9010211315283,924.0,825.4802
T000230,2006-10-31,10186.0,10102.574524381334,9972.498858538858,9039.0,8931.628
T000230,2006-11-30,10582.0,11580.16182665101,11401.566089556494,10327.0,10617.312
T000230,2006-12-31,11440.0,11680.06751565656,11646.192181671542,10725.0,11233.588
T000230,2007-01-31,14028.0,14695.773210154384,14601.289683197896,13052.0,12854.8125
T000230,2007-02-28,8510.0,10652.30863417939,10296.00040604898,9746.0,10395.539
T000230,2007-03-31,9752.0,9896.427404390415,9506.395777535434,9177.0,9308.921
T000230,2007-04-30,8602.0,8672.80806732453,8252.028817593608,8030.0,8684.237
T000230,2007-05-31,6228.0,7328.029566337602,6767.887243970813,6307.0,7801.5293
T000230,2007-06-30,7334.0,8199.037261014175,7636.0249843634365,7524.0,8069.972
T000230,2007-07-31,8904.0,11022.228203152044,10542.241326116995,10008.0,9380.941
T000230,2007-08-31,5742.0,8348.195158530514,7559.889057544248,7056.0,8523.147
T000230,2007-09-30,6601.0,8665.757314219554,8101.613145194127,8253.0,7882.5854
T000231,2006-10-31,4752.0,4756.914424875806,4357.159236308547,3657.0,4257.0137
T000231,2006-11-30,7832.0,5420.005736344623,4799.059310706443,5313.0,4793.592
T000231,2006-12-31,7072.0,5985.168735755026,4846.110797347448,6000.0,4962.282
T000231,2007-01-31,5516.0,5470.525773255232,4102.726663671311,4992.0,4897.4697
T000231,2007-02-28,11017.0,6746.254383707676,5237.331879474922,4774.0,5252.9224
T000231,2007-03-31,5129.0,4226.973390333852,3826.781783076707,4232.0,4496.8735
T000231,2007-04-30,7084.0,4902.3498731599775,4552.860941091599,5192.0,3912.5986
T000231,2007-05-31,4662.0,4324.641261840895,4444.806173561058,4624.0,3499.069
T000231,2007-06-30,3420.0,3477.676289650861,3995.699369992534,2358.0,2634.7473
T000231,2007-07-31,4464.0,4178.171040323737,4370.864519618429,3408.0,2840.6548
T000231,2007-08-31,6028.0,4983.622851985114,4638.870102500725,4053.0,2937.5784
T000231,2007-09-30,4784.0,4267.353355643228,4071.5905783737394,4326.0,2871.2932
T000232,2006-10-31,770.0,815.1738041766529,868.9472984962828,828.0,914.4806
T000232,2006-11-30,1298.0,1121.2608580885924,1042.78616536435,1127.0,926.5387
T000232,2006-12-31,1924.0,1421.3986559814018,1421.1178440521048,1325.0,1191.7667
T000232,2007-01-31,1260.0,1330.6242963380046,1163.8356765458484,1300.0,1020.4758
T000232,2007-02-28,1725.0,1035.1400476838235,1074.1295928522745,704.0,972.0481
T000232,2007-03-31,1242.0,901.8527210545305,846.3289256803344,828.0,879.05426
T000232,2007-04-30,1288.0,1197.9108124115412,1211.8241963209953,1320.0,938.404
T000232,2007-05-31,972.0,765.8571664682702,776.6230768109864,629.0,835.27606
T000232,2007-06-30,950.0,863.6547295967741,865.494334300522,864.0,824.6106
T000232,2007-07-31,912.0,1032.1937805153702,1001.2612221126384,912.0,882.10297
T000232,2007-08-31,902.0,893.2672467008413,841.6988268915611,966.0,858.91656
T000232,2007-09-30,1127.0,1168.1145265455007,1066.5126404004777,1050.0,928.2997
T000233,2006-10-31,2002.0,1816.026950081192,1748.984788081404,1564.0,1756.28
T000233,2006-11-30,3190.0,3328.6005894438026,3328.0599155729496,3427.0,2390.7732
T000233,2006-12-31,2652.0,3366.8872532566697,3342.928985427858,3325.0,2635.146
T000233,2007-01-31,1568.0,1620.032654565456,1640.861552750326,1482.0,1388.3269
T000233,2007-02-28,966.0,1641.0751957889038,1493.0447916446867,1584.0,1340.3522
T000233,2007-03-31,1380.0,1673.6776996385488,1549.75641413045,1449.0,1782.9375
T000233,2007-04-30,1794.0,2155.0018646644467,2038.5216897550956,2222.0,1697.7476
T000233,2007-05-31,1350.0,1830.4089317726773,1748.8165279275072,1836.0,1669.5085
T000233,2007-06-30,1577.0,1549.522595048688,1546.3216913716792,1332.0,1470.6471
T000233,2007-07-31,1104.0,1690.2091368019694,1608.753444957262,1584.0,1242.5272
T000233,2007-08-31,1188.0,1710.216415746484,1664.0836535440483,1680.0,1199.6588
T000233,2007-09-30,1495.0,2119.515527956225,2043.3407226718657,1869.0,1497.0244
T000234,2006-10-31,814.0,921.1754637314101,994.6466062529113,644.0,987.83307
T000234,2006-11-30,1298.0,1358.0561392096522,1379.1339543054414,1541.0,1195.5458
T000234,2006-12-31,1144.0,1157.9898681131278,1183.7229004419144,1125.0,1065.2062
T000234,2007-01-31,1232.0,1334.2724262843901,1201.8403842334935,1014.0,1167.3685
T000234,2007-02-28,1219.0,1458.84399212628,1291.0531105569514,1408.0,1179.1709
T000234,2007-03-31,1127.0,1028.7089992769634,1042.557951093439,966.0,976.94135
T000234,2007-04-30,759.0,1011.9309736165153,1102.2106759486667,990.0,928.92126
T000234,2007-05-31,702.0,799.2210283408666,976.2363982800089,901.0,884.7371
T000234,2007-06-30,703.0,799.5897301295046,908.1777490008922,756.0,897.76843
T000234,2007-07-31,1248.0,1560.774664867996,1389.1427325787054,1536.0,1198.7578
T000234,2007-08-31,902.0,1020.9265879137783,1005.672102757625,966.0,943.93744
T000234,2007-09-30,828.0,919.7535218196633,980.446110794795,861.0,821.48846
T000235,2006-10-31,8338.0,8372.165338916526,8544.316839638457,6693.0,7856.0537
T000235,2006-11-30,13618.0,11147.918669809864,10962.638101946166,11408.0,9475.17
T000235,2006-12-31,12792.0,11983.624176089013,12603.97893047893,11775.0,10287.415
T000235,2007-01-31,9576.0,9858.283818962567,9890.982484626658,8788.0,8861.223
T000235,2007-02-28,14927.0,10458.057714229108,10284.097742610495,8470.0,9221.501
T000235,2007-03-31,8878.0,8183.994354934395,8313.960741188364,7475.0,8301.9
T000235,2007-04-30,10925.0,9503.90605249324,10283.33926804014,9724.0,7716.6187
T000235,2007-05-31,7686.0,7979.3679193949865,9355.48442379664,7990.0,7213.6235
T000235,2007-06-30,6650.0,6660.555115479992,7632.486582899719,5310.0,5595.8125
T000235,2007-07-31,7728.0,8449.18505415077,9434.253850761295,7440.0,6227.4214
T000235,2007-08-31,9020.0,8482.20932822298,9038.652019112591,7665.0,5807.4995
T000235,2007-09-30,8234.0,8759.283878975024,8995.076879402626,8106.0,6123.9937
T000236,2006-10-31,14432.0,13726.605620655522,13320.240407870073,12535.0,13116.751
T000236,2006-11-30,17974.0,18628.407912534847,18217.91306317872,15962.0,16939.352
T000236,2006-12-31,17784.0,18412.90700503473,18490.01687343594,16025.0,17639.533
T000236,2007-01-31,17892.0,20891.016858100054,21308.046345356943,19318.0,18598.71
T000236,2007-02-28,21942.0,17267.344243259904,17523.75425932538,13750.0,18827.488
T000236,2007-03-31,14490.0,14564.187878407503,16002.75516196164,13018.0,15817.463
T000236,2007-04-30,15525.0,11588.48957843523,10755.582647551004,13442.0,12654.109
T000236,2007-05-31,10386.0,8646.538809890048,8520.600418838987,10489.0,10996.295
T000236,2007-06-30,9747.0,7246.097576783441,6987.5501666034415,9108.0,9130.543
T000236,2007-07-31,11952.0,11822.559205369085,11126.199866936271,12216.0,12962.162
T000236,2007-08-31,11440.0,11242.997084767114,9884.166452794132,11151.0,13158.776
T000236,2007-09-30,10902.0,9491.737525581142,8380.95420366148,11256.0,10219.9
T000237,2006-10-31,2750.0,2343.1323510800044,2456.6912081293826,2921.0,2565.1099
T000237,2006-11-30,2948.0,2943.6418905384626,3040.985009770763,3312.0,2730.019
T000237,2006-12-31,6318.0,5369.006941585052,5479.075825447019,5450.0,5396.4023
T000237,2007-01-31,3584.0,4906.207772389641,5016.855022918724,4784.0,4956.18
T000237,2007-02-28,4577.0,3430.8881244151576,3561.877937174961,3190.0,4258.6104
T000237,2007-03-31,3220.0,2611.6944221278923,2753.526669317171,2530.0,3759.6938
T000237,2007-04-30,3726.0,3314.198709915497,3493.4194348280666,3916.0,3651.97
T000237,2007-05-31,2682.0,1774.9011198736548,1960.952726050376,2193.0,2285.1868
T000237,2007-06-30,2869.0,2242.916112750936,2438.2544616457644,2664.0,2870.9473
T000237,2007-07-31,3552.0,3646.4323057543565,3832.3024043632554,3624.0,4513.483
T000237,2007-08-31,2706.0,2209.747487018752,2423.848688117573,2646.0,2956.3955
T000237,2007-09-30,3289.0,2929.7471528607352,3156.618333737615,3276.0,3269.0251
T000238,2006-10-31,2530.0,2494.4947906697453,2357.0684008757125,2254.0,2382.6807
T000238,2006-11-30,3806.0,3963.8502405734416,3963.390686331528,4094.0,2821.8723
T000238,2006-12-31,3224.0,3869.5892743559566,3746.932569036115,3975.0,2705.5762
T000238,2007-01-31,2072.0,2027.2435241189355,1997.4722606614023,1820.0,2048.854
T000238,2007-02-28,1587.0,2224.594627902952,2035.9418231725203,2112.0,2130.725
T000238,2007-03-31,2070.0,2420.5337304777186,2225.579309240481,2346.0,2293.9373
T000238,2007-04-30,2254.0,2557.908140811196,2473.092159487886,2552.0,2334.8125
T000238,2007-05-31,1872.0,2176.3759094289594,2003.3718571722277,2261.0,2223.7866
T000238,2007-06-30,2052.0,1883.5233773213156,1791.1235879498913,1692.0,2106.217
T000238,2007-07-31,1608.0,2193.8564456700196,2056.744417539568,2256.0,2177.8
T000238,2007-08-31,1936.0,2084.7915277061343,1964.0270541698678,2163.0,2107.6533
T000238,2007-09-30,1840.0,2618.4338290007613,2518.4358521295567,2520.0,2270.8242
T000239,2006-10-31,2618.0,2682.56135102555,2644.3374393213044,2300.0,2644.546
T000239,2006-11-30,3498.0,3265.9818101596793,3212.882961824687,3128.0,2662.8655
T000239,2006-12-31,2418.0,2974.4192615541338,2955.46549350074,2775.0,2709.4731
T000239,2007-01-31,4200.0,4423.069571517213,4322.896123914015,3900.0,3961.0671
T000239,2007-02-28,3404.0,3613.658972188882,3599.9725260986042,3344.0,3466.3662
T000239,2007-03-31,3151.0,3056.6038823176514,3026.951409302015,2990.0,2681.0857
T000239,2007-04-30,2231.0,2532.462279138238,2526.3968943527893,2530.0,2570.934
T000239,2007-05-31,1800.0,2019.461805576414,1948.7985104743916,1955.0,1733.9075
T000239,2007-06-30,2166.0,2058.22890260189,2002.613906357392,1908.0,1860.4425
T000239,2007-07-31,4440.0,5045.831184176705,4986.218194894963,5064.0,3938.828
T000239,2007-08-31,1782.0,2424.3824859818546,2372.6731974281156,2184.0,2472.442
T000239,2007-09-30,1725.0,2499.1345855896557,2456.1165564240787,2457.0,2351.8992
T000240,2006-10-31,22330.0,22213.627011801287,21960.97417157586,20010.0,21865.62
T000240,2006-11-30,28226.0,29459.759684629305,29207.09380924791,26496.0,27780.555
T000240,2006-12-31,29744.0,31138.18879214194,31861.420206763727,28225.0,30953.81
T000240,2007-01-31,27748.0,32664.19150384925,34312.27761630471,29822.0,31803.81
T000240,2007-02-28,31510.0,27206.930613824756,28213.915107752193,22396.0,30875.566
T000240,2007-03-31,22931.0,23524.559634463276,25293.204827499103,20884.0,25889.336
T000240,2007-04-30,23736.0,21099.492813178098,21526.056961826635,22440.0,21905.277
T000240,2007-05-31,16740.0,15754.390976840165,16956.486392996507,16898.0,17454.37
T000240,2007-06-30,16834.0,14609.197555923647,15396.798581657731,15372.0,14605.525
T000240,2007-07-31,21552.0,23808.61960898833,24198.726552814274,23160.0,23611.031
T000240,2007-08-31,17864.0,19215.623009654137,18671.23273125977,18144.0,20759.004
T000240,2007-09-30,17756.0,18694.914154714155,18593.338498253896,19509.0,17383.504
T000241,2006-10-31,1056.0,1163.8486881499937,1223.985955182011,1426.0,1332.082
T000241,2006-11-30,2244.0,2639.404352486479,2705.726364061514,2185.0,2781.8147
T000241,2006-12-31,3796.0,4297.111830680562,4374.480947422881,4075.0,4499.4272
T000241,2007-01-31,364.0,642.4765761809501,727.6424891135578,858.0,1001.2489
T000241,2007-02-28,920.0,706.4045997490769,798.7315912003758,726.0,981.255
T000241,2007-03-31,1035.0,1094.9038348379831,1193.0726406206352,1219.0,1170.8978
T000241,2007-04-30,920.0,691.0613008773385,795.7300048975186,792.0,896.1134
T000241,2007-05-31,864.0,785.1790237399523,894.3549436182445,850.0,1146.5151
T000241,2007-06-30,1083.0,1465.3669366774225,1579.926813576348,1566.0,1704.6504
T000241,2007-07-31,552.0,436.9412379885016,561.2641115182973,744.0,524.38544
T000241,2007-08-31,704.0,489.0479961569247,616.619212124426,651.0,701.4177
T000241,2007-09-30,529.0,712.7648723766671,844.3751247737725,903.0,1029.5525
T000242,2006-10-31,286.0,344.1814871900058,333.57439766529944,414.0,276.61508
T000242,2006-11-30,572.0,472.9828389733306,462.5640112883212,437.0,418.71036
T000242,2006-12-31,988.0,1001.3077746217941,999.8355150842963,1200.0,1022.2569
T000242,2007-01-31,364.0,343.98448649348416,301.4797425299297,364.0,283.54572
T000242,2007-02-28,437.0,297.62488629199123,304.850283415779,198.0,273.28265
T000242,2007-03-31,506.0,363.4591323104415,365.122858750409,230.0,367.93414
T000242,2007-04-30,322.0,378.2152775786374,344.73283735550456,506.0,337.2065
T000242,2007-05-31,288.0,332.2838655305814,313.63016601576396,238.0,282.3158
T000242,2007-06-30,418.0,387.40808334607516,408.41967285403376,378.0,347.1051
T000242,2007-07-31,384.0,360.9611631846105,359.3260924165677,312.0,304.13544
T000242,2007-08-31,396.0,285.258698170545,298.31898354786694,231.0,253.25862
T000242,2007-09-30,391.0,309.59334923625386,305.2983911733912,252.0,299.90222
T000243,2006-10-31,440.0,486.48226434583074,457.5509387382277,414.0,482.40842
T000243,2006-11-30,440.0,577.8333362413243,500.60807308039296,529.0,566.43115
T000243,2006-12-31,286.0,362.2533286822692,438.23145560572567,350.0,358.10455
T000243,2007-01-31,392.0,405.3274053116582,446.93915550070164,390.0,408.89075
T000243,2007-02-28,345.0,543.9839628293037,487.37761961006845,550.0,507.60785
T000243,2007-03-31,391.0,528.4832141242877,500.5094222227896,575.0,516.70105
T000243,2007-04-30,460.0,447.24559571658233,443.52590013584086,330.0,428.90134
T000243,2007-05-31,396.0,509.0826937706205,487.7512293267806,510.0,489.96252
T000243,2007-06-30,418.0,463.48336956755026,505.417923339052,558.0,459.77887
T000243,2007-07-31,336.0,524.7235260337936,469.91987126861136,480.0,488.5076
T000243,2007-08-31,308.0,499.3298827433794,489.0690894285228,546.0,496.60434
T000243,2007-09-30,483.0,443.19192804380936,454.5373889552372,399.0,460.86703
T000244,2006-10-31,88.0,192.5020863602433,209.1014667931381,161.0,230.23428
T000244,2006-11-30,220.0,312.16937010724655,260.81723139002503,391.0,201.11272
T000244,2006-12-31,234.0,217.86408661615997,216.11883098616497,200.0,188.97339
T000244,2007-01-31,532.0,657.2333880493098,457.31314373988096,728.0,732.7713
T000244,2007-02-28,345.0,250.07478246139362,227.54930100285526,286.0,248.36482
T000244,2007-03-31,276.0,227.4765164839141,220.75345181150317,207.0,165.05496
T000244,2007-04-30,230.0,206.39071844797584,222.37533664261028,220.0,181.69661
T000244,2007-05-31,360.0,176.96743220125546,182.5128611343456,187.0,159.49872
T000244,2007-06-30,304.0,241.12818449294477,233.42882407707495,198.0,209.23875
T000244,2007-07-31,360.0,192.27123936032015,213.54698137502123,168.0,192.87103
T000244,2007-08-31,132.0,146.13526118716885,169.3969257858979,42.0,127.50886
T000244,2007-09-30,115.0,145.53905523422898,165.87158222342447,126.0,140.09267
T000245,2006-10-31,1870.0,2163.5076902053006,2199.6916599932006,2415.0,2263.076
T000245,2006-11-30,3476.0,4007.6611126533385,4022.114680449842,3542.0,4182.1045
T000245,2006-12-31,5304.0,5894.176448992579,5925.067607326559,5825.0,6390.309
T000245,2007-01-31,1652.0,2018.6607385200602,2064.293840829339,2340.0,2300.733
T000245,2007-02-28,2047.0,1820.848628283143,1858.508653577409,1760.0,2101.257
T000245,2007-03-31,2208.0,2202.247299632369,2246.2372378161936,2231.0,2384.1187
T000245,2007-04-30,1932.0,1716.8121067615534,1766.3348332415585,1848.0,1855.7786
T000245,2007-05-31,1908.0,1781.7005507747,1832.041564301906,1785.0,2147.8806
T000245,2007-06-30,2223.0,2583.4585889279315,2640.792555555677,2700.0,2818.8003
T000245,2007-07-31,1632.0,1495.5523480282363,1556.2790317384583,1704.0,1523.9622
T000245,2007-08-31,1540.0,1404.5227777563737,1466.1450839915747,1470.0,1614.9779
T000245,2007-09-30,1518.0,1563.0063401026016,1629.309572383422,1680.0,1894.8114
T000246,2006-10-31,990.0,1233.915979236337,1159.3056771025463,1403.0,956.57745
T000246,2006-11-30,1452.0,1936.2995838854176,1845.945824765634,1564.0,1938.5432
T000246,2006-12-31,1274.0,1710.9010500116694,1672.2991821858727,1575.0,1656.2676
T000246,2007-01-31,196.0,656.693624283704,550.1973056227502,624.0,674.4505
T000246,2007-02-28,644.0,662.4885039152193,557.3651517533334,440.0,999.6495
T000246,2007-03-31,1058.0,1143.3151308396311,1033.4252980259325,1058.0,1244.8187
T000246,2007-04-30,1127.0,1120.9978834893207,1015.5413741174784,1056.0,1463.4049
T000246,2007-05-31,1152.0,1443.5768178785108,1337.37623909617,1394.0,1698.6652
T000246,2007-06-30,494.0,708.4733189102146,605.4764368443159,756.0,1055.1499
T000246,2007-07-31,456.0,468.70593201910503,366.1572084140324,336.0,781.0864
T000246,2007-08-31,924.0,971.8832789234625,867.787196904628,987.0,945.2401
T000246,2007-09-30,552.0,950.5447947290513,848.6707696122062,588.0,1277.0543
T000247,2006-10-31,352.0,475.26503405351065,500.2692167162411,621.0,485.97797
T000247,2006-11-30,484.0,665.2471524079422,696.472372610346,759.0,686.9258
T000247,2006-12-31,754.0,724.8519171964981,723.9339173985996,800.0,769.5367
T000247,2007-01-31,336.0,287.7187835947893,284.9365431107191,234.0,405.28012
T000247,2007-02-28,345.0,337.3154291909042,335.32046102202844,308.0,401.4989
T000247,2007-03-31,529.0,478.6415695407171,492.77862724939115,483.0,441.0125
T000247,2007-04-30,552.0,566.9490489486848,579.6392357050034,572.0,514.5731
T000247,2007-05-31,468.0,425.4971133981037,432.44200186032816,323.0,488.77307
T000247,2007-06-30,361.0,257.2474149157051,259.14043995148097,180.0,342.86194
T000247,2007-07-31,120.0,290.9350512951585,294.184161843087,288.0,348.65906
T000247,2007-08-31,396.0,374.65727638672143,380.3036197357352,441.0,376.25952
T000247,2007-09-30,322.0,384.2817207899429,390.0349208845635,399.0,413.67963
T000248,2006-10-31,154.0,168.11477708095157,158.3924611039492,184.0,147.34518
T000248,2006-11-30,176.0,150.70862452577785,132.68779714653857,92.0,149.73892
T000248,2006-12-31,104.0,128.51126705009557,133.1936160190043,100.0,150.89366
T000248,2007-01-31,112.0,95.0362699411137,108.15483447879029,104.0,149.24138
T000248,2007-02-28,92.0,158.3761963500787,151.8392219277429,176.0,150.70921
T000248,2007-03-31,161.0,159.46871196829036,148.3438961349781,161.0,152.93419
T000248,2007-04-30,46.0,135.05274472345232,131.52616203805198,110.0,151.15561
T000248,2007-05-31,180.0,130.40850901107098,127.48024770865445,136.0,147.65532
T000248,2007-06-30,152.0,138.0119098710185,134.75256125770613,108.0,150.37268
T000248,2007-07-31,192.0,167.26156814545436,158.7046412342659,192.0,152.8953
T000248,2007-08-31,110.0,131.13969828743922,124.2343348057278,84.0,153.60751
T000248,2007-09-30,115.0,166.89264357401316,160.9847429994735,210.0,155.11179
T000249,2006-10-31,198.0,263.0026755517065,253.7536868366271,230.0,192.09671
T000249,2006-11-30,330.0,249.36978007972058,215.4985149328462,345.0,219.71082
T000249,2006-12-31,312.0,176.16762906130563,189.8749658817603,175.0,155.59914
T000249,2007-01-31,168.0,197.7094381885158,213.7665663989485,208.0,161.30128
T000249,2007-02-28,230.0,297.89188399227817,210.0277480084175,286.0,248.48132
T000249,2007-03-31,322.0,202.31138033006752,221.30082546026017,184.0,174.09071
T000249,2007-04-30,575.0,200.33004337519995,210.3308776657685,110.0,168.09299
T000249,2007-05-31,180.0,212.37762329393456,204.94377808518811,187.0,197.61313
T000249,2007-06-30,133.0,181.4405151478815,201.53916733218887,234.0,153.74608
T000249,2007-07-31,168.0,199.9042986980453,185.35717900136217,264.0,187.27205
T000249,2007-08-31,132.0,204.17838858317748,196.99736704378176,105.0,180.84018
T000249,2007-09-30,138.0,205.31824940259116,173.86745210798844,84.0,190.70755
T000250,2006-10-31,1694.0,2306.9046919197776,2141.6520585177773,2438.0,1901.5375
T000250,2006-11-30,2442.0,3111.5226370689365,3074.127751680064,2760.0,3191.193
T000250,2006-12-31,2444.0,2821.3007958790413,2698.918961717266,2650.0,2851.8809
T000250,2007-01-31,812.0,1348.6972254548857,1040.3774212434066,1170.0,1231.4467
T000250,2007-02-28,1311.0,1548.479895795238,1245.9679130709521,1210.0,1861.8954
T000250,2007-03-31,2070.0,2106.82698869055,1954.5862498626611,1886.0,2139.2332
T000250,2007-04-30,2300.0,2102.554419543175,1867.671417838505,1848.0,2503.27
T000250,2007-05-31,1980.0,2299.280953272395,2062.933582301511,2040.0,2616.2026
T000250,2007-06-30,1140.0,1399.1864332684681,1125.0016811066816,1278.0,1555.5123
T000250,2007-07-31,936.0,1271.4226207952106,995.8692292855386,1080.0,1276.9797
T000250,2007-08-31,1562.0,1773.9936888569757,1558.2362594727288,1617.0,1716.6898
T000250,2007-09-30,1127.0,1767.3307936440924,1506.459199455236,1281.0,2296.3713
T000251,2006-10-31,990.0,1280.9370943287613,1152.3242675457298,1150.0,1356.1691
T000251,2006-11-30,550.0,362.33615705329703,403.19859052021553,391.0,515.4923
T000251,2006-12-31,936.0,1054.2844139296026,1081.8160016635684,900.0,770.60443
T000251,2007-01-31,140.0,249.5855307851234,254.4115062713457,104.0,476.98
T000251,2007-02-28,230.0,502.2941771745237,487.44461074173125,462.0,511.6329
T000251,2007-03-31,1035.0,1000.5357092980571,975.757337917529,713.0,861.2161
T000251,2007-04-30,2898.0,2928.6042631113737,2932.023973717273,2640.0,2606.4514
T000251,2007-05-31,1566.0,911.5010149877199,918.7743828147758,918.0,1109.1431
T000251,2007-06-30,551.0,310.50714004026395,311.57297192037055,216.0,309.27774
T000251,2007-07-31,576.0,617.5166590951736,599.3306406397129,576.0,654.9007
T000251,2007-08-31,572.0,527.6801401399492,544.0213077389861,651.0,579.5037
T000251,2007-09-30,667.0,566.2045835707975,549.8722982422571,567.0,633.3027
T000252,2006-10-31,198.0,246.72090285834867,254.68063950040514,184.0,270.92206
T000252,2006-11-30,154.0,185.24117830013637,163.72465851070808,138.0,195.12074
T000252,2006-12-31,364.0,367.08484540421296,404.9433448870103,500.0,297.4831
T000252,2007-01-31,112.0,181.6587544443544,170.2622889327251,182.0,171.00444
T000252,2007-02-28,299.0,155.13011000379126,163.90860393753917,154.0,189.39534
T000252,2007-03-31,253.0,290.9204307950832,269.6664566689403,253.0,284.77936
T000252,2007-04-30,621.0,482.3677586303285,478.19698698129554,484.0,403.83694
T000252,2007-05-31,198.0,216.60200668859162,203.5883923276778,170.0,252.22263
T000252,2007-06-30,209.0,198.85455164608757,199.42762466797876,180.0,223.51901
T000252,2007-07-31,192.0,210.30028566409362,204.42441549512333,240.0,243.63332
T000252,2007-08-31,176.0,176.64831798860945,176.95201269796573,105.0,201.91724
T000252,2007-09-30,276.0,208.86845351408687,201.09954236008622,294.0,231.22728
T000253,2006-10-31,132.0,114.8746096474909,116.85688376390414,207.0,86.72616
T000253,2006-11-30,154.0,116.5265739728799,102.70333835849922,46.0,98.196
T000253,2006-12-31,52.0,82.61170977562047,100.85722374040293,25.0,101.301544
T000253,2007-01-31,196.0,103.08129410891715,110.0877968308844,130.0,100.69989
T000253,2007-02-28,92.0,141.3452043829173,117.99971662272566,220.0,100.87987
T000253,2007-03-31,207.0,133.3218027340219,114.83494870598916,184.0,102.19659
T000253,2007-04-30,92.0,130.0278012128749,110.26361727070311,132.0,103.17838
T000253,2007-05-31,144.0,130.83099675603515,113.60420562725831,170.0,103.85009
T000253,2007-06-30,57.0,122.0854173508823,111.31853990961528,144.0,103.633896
T000253,2007-07-31,120.0,99.60758202016707,102.87915879831795,48.0,107.73036
T000253,2007-08-31,132.0,100.16332218121545,104.19781209695816,63.0,110.809204
T000253,2007-09-30,483.0,111.63231384404506,100.50558286076557,21.0,111.75654
T000254,2006-10-31,484.0,598.3287389440314,561.9436583104984,460.0,470.5894
T000254,2006-11-30,110.0,276.7249827687666,267.2740084566436,299.0,276.63953
T000254,2006-12-31,260.0,113.96737683656892,77.94702716833564,50.0,169.3207
T000254,2007-01-31,140.0,256.79957245747744,255.12109881118496,156.0,332.7122
T000254,2007-02-28,483.0,377.3062231906392,337.1680291415,440.0,318.90997
T000254,2007-03-31,1058.0,856.9469990505264,824.3978384270171,966.0,522.1461
T000254,2007-04-30,782.0,681.9349372355334,665.9708774655822,484.0,656.6219
T000254,2007-05-31,216.0,301.04379613633,278.1030447586613,306.0,367.65756
T000254,2007-06-30,285.0,287.6080979787967,266.1536871432351,288.0,293.05154
T000254,2007-07-31,336.0,504.34325772574675,501.561751383032,504.0,416.1652
T000254,2007-08-31,396.0,250.36185212279983,217.45031319829823,231.0,363.88528
T000254,2007-09-30,276.0,295.455501886237,282.6443821085187,252.0,362.885
T000255,2006-10-31,1804.0,2365.5672199913015,2354.3761082083115,2001.0,2247.021
T000255,2006-11-30,968.0,891.9409920116329,879.3223574753702,874.0,1131.8204
T000255,2006-12-31,1612.0,1573.6000738348735,1520.143291505404,1475.0,1290.9375
T000255,2007-01-31,588.0,758.7959231117718,671.8180233149446,572.0,972.6308
T000255,2007-02-28,1104.0,1193.9481532951067,1114.8563463874075,1276.0,1142.4677
T000255,2007-03-31,2553.0,2302.752884125153,2228.287970178371,2116.0,1922.912
T000255,2007-04-30,4393.0,4155.093529765191,4084.599297378806,3740.0,3909.727
T000255,2007-05-31,2124.0,1558.702545889751,1514.4700258163796,1564.0,1796.634
T000255,2007-06-30,1102.0,874.6874397947615,835.045832444349,828.0,884.79004
T000255,2007-07-31,1224.0,1390.2461100283222,1349.6690032319523,1368.0,1444.357
T000255,2007-08-31,1276.0,1016.9957078496435,977.1394407630889,1050.0,1223.854
T000255,2007-09-30,1702.0,1157.542475968742,1111.9691522358726,1134.0,1266.3519
T000256,2006-10-31,858.0,271.6570600058988,277.5788784069408,322.0,258.48358
T000256,2006-11-30,154.0,648.9623065354839,467.8727258258871,644.0,437.6621
T000256,2006-12-31,754.0,918.7988017582484,1213.4376221664456,925.0,1517.2751
T000256,2007-01-31,224.0,75.7319281313194,118.55345943598982,104.0,363.72067
T000256,2007-02-28,92.0,76.19878363755764,139.96725242039878,88.0,275.1053
T000256,2007-03-31,161.0,129.60999464082823,154.41399755021484,161.0,377.29678
T000256,2007-04-30,276.0,93.49921916126716,103.6373478783681,110.0,246.44199
T000256,2007-05-31,144.0,14.026299647129875,29.894486024550048,34.0,260.37878
T000256,2007-06-30,285.0,309.02267026809284,341.3976743326426,288.0,382.7794
T000256,2007-07-31,216.0,84.89264742915213,140.69310809176145,120.0,271.4282
T000256,2007-08-31,66.0,80.99873855258681,115.26204063081047,84.0,159.5981
T000256,2007-09-30,115.0,147.29622228478553,146.67595029072191,147.0,245.08636
T000257,2006-10-31,264.0,150.34765511734554,147.2899758587885,138.0,136.65634
T000257,2006-11-30,110.0,172.59994762629606,171.4012838834607,184.0,150.76546
T000257,2006-12-31,312.0,426.626714737479,437.09689424048815,425.0,387.22644
T000257,2007-01-31,112.0,130.56866962740017,126.05065089951785,130.0,159.35928
T000257,2007-02-28,115.0,159.97139005367004,147.35103958495932,154.0,161.41048
T000257,2007-03-31,138.0,170.80925294885128,154.76945274080066,230.0,174.89543
T000257,2007-04-30,184.0,153.31492522693392,147.21640420837565,198.0,151.6211
T000257,2007-05-31,108.0,124.25336623669199,116.47115917489671,102.0,140.69669
T000257,2007-06-30,114.0,160.00605359944052,148.02510775037908,126.0,172.26024
T000257,2007-07-31,96.0,151.17367016411902,147.54375925883468,192.0,168.01956
T000257,2007-08-31,66.0,82.34920479447433,74.93385535136889,42.0,106.39092
T000257,2007-09-30,92.0,127.98705002427613,126.26351643843887,126.0,153.94254
T000258,2006-10-31,1254.0,686.1937576507256,666.480834889237,667.0,550.53906
T000258,2006-11-30,396.0,1007.0291688210996,833.1193999513621,1012.0,738.46954
T000258,2006-12-31,1326.0,1447.2519924896646,1720.533928662132,1450.0,1938.7183
T000258,2007-01-31,420.0,481.4491458123176,504.77178215467535,468.0,592.88055
T000258,2007-02-28,437.0,405.33504734788255,454.04300263143216,396.0,552.5696
T000258,2007-03-31,782.0,512.7467852192542,510.93963780945097,506.0,692.869
T000258,2007-04-30,644.0,516.6897670046701,473.623022951565,506.0,590.77905
T000258,2007-05-31,414.0,302.4193797839145,318.0455831373691,289.0,548.43427
T000258,2007-06-30,570.0,631.7181037583023,650.0112698207912,612.0,712.6469
T000258,2007-07-31,552.0,518.651240985671,550.2494975681499,504.0,593.8647
T000258,2007-08-31,352.0,307.27929837763264,307.58134063681285,294.0,416.69565
T000258,2007-09-30,322.0,392.7745072088659,387.80050314143006,378.0,540.6316
T000259,2006-10-31,572.0,956.348948204838,938.7079579347642,805.0,738.83545
T000259,2006-11-30,726.0,787.75293426447,826.1509246921618,667.0,682.0473
T000259,2006-12-31,1066.0,1306.3478038300213,1305.1591765857102,1175.0,815.41223
T000259,2007-01-31,560.0,690.2641039661961,747.9186114038399,572.0,568.5828
T000259,2007-02-28,759.0,829.1619714510506,822.9159163587858,726.0,655.6878
T000259,2007-03-31,598.0,649.6972520982744,677.781440882617,483.0,492.53006
T000259,2007-04-30,621.0,901.3218445946483,880.7870362703625,792.0,728.37976
T000259,2007-05-31,2052.0,2419.7474214510075,2329.1008960442896,2584.0,1768.762
T000259,2007-06-30,779.0,999.9766932400751,1001.7329741078029,900.0,614.41705
T000259,2007-07-31,288.0,442.8864027384315,481.55650770733445,264.0,287.0988
T000259,2007-08-31,330.0,418.1250936096717,426.08047020517114,231.0,438.643
T000259,2007-09-30,345.0,811.0045900284317,827.3096494955203,735.0,552.4557
T000260,2006-10-31,594.0,497.0047874524172,466.8267204743545,529.0,481.34778
T000260,2006-11-30,616.0,620.1486345761637,522.5648058123761,552.0,575.4643
T000260,2006-12-31,858.0,626.9949180187622,551.7273684064568,675.0,595.2933
T000260,2007-01-31,448.0,397.0355426654632,378.77022419381717,286.0,482.4973
T000260,2007-02-28,483.0,437.1325007593889,409.2050394101334,352.0,517.9258
T000260,2007-03-31,506.0,481.2872516159724,494.77898428264234,552.0,543.92755
T000260,2007-04-30,621.0,524.1056108573199,502.6259559360866,572.0,540.19385
T000260,2007-05-31,612.0,550.9754911647195,441.4516432711493,425.0,558.3865
T000260,2007-06-30,456.0,503.39680590391305,488.6133926091646,540.0,530.66345
T000260,2007-07-31,456.0,428.2582562869484,454.34868475871355,456.0,478.20404
T000260,2007-08-31,418.0,420.43768361252717,439.60731748558777,420.0,488.33426
T000260,2007-09-30,483.0,452.8576719654664,396.4851047560515,315.0,517.39417
T000261,2006-10-31,88.0,116.75189130904349,124.73957103282726,23.0,134.04552
T000261,2006-11-30,176.0,121.53263581996714,127.85663478687682,138.0,132.21838
T000261,2006-12-31,78.0,111.97599422776833,130.7222405520869,150.0,133.27888
T000261,2007-01-31,112.0,103.44618314989901,133.35667380387298,104.0,134.36673
T000261,2007-02-28,92.0,140.98365145434192,135.77858355935092,110.0,136.72983
T000261,2007-03-31,207.0,133.72594051657026,138.00511439276735,161.0,136.43935
T000261,2007-04-30,184.0,147.16043353881037,140.0520278010565,176.0,135.92221
T000261,2007-05-31,90.0,143.3052666691711,141.93381377866405,204.0,137.02756
T000261,2007-06-30,57.0,118.07442547356544,143.6637933914705,108.0,138.22647
T000261,2007-07-31,96.0,120.74960933122779,145.2542130759295,144.0,141.18304
T000261,2007-08-31,176.0,131.04931658245803,146.71633133095986,84.0,142.064
T000261,2007-09-30,161.0,135.86178296833953,148.06049841627873,168.0,142.37764
T000262,2006-10-31,264.0,316.9190214956759,255.99995077585606,230.0,304.71936
T000262,2006-11-30,330.0,287.3458779163337,294.1721196200492,276.0,271.04156
T000262,2006-12-31,182.0,252.7849629412529,269.5538117493359,275.0,253.58493
T000262,2007-01-31,84.0,294.26550087437397,274.52630347285583,208.0,245.4545
T000262,2007-02-28,207.0,343.7062195253152,259.5143142190179,176.0,241.38614
T000262,2007-03-31,345.0,306.8834398731268,256.302753083114,230.0,236.67891
T000262,2007-04-30,529.0,300.6179033000526,252.0900241206441,198.0,233.96873
T000262,2007-05-31,846.0,299.4182539417808,272.0242397053105,272.0,232.8502
T000262,2007-06-30,380.0,279.50477992413596,308.59634908909885,216.0,231.77937
T000262,2007-07-31,264.0,290.49470811397146,273.0645751056463,216.0,230.3956
T000262,2007-08-31,374.0,265.9355197589069,283.1826372209655,210.0,228.15198
T000262,2007-09-30,414.0,297.00440928071,269.2674997002483,525.0,227.83818
T000263,2006-10-31,1518.0,2029.7202970728156,2058.1434298317245,1587.0,1821.3613
T000263,2006-11-30,1848.0,1903.6988801947098,1924.0979470460259,1633.0,1844.6996
T000263,2006-12-31,2184.0,2441.4070174774415,2442.9889012216217,2275.0,1896.481
T000263,2007-01-31,1204.0,1475.954876230872,1497.1174837066987,1170.0,1416.4589
T000263,2007-02-28,1541.0,1701.1565985393022,1722.9893602234915,1364.0,1772.4631
T000263,2007-03-31,1656.0,1678.4807659577111,1704.6975167184994,1426.0,1781.566
T000263,2007-04-30,1955.0,1973.491973159137,2001.971347483713,1738.0,2008.2416
T000263,2007-05-31,3600.0,3479.080492087255,3508.0679670095296,3485.0,3161.7793
T000263,2007-06-30,1672.0,1943.1149044668894,1972.7876093328766,1764.0,1601.0673
T000263,2007-07-31,1104.0,1336.924385195271,1359.4142134499782,1080.0,1125.671
T000263,2007-08-31,1298.0,1246.0524753008665,1273.9334985096375,945.0,1228.9077
T000263,2007-09-30,1403.0,1867.1706770591418,1892.375896927491,1743.0,1414.6226
T000264,2006-10-31,198.0,260.43076111022185,235.8706384091563,299.0,228.07301
T000264,2006-11-30,242.0,279.6299387384493,222.67155105141268,253.0,239.4994
T000264,2006-12-31,702.0,640.5790686392259,624.0159539332285,600.0,569.7167
T000264,2007-01-31,252.0,232.6224375546851,228.7222990293859,234.0,208.96461
T000264,2007-02-28,345.0,266.14043915890363,236.32426628969867,242.0,230.65758
T000264,2007-03-31,322.0,274.943725139501,258.02853475996704,184.0,284.3239
T000264,2007-04-30,506.0,437.5308455209377,463.67241541502307,418.0,402.86838
T000264,2007-05-31,342.0,263.9596184389511,249.39162418005048,170.0,285.26642
T000264,2007-06-30,38.0,219.85982664033017,194.35899376764903,180.0,217.79887
T000264,2007-07-31,216.0,218.3999138562805,231.3545429798286,168.0,235.5862
T000264,2007-08-31,330.0,251.42414691600723,230.15880423443895,294.0,223.92825
T000264,2007-09-30,207.0,243.20417188830376,245.16741281748253,273.0,220.29231
T000265,2006-10-31,418.0,305.69658717993434,313.1021247660939,322.0,316.09177
T000265,2006-11-30,374.0,360.8138037986899,372.39799673759535,460.0,372.38953
T000265,2006-12-31,962.0,701.2646752810859,728.5855216171587,650.0,724.48
T000265,2007-01-31,280.0,334.1161845474953,329.12228778525446,234.0,324.6411
T000265,2007-02-28,437.0,293.4602341384003,302.64940115738943,330.0,319.45123
T000265,2007-03-31,437.0,352.73765450913237,323.0718564343489,322.0,388.11047
T000265,2007-04-30,713.0,454.0200232151847,441.10662578576824,418.0,426.15558
T000265,2007-05-31,540.0,346.93267816465743,371.4852584985575,340.0,345.9207
T000265,2007-06-30,456.0,360.09450739023373,366.0731961593146,396.0,365.72974
T000265,2007-07-31,384.0,411.1005188159504,422.38465036467596,360.0,351.50125
T000265,2007-08-31,286.0,282.4983963013396,272.414485681079,315.0,315.37628
T000265,2007-09-30,391.0,310.15747239740267,301.1000322928304,210.0,307.81973
T000266,2006-10-31,88.0,89.66677704277078,96.1931846614805,115.0,86.80447
T000266,2006-11-30,66.0,117.01159408862681,98.07283926843853,92.0,87.605965
T000266,2006-12-31,104.0,67.49705942096534,89.03837924062671,50.0,85.81423
T000266,2007-01-31,84.0,85.10838351618816,84.74751676842439,78.0,85.002174
T000266,2007-02-28,23.0,122.80218830388078,109.55686815015156,154.0,86.75431
T000266,2007-03-31,138.0,127.75492374258239,105.10279332802487,207.0,89.0623
T000266,2007-04-30,92.0,82.21224294872947,83.18354578449114,44.0,88.19389
T000266,2007-05-31,90.0,99.96687951313945,94.20611928628301,68.0,87.7163
T000266,2007-06-30,76.0,82.94768136820787,79.51533026182439,18.0,88.94828
T000266,2007-07-31,120.0,94.89550197111186,100.7459499553326,192.0,90.20463
T000266,2007-08-31,44.0,92.64027759343494,92.95678382659194,42.0,90.0508
T000266,2007-09-30,115.0,103.64281059161635,89.15911362401896,63.0,90.101906
T000267,2006-10-31,352.0,303.71456693436807,320.8414870446265,207.0,318.38095
T000267,2006-11-30,594.0,298.86420521292223,298.61835090037096,276.0,307.143
T000267,2006-12-31,208.0,327.1497641911508,330.5060544795755,250.0,321.8699
T000267,2007-01-31,336.0,351.7370084999357,339.69291158824797,390.0,340.0984
T000267,2007-02-28,345.0,386.6597739144087,350.13494541952633,176.0,386.17493
T000267,2007-03-31,529.0,405.76082023422407,419.89886052900096,621.0,389.81952
T000267,2007-04-30,322.0,295.7878266575133,315.4389325908194,264.0,321.35852
T000267,2007-05-31,540.0,284.4385721141059,308.12179939785904,374.0,303.49338
T000267,2007-06-30,589.0,279.80188155392415,321.809655729975,360.0,305.93622
T000267,2007-07-31,312.0,317.5062203668606,334.5248618005844,360.0,318.77975
T000267,2007-08-31,440.0,248.74031504326604,280.7498298103887,252.0,291.15448
T000267,2007-09-30,391.0,304.57576255121097,313.4847616080147,315.0,304.311
T000268,2006-10-31,1056.0,977.3078442036717,971.2314658531049,943.0,922.56226
T000268,2006-11-30,1276.0,1063.4922852533887,1046.5519399570321,1081.0,1053.9712
T000268,2006-12-31,1976.0,1742.3195164775793,1732.6523638657836,1550.0,1803.9281
T000268,2007-01-31,952.0,979.315827671887,963.8451220847038,936.0,968.1108
T000268,2007-02-28,1150.0,1099.9401772134988,1082.8456675631967,902.0,1164.1417
T000268,2007-03-31,1426.0,1334.3930242039355,1317.8418041279347,1334.0,1247.4287
T000268,2007-04-30,1633.0,1272.2509237424047,1252.2280065016623,1144.0,1303.355
T000268,2007-05-31,1512.0,1042.363861577438,1021.1097923000599,952.0,1033.1057
T000268,2007-06-30,1159.0,1006.8947122961648,984.4622754262704,954.0,932.2916
T000268,2007-07-31,1032.0,1111.6575775458796,1087.6687210117682,1080.0,995.60315
T000268,2007-08-31,1100.0,904.4047467342208,878.389451315092,903.0,875.33264
T000268,2007-09-30,1104.0,954.1819410964239,926.2684259057213,861.0,924.36957
T000269,2006-10-31,4664.0,5107.164404768539,5255.9682762163675,5405.0,5195.028
T000269,2006-11-30,5368.0,6452.394927920445,6624.4763064587605,5704.0,6341.762
T000269,2006-12-31,8528.0,9931.914564041881,9955.627423809936,9250.0,10073.991
T000269,2007-01-31,1736.0,2246.1567342260596,2536.353798209495,2496.0,3466.9246
T000269,2007-02-28,2990.0,2625.1952091012968,2759.7220898175824,2684.0,3718.2393
T000269,2007-03-31,4209.0,4097.598347210962,4179.783655228466,3818.0,4911.463
T000269,2007-04-30,6348.0,5808.863035891865,6166.506423847082,5808.0,6097.529
T000269,2007-05-31,6120.0,5429.718647501876,5951.797281169687,5950.0,5323.1543
T000269,2007-06-30,3230.0,3542.185288709909,3944.706720622079,3906.0,4224.743
T000269,2007-07-31,2304.0,2053.247270895092,2351.1141497700733,2208.0,3087.3198
T000269,2007-08-31,2926.0,2418.630069241998,2813.1770115521417,2898.0,3079.7651
T000269,2007-09-30,2415.0,3029.4582532598392,3403.0094706888844,3213.0,4160.7314
T000270,2006-10-31,2112.0,2071.90245140376,2073.7930769928225,2208.0,1967.2678
T000270,2006-11-30,2310.0,2486.9832921495386,2523.4839292230863,2530.0,2366.89
T000270,2006-12-31,4238.0,3855.8083073042762,4017.326422714677,4250.0,4063.0308
T000270,2007-01-31,1652.0,1527.512017426543,1557.521707776566,1430.0,1653.0791
T000270,2007-02-28,2116.0,1628.092234001231,1643.47410231169,1496.0,1705.4723
T000270,2007-03-31,2369.0,2056.361377348948,2138.3374788270403,2070.0,2194.1223
T000270,2007-04-30,3013.0,2538.623328056205,2653.8723506170777,2750.0,2419.027
T000270,2007-05-31,2214.0,2008.5653991145864,2017.800035269397,1598.0,1965.3475
T000270,2007-06-30,2014.0,1794.5433720746003,1873.110697442876,1800.0,1870.6688
T000270,2007-07-31,1632.0,1720.4935082354687,1787.7559378834487,1848.0,1739.3435
T000270,2007-08-31,1738.0,1540.5986783213168,1597.6273613167464,1554.0,1562.5917
T000270,2007-09-30,1955.0,1689.7854839061874,1743.4919940307834,1596.0,1684.221
T000271,2006-10-31,990.0,1024.9081163033447,1059.0387528619865,1035.0,1014.93085
T000271,2006-11-30,1034.0,1188.7519448652677,1099.2033390184506,966.0,1192.245
T000271,2006-12-31,728.0,797.8074212629077,978.8506908101012,750.0,737.79016
T000271,2007-01-31,980.0,838.8821419421386,1005.5572908057105,884.0,788.0622
T000271,2007-02-28,713.0,1196.7727949696637,1081.2051646426005,1210.0,1140.3962
T000271,2007-03-31,1150.0,1166.830189637204,1121.212989733839,1334.0,1142.6396
T000271,2007-04-30,874.0,1038.34716995893,1057.7412491102777,880.0,1033.7517
T000271,2007-05-31,900.0,1072.8355259806603,1084.731838410631,1156.0,1079.2473
T000271,2007-06-30,798.0,994.6120818704171,1042.8016062226484,1008.0,980.58185
T000271,2007-07-31,960.0,1051.0102518965857,1070.0249044951365,1104.0,1001.82196
T000271,2007-08-31,858.0,1015.6064065902149,1016.6828965817551,882.0,1013.17444
T000271,2007-09-30,1403.0,1030.3050919841626,1016.9446068151428,924.0,1042.3232
T000272,2006-10-31,1430.0,1892.2456774082464,1783.546555128039,1403.0,1624.6802
T000272,2006-11-30,1694.0,1477.0202712009182,1463.44601012093,1702.0,1434.8334
T000272,2006-12-31,1352.0,1195.416466012355,1246.5182758834242,975.0,1271.2301
T000272,2007-01-31,1260.0,1854.4286737853245,1730.698097477157,1846.0,1737.6412
T000272,2007-02-28,1771.0,1684.1673196506924,1600.182665770077,1518.0,1629.4142
T000272,2007-03-31,2967.0,2058.550821489821,1992.0672870270612,2277.0,1688.8478
T000272,2007-04-30,2622.0,1857.1966089721077,1701.7143173160302,1386.0,1684.3324
T000272,2007-05-31,2304.0,1326.6458972885737,1347.4356687485651,1411.0,1322.8092
T000272,2007-06-30,1824.0,1348.713833168099,1416.653976711949,1422.0,1284.0476
T000272,2007-07-31,1584.0,1583.9285997917157,1580.6595213273633,1656.0,1464.5791
T000272,2007-08-31,1606.0,1213.0594137310306,1239.9734838406166,945.0,1305.7955
T000272,2007-09-30,1403.0,1376.6130494949273,1373.1616889846857,1344.0,1353.5597
T000273,2006-10-31,9196.0,10013.021479626685,10058.497011866208,10051.0,10379.031
T000273,2006-11-30,10406.0,11641.392348957943,11814.39331712328,10902.0,12237.164
T000273,2006-12-31,14846.0,15804.138900535498,15793.26603929237,15225.0,17467.787
T000273,2007-01-31,5628.0,6579.948944105141,6864.655562894158,6656.0,7693.41
T000273,2007-02-28,7590.0,7211.986557070216,7242.046822750703,6908.0,8256.615
T000273,2007-03-31,10695.0,9670.15786096979,9599.721773471068,9499.0,10772.532
T000273,2007-04-30,12857.0,11214.62083756098,11395.666259838656,10824.0,12516.298
T000273,2007-05-31,11538.0,9841.884230736103,10298.02620599798,10115.0,10447.388
T000273,2007-06-30,7866.0,7835.727278774893,8162.45985797577,8136.0,8378.074
T000273,2007-07-31,6480.0,6630.745223877551,6819.898182195089,6816.0,7261.14
T000273,2007-08-31,7128.0,6195.999184249531,6399.300133876957,6279.0,6727.6143
T000273,2007-09-30,7176.0,7168.375190959838,7363.231457711108,7077.0,8178.629
T000274,2006-10-31,26466.0,26764.274713152507,26964.483795646745,28037.0,27431.627
T000274,2006-11-30,37268.0,37246.91756252028,37326.24401020717,36455.0,35784.992
T000274,2006-12-31,36166.0,37656.6339486473,37620.654382985886,36400.0,40533.473
T000274,2007-01-31,29764.0,33518.294396883444,33611.328779140575,34138.0,34045.484
T000274,2007-02-28,34983.0,30208.211784291492,30174.87428452826,27522.0,33920.09
T000274,2007-03-31,28980.0,28394.240990910777,28455.935660729134,28520.0,29732.348
T000274,2007-04-30,28267.0,25181.319354118634,25308.132574616535,26004.0,27429.164
T000274,2007-05-31,21330.0,21546.08106906261,21739.0252966551,22355.0,23828.926
T000274,2007-06-30,18639.0,17783.389246986837,18025.849648782078,18972.0,18821.713
T000274,2007-07-31,20784.0,21848.006947467227,21982.89929736666,22008.0,23519.27
T000274,2007-08-31,21846.0,22860.099362923913,23000.041478190873,22113.0,24451.36
T000274,2007-09-30,19872.0,19348.95944935967,19544.485044093974,19698.0,20491.809
T000275,2006-10-31,5390.0,5105.237482137564,4823.843334953763,5750.0,4901.3984
T000275,2006-11-30,6160.0,6268.371622916806,6432.7525824264785,6647.0,6761.068
T000275,2006-12-31,12376.0,11039.304829814333,11631.925842928478,11800.0,11673.3545
T000275,2007-01-31,5824.0,7474.406310712131,7723.797456755628,7358.0,8209.729
T000275,2007-02-28,7797.0,6328.318115801198,6627.005347783359,5940.0,7460.174
T000275,2007-03-31,6785.0,6120.294504887865,6166.099166519785,5865.0,7584.225
T000275,2007-04-30,7176.0,6709.111541827302,7231.165649813573,7480.0,7326.1094
T000275,2007-05-31,5400.0,4464.348833987097,4831.99755331325,4369.0,5061.2036
T000275,2007-06-30,5529.0,4780.430181378845,4835.156009783964,4950.0,5521.35
T000275,2007-07-31,5856.0,6338.94186940527,6050.21775505998,6336.0,7515.2637
T000275,2007-08-31,5478.0,4804.331922271625,4754.242067930201,5292.0,5628.65
T000275,2007-09-30,6164.0,5624.470469028496,5636.75545765537,5922.0,5493.8584
T000276,2006-10-31,3894.0,4099.934878398097,4102.379560344561,3841.0,4005.5137
T000276,2006-11-30,5720.0,5762.91588742899,5759.039568137916,5635.0,4801.533
T000276,2006-12-31,4342.0,5241.374101905906,5237.588245529938,5375.0,4402.5454
T000276,2007-01-31,3500.0,3526.7990830945155,3532.532478972194,3354.0,3513.0735
T000276,2007-02-28,2875.0,4203.88153551124,4209.852282213735,4048.0,3827.766
T000276,2007-03-31,3795.0,4307.275317404386,4312.480709119316,4140.0,3937.0547
T000276,2007-04-30,3588.0,4165.321783938642,4170.690152530953,3784.0,3849.4065
T000276,2007-05-31,3204.0,3924.6535575772837,3928.3430334010277,3876.0,3768.9502
T000276,2007-06-30,3211.0,3525.074212416302,3533.3446019664584,3150.0,3450.003
T000276,2007-07-31,3024.0,4033.6333885334075,4037.116184101194,4008.0,3755.7424
T000276,2007-08-31,3212.0,3615.1511320323852,3620.6610330664626,3507.0,3526.6963
T000276,2007-09-30,3565.0,4302.163423595308,4307.086226388964,3969.0,3683.027
T000277,2006-10-31,4752.0,5344.514739632304,5208.602428499122,4278.0,5261.646
T000277,2006-11-30,6138.0,5445.6733385788575,5391.448938630868,5497.0,4882.1885
T000277,2006-12-31,4342.0,4853.287006052579,4715.562402043153,4350.0,4988.5635
T000277,2007-01-31,6524.0,7469.721875600725,7325.565927227967,6760.0,7396.5137
T000277,2007-02-28,6785.0,6762.701998847644,6611.263761902541,6908.0,6820.9443
T000277,2007-03-31,7245.0,6387.482252770647,6236.597672704279,6647.0,6063.2266
T000277,2007-04-30,5704.0,5633.754883622807,5429.154467231394,4972.0,5670.5527
T000277,2007-05-31,4698.0,4207.770900458863,3995.8380510157153,4267.0,3772.4294
T000277,2007-06-30,4674.0,4196.50344115944,3950.429478166419,3924.0,4159.6543
T000277,2007-07-31,7296.0,7905.7909042677275,7666.0507368844,7800.0,6987.447
T000277,2007-08-31,4334.0,5037.648670097715,4751.515422743123,4515.0,4978.5737
T000277,2007-09-30,3657.0,4825.5380383522615,4526.004020022104,4599.0,4755.4316
T000278,2006-10-31,40502.0,41625.61307742762,41686.507601484846,41906.0,43020.18
T000278,2006-11-30,55286.0,54960.565190170564,54950.639288437524,54234.0,51646.43
T000278,2006-12-31,57226.0,58829.15050259881,58641.00305208489,57925.0,59771.703
T000278,2007-01-31,45612.0,52262.14474087525,52060.47918779842,51610.0,52871.64
T000278,2007-02-28,52440.0,47514.330474010865,47160.40093452273,44418.0,52269.67
T000278,2007-03-31,46805.0,45295.36974263134,45032.02816189156,45172.0,46598.355
T000278,2007-04-30,44735.0,41946.49867853232,41701.63188557592,42240.0,45636.457
T000278,2007-05-31,34632.0,34346.60813245462,34111.185426513926,34867.0,37813.504
T000278,2007-06-30,32053.0,30603.496640394103,30341.42840620589,30996.0,33533.402
T000278,2007-07-31,36960.0,40446.1956064773,40057.43056592452,40152.0,42982.695
T000278,2007-08-31,34870.0,36595.92723666689,36159.67277568634,35427.0,39824.367
T000278,2007-09-30,33258.0,34346.4685251159,33949.35643064504,34188.0,36570.582
T000279,2006-10-31,11638.0,11307.302334104537,10990.054775570847,10580.0,10277.719
T000279,2006-11-30,16962.0,16087.658901131996,16240.31887100947,15617.0,14810.791
T000279,2006-12-31,17576.0,17712.529515181322,17793.16305511645,16175.0,15889.065
T000279,2007-01-31,24080.0,23225.332767986933,23156.33423308526,22672.0,21219.203
T000279,2007-02-28,27048.0,26033.63757463433,25777.191593979285,26312.0,24750.365
T000279,2007-03-31,17687.0,17855.61372992895,17646.99318458772,15525.0,16153.289
T000279,2007-04-30,9729.0,9892.106493439554,10220.11261617953,10010.0,10819.222
T000279,2007-05-31,5778.0,6820.3008777226705,6906.556248158701,5729.0,6474.276
T000279,2007-06-30,5092.0,12850.506171997084,12093.018580285836,4734.0,7059.815
T000279,2007-07-31,6912.0,8927.504782886175,8960.55732840894,6960.0,8040.384
T000279,2007-08-31,6094.0,7380.807296017589,7511.68795281512,6090.0,8203.949
T000279,2007-09-30,5129.0,6509.268023525385,6569.431257115972,5880.0,7510.3047
T000280,2006-10-31,6314.0,6739.9637747042525,6554.500519650341,6187.0,6265.389
T000280,2006-11-30,9856.0,10144.443722703283,10114.850710879562,9476.0,9495.303
T000280,2006-12-31,25636.0,25319.965151187655,26565.166836466786,24650.0,20461.777
T000280,2007-01-31,18508.0,17597.408816387328,17995.29010350741,17290.0,16112.788
T000280,2007-02-28,19435.0,17910.950613853936,18498.136223160185,17864.0,16073.228
T000280,2007-03-31,13524.0,13926.735216258765,14086.053905391786,13317.0,11087.319
T000280,2007-04-30,8556.0,9045.22183062295,9113.969524563743,9174.0,7160.386
T000280,2007-05-31,4140.0,4481.052071372714,4498.626641132073,3791.0,4757.0747
T000280,2007-06-30,3230.0,4547.756442000088,4673.60245249646,3456.0,4527.128
T000280,2007-07-31,4776.0,6060.507577756863,6084.327711573844,4992.0,5200.5107
T000280,2007-08-31,4950.0,5218.524142223284,5203.978542060289,4389.0,4532.286
T000280,2007-09-30,4715.0,4830.709291573865,4839.244728739976,4158.0,4897.2603
T000281,2006-10-31,1276.0,993.2284254017214,969.4690384431244,1081.0,968.5475
T000281,2006-11-30,1254.0,1165.21064805902,1146.0038500256783,1104.0,1152.6326
T000281,2006-12-31,832.0,708.1834548147432,669.849796880704,925.0,647.9414
T000281,2007-01-31,1428.0,978.9067021383089,943.2921272041273,1222.0,916.22107
T000281,2007-02-28,1449.0,1299.8646029892288,1253.6978818322298,1782.0,1373.8064
T000281,2007-03-31,1472.0,1200.1679417623282,1156.4843435050302,1104.0,1200.7153
T000281,2007-04-30,782.0,966.7770281645228,927.2942612054567,748.0,920.80756
T000281,2007-05-31,612.0,926.6556427114332,874.802198627312,867.0,880.9067
T000281,2007-06-30,779.0,905.0064016787824,849.9817115394987,936.0,824.8544
T000281,2007-07-31,768.0,864.6181509798574,803.2577434300388,672.0,762.799
T000281,2007-08-31,902.0,842.4352626692078,778.6252182932752,798.0,825.564
T000281,2007-09-30,874.0,908.4221884683456,844.4011563148715,819.0,851.1638
T000282,2006-10-31,836.0,1005.8059484120296,958.8987883250514,1173.0,907.393
T000282,2006-11-30,1276.0,1102.6689487899434,1058.0379787625693,1104.0,1059.0356
T000282,2006-12-31,1404.0,1230.1911984512471,1173.3061679335613,1300.0,1216.396
T000282,2007-01-31,1652.0,1255.6356099803636,1227.8796452132387,1248.0,1264.9297
T000282,2007-02-28,1173.0,1321.8528723844963,1314.5530121062095,1166.0,1283.6445
T000282,2007-03-31,1150.0,1089.235504799753,1042.3429837513831,1104.0,1080.2329
T000282,2007-04-30,782.0,950.0235504491455,905.0886598500199,1078.0,1036.9565
T000282,2007-05-31,738.0,763.3619470345473,708.5798274680233,663.0,883.7688
T000282,2007-06-30,475.0,866.2893763841445,807.6914287570013,720.0,985.38214
T000282,2007-07-31,1056.0,1186.143257319466,1137.8549814059681,960.0,1240.5544
T000282,2007-08-31,726.0,949.0553712793408,910.8148539535739,861.0,1043.9146
T000282,2007-09-30,460.0,859.311970750722,808.4737156042693,861.0,937.49115
T000283,2006-10-31,20064.0,20320.185363064404,19691.879819129725,19021.0,18209.777
T000283,2006-11-30,29348.0,28921.706450313028,29580.820228071025,27301.0,26835.668
T000283,2006-12-31,45448.0,45337.23194031997,45840.84834012792,43050.0,38315.15
T000283,2007-01-31,45668.0,43510.02148231226,43579.52038767433,42432.0,37575.02
T000283,2007-02-28,49105.0,47012.58595176333,48087.984851336776,47124.0,42041.652
T000283,2007-03-31,33833.0,34282.88163884888,33658.39238199655,31050.0,28792.703
T000283,2007-04-30,19849.0,20875.865891936366,21525.530603160554,21010.0,19687.652
T000283,2007-05-31,11268.0,13262.67410965609,13159.461918374927,11050.0,12886.171
T000283,2007-06-30,9576.0,19318.74174308568,20156.66269596997,9846.0,12965.416
T000283,2007-07-31,13512.0,17416.587595878405,17603.184206591715,13584.0,15238.873
T000283,2007-08-31,12672.0,14583.909239361927,14614.778652953175,12138.0,14272.188
T000283,2007-09-30,11178.0,13420.02877301751,13042.972698168101,11718.0,13020.796
T000284,2006-10-31,1430.0,1360.3097483544905,1362.0639102028772,1265.0,1559.038
T000284,2006-11-30,2706.0,2499.861960522054,2492.8535712931675,2392.0,2554.948
T000284,2006-12-31,3302.0,3180.0232913098457,3158.896022090596,3100.0,3168.9458
T000284,2007-01-31,4116.0,3455.4193500774286,3429.7777294093676,3458.0,3527.3645
T000284,2007-02-28,3818.0,3887.4297924139273,3858.2078405524258,3872.0,3698.6802
T000284,2007-03-31,2093.0,1783.2077750678745,1781.9867561453432,1633.0,2059.4316
T000284,2007-04-30,1196.0,1041.5520506220312,1025.236577568252,1056.0,1165.1714
T000284,2007-05-31,432.0,473.5467888758212,463.0680175185281,459.0,583.16235
T000284,2007-06-30,513.0,380.7644846231641,374.85020369846774,324.0,595.92126
T000284,2007-07-31,480.0,487.4661431726116,479.1788649203833,480.0,785.7889
T000284,2007-08-31,308.0,244.25906203719362,238.63283573464085,210.0,530.3691
T000284,2007-09-30,690.0,701.0197892644305,691.3023429488145,735.0,834.14044
T000285,2006-10-31,308.0,292.72459031973915,267.4113923118241,299.0,237.0079
T000285,2006-11-30,374.0,475.9127920347739,466.43162459360985,621.0,390.0954
T000285,2006-12-31,1144.0,1177.7633552479683,1161.6262342672967,1050.0,966.96136
T000285,2007-01-31,672.0,787.1938599911937,739.9202731727538,858.0,659.2891
T000285,2007-02-28,667.0,722.1798287200043,712.2796618945288,946.0,569.13165
T000285,2007-03-31,437.0,434.8165157194336,414.1383254532174,460.0,382.31558
T000285,2007-04-30,184.0,318.21157715765565,291.0291472033489,352.0,300.04416
T000285,2007-05-31,90.0,146.48487431691422,107.42437705014225,119.0,240.81349
T000285,2007-06-30,114.0,217.3419669326778,190.43308155139357,198.0,260.77875
T000285,2007-07-31,216.0,269.8529498623037,233.56212463185332,216.0,259.97314
T000285,2007-08-31,66.0,132.59310348260138,92.4717212603256,126.0,198.58463
T000285,2007-09-30,92.0,170.02922536781807,124.90706175830185,126.0,239.4191
T000286,2006-10-31,264.0,204.733373061142,203.86117020439883,253.0,206.49399
T000286,2006-11-30,176.0,242.71737868616944,213.45813147293907,299.0,221.29755
T000286,2006-12-31,130.0,109.05475016885748,144.79962143775654,100.0,110.79521
T000286,2007-01-31,168.0,173.2782742706989,157.96357795497676,156.0,171.40005
T000286,2007-02-28,230.0,239.17541548689553,162.34827283685576,198.0,243.5142
T000286,2007-03-31,230.0,223.83845753221547,166.72117741943558,184.0,249.89558
T000286,2007-04-30,161.0,145.19754623286897,123.91213911118724,88.0,155.53339
T000286,2007-05-31,144.0,148.61888637803327,140.55935985523277,136.0,131.20886
T000286,2007-06-30,114.0,111.68195227102115,150.6896702796049,126.0,114.770775
T000286,2007-07-31,24.0,73.76772400101007,107.54748745878003,24.0,88.92444
T000286,2007-08-31,242.0,129.60244252068122,135.0906642263171,105.0,132.08862
T000286,2007-09-30,161.0,137.2626625981373,188.96932301932702,210.0,129.99773
T000287,2006-10-31,154.0,250.1406561260476,226.30587380018883,207.0,235.95538
T000287,2006-11-30,374.0,285.2718381003358,246.6478340350645,230.0,250.74588
T000287,2006-12-31,208.0,226.53045607537922,273.9326174454586,325.0,213.94455
T000287,2007-01-31,196.0,344.2960530913381,270.00705914349544,312.0,340.53024
T000287,2007-02-28,506.0,431.32566411652965,347.6633783647152,506.0,389.72446
T000287,2007-03-31,276.0,248.27682142373436,256.13563660417026,253.0,236.79321
T000287,2007-04-30,138.0,189.74062498732243,206.78634819435155,220.0,202.64561
T000287,2007-05-31,180.0,158.9801405537308,225.79055344433908,204.0,155.9971
T000287,2007-06-30,114.0,146.69044220977258,223.1082821472061,144.0,150.65305
T000287,2007-07-31,264.0,279.5488019741973,260.55675340436073,288.0,275.25812
T000287,2007-08-31,176.0,216.51128260035972,265.4266912030665,294.0,186.08313
T000287,2007-09-30,207.0,190.50749484798507,222.34017916132046,126.0,183.20966
T000288,2006-10-31,2156.0,2158.4045722528203,2133.7608436018604,2024.0,2269.3713
T000288,2006-11-30,3630.0,3601.3893917198734,3588.7380711813603,3542.0,3543.739
T000288,2006-12-31,4784.0,4673.69866022267,4709.015986136176,4575.0,4628.281
T000288,2007-01-31,5152.0,4756.477090532755,4729.368431157385,4784.0,4828.4727
T000288,2007-02-28,5221.0,5458.68075682462,5435.827706919468,5522.0,5224.725
T000288,2007-03-31,3036.0,2657.4563923996307,2679.129540041736,2530.0,2873.2476
T000288,2007-04-30,1679.0,1682.3413228129455,1736.7440785156336,1716.0,1692.6753
T000288,2007-05-31,846.0,922.5512024829301,948.0602739353475,918.0,914.41205
T000288,2007-06-30,855.0,839.0532732020722,872.7476057308678,792.0,933.3676
T000288,2007-07-31,984.0,1022.3240534873919,1055.6646146027988,1008.0,1229.7249
T000288,2007-08-31,792.0,737.7708130981679,773.2656027714442,735.0,787.57556
T000288,2007-09-30,1150.0,1155.8978783068512,1203.1920587417449,1197.0,1187.5641
T000289,2006-10-31,1166.0,1035.8164030194434,966.355896651488,1058.0,988.39935
T000289,2006-11-30,1738.0,1326.2680556055204,1239.6683131645514,1242.0,1131.6654
T000289,2006-12-31,1352.0,1307.4104941453393,1247.8153167290777,1375.0,1078.1869
T000289,2007-01-31,1764.0,1638.8330758367736,1640.0686924434165,1482.0,1282.9886
T000289,2007-02-28,1357.0,1390.9574387836872,1307.405525918833,1276.0,1263.2483
T000289,2007-03-31,1357.0,1177.544728503153,1051.345812311326,1104.0,1147.0527
T000289,2007-04-30,1058.0,982.8263337395512,879.6833769994003,1012.0,988.53937
T000289,2007-05-31,720.0,826.1091642015151,759.7345899341728,629.0,867.9283
T000289,2007-06-30,950.0,1657.1274538480093,1759.6781174999933,972.0,975.0603
T000289,2007-07-31,1440.0,1378.6722044193775,1297.8425348294259,960.0,1049.5836
T000289,2007-08-31,1034.0,962.855884340557,884.5861061090279,777.0,926.1253
T000289,2007-09-30,713.0,876.7777842023638,822.6810305630711,756.0,884.978
T000290,2006-10-31,198.0,265.399715545333,265.73954576650465,207.0,235.43843
T000290,2006-11-30,220.0,431.4494471059115,429.8350197942208,437.0,419.32083
T000290,2006-12-31,1144.0,1031.5967267834774,1112.5409228067942,1050.0,902.0315
T000290,2007-01-31,532.0,672.8124277162867,703.8243347482933,754.0,629.2283
T000290,2007-02-28,598.0,532.0841967479771,532.5295928452662,528.0,539.43085
T000290,2007-03-31,529.0,565.6415964954114,582.1780350644506,345.0,504.92566
T000290,2007-04-30,161.0,317.93804948825914,321.0945110909382,286.0,299.87164
T000290,2007-05-31,162.0,215.47005187204158,217.89835151057105,102.0,225.85214
T000290,2007-06-30,228.0,403.5108673714376,418.6329609350521,306.0,356.07898
T000290,2007-07-31,312.0,376.35351665777085,369.4826995783616,360.0,378.70114
T000290,2007-08-31,242.0,327.65465215342647,326.33683705620393,315.0,359.81055
T000290,2007-09-30,345.0,297.02791779098334,296.89760444615257,231.0,359.27826
T000291,2006-10-31,1408.0,1439.162222321604,1368.9362120033725,1403.0,1449.8945
T000291,2006-11-30,2068.0,1909.7214736338192,1906.0828181996603,1840.0,1869.7711
T000291,2006-12-31,2548.0,2519.319006067206,2601.7158357295375,2550.0,2368.9854
T000291,2007-01-31,2436.0,2504.95297493634,2647.3260217153484,2392.0,2482.6938
T000291,2007-02-28,2185.0,2041.9619949731741,2076.784945806957,1914.0,2149.5503
T000291,2007-03-31,2093.0,1969.6761395656265,2037.2032953235628,1656.0,1865.9257
T000291,2007-04-30,1357.0,1410.0252085693935,1341.2873133159803,1342.0,1542.6234
T000291,2007-05-31,1026.0,1245.7095546529033,1230.3271800513603,918.0,1326.4354
T000291,2007-06-30,1311.0,2599.054890329347,2841.850474682722,1494.0,1514.856
T000291,2007-07-31,1824.0,1977.5187856785153,2102.2854763667374,1512.0,1525.2776
T000291,2007-08-31,1320.0,1444.830045251138,1435.2490766081999,1239.0,1392.5763
T000291,2007-09-30,1127.0,1336.3395146276782,1339.9644513920027,1092.0,1410.4034
T000292,2006-10-31,14234.0,13732.486702873262,13330.880938661407,12903.0,12946.194
T000292,2006-11-30,21406.0,19990.55750459892,19975.424248339652,19251.0,19015.889
T000292,2006-12-31,22230.0,22407.17856509328,22288.23469248258,20650.0,20892.656
T000292,2007-01-31,29960.0,28403.27924951159,28208.281480701055,27612.0,26775.959
T000292,2007-02-28,32223.0,31458.001584161153,31120.499377947566,31460.0,30252.525
T000292,2007-03-31,21137.0,21136.074679927242,20736.443913370542,18262.0,19562.928
T000292,2007-04-30,11983.0,11769.447157430113,12011.82745089875,12078.0,12764.018
T000292,2007-05-31,6930.0,8074.468553983745,8016.220378699671,6817.0,7518.384
T000292,2007-06-30,6555.0,15952.692628708824,14455.810257197074,6030.0,8471.201
T000292,2007-07-31,8832.0,10903.492280522722,10708.778261201416,8400.0,9922.311
T000292,2007-08-31,7436.0,8608.430965033234,8573.875914077416,7077.0,9659.133
T000292,2007-09-30,6532.0,7932.622609606343,7934.31691963064,7371.0,9337.43
T000293,2006-10-31,6820.0,7314.873083200018,7105.398815443522,6693.0,6827.07
T000293,2006-11-30,10450.0,11138.409674169881,10997.299987678263,10534.0,10292.12
T000293,2006-12-31,27924.0,27529.08936410529,29054.365245213827,26750.0,22104.354
T000293,2007-01-31,19712.0,19190.2932478687,19629.712070243713,18902.0,17520.555
T000293,2007-02-28,20700.0,19274.55649041095,19797.198369959766,19338.0,17314.53
T000293,2007-03-31,14490.0,14949.823757678216,15181.931284570288,14122.0,11951.427
T000293,2007-04-30,8901.0,9727.73131600081,9736.920181427939,9812.0,7761.032
T000293,2007-05-31,4392.0,4825.723604890634,4840.7587636581175,4012.0,5297.032
T000293,2007-06-30,3572.0,5152.8269997015905,5287.4197545718,3960.0,5126.9507
T000293,2007-07-31,5304.0,6706.78363684402,6725.073233095405,5568.0,5743.011
T000293,2007-08-31,5258.0,5680.192505233637,5634.8769609732935,4830.0,4898.3633
T000293,2007-09-30,5152.0,5277.589030757909,5223.559255587065,4515.0,5366.1143
T000294,2006-10-31,1584.0,1242.145689074466,1201.176585585663,1380.0,1211.4265
T000294,2006-11-30,1452.0,1478.425053587499,1448.7185297925935,1426.0,1413.253
T000294,2006-12-31,988.0,870.6706545435791,821.6691376062624,1050.0,774.42
T000294,2007-01-31,1652.0,1237.0003198951924,1193.1289051999552,1378.0,1122.2234
T000294,2007-02-28,1771.0,1657.7946424009356,1603.1269307642638,2046.0,1647.727
T000294,2007-03-31,1771.0,1477.185789985955,1426.299835582266,1334.0,1478.2833
T000294,2007-04-30,1012.0,1172.5808420088672,1129.9533413517568,836.0,1120.2953
T000294,2007-05-31,828.0,1144.5690372095437,1091.5391122426643,1088.0,1071.3574
T000294,2007-06-30,950.0,1092.5223145216778,1030.6684167463598,1170.0,985.31433
T000294,2007-07-31,816.0,954.6530265269064,887.2579090976299,744.0,888.6804
T000294,2007-08-31,1166.0,1009.081472910106,941.3354324828343,924.0,983.7405
T000294,2007-09-30,1081.0,1097.9980801735821,1027.9567973518056,1029.0,1036.2008
T000295,2006-10-31,990.0,1391.7038851353068,1374.2110773279508,1472.0,1328.2754
T000295,2006-11-30,1738.0,1541.717845729901,1513.7513881309615,1472.0,1505.8555
T000295,2006-12-31,1638.0,1592.0593874993249,1563.032571349052,1725.0,1616.4614
T000295,2007-01-31,1932.0,1785.5003921821103,1756.4371785950557,1716.0,1800.9451
T000295,2007-02-28,1817.0,1876.0096952964668,1847.0631527265477,1716.0,1886.3949
T000295,2007-03-31,1564.0,1464.1367676413554,1428.42266616235,1518.0,1456.4308
T000295,2007-04-30,989.0,1251.2620794032064,1210.6326798401237,1342.0,1289.9175
T000295,2007-05-31,990.0,1033.3612398294506,988.9780415410376,969.0,1067.0663
T000295,2007-06-30,665.0,1186.6839144655262,1146.1575225671947,972.0,1191.2856
T000295,2007-07-31,1368.0,1636.6398578311328,1597.7652187784795,1392.0,1667.9032
T000295,2007-08-31,924.0,1299.5982386033438,1251.5963168795518,1281.0,1384.0386
T000295,2007-09-30,690.0,1190.6088486981052,1140.3420095982756,1092.0,1266.2112
T000296,2006-10-31,23628.0,24160.263796711595,23059.13515338733,22448.0,22027.887
T000296,2006-11-30,35046.0,34563.74836671754,34974.22027247537,32683.0,31929.645
T000296,2006-12-31,52780.0,52793.2836950628,53275.88677378162,50175.0,44627.285
T000296,2007-01-31,53256.0,50910.14789317134,50699.401738670225,49608.0,44039.09
T000296,2007-02-28,56511.0,54653.746953582275,55667.99815182936,54560.0,48597.97
T000296,2007-03-31,38962.0,39153.57671392042,38304.68334310712,35236.0,32855.14
T000296,2007-04-30,22885.0,24074.696933810985,24340.110977192588,24068.0,22488.236
T000296,2007-05-31,13140.0,15497.949117341328,15020.026890606525,12886.0,14715.345
T000296,2007-06-30,11742.0,22758.25423831966,23651.67299296026,12132.0,15093.657
T000296,2007-07-31,16320.0,20478.528736056738,20446.490448636003,16104.0,17934.102
T000296,2007-08-31,14784.0,16874.171746124834,16558.058186491697,14112.0,16295.537
T000296,2007-09-30,13455.0,15957.305567333979,15177.664841029664,14007.0,15458.372
T000297,2006-10-31,4004.0,4283.360651048545,4252.960365468371,4140.0,4306.162
T000297,2006-11-30,6336.0,6204.937625344472,6214.206433473186,6026.0,6479.907
T000297,2006-12-31,5590.0,5529.473191459549,5529.464736073368,5450.0,5429.6147
T000297,2007-01-31,6048.0,6419.84212040892,6415.1620914103005,6396.0,5958.405
T000297,2007-02-28,6900.0,7408.794336053008,7405.674346003581,7282.0,6587.347
T000297,2007-03-31,4301.0,4792.200493598318,4787.8057334412,4738.0,3934.2073
T000297,2007-04-30,2093.0,1971.5329134952074,1965.9666614857924,2024.0,1839.2263
T000297,2007-05-31,990.0,1004.5837195868694,1001.7441649627785,969.0,1048.2693
T000297,2007-06-30,855.0,810.3237011611542,806.540006923394,810.0,713.74927
T000297,2007-07-31,1248.0,1177.921904651103,1174.737709748985,1176.0,1320.0991
T000297,2007-08-31,1342.0,1302.9426635485245,1301.5314000948151,1218.0,1189.939
T000297,2007-09-30,1725.0,1875.3322627974344,1873.0742558548175,1869.0,1671.9225
T000298,2006-10-31,572.0,496.2199615191776,479.0301057186026,414.0,404.87262
T000298,2006-11-30,616.0,834.9352797958804,843.6697794594326,920.0,649.85236
T000298,2006-12-31,1638.0,1553.6957231481565,1542.3437983309539,1650.0,1320.9883
T000298,2007-01-31,1568.0,1168.8874436225008,1171.576709592627,1222.0,982.44916
T000298,2007-02-28,1495.0,1065.0373883053078,1041.0636541932026,1100.0,887.4028
T000298,2007-03-31,1012.0,866.1760901309888,869.5331729821404,782.0,721.75183
T000298,2007-04-30,414.0,597.3590364946082,560.4582282363174,616.0,455.99963
T000298,2007-05-31,252.0,344.9544621974594,318.3217565498996,272.0,313.2423
T000298,2007-06-30,228.0,370.74408504655685,318.2126830954349,378.0,339.77914
T000298,2007-07-31,288.0,488.7540048188619,464.55684969892525,336.0,423.64676
T000298,2007-08-31,330.0,497.11234234155825,450.151297659217,483.0,390.2071
T000298,2007-09-30,483.0,368.8468926025153,336.89902193473387,231.0,307.0942
T000299,2006-10-31,220.0,253.20927239941298,174.67648793449393,230.0,250.05348
T000299,2006-11-30,308.0,293.8340426534743,197.3491301718492,184.0,283.18512
T000299,2006-12-31,234.0,167.0702889360689,187.40713852261624,100.0,144.30026
T000299,2007-01-31,280.0,204.99385751436358,221.5576478037254,234.0,185.41077
T000299,2007-02-28,368.0,280.8927213521524,248.08507793118198,308.0,283.2154
T000299,2007-03-31,368.0,293.0659710908922,231.88577283438116,299.0,301.2188
T000299,2007-04-30,184.0,205.76462386585047,203.51439003451046,154.0,181.62262
T000299,2007-05-31,234.0,195.24830659821995,189.18462352590856,119.0,171.21849
T000299,2007-06-30,247.0,181.758736486928,192.74171898622507,126.0,164.81628
T000299,2007-07-31,408.0,257.93043555062616,260.38568387298227,336.0,236.41556
T000299,2007-08-31,330.0,219.1448032086135,263.9943278931767,378.0,196.17958
T000299,2007-09-30,207.0,205.36153721831255,206.40885149801133,189.0,176.50241
T000300,2006-10-31,330.0,447.5196567240278,410.821176444392,368.0,393.61945
T000300,2006-11-30,506.0,459.83744687340123,417.1772121186894,391.0,385.0538
T000300,2006-12-31,390.0,403.47868983473023,376.07909957310176,325.0,358.8492
T000300,2007-01-31,504.0,809.6231277483438,806.5293289256836,832.0,625.16455
T000300,2007-02-28,782.0,804.8295571985764,793.4937708265304,858.0,596.54846
T000300,2007-03-31,414.0,567.149841270361,559.2677594736722,552.0,399.23938
T000300,2007-04-30,299.0,326.6606001568508,301.78253123920234,242.0,336.14578
T000300,2007-05-31,252.0,285.657873994512,260.38454971132273,187.0,270.98337
T000300,2007-06-30,247.0,277.29066164825275,254.69459246852182,108.0,290.42233
T000300,2007-07-31,1104.0,823.0458156726509,811.5760042747062,840.0,582.60767
T000300,2007-08-31,550.0,426.89056365639186,396.96938911939685,315.0,421.22717
T000300,2007-09-30,506.0,551.7059690060714,516.3454510103841,630.0,357.65085
T000301,2006-10-31,5126.0,5419.803945273727,5419.803945273727,5152.0,5637.101
T000301,2006-11-30,7766.0,7782.659728476742,7782.659728476742,7521.0,8201.05
T000301,2006-12-31,7852.0,7665.609789782795,7665.609789782795,7525.0,7614.799
T000301,2007-01-31,8400.0,8784.56874540293,8784.56874540293,8684.0,8296.209
T000301,2007-02-28,9545.0,9665.31858923843,9665.31858923843,9548.0,9127.744
T000301,2007-03-31,6095.0,6549.896068640127,6549.896068640127,6371.0,5891.603
T000301,2007-04-30,2990.0,3051.7755980397956,3051.7755980397956,3036.0,2983.998
T000301,2007-05-31,1728.0,1704.2727103831585,1704.2727103831585,1547.0,1890.0116
T000301,2007-06-30,1577.0,1535.551581118306,1535.551581118306,1422.0,1383.07
T000301,2007-07-31,3048.0,2783.1340231211593,2783.1340231211593,2688.0,2630.9443
T000301,2007-08-31,2552.0,2476.3726716935703,2476.3726716935703,2394.0,2208.1028
T000301,2007-09-30,2921.0,2964.320091986601,2964.320091986601,2919.0,2717.9941
T000302,2006-10-31,1848.0,1794.2636863141988,1847.6542417714631,1771.0,1655.8258
T000302,2006-11-30,2948.0,2710.3073595799856,2927.9551722055458,2599.0,3187.181
T000302,2006-12-31,3380.0,2920.1290009244067,3062.1213418413786,2975.0,3310.0369
T000302,2007-01-31,3780.0,3426.8804277439476,3551.302682929801,3510.0,3721.756
T000302,2007-02-28,2760.0,3032.859908382275,3200.447854706935,3014.0,3432.9094
T000302,2007-03-31,1288.0,1211.2037844650354,1280.3562379593545,1242.0,1502.1937
T000302,2007-04-30,529.0,528.4178645599549,543.664843112911,506.0,747.5004
T000302,2007-05-31,306.0,358.1203388423386,358.4571930670195,357.0,409.47208
T000302,2007-06-30,209.0,252.39288089685007,245.50219491754063,252.0,397.7765
T000302,2007-07-31,408.0,661.9641200102219,664.6085151011437,696.0,812.118
T000302,2007-08-31,396.0,315.9945216225211,330.28829014767354,294.0,512.7184
T000302,2007-09-30,552.0,527.8097259424624,558.2507206331835,546.0,715.74475
T000303,2006-10-31,264.0,319.52851521790524,297.28840313827243,276.0,419.27496
T000303,2006-11-30,594.0,727.1127905720572,713.79350436933,736.0,688.8625
T000303,2006-12-31,1560.0,1467.0043722476014,1450.6078936767149,1375.0,1361.7488
T000303,2007-01-31,896.0,1298.5319473444627,1286.6187261178356,1300.0,1114.6716
T000303,2007-02-28,1196.0,1070.6883419333228,1055.7372819685988,1056.0,962.00275
T000303,2007-03-31,506.0,538.4432326860688,524.6020474262824,529.0,456.31467
T000303,2007-04-30,368.0,193.6472944883306,177.82228333043125,176.0,268.15482
T000303,2007-05-31,90.0,166.9891960354863,152.22946451216808,153.0,227.25145
T000303,2007-06-30,171.0,152.593313823473,136.85840171973584,108.0,251.62192
T000303,2007-07-31,552.0,411.1735402605421,395.8311071945669,384.0,422.31036
T000303,2007-08-31,132.0,276.8141089609414,266.3878471810409,336.0,264.40805
T000303,2007-09-30,184.0,199.6110893782094,184.45083937937102,168.0,271.95395
T000304,2006-10-31,2288.0,2281.6810672361503,2324.192213837365,2254.0,2322.2366
T000304,2006-11-30,3872.0,3787.7495672264613,3822.9013769309363,3749.0,4163.576
T000304,2006-12-31,5096.0,4583.290731818595,4563.408044977591,4575.0,4933.734
T000304,2007-01-31,4956.0,5028.839185122112,5095.337646618865,5018.0,4988.77
T000304,2007-02-28,4186.0,4344.163794232328,4357.013609659004,4312.0,4698.412
T000304,2007-03-31,2001.0,1930.4085597869855,1940.1068597629055,1909.0,2278.924
T000304,2007-04-30,989.0,967.7906453158305,1001.0185082572362,946.0,1316.9258
T000304,2007-05-31,594.0,642.0347274104317,687.1105756815485,612.0,889.89417
T000304,2007-06-30,532.0,567.4448956578312,609.3057909274751,540.0,845.0603
T000304,2007-07-31,1176.0,1236.2907905498885,1268.883218501408,1224.0,1506.1891
T000304,2007-08-31,682.0,771.7798745149914,807.6752619084386,756.0,969.46173
T000304,2007-09-30,851.0,928.7371010741048,959.4277913289391,903.0,1245.7441
T000305,2006-10-31,814.0,873.6883308624374,793.2184967902847,782.0,933.4962
T000305,2006-11-30,1254.0,1303.5576233220697,1294.4393592711017,1219.0,1626.0061
T000305,2006-12-31,1586.0,1519.7929474669595,1444.165534399775,1400.0,1784.0964
T000305,2007-01-31,1904.0,1839.0170362642416,1722.5495537942536,1820.0,2062.3506
T000305,2007-02-28,1288.0,1335.5671795370724,1312.5762315358527,1166.0,1614.4388
T000305,2007-03-31,828.0,912.2626614322332,856.4449872453167,897.0,947.3581
T000305,2007-04-30,437.0,360.00148534743465,329.5956530111481,330.0,397.82803
T000305,2007-05-31,216.0,280.3488187861602,249.19401260641763,272.0,288.057
T000305,2007-06-30,133.0,165.57300669037204,172.78834549682043,126.0,196.47186
T000305,2007-07-31,216.0,255.066600989438,237.60489753410496,312.0,278.932
T000305,2007-08-31,308.0,265.71392275386637,243.52617942890993,294.0,300.59326
T000305,2007-09-30,368.0,431.0785708752487,420.81497632949157,441.0,503.74606
T000306,2006-10-31,220.0,188.96994110108662,187.38442752857196,253.0,188.16061
T000306,2006-11-30,176.0,273.8900619029047,268.4575009804824,299.0,243.6148
T000306,2006-12-31,754.0,717.8481033440148,721.9909467068743,750.0,645.7277
T000306,2007-01-31,252.0,415.09664113027605,430.5901372818134,416.0,369.0897
T000306,2007-02-28,437.0,373.77856332466524,347.8053036181218,440.0,354.93008
T000306,2007-03-31,299.0,253.64536348861526,242.20369514849716,207.0,250.59587
T000306,2007-04-30,230.0,222.71558763182594,215.3391728342151,264.0,212.68837
T000306,2007-05-31,90.0,68.16058139651474,55.156480292826046,51.0,133.39496
T000306,2007-06-30,133.0,91.82832809054625,93.69596518517045,90.0,116.88294
T000306,2007-07-31,168.0,174.62286370668886,160.4400710672864,72.0,173.91148
T000306,2007-08-31,44.0,99.06002090902109,84.37778560875766,63.0,127.810936
T000306,2007-09-30,92.0,165.3419910752872,168.34929456843912,105.0,169.13414
T000307,2006-10-31,176.0,156.66041535314287,129.2025698931139,184.0,113.94278
T000307,2006-11-30,242.0,126.54580161885235,121.91284512416819,92.0,108.632614
T000307,2006-12-31,78.0,91.68276012955451,97.36896298450745,50.0,77.874725
T000307,2007-01-31,168.0,219.89503051581931,177.65087194310237,234.0,148.22362
T000307,2007-02-28,138.0,130.52798552496648,118.40375931220848,88.0,114.065056
T000307,2007-03-31,184.0,115.08879206018194,114.62013640656781,69.0,126.08777
T000307,2007-04-30,46.0,125.69435634777797,126.5366621658314,154.0,100.93119
T000307,2007-05-31,72.0,72.0755134765889,109.30628386842515,51.0,62.044155
T000307,2007-06-30,57.0,88.69405082008048,97.43529026355927,72.0,82.79632
T000307,2007-07-31,72.0,135.23343645410773,143.2125343953902,120.0,89.07323
T000307,2007-08-31,110.0,99.00131768205064,95.76285457222667,63.0,81.943985
T000307,2007-09-30,230.0,220.48525479223895,169.20234219170538,252.0,139.41902
T000308,2006-10-31,1232.0,1242.206686777731,1176.7112321578963,1288.0,1353.0469
T000308,2006-11-30,1804.0,1687.360164273615,1690.8735186625986,1610.0,2077.8804
T000308,2006-12-31,2470.0,2312.3510873165,2279.160626410483,2275.0,2637.6533
T000308,2007-01-31,2464.0,2577.889859604384,2471.8004520290374,2600.0,2720.8337
T000308,2007-02-28,1932.0,1878.5111349056378,1858.800419777984,1782.0,2127.6187
T000308,2007-03-31,1380.0,1270.2522056538423,1264.6101109717536,1242.0,1276.7963
T000308,2007-04-30,759.0,718.7633526853203,705.0858981551064,770.0,682.8592
T000308,2007-05-31,414.0,406.457919135448,429.4118312645476,425.0,443.46533
T000308,2007-06-30,361.0,340.36588303668645,375.5124127948011,342.0,394.13126
T000308,2007-07-31,528.0,495.08843178109134,537.0511300654398,504.0,619.2151
T000308,2007-08-31,484.0,450.3492021747631,461.2615649560386,504.0,565.5945
T000308,2007-09-30,759.0,840.9373003712193,860.3518284690292,861.0,931.987
T000309,2006-10-31,2706.0,2833.709787031239,2762.8254035531772,2576.0,2649.8108
T000309,2006-11-30,4708.0,3740.1126334627074,3769.3656796503806,3427.0,3882.0942
T000309,2006-12-31,3848.0,3613.926226788516,3575.42239077099,3450.0,3480.2585
T000309,2007-01-31,4004.0,3267.6675553518166,3236.5523658324832,3198.0,3356.127
T000309,2007-02-28,3634.0,3415.211543004094,3318.407787180033,3322.0,3555.7942
T000309,2007-03-31,2599.0,2608.3958295297493,2504.980378701542,2714.0,2113.9585
T000309,2007-04-30,1656.0,1652.427283612802,1563.0482955760804,1298.0,1309.9788
T000309,2007-05-31,1062.0,1082.7263098562194,931.6843661728292,935.0,686.14514
T000309,2007-06-30,1026.0,1067.1046156081918,951.5218280509575,810.0,718.9454
T000309,2007-07-31,1800.0,1952.2570370080125,1773.2464212767886,1920.0,1695.516
T000309,2007-08-31,2442.0,2602.633240807925,2431.0705163553043,2625.0,2420.1794
T000309,2007-09-30,1932.0,1596.584877846354,1417.105028768783,1449.0,1343.2788
T000310,2006-10-31,528.0,482.3366413072004,476.2810431673017,368.0,376.87888
T000310,2006-11-30,770.0,626.583477633576,625.3508068306858,529.0,519.6776
T000310,2006-12-31,1612.0,1763.122876727529,1768.5599357536105,1875.0,1266.2666
T000310,2007-01-31,1204.0,1139.4128721587542,1144.9855259815545,1248.0,844.5269
T000310,2007-02-28,828.0,1013.7524592376844,1014.1176162391171,990.0,726.7069
T000310,2007-03-31,621.0,618.160785705292,614.5944651987438,506.0,469.91568
T000310,2007-04-30,483.0,443.6330817629274,443.60918498321973,396.0,392.94968
T000310,2007-05-31,378.0,370.6271820851995,371.06215357442943,340.0,357.99072
T000310,2007-06-30,437.0,407.51518933430333,404.24252347325773,288.0,415.19885
T000310,2007-07-31,552.0,697.4819980604875,694.7986598542684,600.0,565.38293
T000310,2007-08-31,616.0,509.03755299479707,504.11392140486663,357.0,443.45728
T000310,2007-09-30,322.0,384.5897972545733,382.55153158307246,294.0,381.40167
T000311,2006-10-31,528.0,388.2818451803291,396.6274787293497,506.0,393.27908
T000311,2006-11-30,682.0,471.1214769262739,475.10526588051493,644.0,482.768
T000311,2006-12-31,130.0,280.17142742656875,277.6086300097911,325.0,288.64404
T000311,2007-01-31,252.0,308.97256310385796,303.0878612268977,312.0,307.1176
T000311,2007-02-28,575.0,463.99575802547736,455.3927395643486,462.0,475.87546
T000311,2007-03-31,506.0,481.975264916017,471.8859659281583,460.0,472.50766
T000311,2007-04-30,207.0,431.48369732810846,420.7034617939704,528.0,372.7907
T000311,2007-05-31,342.0,290.0000707676069,274.36665229772245,238.0,287.25342
T000311,2007-06-30,285.0,348.18335272051763,333.31275292372646,378.0,328.51648
T000311,2007-07-31,312.0,239.7679236142326,220.72845986380617,96.0,282.68958
T000311,2007-08-31,374.0,234.01317428395475,215.63695818605652,168.0,240.38759
T000311,2007-09-30,276.0,312.21375481143855,293.7949462165147,273.0,308.906
T000312,2006-10-31,352.0,493.2723308041809,417.2586033512587,460.0,493.55215
T000312,2006-11-30,462.0,486.3479570583472,458.61865236930817,529.0,484.70096
T000312,2006-12-31,416.0,398.42024136006876,417.5185410493107,400.0,461.06418
T000312,2007-01-31,308.0,466.79675424726076,424.48546814859793,442.0,525.84033
T000312,2007-02-28,805.0,562.0333205903448,526.102834416321,748.0,516.6985
T000312,2007-03-31,460.0,444.72683339209766,446.0927242859649,483.0,449.49405
T000312,2007-04-30,207.0,283.03847103425767,354.5175859093529,242.0,377.49347
T000312,2007-05-31,414.0,329.3418880886569,384.0264392474425,306.0,361.58276
T000312,2007-06-30,703.0,397.1050432653836,409.31984043013887,396.0,403.44925
T000312,2007-07-31,792.0,526.6336398029002,438.46400996449745,504.0,498.9682
T000312,2007-08-31,396.0,461.21127842824353,447.44714433126046,483.0,512.0161
T000312,2007-09-30,207.0,375.48438703327423,395.585937353375,336.0,438.66626
T000313,2006-10-31,4114.0,4133.701287730435,4133.01430386639,3910.0,4046.5364
T000313,2006-11-30,6622.0,5338.077809829513,5338.0842789991675,5129.0,5466.6294
T000313,2006-12-31,6006.0,6026.607032638519,6025.338491982393,6050.0,5770.882
T000313,2007-01-31,5768.0,5157.98365656611,5154.530024607876,5200.0,5160.068
T000313,2007-02-28,5842.0,5507.0417384074,5508.352726965293,5522.0,5456.3257
T000313,2007-03-31,4186.0,4192.307579032556,4189.879626926732,4163.0,3396.6565
T000313,2007-04-30,2553.0,2824.0482635931576,2829.9230945345926,2464.0,2228.852
T000313,2007-05-31,2196.0,2054.494529318389,2057.997821945907,1819.0,1509.5869
T000313,2007-06-30,2451.0,2241.5630307991787,2247.9681474223116,1872.0,1654.4495
T000313,2007-07-31,3456.0,3389.2099468418514,3392.240589820474,3120.0,3084.1191
T000313,2007-08-31,3828.0,3787.7715602359226,3790.7147949241935,3633.0,3636.8345
T000313,2007-09-30,2737.0,2654.9318351161137,2659.3351468038804,2352.0,2360.4043
T000314,2006-10-31,594.0,599.7504128110588,599.3252081711521,437.0,589.84564
T000314,2006-11-30,1584.0,1164.1497243010344,1157.9639884320072,1104.0,977.7358
T000314,2006-12-31,1092.0,911.2351034089277,894.1026726293427,925.0,828.0973
T000314,2007-01-31,1232.0,1085.3671736404224,1089.2707170695028,1118.0,855.9067
T000314,2007-02-28,1265.0,1007.8107496979751,1006.6587260523139,968.0,876.4415
T000314,2007-03-31,713.0,720.1531841326979,727.4898842615173,713.0,675.2593
T000314,2007-04-30,414.0,421.87305273681,422.30307393297096,330.0,420.267
T000314,2007-05-31,144.0,343.6234145189926,347.39435513075296,340.0,267.87543
T000314,2007-06-30,95.0,215.11518101255172,217.5268295228632,126.0,219.62436
T000314,2007-07-31,240.0,330.22732225973306,330.0178279586702,264.0,303.76556
T000314,2007-08-31,484.0,346.2150126360078,346.97024767488347,273.0,341.27133
T000314,2007-09-30,368.0,507.511576756142,514.9158804252185,546.0,428.0394
T000315,2006-10-31,330.0,206.756658288726,154.13224421496395,115.0,191.00989
T000315,2006-11-30,374.0,233.84967970232898,255.19028016628033,253.0,266.79465
T000315,2006-12-31,780.0,621.5411208354576,616.132083055176,675.0,582.6392
T000315,2007-01-31,476.0,419.51667688093613,362.5411798383685,494.0,371.20563
T000315,2007-02-28,460.0,341.8784398323263,345.4408938162866,418.0,286.585
T000315,2007-03-31,437.0,237.76804467353452,219.03676913550385,161.0,222.90813
T000315,2007-04-30,184.0,223.50889855538924,205.64793111151644,264.0,181.58281
T000315,2007-05-31,144.0,106.95270991308482,99.3956807689091,85.0,143.25931
T000315,2007-06-30,133.0,194.40811206911627,176.91474343361136,108.0,176.94019
T000315,2007-07-31,168.0,190.51359309232276,181.34718268778363,192.0,182.53256
T000315,2007-08-31,176.0,146.56540733522527,129.3927728723454,84.0,160.2706
T000315,2007-09-30,207.0,205.45959653397716,201.3033471928333,168.0,167.30635
T000316,2006-10-31,44.0,96.36897706450341,66.2826959535669,115.0,74.02118
T000316,2006-11-30,594.0,462.5385440519536,403.90506019031636,483.0,204.33186
T000316,2006-12-31,26.0,143.91395181053102,128.21281706630833,150.0,91.20705
T000316,2007-01-31,168.0,73.10816461995708,84.92191772082009,26.0,55.784943
T000316,2007-02-28,92.0,134.81062851122883,130.4076358723948,176.0,55.687035
T000316,2007-03-31,69.0,31.40909692135109,21.712390694629303,46.0,44.830444
T000316,2007-04-30,23.0,73.5724887983703,76.71289528259598,44.0,76.66797
T000316,2007-05-31,468.0,417.5168352200576,407.99940455436786,306.0,185.73204
T000316,2007-06-30,76.0,131.47209705003766,107.74008068725196,126.0,100.58451
T000316,2007-07-31,72.0,43.52455221614562,48.242765091191764,48.0,53.215294
T000316,2007-08-31,22.0,72.00165941957333,88.94561457118496,63.0,68.94912
T000316,2007-09-30,23.0,10.366098330335443,14.271593705953965,21.0,47.061768
T000317,2006-10-31,198.0,277.4693197543102,280.69832092603355,299.0,296.24893
T000317,2006-11-30,704.0,511.21643787599214,407.55630600623624,575.0,435.26794
T000317,2006-12-31,208.0,165.39520149212353,224.7229015645313,125.0,203.94798
T000317,2007-01-31,308.0,316.99272754829366,336.26655033563804,260.0,266.4381
T000317,2007-02-28,230.0,263.9541451440357,264.6474025946528,308.0,222.16684
T000317,2007-03-31,299.0,278.52115171030493,263.4887772566419,322.0,248.25595
T000317,2007-04-30,276.0,160.40066811945567,191.95476350255313,176.0,245.4157
T000317,2007-05-31,594.0,342.48060613058686,327.70686654618044,323.0,380.0268
T000317,2007-06-30,342.0,165.73027587788272,211.4288401981811,216.0,167.44188
T000317,2007-07-31,240.0,289.9523573388447,296.35248241332346,336.0,243.44221
T000317,2007-08-31,176.0,207.2114258712542,211.20004164658422,294.0,183.78067
T000317,2007-09-30,161.0,111.15973478579693,169.30206179537055,63.0,223.32458
T000318,2006-10-31,1166.0,1153.798005928214,1148.3486691168198,966.0,1360.4456
T000318,2006-11-30,3256.0,2402.664521024952,2404.308472044235,2415.0,2369.575
T000318,2006-12-31,2106.0,1850.795718137242,1857.4230059749184,1875.0,1992.1384
T000318,2007-01-31,2184.0,1937.4443419769896,1954.9725653914031,1898.0,1778.6642
T000318,2007-02-28,2047.0,1816.120715057151,1824.539600709432,1870.0,1545.7461
T000318,2007-03-31,1518.0,1292.6995545929394,1287.982551259226,1242.0,1240.4061
T000318,2007-04-30,897.0,918.327827596652,909.1412249001328,814.0,1070.7471
T000318,2007-05-31,1350.0,1212.2381791252394,1205.3810089837139,1054.0,1315.2388
T000318,2007-06-30,646.0,669.9463858327244,662.5768866165822,576.0,766.4306
T000318,2007-07-31,720.0,873.1972238809232,872.2725693926105,840.0,800.1048
T000318,2007-08-31,858.0,779.183695147803,772.4886826225128,714.0,791.05426
T000318,2007-09-30,759.0,862.588876254242,853.055104200235,798.0,910.8934
T000319,2006-10-31,9966.0,9827.439726410967,10248.234715069231,9706.0,10131.537
T000319,2006-11-30,16830.0,15176.7777843056,15092.003856537325,14375.0,16329.33
T000319,2006-12-31,15496.0,14418.893317705075,14432.218050527754,14200.0,15156.803
T000319,2007-01-31,16968.0,16055.735715436207,16110.250640562603,16042.0,16769.848
T000319,2007-02-28,15847.0,16360.005674218919,16134.302593461118,15752.0,16940.99
T000319,2007-03-31,9729.0,10170.500952782962,10330.07643387914,10304.0,9856.729
T000319,2007-04-30,5129.0,4975.075299016084,4761.481495482832,4488.0,4663.2993
T000319,2007-05-31,2718.0,2999.7624077050727,3030.2686142941225,2873.0,2253.876
T000319,2007-06-30,2318.0,2367.9109962689317,2345.6756096383942,2124.0,1702.969
T000319,2007-07-31,3912.0,4566.817498834792,4363.340731108984,4368.0,3878.2058
T000319,2007-08-31,4972.0,4748.672091945119,4824.719788387951,4704.0,3781.9614
T000319,2007-09-30,4945.0,5122.917503808078,4891.8839469221375,4851.0,4456.4023
T000320,2006-10-31,1914.0,1560.683933456733,1402.3560268631747,1426.0,1670.714
T000320,2006-11-30,2530.0,2724.267731135638,2529.31338699851,2737.0,2416.4072
T000320,2006-12-31,6344.0,6178.774797382464,5988.564989852841,6325.0,5026.5703
T000320,2007-01-31,4396.0,4556.108816201939,4377.001155157015,4680.0,3708.6453
T000320,2007-02-28,4416.0,3846.387017234906,3617.6427882740386,4004.0,3264.8499
T000320,2007-03-31,2875.0,2605.8226026893017,2407.8293489560697,2185.0,2046.3635
T000320,2007-04-30,1679.0,1619.93568799977,1398.4476984420958,1716.0,1558.5254
T000320,2007-05-31,954.0,995.4674131923841,786.5047356406495,901.0,1299.5732
T000320,2007-06-30,1102.0,1202.719374224509,1005.5481413646324,972.0,1276.1807
T000320,2007-07-31,1728.0,1938.542985361862,1734.948453731007,1584.0,1745.3286
T000320,2007-08-31,1298.0,1461.8145231016686,1272.1858108266233,1323.0,1310.196
T000320,2007-09-30,1288.0,1272.108443039104,1068.1791543649115,966.0,1298.2917
T000321,2006-10-31,990.0,976.3330035810424,886.6403461782221,989.0,971.6865
T000321,2006-11-30,1848.0,1445.8035204948599,1387.4835399535536,1610.0,1390.0306
T000321,2006-12-31,546.0,682.6919521487566,616.0828957617789,700.0,691.3066
T000321,2007-01-31,840.0,758.7873243071143,701.7816635024284,650.0,766.8593
T000321,2007-02-28,1242.0,1084.3071122595265,1024.9107240009105,1144.0,1133.8558
T000321,2007-03-31,1150.0,1022.9640439314492,969.7096377859187,897.0,1016.8498
T000321,2007-04-30,529.0,979.3676869244335,928.2304701356817,1034.0,932.5332
T000321,2007-05-31,1170.0,965.4006167607839,897.5843910461512,714.0,1048.167
T000321,2007-06-30,703.0,752.6204603511918,700.934933410763,738.0,725.7708
T000321,2007-07-31,960.0,657.7950623106225,595.3102258367312,552.0,691.2577
T000321,2007-08-31,792.0,655.333395767983,602.7204289693731,693.0,655.4358
T000321,2007-09-30,621.0,675.205192136656,612.8952071532135,609.0,681.87866
T000322,2006-10-31,1056.0,1635.5299324348512,1620.479773031019,1449.0,1567.5065
T000322,2006-11-30,2112.0,1711.1567656502457,1682.9816242884042,1702.0,1620.5159
T000322,2006-12-31,1144.0,1263.0966755780842,1247.3904392354657,1075.0,1325.3169
T000322,2007-01-31,1568.0,2142.7087404564063,2126.379810693506,2028.0,1963.7201
T000322,2007-02-28,2047.0,2008.853118023306,1972.893025265995,2134.0,1709.139
T000322,2007-03-31,1426.0,1589.4981674648893,1563.8971385461587,1541.0,1328.5667
T000322,2007-04-30,851.0,965.8107095784712,933.0423751448645,792.0,970.4516
T000322,2007-05-31,1440.0,1179.7571167090118,1152.813890514514,969.0,967.02747
T000322,2007-06-30,1444.0,1076.7342914285157,1039.7988826601263,918.0,957.61584
T000322,2007-07-31,2328.0,1902.7960307219992,1862.0047526006567,1872.0,1566.2123
T000322,2007-08-31,1342.0,1326.2938337630012,1276.678914171387,1281.0,1247.6241
T000322,2007-09-30,1173.0,1467.1862433873343,1422.796828431966,1407.0,1264.8306
T000323,2006-10-31,13926.0,14274.606238361743,14150.458978791972,13570.0,15508.021
T000323,2006-11-30,23320.0,21010.226653478763,20972.7565967579,20424.0,24052.234
T000323,2006-12-31,23530.0,22856.307468956446,22574.108609300783,22300.0,25242.367
T000323,2007-01-31,23772.0,23734.242009935297,23555.29022367022,23400.0,26238.379
T000323,2007-02-28,23552.0,23434.72399970699,23312.83572448766,23034.0,25763.352
T000323,2007-03-31,15180.0,15556.207496459456,15226.559593304159,14927.0,15552.391
T000323,2007-04-30,8188.0,8407.63738491292,8330.545884215553,8030.0,7531.935
T000323,2007-05-31,6282.0,6027.5857458402015,5865.214523948076,5457.0,4731.3096
T000323,2007-06-30,5567.0,5420.409970146563,5164.882323102293,4752.0,3276.7717
T000323,2007-07-31,8928.0,8728.483302310175,8637.291033348189,8376.0,7291.936
T000323,2007-08-31,8404.0,8454.339316337338,8202.731371648628,8001.0,5813.2803
T000323,2007-09-30,8027.0,8354.594102009385,8084.248093115058,7833.0,6608.064
T000324,2006-10-31,24200.0,23434.62344509152,23434.62344509152,22609.0,22618.637
T000324,2006-11-30,38236.0,34665.47133574148,34665.47133574148,33626.0,35356.832
T000324,2006-12-31,37726.0,35684.24462020123,35684.24462020123,34850.0,35648.66
T000324,2007-01-31,46928.0,43863.26557611732,43863.26557611732,43654.0,43321.94
T000324,2007-02-28,48070.0,47423.05164044629,47423.05164044629,47212.0,46497.465
T000324,2007-03-31,30866.0,30151.364451826073,30151.364451826073,28566.0,28446.137
T000324,2007-04-30,17112.0,15936.4417443514,15936.4417443514,16566.0,16057.75
T000324,2007-05-31,9648.0,10066.288004535656,10066.288004535656,9690.0,8819.678
T000324,2007-06-30,8873.0,15841.401810446678,15841.401810446678,8154.0,9659.59
T000324,2007-07-31,12744.0,13911.972234212935,13911.972234212935,12768.0,13248.47
T000324,2007-08-31,12408.0,12340.265064642517,12340.265064642517,11781.0,12029.179
T000324,2007-09-30,11477.0,11858.060413696574,11858.060413696574,12222.0,12698.006
T000325,2006-10-31,8734.0,9203.828220030962,8711.017103592405,8119.0,8448.523
T000325,2006-11-30,12980.0,14280.53890451882,13688.523796087264,13271.0,12834.476
T000325,2006-12-31,34268.0,34263.12749291427,35941.60635558239,33075.0,27072.012
T000325,2007-01-31,24108.0,24236.356972314054,24591.738791246684,23582.0,21146.818
T000325,2007-02-28,25116.0,23605.889687758412,23698.988130368092,23342.0,20273.293
T000325,2007-03-31,17365.0,17705.03153369514,17898.81535400758,16307.0,13612.749
T000325,2007-04-30,10580.0,11528.783660785773,11262.707862123929,11528.0,9135.209
T000325,2007-05-31,5346.0,5907.353375236817,5799.7751819341065,4913.0,6615.729
T000325,2007-06-30,4674.0,6351.354625505175,6496.419118667171,4932.0,6428.685
T000325,2007-07-31,7032.0,8587.801139199255,8702.461939977911,7152.0,7488.2544
T000325,2007-08-31,6556.0,7139.975805223624,7062.124828707668,6153.0,6124.473
T000325,2007-09-30,6440.0,6589.12154378584,6548.62219036548,5481.0,6503.6523
T000326,2006-10-31,2574.0,2216.025672674796,2204.8444707915587,2369.0,2162.8425
T000326,2006-11-30,3300.0,2850.769654303815,2858.7241207049647,3036.0,2709.289
T000326,2006-12-31,1534.0,1553.0996216299582,1540.4372137352773,1750.0,1456.4536
T000326,2007-01-31,2492.0,2026.4971129151543,2010.4980346776435,2028.0,1995.4603
T000326,2007-02-28,3013.0,2791.2776515650366,2785.4875102604005,3190.0,2728.7786
T000326,2007-03-31,2921.0,2453.3031315717913,2423.958732394968,2231.0,2460.797
T000326,2007-04-30,1541.0,2050.1918993352533,2025.850085792584,1870.0,1965.4478
T000326,2007-05-31,1998.0,2125.837248525738,2092.847394523724,1802.0,2077.7266
T000326,2007-06-30,1653.0,1839.9596373559127,1814.9858879676096,1908.0,1752.1206
T000326,2007-07-31,1776.0,1551.521844336356,1499.787502393716,1296.0,1683.9905
T000326,2007-08-31,1958.0,1609.3748607411635,1573.9954874212463,1617.0,1606.6455
T000326,2007-09-30,1702.0,1744.5519371761088,1703.0181076346253,1638.0,1709.638
T000327,2006-10-31,2046.0,3075.2942437029055,3042.4420939596816,2921.0,2959.9429
T000327,2006-11-30,3850.0,3235.5516303601344,3189.776570580007,3174.0,3248.2883
T000327,2006-12-31,2782.0,2910.8977974142135,2866.6691152668827,2800.0,2945.201
T000327,2007-01-31,3500.0,3894.204366953855,3852.5067932488787,3744.0,3906.207
T000327,2007-02-28,3864.0,3826.275787603896,3781.321977307105,3850.0,3787.843
T000327,2007-03-31,2990.0,3052.8705490231455,2999.7188435107328,3059.0,2853.1997
T000327,2007-04-30,1840.0,2256.2674016502765,2192.4302933454524,2134.0,2286.8594
T000327,2007-05-31,2430.0,2212.9075640897045,2144.2806553613186,1938.0,2115.979
T000327,2007-06-30,2109.0,2262.156648596707,2190.425133446409,1890.0,2140.612
T000327,2007-07-31,3696.0,3494.1993919629085,3426.417991721552,3264.0,3243.9968
T000327,2007-08-31,2266.0,2632.9194303421773,2554.3667955816745,2562.0,2562.5806
T000327,2007-09-30,1863.0,2636.6906145533503,2555.16752221948,2499.0,2474.606
T000328,2006-10-31,37554.0,37057.49848012905,36700.54572387258,36018.0,36991.28
T000328,2006-11-30,58366.0,53892.326112513794,54952.80605225052,53107.0,57503.363
T000328,2006-12-31,76310.0,73204.40908402158,77925.58000797039,72475.0,72159.01
T000328,2007-01-31,77028.0,73006.35335087472,76189.13922196768,73008.0,73410.414
T000328,2007-02-28,80063.0,76460.09644006948,79126.57654818117,77594.0,79963.914
T000328,2007-03-31,54142.0,52419.06357864992,54183.630383681404,50163.0,51956.086
T000328,2007-04-30,31073.0,30712.027213295485,31166.12784781642,32098.0,31318.957
T000328,2007-05-31,19422.0,19238.25175875873,19497.116833785585,18343.0,20505.555
T000328,2007-06-30,17309.0,24662.631488236122,25590.01717797359,16884.0,19766.797
T000328,2007-07-31,25248.0,26650.12624614914,27139.71571662383,24480.0,27159.922
T000328,2007-08-31,23188.0,22773.841991893092,22766.987482149245,22113.0,23335.717
T000328,2007-09-30,21482.0,21916.94711074636,21895.108992888865,21840.0,22685.21
T000329,2006-10-31,308.0,301.8614471068786,293.39730298315976,230.0,291.19333
T000329,2006-11-30,330.0,329.45401218272195,314.65610408346276,391.0,322.7519
T000329,2006-12-31,572.0,526.7605387477263,502.9686950421412,575.0,544.36816
T000329,2007-01-31,476.0,285.75582283801106,281.17178882770463,286.0,286.36755
T000329,2007-02-28,322.0,348.4151654799527,361.62109071415125,462.0,347.27258
T000329,2007-03-31,713.0,420.4949782335997,382.7689978895335,414.0,396.355
T000329,2007-04-30,322.0,347.3474974791716,295.1659092528927,330.0,307.96216
T000329,2007-05-31,252.0,232.772369087163,285.08302987331166,374.0,286.36578
T000329,2007-06-30,228.0,242.73615825367048,272.0203726508532,216.0,306.7564
T000329,2007-07-31,480.0,367.4745625350422,315.88250911042843,408.0,334.2179
T000329,2007-08-31,308.0,268.34353710931714,306.44307864859996,252.0,306.25885
T000329,2007-09-30,368.0,256.4124088351526,273.50537951403453,210.0,309.54102
T000330,2006-10-31,550.0,740.7465886652869,744.1862046467576,713.0,722.39276
T000330,2006-11-30,1276.0,1270.6270482562359,1268.5767695523389,1219.0,1299.3542
T000330,2006-12-31,2652.0,2200.2668915865884,2210.4662767357568,2375.0,2045.5331
T000330,2007-01-31,812.0,875.7674449093938,884.0460325856079,936.0,754.03687
T000330,2007-02-28,1242.0,1088.4833779487735,1094.9378152257946,946.0,1045.6802
T000330,2007-03-31,1334.0,1203.3759895187623,1208.0870558859394,1058.0,1109.9014
T000330,2007-04-30,1104.0,962.5383060188954,966.6000223158005,968.0,845.3502
T000330,2007-05-31,612.0,510.0160696170245,509.1218042807066,374.0,572.1534
T000330,2007-06-30,893.0,673.188488193453,671.3509685793881,648.0,636.8817
T000330,2007-07-31,528.0,611.1768864186457,611.3803762248303,552.0,622.0525
T000330,2007-08-31,880.0,635.9711404401611,630.7890610362333,567.0,696.04816
T000330,2007-09-30,759.0,801.8497426679835,798.667796308267,798.0,790.4332
T000331,2006-10-31,198.0,98.2773701747567,112.05472938874952,69.0,101.7648
T000331,2006-11-30,66.0,130.556379122926,121.12629655539791,115.0,112.36529
T000331,2006-12-31,78.0,65.96970365296677,89.55715246004691,50.0,93.78695
T000331,2007-01-31,56.0,71.37246960960812,82.23838822546134,104.0,94.49545
T000331,2007-02-28,92.0,151.5854995209745,137.93675867412145,154.0,166.14825
T000331,2007-03-31,161.0,179.00928918556235,140.94546815843304,92.0,179.18776
T000331,2007-04-30,138.0,161.8624689601231,145.95793525749667,154.0,163.86601
T000331,2007-05-31,198.0,121.26274332680646,111.97412575971404,153.0,127.74573
T000331,2007-06-30,57.0,118.49577480306257,121.94552086236118,162.0,115.51092
T000331,2007-07-31,144.0,118.65336132701057,105.8603400091617,72.0,128.59389
T000331,2007-08-31,44.0,128.90535263922652,125.65970600983869,147.0,122.22739
T000331,2007-09-30,115.0,114.47414235945888,110.8624467702477,126.0,111.56061
T000332,2006-10-31,132.0,108.55031358975032,109.46837891351659,69.0,112.213554
T000332,2006-11-30,44.0,123.15647552806395,109.46837891351659,138.0,111.315704
T000332,2006-12-31,78.0,97.70866992018989,109.46837891351659,75.0,111.98759
T000332,2007-01-31,112.0,104.89861535427306,109.46837891351659,26.0,110.3472
T000332,2007-02-28,276.0,122.65680738650023,109.46837891351659,176.0,111.744255
T000332,2007-03-31,621.0,163.51593980616377,109.46837891351659,230.0,113.607086
T000332,2007-04-30,115.0,127.4060885289606,109.46837891351659,132.0,114.64444
T000332,2007-05-31,72.0,76.63029382532156,109.46837891351659,68.0,114.01199
T000332,2007-06-30,114.0,119.32042144957872,109.46837891351659,126.0,117.36037
T000332,2007-07-31,48.0,109.77262724208822,109.46837891351659,48.0,119.435684
T000332,2007-08-31,66.0,112.5543571659575,109.46837891351659,126.0,120.7374
T000332,2007-09-30,138.0,105.52112699912743,109.46837891351659,105.0,120.033806
T000333,2006-10-31,1188.0,1208.7348689048436,1217.3554730831117,1081.0,1193.574
T000333,2006-11-30,1716.0,1885.5608228161827,1898.765177966964,1863.0,1842.2468
T000333,2006-12-31,3380.0,2828.174382008546,2864.546440960562,3075.0,2753.083
T000333,2007-01-31,1456.0,1251.0349696255146,1248.612371819816,1352.0,1027.2812
T000333,2007-02-28,1932.0,1779.374888033976,1756.4604359912432,1738.0,1655.4758
T000333,2007-03-31,2829.0,2047.4265682865455,2001.761735485399,1794.0,1871.6516
T000333,2007-04-30,1679.0,1489.1418909056242,1500.2832121404674,1584.0,1476.6476
T000333,2007-05-31,1134.0,1037.5264974209438,1016.8756555525399,969.0,1074.4888
T000333,2007-06-30,1292.0,1194.9865621814356,1173.0609870184142,1152.0,1132.0002
T000333,2007-07-31,1200.0,1141.2362231090174,1108.511457496694,1080.0,1248.068
T000333,2007-08-31,1298.0,1213.8240512405143,1250.6900776843772,1092.0,1205.9615
T000333,2007-09-30,1380.0,1257.5298227031976,1268.3578467004,1239.0,1287.5665
T000334,2006-10-31,2134.0,2479.652190913853,2421.162350855905,2254.0,2286.1328
T000334,2006-11-30,2596.0,2358.4660766677507,2284.1594824519825,2254.0,2244.878
T000334,2006-12-31,5590.0,5576.871475826729,5521.105568786056,5875.0,5142.7734
T000334,2007-01-31,2940.0,3954.1429617081258,3862.4415433011877,3718.0,3694.1472
T000334,2007-02-28,2392.0,2857.5331734164156,2777.276150252777,2904.0,2774.1992
T000334,2007-03-31,3220.0,3038.038345815946,2947.2456382304795,3059.0,2655.1577
T000334,2007-04-30,1886.0,2361.2486605142235,2256.9682785990663,2222.0,2243.872
T000334,2007-05-31,2178.0,2214.5391597853068,2121.2914770526836,2380.0,2148.3623
T000334,2007-06-30,1957.0,2017.4588063787946,1897.3127111051945,1818.0,2008.007
T000334,2007-07-31,2544.0,2793.490774970278,2650.955214475184,2304.0,2465.281
T000334,2007-08-31,1650.0,2140.123500279389,2019.774375438828,2121.0,2163.1274
T000334,2007-09-30,2162.0,2166.0438834368756,2028.846362821357,1974.0,1994.7782
T000335,2006-10-31,2992.0,2765.049730194631,2727.8433121472654,2530.0,2787.9875
T000335,2006-11-30,3432.0,3206.46724424875,3155.7632545013307,2967.0,3037.535
T000335,2006-12-31,7514.0,6823.51275741649,6766.211342525108,6825.0,6534.532
T000335,2007-01-31,2912.0,2983.7318299465314,2915.17536098759,2756.0,2835.4204
T000335,2007-02-28,3312.0,3004.403207317671,2928.7233267365027,2970.0,2897.6218
T000335,2007-03-31,3427.0,3254.7748986996035,3178.6999877820303,3105.0,3100.9744
T000335,2007-04-30,3634.0,3656.359638462883,3576.2492755645317,3696.0,3048.5842
T000335,2007-05-31,2646.0,2939.0084883365125,2847.3664091865044,2737.0,2980.0823
T000335,2007-06-30,2945.0,2535.550054963973,2438.008910227902,2268.0,2467.6094
T000335,2007-07-31,2280.0,2702.5928058486566,2600.921954401228,2592.0,2539.6624
T000335,2007-08-31,2684.0,2743.2357487359263,2635.284635833518,2583.0,2520.2253
T000335,2007-09-30,2921.0,2882.8229602861525,2770.2498437922736,2709.0,2888.145
T000336,2006-10-31,638.0,651.895558918276,591.4585869619679,368.0,682.9188
T000336,2006-11-30,528.0,700.1561498540203,678.9191270241591,690.0,671.1822
T000336,2006-12-31,676.0,540.8297283622467,560.2702967059266,425.0,518.28204
T000336,2007-01-31,308.0,501.0713375845223,524.0999721387832,520.0,517.37115
T000336,2007-02-28,253.0,634.6667084377266,604.1042401425758,528.0,609.9155
T000336,2007-03-31,851.0,690.9232721845074,649.0974549883294,736.0,674.6659
T000336,2007-04-30,667.0,598.7143279375128,585.0603458364138,660.0,613.859
T000336,2007-05-31,468.0,711.4063486237983,686.6508098049047,697.0,634.86865
T000336,2007-06-30,361.0,602.2656710973595,581.6161957964532,486.0,596.3988
T000336,2007-07-31,288.0,627.5281371691356,624.6787358954422,528.0,602.86926
T000336,2007-08-31,572.0,674.1955151401128,657.9946954790189,651.0,657.54517
T000336,2007-09-30,483.0,637.5663755638238,620.9148193338447,672.0,625.2919
T000337,2006-10-31,1936.0,2079.6552272243457,1953.3750516498435,2415.0,2042.0515
T000337,2006-11-30,1870.0,1932.4915512708753,1768.863745781681,1771.0,1959.7471
T000337,2006-12-31,2028.0,2364.3305525054566,1975.9062240235821,1775.0,2216.5977
T000337,2007-01-31,1932.0,1825.8981618913529,1700.9493538101394,1404.0,1984.025
T000337,2007-02-28,1863.0,1892.0106578413502,1753.1110985133876,1782.0,2036.829
T000337,2007-03-31,2254.0,1921.3315687581278,1813.4487691528034,2070.0,2055.1743
T000337,2007-04-30,2047.0,1936.725832450282,1904.2577630446754,1848.0,2028.5681
T000337,2007-05-31,1764.0,1756.7141789762684,1802.4030310671696,1700.0,1984.9924
T000337,2007-06-30,1634.0,1863.4614063831089,1877.8215243103255,1746.0,2044.506
T000337,2007-07-31,1824.0,1804.8484921406075,1753.0477617457486,1680.0,2096.9238
T000337,2007-08-31,1716.0,1718.6465564565622,1747.4577521211288,1617.0,2105.208
T000337,2007-09-30,1978.0,1999.3579409521117,1902.7210328364897,2184.0,2282.526
T000338,2006-10-31,7700.0,8142.6313644945,8097.252425382504,7567.0,8150.545
T000338,2006-11-30,8426.0,8310.339412909128,8199.142127050158,7682.0,7795.272
T000338,2006-12-31,15808.0,15293.749629118909,15211.302938070003,14900.0,14814.202
T000338,2007-01-31,8092.0,9219.039688012299,9132.150315326635,8398.0,8551.939
T000338,2007-02-28,7820.0,8364.429932713723,8228.80031652544,8184.0,8211.662
T000338,2007-03-31,9752.0,9167.05142956422,9045.37415407074,8970.0,8470.1875
T000338,2007-04-30,8234.0,8636.888034833775,8501.610964676067,8426.0,8129.3066
T000338,2007-05-31,7056.0,7791.708410099047,7632.938345296348,7514.0,7991.2837
T000338,2007-06-30,6897.0,7085.794562036584,6936.609178462678,6318.0,7324.6636
T000338,2007-07-31,6936.0,7860.6510606861975,7689.11041529989,7104.0,7947.8457
T000338,2007-08-31,6622.0,7345.862175616134,7146.2945356657165,6972.0,7190.2183
T000338,2007-09-30,7544.0,7886.44792048815,7685.280883368931,7539.0,7765.4014
T000339,2006-10-31,1430.0,1716.1066182894378,1751.8869698001786,1633.0,1549.4873
T000339,2006-11-30,2046.0,2220.784949578504,2222.9119224274605,2001.0,1782.8176
T000339,2006-12-31,2782.0,2863.553587412137,2880.2217094859343,2425.0,2470.7886
T000339,2007-01-31,2464.0,2849.3661057912477,2882.1787358582424,2704.0,2255.7466
T000339,2007-02-28,2484.0,2352.2906470166417,2429.595247439707,2288.0,2026.1171
T000339,2007-03-31,1909.0,1913.3538530212588,1988.823460960957,1886.0,1668.9928
T000339,2007-04-30,1173.0,1358.2022217234153,1432.5699751913085,1122.0,1328.9049
T000339,2007-05-31,738.0,759.6361152165287,880.243961276993,867.0,1053.4459
T000339,2007-06-30,1387.0,1093.80943419923,1179.4221639910977,1170.0,1224.7739
T000339,2007-07-31,1416.0,1479.5836908552096,1590.6320808527935,1560.0,1646.0625
T000339,2007-08-31,1540.0,1390.5866415136518,1522.1862359486713,1554.0,1689.056
T000339,2007-09-30,989.0,1087.7066094184433,1215.1030087578868,1134.0,1455.2866
T000340,2006-10-31,1694.0,1510.7087189819658,1529.5143078131052,1472.0,1659.3247
T000340,2006-11-30,1848.0,1803.473734380956,1792.442780269288,1587.0,1871.9465
T000340,2006-12-31,4160.0,3751.2003770753345,3749.697257889992,3950.0,3732.2122
T000340,2007-01-31,1792.0,1843.4629305782737,1830.8144478097586,1586.0,1895.403
T000340,2007-02-28,2047.0,2051.0909299269706,2042.7046093662213,1980.0,2004.8494
T000340,2007-03-31,2415.0,1847.068804254018,1832.1534357812775,1702.0,1983.871
T000340,2007-04-30,1978.0,1856.3610108046933,1842.221805772813,1892.0,1885.4922
T000340,2007-05-31,1476.0,1438.4886332544409,1419.4534722066303,1326.0,1597.2201
T000340,2007-06-30,2109.0,1642.7787623100098,1622.616709118587,1512.0,1762.8552
T000340,2007-07-31,2256.0,1958.2934088611978,1937.0192693082984,1872.0,1988.987
T000340,2007-08-31,1826.0,1515.3186031713528,1491.3775976569364,1491.0,1772.0204
T000340,2007-09-30,1817.0,1595.459152189703,1570.1535675124273,1659.0,1811.5934
T000341,2006-10-31,506.0,528.0912616633129,520.6618429488244,368.0,488.14734
T000341,2006-11-30,374.0,559.8900200401483,517.5437112401332,276.0,489.56586
T000341,2006-12-31,598.0,519.6484953423488,529.5642050807718,400.0,481.13855
T000341,2007-01-31,448.0,513.243978375127,544.9356699498281,520.0,472.0712
T000341,2007-02-28,598.0,549.424176399329,536.5300078754842,528.0,469.37772
T000341,2007-03-31,552.0,567.7664841803775,538.8126817893949,552.0,474.27997
T000341,2007-04-30,391.0,531.9082791638499,532.780175254133,528.0,472.7452
T000341,2007-05-31,864.0,536.9490163462449,522.1428013266569,425.0,471.01172
T000341,2007-06-30,437.0,503.7892493642089,515.706109530819,432.0,471.57074
T000341,2007-07-31,792.0,528.6462871616225,516.8940029744532,504.0,467.14368
T000341,2007-08-31,462.0,542.7053014989584,549.401022167558,693.0,454.66367
T000341,2007-09-30,667.0,508.20911525089434,518.403545627878,462.0,442.15146
T000342,2006-10-31,1144.0,1520.622249360386,1628.1196507962093,1196.0,1446.6521
T000342,2006-11-30,1562.0,1860.0044244528178,2077.4203805633215,1587.0,1681.7446
T000342,2006-12-31,2028.0,2910.4728132600485,3030.8573832755146,1575.0,2331.7905
T000342,2007-01-31,1512.0,2020.7520974101221,2288.0206716071098,1560.0,1777.3281
T000342,2007-02-28,1541.0,1771.8953694248796,2091.7083285208323,1166.0,1731.7196
T000342,2007-03-31,1978.0,1705.7996434124339,2059.946966766728,1495.0,1664.5212
T000342,2007-04-30,2185.0,1365.773509302436,1814.3767605856722,1232.0,1607.7516
T000342,2007-05-31,1584.0,983.0943630318618,1441.1724425848977,986.0,1340.1536
T000342,2007-06-30,1311.0,928.6113469154864,1435.0795952366311,1152.0,1390.8372
T000342,2007-07-31,1800.0,1309.0019106725786,1753.5573364431666,1248.0,1513.3975
T000342,2007-08-31,1848.0,970.291612571181,1470.8921984042454,1260.0,1344.037
T000342,2007-09-30,1794.0,954.4723188537786,1483.4410082128345,1365.0,1358.5322
T000343,2006-10-31,4950.0,5742.163702642964,5814.176719848472,4853.0,5782.6006
T000343,2006-11-30,6050.0,6657.663820363044,6857.734680992182,5612.0,6577.721
T000343,2006-12-31,9698.0,10293.127563184069,10535.822160075946,8450.0,10690.9795
T000343,2007-01-31,7028.0,7880.235733344652,8217.549747226969,6760.0,7813.426
T000343,2007-02-28,7291.0,7402.171058223218,7758.910922193375,6710.0,7502.6064
T000343,2007-03-31,7153.0,6315.243174917796,6727.608238572208,5727.0,6402.095
T000343,2007-04-30,6003.0,5430.3780905068825,5856.189566225997,4950.0,5387.9785
T000343,2007-05-31,4968.0,4004.3962289209403,4463.347467725684,3859.0,4414.7393
T000343,2007-06-30,5814.0,4538.497972876823,5023.11783501197,4788.0,4900.6484
T000343,2007-07-31,7104.0,5942.669809444146,6447.780308720109,6072.0,6327.004
T000343,2007-08-31,5918.0,4788.677360275757,5291.0835801497315,5292.0,5474.1577
T000343,2007-09-30,5428.0,4378.055129965896,4896.384982249327,4872.0,5408.0674
T000344,2006-10-31,3872.0,4371.556418163131,4405.445447626837,4117.0,4237.842
T000344,2006-11-30,4972.0,4790.106989851678,4803.394714346803,4646.0,4403.923
T000344,2006-12-31,8944.0,8997.20014437378,9032.438280195098,8875.0,9010.766
T000344,2007-01-31,5880.0,7067.559425548075,7062.715836007239,6708.0,6696.405
T000344,2007-02-28,5198.0,5457.977409138874,5468.6507302062,5654.0,5130.4805
T000344,2007-03-31,5842.0,5323.462032944516,5300.806682473466,5359.0,4704.299
T000344,2007-04-30,3381.0,3930.5579105309,3885.5316892688875,3674.0,3745.6118
T000344,2007-05-31,3168.0,3083.2324476585977,3071.352332560905,3621.0,3100.5483
T000344,2007-06-30,3572.0,3299.0480992925495,3260.3746159888706,3204.0,3061.8608
T000344,2007-07-31,4440.0,4532.9192093202455,4500.139661608804,4272.0,4325.8203
T000344,2007-08-31,3498.0,3633.2070180021606,3595.776966815107,3927.0,3727.4197
T000344,2007-09-30,3519.0,3390.952970140901,3340.079301478797,3318.0,3358.1426
T000345,2006-10-31,5236.0,5046.519736419882,4980.538507849618,4715.0,5289.1953
T000345,2006-11-30,6556.0,6250.6260387387865,6204.867113283246,5773.0,6122.228
T000345,2006-12-31,14326.0,12688.596053556072,12642.654428035054,13150.0,12154.19
T000345,2007-01-31,5516.0,5632.772058580365,5573.739892235472,5278.0,5492.8843
T000345,2007-02-28,6601.0,6080.885209827158,6011.257487903078,5896.0,6095.8003
T000345,2007-03-31,7176.0,6283.88829473161,6222.947595079857,5865.0,6303.3423
T000345,2007-04-30,6716.0,6420.261751387123,6333.63462443691,6556.0,5675.72
T000345,2007-05-31,4734.0,4881.218911722236,4777.40356420657,4437.0,5321.587
T000345,2007-06-30,5947.0,4838.548612546624,4723.531303409534,4428.0,5140.856
T000345,2007-07-31,5064.0,5243.971305581753,5130.609143607706,5016.0,5394.0283
T000345,2007-08-31,5390.0,4880.900327712706,4746.093302079477,4641.0,5269.6616
T000345,2007-09-30,5497.0,5283.613683264498,5140.953399371592,5166.0,5727.837
T000346,2006-10-31,1342.0,1275.608316790574,1170.267560563948,805.0,1244.7488
T000346,2006-11-30,968.0,1352.597225196338,1269.8727457956197,1081.0,1315.5596
T000346,2006-12-31,1352.0,1144.2496184345339,1241.5067468360376,875.0,1182.5903
T000346,2007-01-31,812.0,1127.928677217212,1255.8178222885094,1144.0,1159.9712
T000346,2007-02-28,943.0,1322.3620989900242,1224.8791425370018,1210.0,1276.0458
T000346,2007-03-31,1564.0,1434.0227906174991,1294.6397314228657,1380.0,1353.1587
T000346,2007-04-30,1196.0,1302.9232614348857,1233.9279680521877,1342.0,1220.6393
T000346,2007-05-31,1530.0,1343.0813088704467,1266.063805718345,1275.0,1272.3398
T000346,2007-06-30,855.0,1199.215383126509,1241.3464595568307,1080.0,1188.677
T000346,2007-07-31,1224.0,1244.0431128521832,1231.4480229572353,1104.0,1274.9866
T000346,2007-08-31,1078.0,1341.523933121974,1341.8560983797631,1491.0,1253.6788
T000346,2007-09-30,1265.0,1243.7102897753937,1240.9100793393495,1260.0,1191.4681
T000347,2006-10-31,2926.0,3848.098342989014,3866.1379625468503,3450.0,3569.9736
T000347,2006-11-30,3432.0,4070.1682965007494,4060.2238663982375,3427.0,3729.3667
T000347,2006-12-31,3926.0,5403.60292831575,5437.943722998041,3250.0,4713.491
T000347,2007-01-31,3388.0,4031.8914632882606,4017.1503193452754,2808.0,3857.7805
T000347,2007-02-28,3450.0,3910.127059985714,3878.398452612856,2816.0,3770.489
T000347,2007-03-31,4485.0,4056.078194288097,4047.0260420780814,3611.0,3821.433
T000347,2007-04-30,4094.0,3636.1351928957743,3637.453490229203,3036.0,3681.4734
T000347,2007-05-31,3276.0,3116.0991761374376,3099.5465829424443,2686.0,3319.486
T000347,2007-06-30,2850.0,3112.361971777607,3083.826919232649,2736.0,3361.9827
T000347,2007-07-31,3576.0,3454.1395393718276,3416.0160675008865,2880.0,3593.6538
T000347,2007-08-31,3476.0,3080.082241477806,3020.372064904791,2898.0,3347.5557
T000347,2007-09-30,3795.0,3323.673976540675,3270.395133098379,3423.0,3476.1094
T000348,2006-10-31,13838.0,14855.545913295935,14999.978999125804,13501.0,15030.106
T000348,2006-11-30,16192.0,16741.808751253076,16823.078659686806,15157.0,15579.886
T000348,2006-12-31,28886.0,28129.01896166987,28168.109399533412,26425.0,27313.367
T000348,2007-01-31,16576.0,18302.395661658484,18419.154087436673,16510.0,17289.49
T000348,2007-02-28,17043.0,17171.4273023334,17458.52682081606,16632.0,16952.045
T000348,2007-03-31,19734.0,17179.246685083435,17410.696014471963,16491.0,16447.516
T000348,2007-04-30,15916.0,15211.882994916308,15482.946403756383,14960.0,14800.315
T000348,2007-05-31,13158.0,12486.117767579393,12751.227935643987,12342.0,13216.809
T000348,2007-06-30,14003.0,12622.598585347398,12828.145616172167,12258.0,12936.56
T000348,2007-07-31,15240.0,14758.313035217561,14941.124330598512,14256.0,15267.753
T000348,2007-08-31,13838.0,12962.3488978581,13208.604446297571,13356.0,13918.622
T000348,2007-09-30,14352.0,13162.289079741184,13378.143390134555,13650.0,13627.139
T000349,2006-10-31,95062.0,93111.31445765265,91747.24414586213,90367.0,94713.32
T000349,2006-11-30,125158.0,118599.88078571756,117228.97189014118,113114.0,123464.31
T000349,2006-12-31,145054.0,143313.08255352563,142122.01140752275,140800.0,145392.34
T000349,2007-01-31,135744.0,140263.4203774418,139138.96359530263,139776.0,138334.83
T000349,2007-02-28,143405.0,136399.37397683188,135084.3692207374,134288.0,140067.11
T000349,2007-03-31,119715.0,117488.2931358699,116061.87809601109,114977.0,118175.484
T000349,2007-04-30,94001.0,89036.16374485522,87372.87326680718,88968.0,94340.49
T000349,2007-05-31,57600.0,60349.703920537526,58529.98814262331,57987.0,63763.42
T000349,2007-06-30,63213.0,65919.87293547303,64508.64875702271,59886.0,63029.867
T000349,2007-07-31,83304.0,82260.15241331354,80416.05465345751,79608.0,84443.734
T000349,2007-08-31,78364.0,77150.18962092797,75202.9612088068,74823.0,79195.44
T000349,2007-09-30,82110.0,81831.63410503775,80007.52653483517,79905.0,78991.31
T000350,2006-10-31,44792.0,44820.32090111907,44186.49643712008,43171.0,46965.207
T000350,2006-11-30,53284.0,54208.3014184526,53034.39549856074,51474.0,47546.598
T000350,2006-12-31,133926.0,129871.94514659146,128696.72601532107,128550.0,109458.39
T000350,2007-01-31,69076.0,71290.13674764567,70629.92065507451,68926.0,60147.117
T000350,2007-02-28,74658.0,69684.85814536476,69455.70261648289,67958.0,62451.227
T000350,2007-03-31,65573.0,67045.59188123597,65185.59099063179,61801.0,58529.5
T000350,2007-04-30,56879.0,59976.33005350075,61116.66626262953,61314.0,51731.957
T000350,2007-05-31,39564.0,39397.803238985085,38910.64190346431,35377.0,41649.016
T000350,2007-06-30,41572.0,43263.67478951477,42195.06248520066,39402.0,42468.664
T000350,2007-07-31,41880.0,45947.510227388695,45176.46992000635,41856.0,44754.84
T000350,2007-08-31,40986.0,41420.11771736904,40029.17839628483,38472.0,40845.465
T000350,2007-09-30,44781.0,46689.790617747196,45633.876843625076,43092.0,47232.035
T000351,2006-10-31,25718.0,23283.625035112134,23406.54804207777,22379.0,22371.295
T000351,2006-11-30,28094.0,27124.850776782387,27323.932545361986,26611.0,25926.8
T000351,2006-12-31,19214.0,19495.68175049734,19333.459143025142,19275.0,17865.406
T000351,2007-01-31,18228.0,18419.628524004784,18638.927487272747,17888.0,17538.355
T000351,2007-02-28,23069.0,25179.564077517978,25240.686996974902,25124.0,24530.787
T000351,2007-03-31,26657.0,25426.17288091279,25400.99148194896,24840.0,24643.01
T000351,2007-04-30,21482.0,21970.833021631104,22151.32081646346,20592.0,20821.527
T000351,2007-05-31,24048.0,24347.513128475734,24350.927911850704,24055.0,23538.79
T000351,2007-06-30,20539.0,21535.631029619664,21597.942624858813,20178.0,20822.625
T000351,2007-07-31,21864.0,21372.06890675928,21473.526706020613,20160.0,21330.947
T000351,2007-08-31,22858.0,23395.80291053254,23411.507893566795,23037.0,23102.951
T000351,2007-09-30,20884.0,22474.69796301074,22576.94216847656,21189.0,21840.834
T000352,2006-10-31,17380.0,18672.826468157033,18620.283323717224,17020.0,18540.055
T000352,2006-11-30,19800.0,19675.239292215807,20007.61961287367,20608.0,17347.938
T000352,2006-12-31,17394.0,18750.394690800065,18755.265364386083,14975.0,18069.146
T000352,2007-01-31,16548.0,19235.266682383422,19117.35210706944,15964.0,18790.018
T000352,2007-02-28,17227.0,18740.997370097528,18500.633653011402,16412.0,17762.707
T000352,2007-03-31,21965.0,19331.227325679425,19133.512267292408,18538.0,17213.31
T000352,2007-04-30,16951.0,17656.79111626499,17026.160346457567,16346.0,16024.166
T000352,2007-05-31,16164.0,15703.883610445282,14979.978626455695,15436.0,13899.358
T000352,2007-06-30,14155.0,15485.309525394267,14823.674563879747,14436.0,13513.908
T000352,2007-07-31,16224.0,18493.95915510701,17852.534196402983,15984.0,17220.387
T000352,2007-08-31,18876.0,16941.953675248646,16313.490422598712,15603.0,15416.216
T000352,2007-09-30,17089.0,17925.196673077124,17180.220747409498,18543.0,15753.049
T000353,2006-10-31,186010.0,183714.3325638467,182710.81439844213,175605.0,190279.39
T000353,2006-11-30,228866.0,223569.22248343355,222805.74299529186,214107.0,220675.3
T000353,2006-12-31,317616.0,310881.21447704494,309760.42520275025,305675.0,297584.0
T000353,2007-01-31,245868.0,254122.05233664444,253315.12918655685,248560.0,235662.14
T000353,2007-02-28,266087.0,255462.63059365703,254168.07420731074,251174.0,245069.11
T000353,2007-03-31,238326.0,231742.5627596702,230010.05156929843,223767.0,220184.92
T000353,2007-04-30,192671.0,191809.9042866124,189299.5996613927,190498.0,180734.6
T000353,2007-05-31,140130.0,142142.49736360981,140117.13631651725,134980.0,139270.58
T000353,2007-06-30,144799.0,150471.6959210924,148279.85439366783,139266.0,137848.88
T000353,2007-07-31,172608.0,175415.43905200582,173758.02820526413,166536.0,164648.1
T000353,2007-08-31,164296.0,161487.5109153772,159934.0035984645,155232.0,153922.0
T000353,2007-09-30,167831.0,172493.29557475427,171023.0005232057,166383.0,163051.75
T000354,2000-01-31,7200.0,4657.107024963432,16437.26814805653,11426.0,17475.55
T000354,2000-02-29,12456.0,-4354.65546675831,20284.53282154178,16368.0,52514.91
T000354,2000-03-31,35080.0,19996.083008737296,42861.94762623367,39801.0,58025.1
T000354,2000-04-30,63795.0,41021.32734444337,56763.26908019557,54371.0,71585.64
T000354,2000-05-31,388152.0,325915.6038945312,334705.66653823527,332836.0,323492.72
T000354,2000-06-30,436969.0,390135.3379773651,392936.22900351614,391475.0,358654.1
T000354,2000-07-31,517571.0,418221.65557835845,416613.01658801263,415471.0,419966.9
T000354,2000-08-31,527756.0,471662.313265247,470793.53764068306,469901.0,426167.0
T000354,2000-09-30,479295.0,433150.85843538615,432811.5585542259,432114.0,380799.8
T000354,2000-10-31,247717.0,234761.34022786116,234721.17357520224,234176.0,163967.27
T000354,2000-11-30,33355.0,14625.256019639684,14592.07781855474,14166.0,-19487.969
T000354,2000-12-31,22910.0,20073.381683087646,21260.999095557825,20928.0,-12852.953
T000355,2000-01-31,6118.0,7473.066151328359,6608.600405447623,6452.0,9655.921
T000355,2000-02-29,7316.0,9166.541352079852,8882.537339273842,9404.0,11183.838
T000355,2000-03-31,21402.0,17674.457017151337,16986.706860547143,17691.0,13638.121
T000355,2000-04-30,65067.0,59531.83123359574,58049.64423882775,59665.0,42044.797
T000355,2000-05-31,57645.0,53461.50633279948,52852.347441708735,52948.0,56482.098
T000355,2000-06-30,70035.0,67224.73111182576,64881.56933479722,66579.0,55624.664
T000355,2000-07-31,129321.0,124446.28342592836,120941.41193452517,126142.0,101722.15
T000355,2000-08-31,102209.0,100265.05846046608,97549.38750779293,99696.0,107512.29
T000355,2000-09-30,76453.0,60157.83761966924,58192.886894720665,59137.0,54588.22
T000355,2000-10-31,37968.0,31657.959701091382,29763.00905896232,30985.0,26013.307
T000355,2000-11-30,18830.0,11376.759849829476,10356.580025004158,10618.0,7658.3076
T000355,2000-12-31,9989.0,7566.382367751293,6650.203936030071,6664.0,5495.652
T000356,2000-01-31,16519.0,22568.567803847134,8071.98867948376,15296.0,25458.67
T000356,2000-02-29,15550.0,23874.07785743299,6655.994243979638,17955.0,23481.355
T000356,2000-03-31,45425.0,66080.80391060218,45605.95905890772,60038.0,53467.61
T000356,2000-04-30,156331.0,135257.559167093,117589.85076979504,128315.0,127046.695
T000356,2000-05-31,313524.0,325129.4747670219,307208.6420245816,318205.0,296685.72
T000356,2000-06-30,339453.0,359489.59477731463,341677.3687155554,359342.0,284611.3
T000356,2000-07-31,426990.0,440014.92281354795,422776.9927444578,438498.0,424728.9
T000356,2000-08-31,409600.0,434729.308906294,418748.96681777656,433393.0,404427.47
T000356,2000-09-30,376999.0,387488.53490917594,371911.0046520596,382647.0,341319.16
T000356,2000-10-31,241738.0,256553.19546745275,241961.98052799352,248202.0,201426.25
T000356,2000-11-30,32791.0,43739.089933399155,30487.861877397332,32007.0,5832.508
T000356,2000-12-31,20265.0,29477.446113215963,16150.09278209217,16239.0,9906.722
T000357,2000-01-31,2225.0,2150.4735372302193,2179.1520672214497,2093.0,2860.2256
T000357,2000-02-29,1874.0,1181.0040809522602,1131.1760593329006,1026.0,2581.8528
T000357,2000-03-31,7925.0,7651.55013611103,7805.015090135549,7754.0,6848.1343
T000357,2000-04-30,8767.0,8031.50166581693,7674.301689716931,7640.0,7753.327
T000357,2000-05-31,11589.0,6359.293969532049,6655.093175371076,6635.0,5336.762
T000357,2000-06-30,11964.0,8005.367212782003,7886.4362688917145,7874.0,6549.1567
T000357,2000-07-31,17127.0,15770.396387633198,15561.525728580911,15554.0,13449.504
T000357,2000-08-31,18146.0,18199.84076381203,18548.595911724213,18544.0,16051.62
T000357,2000-09-30,13118.0,14242.40876548182,14143.796286605664,14141.0,9405.8
T000357,2000-10-31,10573.0,8794.5677547934,8854.703911247327,8853.0,7587.247
T000357,2000-11-30,6697.0,5180.636137609186,5123.037638060594,5122.0,4406.919
T000357,2000-12-31,5427.0,4005.325362880753,4052.6320523658806,4052.0,3087.8442
T000358,2000-01-31,4304.0,8486.237747063542,7516.80899159952,6898.0,4907.447
T000358,2000-02-29,8081.0,14638.8944431094,12424.308278503624,12168.0,10025.53
T000358,2000-03-31,34546.0,32117.92946474561,29426.161892476197,29320.0,17782.062
T000358,2000-04-30,41455.0,34172.87159876365,34682.971843125495,34639.0,19427.104
T000358,2000-05-31,35942.0,29577.435927237075,31178.212966468047,31160.0,29451.613
T000358,2000-06-30,100543.0,86253.22017942209,82250.54373990236,82243.0,45920.34
T000358,2000-07-31,214186.0,203148.70748128695,203677.12458773886,203674.0,88828.42
T000358,2000-08-31,202272.0,199957.16549623088,198295.2941920936,198294.0,147145.02
T000358,2000-09-30,88869.0,77230.5775226145,77369.53604933359,77369.0,52094.07
T000358,2000-10-31,50970.0,42945.11230657205,42782.222029549914,42782.0,30760.684
T000358,2000-11-30,27480.0,17832.572971525457,15555.091963776362,15555.0,15700.424
T000358,2000-12-31,14597.0,12851.181529037452,11813.03809103863,11813.0,4948.1016
T000359,2000-01-31,62.0,427.2624267512806,1783.7562213611902,617.0,868.4508
T000359,2000-02-29,770.0,303.6152278942993,2221.895295428665,1383.0,1314.4784
T000359,2000-03-31,1310.0,829.8456842680671,3652.1405676207833,1601.0,1816.332
T000359,2000-04-30,13395.0,7822.704303204377,10992.073622382888,9905.0,7074.8306
T000359,2000-05-31,40743.0,27335.79092184269,30599.225020583275,30299.0,18164.475
T000359,2000-06-30,70752.0,44621.52942015443,47857.86349899584,50802.0,29528.701
T000359,2000-07-31,65020.0,55083.122675690014,58361.8124859561,58063.0,37281.316
T000359,2000-08-31,59510.0,49321.80043970625,52545.99421092477,56279.0,31472.416
T000359,2000-09-30,50310.0,39558.56201532562,42935.99001229055,40462.0,25442.762
T000359,2000-10-31,11441.0,16164.654901531496,19545.01063342364,18243.0,10791.171
T000359,2000-11-30,558.0,949.4777132294125,4413.679842709985,1296.0,3135.7449
T000359,2000-12-31,353.0,723.2759416814636,4199.021954183897,469.0,2037.3082
T000360,2000-01-31,2162.0,6857.972418014646,5934.286383464792,3521.0,5589.6504
T000360,2000-02-29,3123.0,4235.392756328811,1561.119948035464,1369.0,6043.1743
T000360,2000-03-31,11963.0,15719.26864321753,12065.94656967688,11735.0,8939.934
T000360,2000-04-30,47188.0,47610.87312821534,40295.7602415797,41396.0,41224.258
T000360,2000-05-31,95726.0,88781.65430012945,83632.10121209318,88469.0,75467.48
T000360,2000-06-30,89057.0,83215.73004597284,74936.36175380692,78057.0,76235.44
T000360,2000-07-31,118979.0,123714.60629143758,114884.63728004895,112964.0,122599.586
T000360,2000-08-31,117435.0,117301.50870642028,111034.77839666759,117227.0,105286.13
T000360,2000-09-30,95334.0,93718.16979395317,87635.63120531084,92029.0,83319.27
T000360,2000-10-31,56512.0,61476.97960368583,54875.93225295816,57720.0,45265.188
T000360,2000-11-30,10383.0,13359.593015623053,6160.407536498341,6078.0,7658.63
T000360,2000-12-31,7423.0,12589.076323109715,5740.198929829183,6242.0,7264.5576
T000361,2000-01-31,750.0,138.08451817429318,904.8921513527505,1173.0,8062.0835
T000361,2000-02-29,513.0,2132.423733704663,299.78893050016546,291.0,7247.661
T000361,2000-03-31,2830.0,3274.7610912502014,1270.1089641000392,2055.0,8307.485
T000361,2000-04-30,21125.0,20796.798348109554,19229.44709220673,21062.0,25163.842
T000361,2000-05-31,70879.0,77083.86249617819,76175.10648970869,74162.0,66518.7
T000361,2000-06-30,89347.0,85294.46959428334,83067.6590759576,84646.0,78678.19
T000361,2000-07-31,97315.0,97650.76186771531,99408.23714212076,95257.0,86596.766
T000361,2000-08-31,87895.0,87396.56900516905,84967.45565487983,84775.0,75981.01
T000361,2000-09-30,84169.0,75860.01627666851,74225.11286897506,76408.0,65485.605
T000361,2000-10-31,29116.0,29966.09896206495,28545.634971895368,27347.0,32223.322
T000361,2000-11-30,1255.0,2958.9570106828737,379.3659459109723,564.0,5079.4478
T000361,2000-12-31,555.0,2067.60941854682,803.1546491291776,1053.0,6677.366
T000362,2000-01-31,294.0,588.912968450829,580.4168840707528,351.0,451.57886
T000362,2000-02-29,621.0,388.0679296673134,426.82125405129364,223.0,1852.4061
T000362,2000-03-31,1250.0,761.1285255851303,1004.2589206365767,935.0,3489.9832
T000362,2000-04-30,12515.0,13642.628200131148,14442.291471981938,15463.0,16585.594
T000362,2000-05-31,23381.0,25552.16826563093,24709.849788346994,29807.0,24805.883
T000362,2000-06-30,24879.0,25876.448485761815,25642.117335804804,28548.0,26206.045
T000362,2000-07-31,25235.0,28371.17065834997,28031.5241396347,30730.0,28753.32
T000362,2000-08-31,23586.0,28050.51826973346,27843.079121991967,28917.0,27376.268
T000362,2000-09-30,26294.0,29191.89156088449,28571.909749189024,32092.0,28201.914
T000362,2000-10-31,17851.0,19665.350313588784,19527.46956516023,20640.0,20806.79
T000362,2000-11-30,106.0,361.977336571788,533.768105040977,330.0,2351.3933
T000362,2000-12-31,561.0,820.1961424494062,798.8809586231714,935.0,1048.3555
T000363,2000-01-31,3825.0,7289.279872750904,7247.839750639612,6267.0,7629.608
T000363,2000-02-29,5020.0,13673.971339030775,13630.15311057053,13068.0,13367.371
T000363,2000-03-31,8311.0,10638.459896733408,10654.739853706844,10840.0,11223.872
T000363,2000-04-30,5328.0,6561.143448642978,6555.026319101213,6617.0,6752.8545
T000363,2000-05-31,5022.0,4838.573901922134,4877.951552717132,4921.0,5814.231
T000363,2000-06-30,7952.0,5843.614171662974,5855.163909659003,5465.0,5970.8237
T000363,2000-07-31,9029.0,5396.836889689789,5409.861656411683,4719.0,6306.2847
T000363,2000-08-31,7398.0,7413.865955410098,7430.748381805418,6968.0,8064.5293
T000363,2000-09-30,5539.0,5268.427864515367,5287.1881514075585,5162.0,5551.2725
T000363,2000-10-31,7215.0,6424.606867823295,6403.970530789675,6308.0,6096.711
T000363,2000-11-30,5842.0,5884.26672295308,5928.283909028851,5937.0,6372.5684
T000363,2000-12-31,7929.0,7802.820779284999,7817.424783875305,7699.0,7663.85
T000364,2000-01-31,7192.0,8675.981202460753,8909.470644177301,8954.0,9472.18
T000364,2000-02-29,8249.0,6845.323104656273,7276.147779555562,6824.0,8640.549
T000364,2000-03-31,14398.0,12188.713318886033,12288.452914088333,11237.0,13012.584
T000364,2000-04-30,19232.0,26960.420135073808,24025.51457042426,22939.0,22704.297
T000364,2000-05-31,22289.0,23250.784188575395,25929.080329374432,24676.0,26521.365
T000364,2000-06-30,27271.0,31189.320298532508,35208.69195160447,33909.0,35464.61
T000364,2000-07-31,35237.0,31841.17957601451,36044.18791609822,33815.0,36984.227
T000364,2000-08-31,25726.0,27285.96149409316,29350.793535843037,27276.0,30900.516
T000364,2000-09-30,22754.0,23426.141556519346,25587.38881810775,22046.0,27354.258
T000364,2000-10-31,17023.0,16691.878921499872,19514.61306159722,16571.0,19891.814
T000364,2000-11-30,9877.0,10952.544798795718,11390.010151935365,10575.0,12074.223
T000364,2000-12-31,9483.0,10470.163223927035,10507.089381576528,10492.0,10171.496
T000365,2000-01-31,2517.0,3342.415428922058,3140.87509042825,2719.0,2537.9636
T000365,2000-02-29,2057.0,1654.947314000574,1373.632468005591,690.0,2225.6082
T000365,2000-03-31,2861.0,3580.201283933942,3203.812645962897,3223.0,2907.6099
T000365,2000-04-30,4766.0,4900.794850408636,5693.359235826791,3533.0,5346.2153
T000365,2000-05-31,7083.0,5420.484211947818,5656.933361625309,5547.0,6118.1377
T000365,2000-06-30,7137.0,7222.169113722949,6755.963807479406,6740.0,7408.5435
T000365,2000-07-31,8602.0,8052.354335824356,8278.08789375549,7740.0,8083.137
T000365,2000-08-31,7778.0,6083.790189818386,6361.629152406835,6505.0,6677.488
T000365,2000-09-30,7859.0,5216.845841875981,5321.957851494433,4904.0,5862.3916
T000365,2000-10-31,4802.0,4154.83837584047,4220.932737038284,4411.0,3877.3164
T000365,2000-11-30,2426.0,2285.5161300829373,2214.5784623735144,2216.0,2678.3052
T000365,2000-12-31,637.0,2190.666180097548,2435.881430782321,2288.0,2578.6653
